INSERT INTO evaluators (evaluator_id, name, surname, email, birth_date, specialty, cpf, username, password, first_login, is_admin) VALUES (2, 'stX4+96aLuyiei8Kh9wXCw==', 'ttn76LvnV4WmfisOg9gTDw==', 'ktX4+96aLuyEHk5v7uZfZitqTJ6Cp6ST/sXkKNIpRng=', 'y4mhvZrbaaSbRiEEidIZBQ==', 'vN/45taeP+DFHkhl5rUdAQ==', 'yoCmuYfba7maQCEEidIZBQ==', 'ktz/5NbZUYOgeC0Ihd4VCQ==', '9af15b336e6a9619928537df30b2e6a2376569fcf9d7e773eccede65606529a0', 0, 0);
INSERT INTO evaluators (evaluator_id, name, surname, email, birth_date, specialty, cpf, username, password, first_login, is_admin) VALUES (3, 'stX4+96aLuyiei8Kh9wXCw==', 'ud/l/dbgUIKheSwJhN8UCA==', 'ktX4+96aLuyEEUhx+7UsQzZzQIOeru/e8sePK9EqRXs=', 'y4mvuZrbbqSbRCEEidIZBQ==', 'vdXk4NafKeDLdSAFiNMYBA==', 'yoCmuYfba7maQSEEidIZBQ==', 'ktP5+sOKaICjey4Lht0WCg==', '9af15b336e6a9619928537df30b2e6a2376569fcf9d7e773eccede65606529a0', 0, 0);
INSERT INTO evaluators (evaluator_id, name, surname, email, birth_date, specialty, cpf, username, password, first_login, is_admin) VALUES (4, 'qtHi+3RGOODLdSAFiNMYBA==', 'tdz//9KCKeiiei8Kh9wXCw==', 'itHi+3RGOODLXEhu5qJ6aiFqFa6Luuud4cSHALdALX8=', 'y4mhsZrbaKSYQiEEidIZBQ==', 'vdXk4NafKeDLdSAFiNMYBA==', 'yoCmuYfba7maRiEEidIZBQ==', 'it/64MGOMvvLRiEEidIZBQ==', '9af15b336e6a9619928537df30b2e6a2376569fcf9d7e773eccede65606529a0', 0, 0);
INSERT INTO evaluators (evaluator_id, name, surname, email, birth_date, specialty, cpf, username, password, first_login, is_admin) VALUES (5, 'uMLj59jgUIKheSwJhN8UCA==', 'ttn76LvnV4WmfisOg9gTDw==', 'mMLj59jFN+DHExJC6qx+biNnRMCNref5mKHrJ90mSXc=', 'y4muvZrbaKSaSiEEidIZBQ==', 'tNXj+9ibKODJHUtt6L1+Ag==', 'yoCmuYfba7maRyEEidIZBQ==', 'mNz/5NbeUYOgeC0Ihd4VCQ==', '9af15b336e6a9619928537df30b2e6a2376569fcf9d7e773eccede65606529a0', 0, 0);
INSERT INTO evaluators (evaluator_id, name, surname, email, birth_date, specialty, cpf, username, password, first_login, is_admin) VALUES (6, 'u973hLrmVoSnfyoPgtkSDg==', 'u9z77N6POoCjey4Lht0WCg==', 'm973p9aHNuzDFkY0z7FnYj57TYvAoeWdmaDqJtwnSHY=', 'y4mhu5rbaqSbRSEEidIZBQ==', 'tNXj+9iHNO7DEyEEidIZBQ==', 'yoCmuYfba7maRCEEidIZBQ==', 'm9H65NKCP+icdSAFiNMYBA==', '9af15b336e6a9619928537df30b2e6a2376569fcf9d7e773eccede65606529a0', 0, 0);
INSERT INTO evaluators (evaluator_id, name, surname, email, birth_date, specialty, cpf, username, password, first_login, is_admin) VALUES (7, 'vdH0+96ON+iiei8Kh9wXCw==', 'u9z77N6POoCjey4Lht0WCg==', 'ndH0+96ON+iEE0tv6r17YmRLRJaPr/qc9IaBQbksQ30=', 'y4mhuprbb6SYRSEEidIZBQ==', 'tNXj+9ibKODJHUtt6L1+Ag==', 'yoCmuYfba7maRSEEidIZBQ==', 'ndH65NKCP+iddSAFiNMYBA==', '9af15b336e6a9619928537df30b2e6a2376569fcf9d7e773eccede65606529a0', 0, 0);
INSERT INTO evaluators (evaluator_id, name, surname, email, birth_date, specialty, cpf, username, password, first_login, is_admin) VALUES (8, 'vNX64MeOUYOgeC0Ihd4VCQ==', 'vd/77MTgUIKheSwJhN8UCA==', 'nNX64MeOde7FH0Jxt5R6ezJmUYKL7Omf/K/lKdMoR3k=', 'y4mvuprbY6SbRCEEidIZBQ==', 'vN/45taeP+DFHkhl5rUdAQ==', 'yoCmuYfba7maSiEEidIZBQ==', 'nNf55NKYY4Cjey4Lht0WCg==', '9af15b336e6a9619928537df30b2e6a2376569fcf9d7e773eccede65606529a0', 0, 0);
INSERT INTO evaluators (evaluator_id, name, surname, email, birth_date, specialty, cpf, username, password, first_login, is_admin) VALUES (9, 's8P369KHOoCjey4Lht0WCg==', 'ud/l/dbgUIKheSwJhN8UCA==', 'k8P369KHOqfJHVR27u1fZitqTJ6Cp6ST/sXkKNIpRng=', 'y4muuprbaaSYRyEEidIZBQ==', 'vdXk4NafKeDLdSAFiNMYBA==', 'yoCmuYfba7maSyEEidIZBQ==', 'k9P5+sOKYoCjey4Lht0WCg==', '9af15b336e6a9619928537df30b2e6a2376569fcf9d7e773eccede65606529a0', 0, 0);
INSERT INTO evaluators (evaluator_id, name, surname, email, birth_date, specialty, cpf, username, password, first_login, is_admin) VALUES (10, 'stX4+96aLuyiei8Kh9wXCw==', 'vd/77MTgUIKheSwJhN8UCA==', 'ktX4+96aLuyEFUhv6qcuMxNuWY+DsuaVv8uNQ9ArRHo=', 'y4mvuJrbbqSYQiEEidIZBQ==', 'qsP/+MKCOv3YG0YHitEaBg==', 'yoCmuYfba7maQxcHitEaBg==', 'ktf55NKYarmiei8Kh9wXCw==', '9af15b336e6a9619928537df30b2e6a2376569fcf9d7e773eccede65606529a0', 0, 0);
INSERT INTO evaluators (evaluator_id, name, surname, email, birth_date, specialty, cpf, username, password, first_login, is_admin) VALUES (11, 'qtHi+3RGOODLdSAFiNMYBA==', 'tdz//9KCKeiiei8Kh9wXCw==', 'itHi+3RGOODLXEhu5qJ6aiFqEN+up/KR/NiOS/pMLxPB8Q47OmG0ISX1/f66yJtA', 'y4muuJrbbaSbQCEEidIZBQ==', 'tNXj+9ibKODJHUtt6L1+Ag==', 'yoCmuYfba7maQxYHitEaBg==', 'it/64MGOMvvLQxYHitEaBg==', '9af15b336e6a9619928537df30b2e6a2376569fcf9d7e773eccede65606529a0', 0, 0);

INSERT INTO participants (participant_id, name, surname, education_level, sex, birth_date, laterality) VALUES (1, 't9Hk4NmKUYOgeC0Ihd4VCQ==', 'qtXk7N6ZOoCjey4Lht0WCg==', 1, 2, '1958-04-07', 1);
INSERT INTO evaluations (evaluation_id, evaluation_date, evaluator_id, participant_id, status, language) VALUES (1, '2025-10-02 16:19:00', 2, 1, 3, 2);
INSERT INTO module_instances (module_inst_id, module_id, evaluation_id, status) VALUES (1, 1, 1, 2);
INSERT INTO task_instances (task_inst_id, task_id, module_inst_id, status, task_completing_time) VALUES (1, 1, 1, 1, '43');
INSERT INTO recordings (recording_id, task_inst_id, file_path) VALUES (1, 1, 'recordings/eval_1_mod_1_task_1.wav');
INSERT INTO task_instances (task_inst_id, task_id, module_inst_id, status, task_completing_time) VALUES (2, 2, 1, 1, '52');
INSERT INTO recordings (recording_id, task_inst_id, file_path) VALUES (2, 2, 'recordings/eval_1_mod_1_task_2.wav');
INSERT INTO task_instances (task_inst_id, task_id, module_inst_id, status, task_completing_time) VALUES (3, 3, 1, 0, '92');
INSERT INTO recordings (recording_id, task_inst_id, file_path) VALUES (3, 3, 'recordings/eval_1_mod_1_task_3.wav');
INSERT INTO task_instances (task_inst_id, task_id, module_inst_id, status, task_completing_time) VALUES (4, 4, 1, 1, '22');
INSERT INTO recordings (recording_id, task_inst_id, file_path) VALUES (4, 4, 'recordings/eval_1_mod_1_task_4.wav');
INSERT INTO task_instances (task_inst_id, task_id, module_inst_id, status, task_completing_time) VALUES (5, 5, 1, 1, '191');
INSERT INTO recordings (recording_id, task_inst_id, file_path) VALUES (5, 5, 'recordings/eval_1_mod_1_task_5.wav');
INSERT INTO task_instances (task_inst_id, task_id, module_inst_id, status, task_completing_time) VALUES (6, 6, 1, 0, '26');
INSERT INTO recordings (recording_id, task_inst_id, file_path) VALUES (6, 6, 'recordings/eval_1_mod_1_task_6.wav');
INSERT INTO task_instances (task_inst_id, task_id, module_inst_id, status, task_completing_time) VALUES (7, 7, 1, 1, '282');
INSERT INTO recordings (recording_id, task_inst_id, file_path) VALUES (7, 7, 'recordings/eval_1_mod_1_task_7.wav');
INSERT INTO task_instances (task_inst_id, task_id, module_inst_id, status, task_completing_time) VALUES (8, 8, 1, 1, '131');
INSERT INTO recordings (recording_id, task_inst_id, file_path) VALUES (8, 8, 'recordings/eval_1_mod_1_task_8.wav');
INSERT INTO task_instances (task_inst_id, task_id, module_inst_id, status, task_completing_time) VALUES (9, 9, 1, 1, '195');
INSERT INTO recordings (recording_id, task_inst_id, file_path) VALUES (9, 9, 'recordings/eval_1_mod_1_task_9.wav');
INSERT INTO task_instances (task_inst_id, task_id, module_inst_id, status, task_completing_time) VALUES (10, 10, 1, 0, '261');
INSERT INTO recordings (recording_id, task_inst_id, file_path) VALUES (10, 10, 'recordings/eval_1_mod_1_task_10.wav');
INSERT INTO module_instances (module_inst_id, module_id, evaluation_id, status) VALUES (2, 2, 1, 3);
INSERT INTO task_instances (task_inst_id, task_id, module_inst_id, status, task_completing_time) VALUES (11, 11, 2, 1, '25');
INSERT INTO recordings (recording_id, task_inst_id, file_path) VALUES (11, 11, 'recordings/eval_1_mod_2_task_11.wav');
INSERT INTO task_instances (task_inst_id, task_id, module_inst_id, status, task_completing_time) VALUES (12, 12, 2, 0, '237');
INSERT INTO recordings (recording_id, task_inst_id, file_path) VALUES (12, 12, 'recordings/eval_1_mod_2_task_12.wav');
INSERT INTO task_instances (task_inst_id, task_id, module_inst_id, status, task_completing_time) VALUES (13, 13, 2, 1, '274');
INSERT INTO recordings (recording_id, task_inst_id, file_path) VALUES (13, 13, 'recordings/eval_1_mod_2_task_13.wav');
INSERT INTO task_instances (task_inst_id, task_id, module_inst_id, status, task_completing_time) VALUES (14, 14, 2, 1, '274');
INSERT INTO recordings (recording_id, task_inst_id, file_path) VALUES (14, 14, 'recordings/eval_1_mod_2_task_14.wav');
INSERT INTO task_instances (task_inst_id, task_id, module_inst_id, status, task_completing_time) VALUES (15, 15, 2, 1, '201');
INSERT INTO recordings (recording_id, task_inst_id, file_path) VALUES (15, 15, 'recordings/eval_1_mod_2_task_15.wav');
INSERT INTO task_instances (task_inst_id, task_id, module_inst_id, status, task_completing_time) VALUES (16, 16, 2, 0, '53');
INSERT INTO recordings (recording_id, task_inst_id, file_path) VALUES (16, 16, 'recordings/eval_1_mod_2_task_16.wav');
INSERT INTO task_instances (task_inst_id, task_id, module_inst_id, status, task_completing_time) VALUES (17, 17, 2, 1, '288');
INSERT INTO recordings (recording_id, task_inst_id, file_path) VALUES (17, 17, 'recordings/eval_1_mod_2_task_17.wav');
INSERT INTO task_instances (task_inst_id, task_id, module_inst_id, status, task_completing_time) VALUES (18, 18, 2, 1, '161');
INSERT INTO recordings (recording_id, task_inst_id, file_path) VALUES (18, 18, 'recordings/eval_1_mod_2_task_18.wav');
INSERT INTO task_instances (task_inst_id, task_id, module_inst_id, status, task_completing_time) VALUES (19, 19, 2, 1, '117');
INSERT INTO recordings (recording_id, task_inst_id, file_path) VALUES (19, 19, 'recordings/eval_1_mod_2_task_19.wav');
INSERT INTO task_instances (task_inst_id, task_id, module_inst_id, status, task_completing_time) VALUES (20, 20, 2, 1, '24');
INSERT INTO recordings (recording_id, task_inst_id, file_path) VALUES (20, 20, 'recordings/eval_1_mod_2_task_20.wav');
INSERT INTO task_instances (task_inst_id, task_id, module_inst_id, status, task_completing_time) VALUES (21, 21, 2, 0, '55');
INSERT INTO recordings (recording_id, task_inst_id, file_path) VALUES (21, 21, 'recordings/eval_1_mod_2_task_21.wav');
INSERT INTO task_instances (task_inst_id, task_id, module_inst_id, status, task_completing_time) VALUES (22, 22, 2, 1, '25');
INSERT INTO recordings (recording_id, task_inst_id, file_path) VALUES (22, 22, 'recordings/eval_1_mod_2_task_22.wav');
INSERT INTO task_instances (task_inst_id, task_id, module_inst_id, status, task_completing_time) VALUES (23, 23, 2, 1, '16');
INSERT INTO recordings (recording_id, task_inst_id, file_path) VALUES (23, 23, 'recordings/eval_1_mod_2_task_23.wav');
INSERT INTO task_instances (task_inst_id, task_id, module_inst_id, status, task_completing_time) VALUES (24, 24, 2, 1, '260');
INSERT INTO recordings (recording_id, task_inst_id, file_path) VALUES (24, 24, 'recordings/eval_1_mod_2_task_24.wav');
INSERT INTO task_instances (task_inst_id, task_id, module_inst_id, status, task_completing_time) VALUES (25, 25, 2, 1, '56');
INSERT INTO recordings (recording_id, task_inst_id, file_path) VALUES (25, 25, 'recordings/eval_1_mod_2_task_25.wav');
INSERT INTO task_instances (task_inst_id, task_id, module_inst_id, status, task_completing_time) VALUES (26, 26, 2, 1, '71');
INSERT INTO recordings (recording_id, task_inst_id, file_path) VALUES (26, 26, 'recordings/eval_1_mod_2_task_26.wav');
INSERT INTO task_instances (task_inst_id, task_id, module_inst_id, status, task_completing_time) VALUES (27, 27, 2, 1, '238');
INSERT INTO recordings (recording_id, task_inst_id, file_path) VALUES (27, 27, 'recordings/eval_1_mod_2_task_27.wav');
INSERT INTO task_instances (task_inst_id, task_id, module_inst_id, status, task_completing_time) VALUES (28, 28, 2, 1, '181');
INSERT INTO recordings (recording_id, task_inst_id, file_path) VALUES (28, 28, 'recordings/eval_1_mod_2_task_28.wav');
INSERT INTO task_instances (task_inst_id, task_id, module_inst_id, status, task_completing_time) VALUES (29, 29, 2, 1, '287');
INSERT INTO recordings (recording_id, task_inst_id, file_path) VALUES (29, 29, 'recordings/eval_1_mod_2_task_29.wav');
INSERT INTO task_instances (task_inst_id, task_id, module_inst_id, status, task_completing_time) VALUES (30, 30, 2, 1, '24');
INSERT INTO recordings (recording_id, task_inst_id, file_path) VALUES (30, 30, 'recordings/eval_1_mod_2_task_30.wav');
INSERT INTO task_instances (task_inst_id, task_id, module_inst_id, status, task_completing_time) VALUES (31, 31, 2, 0, '268');
INSERT INTO recordings (recording_id, task_inst_id, file_path) VALUES (31, 31, 'recordings/eval_1_mod_2_task_31.wav');
INSERT INTO task_instances (task_inst_id, task_id, module_inst_id, status, task_completing_time) VALUES (32, 32, 2, 1, '100');
INSERT INTO recordings (recording_id, task_inst_id, file_path) VALUES (32, 32, 'recordings/eval_1_mod_2_task_32.wav');
INSERT INTO task_instances (task_inst_id, task_id, module_inst_id, status, task_completing_time) VALUES (33, 33, 2, 1, '220');
INSERT INTO recordings (recording_id, task_inst_id, file_path) VALUES (33, 33, 'recordings/eval_1_mod_2_task_33.wav');
INSERT INTO task_instances (task_inst_id, task_id, module_inst_id, status, task_completing_time) VALUES (34, 34, 2, 1, '139');
INSERT INTO recordings (recording_id, task_inst_id, file_path) VALUES (34, 34, 'recordings/eval_1_mod_2_task_34.wav');
INSERT INTO task_instances (task_inst_id, task_id, module_inst_id, status, task_completing_time) VALUES (35, 35, 2, 1, '87');
INSERT INTO recordings (recording_id, task_inst_id, file_path) VALUES (35, 35, 'recordings/eval_1_mod_2_task_35.wav');
INSERT INTO task_instances (task_inst_id, task_id, module_inst_id, status, task_completing_time) VALUES (36, 36, 2, 1, '102');
INSERT INTO recordings (recording_id, task_inst_id, file_path) VALUES (36, 36, 'recordings/eval_1_mod_2_task_36.wav');
INSERT INTO task_instances (task_inst_id, task_id, module_inst_id, status, task_completing_time) VALUES (37, 37, 2, 1, '298');
INSERT INTO recordings (recording_id, task_inst_id, file_path) VALUES (37, 37, 'recordings/eval_1_mod_2_task_37.wav');
INSERT INTO module_instances (module_inst_id, module_id, evaluation_id, status) VALUES (3, 3, 1, 3);
INSERT INTO task_instances (task_inst_id, task_id, module_inst_id, status, task_completing_time) VALUES (38, 38, 3, 0, '46');
INSERT INTO recordings (recording_id, task_inst_id, file_path) VALUES (38, 38, 'recordings/eval_1_mod_3_task_38.wav');
INSERT INTO task_instances (task_inst_id, task_id, module_inst_id, status, task_completing_time) VALUES (39, 39, 3, 1, '128');
INSERT INTO recordings (recording_id, task_inst_id, file_path) VALUES (39, 39, 'recordings/eval_1_mod_3_task_39.wav');
INSERT INTO task_instances (task_inst_id, task_id, module_inst_id, status, task_completing_time) VALUES (40, 40, 3, 1, '26');
INSERT INTO recordings (recording_id, task_inst_id, file_path) VALUES (40, 40, 'recordings/eval_1_mod_3_task_40.wav');
INSERT INTO task_instances (task_inst_id, task_id, module_inst_id, status, task_completing_time) VALUES (41, 41, 3, 1, '33');
INSERT INTO recordings (recording_id, task_inst_id, file_path) VALUES (41, 41, 'recordings/eval_1_mod_3_task_41.wav');
INSERT INTO task_instances (task_inst_id, task_id, module_inst_id, status, task_completing_time) VALUES (42, 42, 3, 1, '75');
INSERT INTO recordings (recording_id, task_inst_id, file_path) VALUES (42, 42, 'recordings/eval_1_mod_3_task_42.wav');
INSERT INTO task_instances (task_inst_id, task_id, module_inst_id, status, task_completing_time) VALUES (43, 43, 3, 1, '136');
INSERT INTO recordings (recording_id, task_inst_id, file_path) VALUES (43, 43, 'recordings/eval_1_mod_3_task_43.wav');
INSERT INTO task_instances (task_inst_id, task_id, module_inst_id, status, task_completing_time) VALUES (44, 44, 3, 0, '39');
INSERT INTO recordings (recording_id, task_inst_id, file_path) VALUES (44, 44, 'recordings/eval_1_mod_3_task_44.wav');
INSERT INTO task_instances (task_inst_id, task_id, module_inst_id, status, task_completing_time) VALUES (45, 45, 3, 0, '208');
INSERT INTO recordings (recording_id, task_inst_id, file_path) VALUES (45, 45, 'recordings/eval_1_mod_3_task_45.wav');
INSERT INTO task_instances (task_inst_id, task_id, module_inst_id, status, task_completing_time) VALUES (46, 46, 3, 1, '76');
INSERT INTO recordings (recording_id, task_inst_id, file_path) VALUES (46, 46, 'recordings/eval_1_mod_3_task_46.wav');
INSERT INTO module_instances (module_inst_id, module_id, evaluation_id, status) VALUES (4, 4, 1, 3);
INSERT INTO task_instances (task_inst_id, task_id, module_inst_id, status, task_completing_time) VALUES (47, 47, 4, 1, '17');
INSERT INTO recordings (recording_id, task_inst_id, file_path) VALUES (47, 47, 'recordings/eval_1_mod_4_task_47.wav');
INSERT INTO task_instances (task_inst_id, task_id, module_inst_id, status, task_completing_time) VALUES (48, 48, 4, 1, '287');
INSERT INTO recordings (recording_id, task_inst_id, file_path) VALUES (48, 48, 'recordings/eval_1_mod_4_task_48.wav');
INSERT INTO task_instances (task_inst_id, task_id, module_inst_id, status, task_completing_time) VALUES (49, 49, 4, 1, '154');
INSERT INTO recordings (recording_id, task_inst_id, file_path) VALUES (49, 49, 'recordings/eval_1_mod_4_task_49.wav');
INSERT INTO task_instances (task_inst_id, task_id, module_inst_id, status, task_completing_time) VALUES (50, 50, 4, 1, '41');
INSERT INTO recordings (recording_id, task_inst_id, file_path) VALUES (50, 50, 'recordings/eval_1_mod_4_task_50.wav');
INSERT INTO task_instances (task_inst_id, task_id, module_inst_id, status, task_completing_time) VALUES (51, 51, 4, 0, '53');
INSERT INTO recordings (recording_id, task_inst_id, file_path) VALUES (51, 51, 'recordings/eval_1_mod_4_task_51.wav');
INSERT INTO task_instances (task_inst_id, task_id, module_inst_id, status, task_completing_time) VALUES (52, 52, 4, 1, '49');
INSERT INTO recordings (recording_id, task_inst_id, file_path) VALUES (52, 52, 'recordings/eval_1_mod_4_task_52.wav');
INSERT INTO task_instances (task_inst_id, task_id, module_inst_id, status, task_completing_time) VALUES (53, 53, 4, 1, '112');
INSERT INTO recordings (recording_id, task_inst_id, file_path) VALUES (53, 53, 'recordings/eval_1_mod_4_task_53.wav');
INSERT INTO task_instances (task_inst_id, task_id, module_inst_id, status, task_completing_time) VALUES (54, 54, 4, 0, '138');
INSERT INTO recordings (recording_id, task_inst_id, file_path) VALUES (54, 54, 'recordings/eval_1_mod_4_task_54.wav');
INSERT INTO task_instances (task_inst_id, task_id, module_inst_id, status, task_completing_time) VALUES (55, 55, 4, 1, '27');
INSERT INTO recordings (recording_id, task_inst_id, file_path) VALUES (55, 55, 'recordings/eval_1_mod_4_task_55.wav');
INSERT INTO task_instances (task_inst_id, task_id, module_inst_id, status, task_completing_time) VALUES (56, 56, 4, 1, '23');
INSERT INTO recordings (recording_id, task_inst_id, file_path) VALUES (56, 56, 'recordings/eval_1_mod_4_task_56.wav');
INSERT INTO module_instances (module_inst_id, module_id, evaluation_id, status) VALUES (5, 9001, 1, 1);
INSERT INTO task_instances (task_inst_id, task_id, module_inst_id, status, task_completing_time) VALUES (57, 9001, 5, 0, '50');
INSERT INTO recordings (recording_id, task_inst_id, file_path) VALUES (57, 57, 'recordings/eval_1_mod_9001_task_57.wav');
INSERT INTO task_instances (task_inst_id, task_id, module_inst_id, status, task_completing_time) VALUES (58, 9002, 5, 1, '75');
INSERT INTO recordings (recording_id, task_inst_id, file_path) VALUES (58, 58, 'recordings/eval_1_mod_9001_task_58.wav');
INSERT INTO participants (participant_id, name, surname, education_level, sex, birth_date, laterality) VALUES (2, 'vNX64MeOUYOgeC0Ihd4VCQ==', 'u9z77N6POoCjey4Lht0WCg==', 2, 1, '1953-06-14', 2);
INSERT INTO evaluations (evaluation_id, evaluation_date, evaluator_id, participant_id, status, language) VALUES (2, '2025-11-13 14:26:00', 2, 2, 3, 1);
INSERT INTO module_instances (module_inst_id, module_id, evaluation_id, status) VALUES (6, 1, 2, 3);
INSERT INTO task_instances (task_inst_id, task_id, module_inst_id, status, task_completing_time) VALUES (59, 1, 6, 0, '56');
INSERT INTO recordings (recording_id, task_inst_id, file_path) VALUES (59, 59, 'recordings/eval_2_mod_1_task_59.wav');
INSERT INTO task_instances (task_inst_id, task_id, module_inst_id, status, task_completing_time) VALUES (60, 2, 6, 0, '70');
INSERT INTO recordings (recording_id, task_inst_id, file_path) VALUES (60, 60, 'recordings/eval_2_mod_1_task_60.wav');
INSERT INTO task_instances (task_inst_id, task_id, module_inst_id, status, task_completing_time) VALUES (61, 3, 6, 1, '193');
INSERT INTO recordings (recording_id, task_inst_id, file_path) VALUES (61, 61, 'recordings/eval_2_mod_1_task_61.wav');
INSERT INTO task_instances (task_inst_id, task_id, module_inst_id, status, task_completing_time) VALUES (62, 4, 6, 1, '171');
INSERT INTO recordings (recording_id, task_inst_id, file_path) VALUES (62, 62, 'recordings/eval_2_mod_1_task_62.wav');
INSERT INTO task_instances (task_inst_id, task_id, module_inst_id, status, task_completing_time) VALUES (63, 5, 6, 1, '47');
INSERT INTO recordings (recording_id, task_inst_id, file_path) VALUES (63, 63, 'recordings/eval_2_mod_1_task_63.wav');
INSERT INTO task_instances (task_inst_id, task_id, module_inst_id, status, task_completing_time) VALUES (64, 6, 6, 1, '206');
INSERT INTO recordings (recording_id, task_inst_id, file_path) VALUES (64, 64, 'recordings/eval_2_mod_1_task_64.wav');
INSERT INTO task_instances (task_inst_id, task_id, module_inst_id, status, task_completing_time) VALUES (65, 7, 6, 0, '72');
INSERT INTO recordings (recording_id, task_inst_id, file_path) VALUES (65, 65, 'recordings/eval_2_mod_1_task_65.wav');
INSERT INTO task_instances (task_inst_id, task_id, module_inst_id, status, task_completing_time) VALUES (66, 8, 6, 1, '285');
INSERT INTO recordings (recording_id, task_inst_id, file_path) VALUES (66, 66, 'recordings/eval_2_mod_1_task_66.wav');
INSERT INTO task_instances (task_inst_id, task_id, module_inst_id, status, task_completing_time) VALUES (67, 9, 6, 1, '74');
INSERT INTO recordings (recording_id, task_inst_id, file_path) VALUES (67, 67, 'recordings/eval_2_mod_1_task_67.wav');
INSERT INTO task_instances (task_inst_id, task_id, module_inst_id, status, task_completing_time) VALUES (68, 10, 6, 1, '89');
INSERT INTO recordings (recording_id, task_inst_id, file_path) VALUES (68, 68, 'recordings/eval_2_mod_1_task_68.wav');
INSERT INTO module_instances (module_inst_id, module_id, evaluation_id, status) VALUES (7, 2, 2, 3);
INSERT INTO task_instances (task_inst_id, task_id, module_inst_id, status, task_completing_time) VALUES (69, 11, 7, 1, '19');
INSERT INTO recordings (recording_id, task_inst_id, file_path) VALUES (69, 69, 'recordings/eval_2_mod_2_task_69.wav');
INSERT INTO task_instances (task_inst_id, task_id, module_inst_id, status, task_completing_time) VALUES (70, 12, 7, 1, '293');
INSERT INTO recordings (recording_id, task_inst_id, file_path) VALUES (70, 70, 'recordings/eval_2_mod_2_task_70.wav');
INSERT INTO task_instances (task_inst_id, task_id, module_inst_id, status, task_completing_time) VALUES (71, 13, 7, 1, '82');
INSERT INTO recordings (recording_id, task_inst_id, file_path) VALUES (71, 71, 'recordings/eval_2_mod_2_task_71.wav');
INSERT INTO task_instances (task_inst_id, task_id, module_inst_id, status, task_completing_time) VALUES (72, 14, 7, 1, '77');
INSERT INTO recordings (recording_id, task_inst_id, file_path) VALUES (72, 72, 'recordings/eval_2_mod_2_task_72.wav');
INSERT INTO task_instances (task_inst_id, task_id, module_inst_id, status, task_completing_time) VALUES (73, 15, 7, 1, '199');
INSERT INTO recordings (recording_id, task_inst_id, file_path) VALUES (73, 73, 'recordings/eval_2_mod_2_task_73.wav');
INSERT INTO task_instances (task_inst_id, task_id, module_inst_id, status, task_completing_time) VALUES (74, 16, 7, 0, '282');
INSERT INTO recordings (recording_id, task_inst_id, file_path) VALUES (74, 74, 'recordings/eval_2_mod_2_task_74.wav');
INSERT INTO task_instances (task_inst_id, task_id, module_inst_id, status, task_completing_time) VALUES (75, 17, 7, 1, '62');
INSERT INTO recordings (recording_id, task_inst_id, file_path) VALUES (75, 75, 'recordings/eval_2_mod_2_task_75.wav');
INSERT INTO task_instances (task_inst_id, task_id, module_inst_id, status, task_completing_time) VALUES (76, 18, 7, 0, '107');
INSERT INTO recordings (recording_id, task_inst_id, file_path) VALUES (76, 76, 'recordings/eval_2_mod_2_task_76.wav');
INSERT INTO task_instances (task_inst_id, task_id, module_inst_id, status, task_completing_time) VALUES (77, 19, 7, 1, '211');
INSERT INTO recordings (recording_id, task_inst_id, file_path) VALUES (77, 77, 'recordings/eval_2_mod_2_task_77.wav');
INSERT INTO task_instances (task_inst_id, task_id, module_inst_id, status, task_completing_time) VALUES (78, 20, 7, 0, '53');
INSERT INTO recordings (recording_id, task_inst_id, file_path) VALUES (78, 78, 'recordings/eval_2_mod_2_task_78.wav');
INSERT INTO task_instances (task_inst_id, task_id, module_inst_id, status, task_completing_time) VALUES (79, 21, 7, 1, '16');
INSERT INTO recordings (recording_id, task_inst_id, file_path) VALUES (79, 79, 'recordings/eval_2_mod_2_task_79.wav');
INSERT INTO task_instances (task_inst_id, task_id, module_inst_id, status, task_completing_time) VALUES (80, 22, 7, 1, '257');
INSERT INTO recordings (recording_id, task_inst_id, file_path) VALUES (80, 80, 'recordings/eval_2_mod_2_task_80.wav');
INSERT INTO task_instances (task_inst_id, task_id, module_inst_id, status, task_completing_time) VALUES (81, 23, 7, 0, '41');
INSERT INTO recordings (recording_id, task_inst_id, file_path) VALUES (81, 81, 'recordings/eval_2_mod_2_task_81.wav');
INSERT INTO task_instances (task_inst_id, task_id, module_inst_id, status, task_completing_time) VALUES (82, 24, 7, 1, '276');
INSERT INTO recordings (recording_id, task_inst_id, file_path) VALUES (82, 82, 'recordings/eval_2_mod_2_task_82.wav');
INSERT INTO task_instances (task_inst_id, task_id, module_inst_id, status, task_completing_time) VALUES (83, 25, 7, 1, '39');
INSERT INTO recordings (recording_id, task_inst_id, file_path) VALUES (83, 83, 'recordings/eval_2_mod_2_task_83.wav');
INSERT INTO task_instances (task_inst_id, task_id, module_inst_id, status, task_completing_time) VALUES (84, 26, 7, 1, '146');
INSERT INTO recordings (recording_id, task_inst_id, file_path) VALUES (84, 84, 'recordings/eval_2_mod_2_task_84.wav');
INSERT INTO task_instances (task_inst_id, task_id, module_inst_id, status, task_completing_time) VALUES (85, 27, 7, 1, '217');
INSERT INTO recordings (recording_id, task_inst_id, file_path) VALUES (85, 85, 'recordings/eval_2_mod_2_task_85.wav');
INSERT INTO task_instances (task_inst_id, task_id, module_inst_id, status, task_completing_time) VALUES (86, 28, 7, 1, '84');
INSERT INTO recordings (recording_id, task_inst_id, file_path) VALUES (86, 86, 'recordings/eval_2_mod_2_task_86.wav');
INSERT INTO task_instances (task_inst_id, task_id, module_inst_id, status, task_completing_time) VALUES (87, 29, 7, 0, '266');
INSERT INTO recordings (recording_id, task_inst_id, file_path) VALUES (87, 87, 'recordings/eval_2_mod_2_task_87.wav');
INSERT INTO task_instances (task_inst_id, task_id, module_inst_id, status, task_completing_time) VALUES (88, 30, 7, 0, '49');
INSERT INTO recordings (recording_id, task_inst_id, file_path) VALUES (88, 88, 'recordings/eval_2_mod_2_task_88.wav');
INSERT INTO task_instances (task_inst_id, task_id, module_inst_id, status, task_completing_time) VALUES (89, 31, 7, 0, '55');
INSERT INTO recordings (recording_id, task_inst_id, file_path) VALUES (89, 89, 'recordings/eval_2_mod_2_task_89.wav');
INSERT INTO task_instances (task_inst_id, task_id, module_inst_id, status, task_completing_time) VALUES (90, 32, 7, 1, '241');
INSERT INTO recordings (recording_id, task_inst_id, file_path) VALUES (90, 90, 'recordings/eval_2_mod_2_task_90.wav');
INSERT INTO task_instances (task_inst_id, task_id, module_inst_id, status, task_completing_time) VALUES (91, 33, 7, 0, '166');
INSERT INTO recordings (recording_id, task_inst_id, file_path) VALUES (91, 91, 'recordings/eval_2_mod_2_task_91.wav');
INSERT INTO task_instances (task_inst_id, task_id, module_inst_id, status, task_completing_time) VALUES (92, 34, 7, 1, '150');
INSERT INTO recordings (recording_id, task_inst_id, file_path) VALUES (92, 92, 'recordings/eval_2_mod_2_task_92.wav');
INSERT INTO task_instances (task_inst_id, task_id, module_inst_id, status, task_completing_time) VALUES (93, 35, 7, 0, '267');
INSERT INTO recordings (recording_id, task_inst_id, file_path) VALUES (93, 93, 'recordings/eval_2_mod_2_task_93.wav');
INSERT INTO task_instances (task_inst_id, task_id, module_inst_id, status, task_completing_time) VALUES (94, 36, 7, 1, '147');
INSERT INTO recordings (recording_id, task_inst_id, file_path) VALUES (94, 94, 'recordings/eval_2_mod_2_task_94.wav');
INSERT INTO task_instances (task_inst_id, task_id, module_inst_id, status, task_completing_time) VALUES (95, 37, 7, 1, '99');
INSERT INTO recordings (recording_id, task_inst_id, file_path) VALUES (95, 95, 'recordings/eval_2_mod_2_task_95.wav');
INSERT INTO module_instances (module_inst_id, module_id, evaluation_id, status) VALUES (8, 3, 2, 3);
INSERT INTO task_instances (task_inst_id, task_id, module_inst_id, status, task_completing_time) VALUES (96, 38, 8, 1, '6');
INSERT INTO recordings (recording_id, task_inst_id, file_path) VALUES (96, 96, 'recordings/eval_2_mod_3_task_96.wav');
INSERT INTO task_instances (task_inst_id, task_id, module_inst_id, status, task_completing_time) VALUES (97, 39, 8, 1, '22');
INSERT INTO recordings (recording_id, task_inst_id, file_path) VALUES (97, 97, 'recordings/eval_2_mod_3_task_97.wav');
INSERT INTO task_instances (task_inst_id, task_id, module_inst_id, status, task_completing_time) VALUES (98, 40, 8, 1, '233');
INSERT INTO recordings (recording_id, task_inst_id, file_path) VALUES (98, 98, 'recordings/eval_2_mod_3_task_98.wav');
INSERT INTO task_instances (task_inst_id, task_id, module_inst_id, status, task_completing_time) VALUES (99, 41, 8, 0, '223');
INSERT INTO recordings (recording_id, task_inst_id, file_path) VALUES (99, 99, 'recordings/eval_2_mod_3_task_99.wav');
INSERT INTO task_instances (task_inst_id, task_id, module_inst_id, status, task_completing_time) VALUES (100, 42, 8, 1, '117');
INSERT INTO recordings (recording_id, task_inst_id, file_path) VALUES (100, 100, 'recordings/eval_2_mod_3_task_100.wav');
INSERT INTO task_instances (task_inst_id, task_id, module_inst_id, status, task_completing_time) VALUES (101, 43, 8, 1, '273');
INSERT INTO recordings (recording_id, task_inst_id, file_path) VALUES (101, 101, 'recordings/eval_2_mod_3_task_101.wav');
INSERT INTO task_instances (task_inst_id, task_id, module_inst_id, status, task_completing_time) VALUES (102, 44, 8, 1, '191');
INSERT INTO recordings (recording_id, task_inst_id, file_path) VALUES (102, 102, 'recordings/eval_2_mod_3_task_102.wav');
INSERT INTO task_instances (task_inst_id, task_id, module_inst_id, status, task_completing_time) VALUES (103, 45, 8, 1, '28');
INSERT INTO recordings (recording_id, task_inst_id, file_path) VALUES (103, 103, 'recordings/eval_2_mod_3_task_103.wav');
INSERT INTO task_instances (task_inst_id, task_id, module_inst_id, status, task_completing_time) VALUES (104, 46, 8, 0, '25');
INSERT INTO recordings (recording_id, task_inst_id, file_path) VALUES (104, 104, 'recordings/eval_2_mod_3_task_104.wav');
INSERT INTO module_instances (module_inst_id, module_id, evaluation_id, status) VALUES (9, 4, 2, 3);
INSERT INTO task_instances (task_inst_id, task_id, module_inst_id, status, task_completing_time) VALUES (105, 47, 9, 1, '31');
INSERT INTO recordings (recording_id, task_inst_id, file_path) VALUES (105, 105, 'recordings/eval_2_mod_4_task_105.wav');
INSERT INTO task_instances (task_inst_id, task_id, module_inst_id, status, task_completing_time) VALUES (106, 48, 9, 1, '187');
INSERT INTO recordings (recording_id, task_inst_id, file_path) VALUES (106, 106, 'recordings/eval_2_mod_4_task_106.wav');
INSERT INTO task_instances (task_inst_id, task_id, module_inst_id, status, task_completing_time) VALUES (107, 49, 9, 1, '215');
INSERT INTO recordings (recording_id, task_inst_id, file_path) VALUES (107, 107, 'recordings/eval_2_mod_4_task_107.wav');
INSERT INTO task_instances (task_inst_id, task_id, module_inst_id, status, task_completing_time) VALUES (108, 50, 9, 1, '53');
INSERT INTO recordings (recording_id, task_inst_id, file_path) VALUES (108, 108, 'recordings/eval_2_mod_4_task_108.wav');
INSERT INTO task_instances (task_inst_id, task_id, module_inst_id, status, task_completing_time) VALUES (109, 51, 9, 1, '284');
INSERT INTO recordings (recording_id, task_inst_id, file_path) VALUES (109, 109, 'recordings/eval_2_mod_4_task_109.wav');
INSERT INTO task_instances (task_inst_id, task_id, module_inst_id, status, task_completing_time) VALUES (110, 52, 9, 0, '257');
INSERT INTO recordings (recording_id, task_inst_id, file_path) VALUES (110, 110, 'recordings/eval_2_mod_4_task_110.wav');
INSERT INTO task_instances (task_inst_id, task_id, module_inst_id, status, task_completing_time) VALUES (111, 53, 9, 1, '262');
INSERT INTO recordings (recording_id, task_inst_id, file_path) VALUES (111, 111, 'recordings/eval_2_mod_4_task_111.wav');
INSERT INTO task_instances (task_inst_id, task_id, module_inst_id, status, task_completing_time) VALUES (112, 54, 9, 1, '99');
INSERT INTO recordings (recording_id, task_inst_id, file_path) VALUES (112, 112, 'recordings/eval_2_mod_4_task_112.wav');
INSERT INTO task_instances (task_inst_id, task_id, module_inst_id, status, task_completing_time) VALUES (113, 55, 9, 0, '175');
INSERT INTO recordings (recording_id, task_inst_id, file_path) VALUES (113, 113, 'recordings/eval_2_mod_4_task_113.wav');
INSERT INTO task_instances (task_inst_id, task_id, module_inst_id, status, task_completing_time) VALUES (114, 56, 9, 1, '38');
INSERT INTO recordings (recording_id, task_inst_id, file_path) VALUES (114, 114, 'recordings/eval_2_mod_4_task_114.wav');
INSERT INTO module_instances (module_inst_id, module_id, evaluation_id, status) VALUES (10, 9001, 2, 1);
INSERT INTO task_instances (task_inst_id, task_id, module_inst_id, status, task_completing_time) VALUES (115, 9001, 10, 1, '8');
INSERT INTO recordings (recording_id, task_inst_id, file_path) VALUES (115, 115, 'recordings/eval_2_mod_9001_task_115.wav');
INSERT INTO task_instances (task_inst_id, task_id, module_inst_id, status, task_completing_time) VALUES (116, 9002, 10, 1, '240');
INSERT INTO recordings (recording_id, task_inst_id, file_path) VALUES (116, 116, 'recordings/eval_2_mod_9001_task_116.wav');
INSERT INTO participants (participant_id, name, surname, education_level, sex, birth_date, laterality) VALUES (3, 'qdHk6LvnV4WmfisOg9gTDw==', 'ttn76LvnV4WmfisOg9gTDw==', 2, 2, '1981-07-24', 1);
INSERT INTO evaluations (evaluation_id, evaluation_date, evaluator_id, participant_id, status, language) VALUES (3, '2025-08-14 10:52:00', 2, 3, 2, 1);
INSERT INTO module_instances (module_inst_id, module_id, evaluation_id, status) VALUES (11, 1, 3, 3);
INSERT INTO task_instances (task_inst_id, task_id, module_inst_id, status, task_completing_time) VALUES (117, 1, 11, 0, '51');
INSERT INTO recordings (recording_id, task_inst_id, file_path) VALUES (117, 117, 'recordings/eval_3_mod_1_task_117.wav');
INSERT INTO task_instances (task_inst_id, task_id, module_inst_id, status, task_completing_time) VALUES (118, 2, 11, 1, '89');
INSERT INTO recordings (recording_id, task_inst_id, file_path) VALUES (118, 118, 'recordings/eval_3_mod_1_task_118.wav');
INSERT INTO task_instances (task_inst_id, task_id, module_inst_id, status, task_completing_time) VALUES (119, 3, 11, 1, '222');
INSERT INTO recordings (recording_id, task_inst_id, file_path) VALUES (119, 119, 'recordings/eval_3_mod_1_task_119.wav');
INSERT INTO task_instances (task_inst_id, task_id, module_inst_id, status, task_completing_time) VALUES (120, 4, 11, 1, '120');
INSERT INTO recordings (recording_id, task_inst_id, file_path) VALUES (120, 120, 'recordings/eval_3_mod_1_task_120.wav');
INSERT INTO task_instances (task_inst_id, task_id, module_inst_id, status, task_completing_time) VALUES (121, 5, 11, 0, '50');
INSERT INTO recordings (recording_id, task_inst_id, file_path) VALUES (121, 121, 'recordings/eval_3_mod_1_task_121.wav');
INSERT INTO task_instances (task_inst_id, task_id, module_inst_id, status, task_completing_time) VALUES (122, 6, 11, 1, '169');
INSERT INTO recordings (recording_id, task_inst_id, file_path) VALUES (122, 122, 'recordings/eval_3_mod_1_task_122.wav');
INSERT INTO task_instances (task_inst_id, task_id, module_inst_id, status, task_completing_time) VALUES (123, 7, 11, 1, '89');
INSERT INTO recordings (recording_id, task_inst_id, file_path) VALUES (123, 123, 'recordings/eval_3_mod_1_task_123.wav');
INSERT INTO task_instances (task_inst_id, task_id, module_inst_id, status, task_completing_time) VALUES (124, 8, 11, 1, '186');
INSERT INTO recordings (recording_id, task_inst_id, file_path) VALUES (124, 124, 'recordings/eval_3_mod_1_task_124.wav');
INSERT INTO task_instances (task_inst_id, task_id, module_inst_id, status, task_completing_time) VALUES (125, 9, 11, 1, '81');
INSERT INTO recordings (recording_id, task_inst_id, file_path) VALUES (125, 125, 'recordings/eval_3_mod_1_task_125.wav');
INSERT INTO task_instances (task_inst_id, task_id, module_inst_id, status, task_completing_time) VALUES (126, 10, 11, 1, '106');
INSERT INTO recordings (recording_id, task_inst_id, file_path) VALUES (126, 126, 'recordings/eval_3_mod_1_task_126.wav');
INSERT INTO module_instances (module_inst_id, module_id, evaluation_id, status) VALUES (12, 2, 3, 3);
INSERT INTO task_instances (task_inst_id, task_id, module_inst_id, status, task_completing_time) VALUES (127, 11, 12, 1, '24');
INSERT INTO recordings (recording_id, task_inst_id, file_path) VALUES (127, 127, 'recordings/eval_3_mod_2_task_127.wav');
INSERT INTO task_instances (task_inst_id, task_id, module_inst_id, status, task_completing_time) VALUES (128, 12, 12, 0, '213');
INSERT INTO recordings (recording_id, task_inst_id, file_path) VALUES (128, 128, 'recordings/eval_3_mod_2_task_128.wav');
INSERT INTO task_instances (task_inst_id, task_id, module_inst_id, status, task_completing_time) VALUES (129, 13, 12, 1, '163');
INSERT INTO recordings (recording_id, task_inst_id, file_path) VALUES (129, 129, 'recordings/eval_3_mod_2_task_129.wav');
INSERT INTO task_instances (task_inst_id, task_id, module_inst_id, status, task_completing_time) VALUES (130, 14, 12, 1, '211');
INSERT INTO recordings (recording_id, task_inst_id, file_path) VALUES (130, 130, 'recordings/eval_3_mod_2_task_130.wav');
INSERT INTO task_instances (task_inst_id, task_id, module_inst_id, status, task_completing_time) VALUES (131, 15, 12, 1, '21');
INSERT INTO recordings (recording_id, task_inst_id, file_path) VALUES (131, 131, 'recordings/eval_3_mod_2_task_131.wav');
INSERT INTO task_instances (task_inst_id, task_id, module_inst_id, status, task_completing_time) VALUES (132, 16, 12, 0, '216');
INSERT INTO recordings (recording_id, task_inst_id, file_path) VALUES (132, 132, 'recordings/eval_3_mod_2_task_132.wav');
INSERT INTO task_instances (task_inst_id, task_id, module_inst_id, status, task_completing_time) VALUES (133, 17, 12, 1, '68');
INSERT INTO recordings (recording_id, task_inst_id, file_path) VALUES (133, 133, 'recordings/eval_3_mod_2_task_133.wav');
INSERT INTO task_instances (task_inst_id, task_id, module_inst_id, status, task_completing_time) VALUES (134, 18, 12, 1, '79');
INSERT INTO recordings (recording_id, task_inst_id, file_path) VALUES (134, 134, 'recordings/eval_3_mod_2_task_134.wav');
INSERT INTO task_instances (task_inst_id, task_id, module_inst_id, status, task_completing_time) VALUES (135, 19, 12, 1, '277');
INSERT INTO recordings (recording_id, task_inst_id, file_path) VALUES (135, 135, 'recordings/eval_3_mod_2_task_135.wav');
INSERT INTO task_instances (task_inst_id, task_id, module_inst_id, status, task_completing_time) VALUES (136, 20, 12, 1, '51');
INSERT INTO recordings (recording_id, task_inst_id, file_path) VALUES (136, 136, 'recordings/eval_3_mod_2_task_136.wav');
INSERT INTO task_instances (task_inst_id, task_id, module_inst_id, status, task_completing_time) VALUES (137, 21, 12, 0, '41');
INSERT INTO recordings (recording_id, task_inst_id, file_path) VALUES (137, 137, 'recordings/eval_3_mod_2_task_137.wav');
INSERT INTO task_instances (task_inst_id, task_id, module_inst_id, status, task_completing_time) VALUES (138, 22, 12, 0, '247');
INSERT INTO recordings (recording_id, task_inst_id, file_path) VALUES (138, 138, 'recordings/eval_3_mod_2_task_138.wav');
INSERT INTO task_instances (task_inst_id, task_id, module_inst_id, status, task_completing_time) VALUES (139, 23, 12, 0, '59');
INSERT INTO recordings (recording_id, task_inst_id, file_path) VALUES (139, 139, 'recordings/eval_3_mod_2_task_139.wav');
INSERT INTO task_instances (task_inst_id, task_id, module_inst_id, status, task_completing_time) VALUES (140, 24, 12, 0, '169');
INSERT INTO recordings (recording_id, task_inst_id, file_path) VALUES (140, 140, 'recordings/eval_3_mod_2_task_140.wav');
INSERT INTO task_instances (task_inst_id, task_id, module_inst_id, status, task_completing_time) VALUES (141, 25, 12, 1, '29');
INSERT INTO recordings (recording_id, task_inst_id, file_path) VALUES (141, 141, 'recordings/eval_3_mod_2_task_141.wav');
INSERT INTO task_instances (task_inst_id, task_id, module_inst_id, status, task_completing_time) VALUES (142, 26, 12, 1, '136');
INSERT INTO recordings (recording_id, task_inst_id, file_path) VALUES (142, 142, 'recordings/eval_3_mod_2_task_142.wav');
INSERT INTO task_instances (task_inst_id, task_id, module_inst_id, status, task_completing_time) VALUES (143, 27, 12, 1, '211');
INSERT INTO recordings (recording_id, task_inst_id, file_path) VALUES (143, 143, 'recordings/eval_3_mod_2_task_143.wav');
INSERT INTO task_instances (task_inst_id, task_id, module_inst_id, status, task_completing_time) VALUES (144, 28, 12, 0, '144');
INSERT INTO recordings (recording_id, task_inst_id, file_path) VALUES (144, 144, 'recordings/eval_3_mod_2_task_144.wav');
INSERT INTO task_instances (task_inst_id, task_id, module_inst_id, status, task_completing_time) VALUES (145, 29, 12, 1, '149');
INSERT INTO recordings (recording_id, task_inst_id, file_path) VALUES (145, 145, 'recordings/eval_3_mod_2_task_145.wav');
INSERT INTO task_instances (task_inst_id, task_id, module_inst_id, status, task_completing_time) VALUES (146, 30, 12, 1, '22');
INSERT INTO recordings (recording_id, task_inst_id, file_path) VALUES (146, 146, 'recordings/eval_3_mod_2_task_146.wav');
INSERT INTO task_instances (task_inst_id, task_id, module_inst_id, status, task_completing_time) VALUES (147, 31, 12, 1, '48');
INSERT INTO recordings (recording_id, task_inst_id, file_path) VALUES (147, 147, 'recordings/eval_3_mod_2_task_147.wav');
INSERT INTO task_instances (task_inst_id, task_id, module_inst_id, status, task_completing_time) VALUES (148, 32, 12, 1, '125');
INSERT INTO recordings (recording_id, task_inst_id, file_path) VALUES (148, 148, 'recordings/eval_3_mod_2_task_148.wav');
INSERT INTO task_instances (task_inst_id, task_id, module_inst_id, status, task_completing_time) VALUES (149, 33, 12, 1, '54');
INSERT INTO recordings (recording_id, task_inst_id, file_path) VALUES (149, 149, 'recordings/eval_3_mod_2_task_149.wav');
INSERT INTO task_instances (task_inst_id, task_id, module_inst_id, status, task_completing_time) VALUES (150, 34, 12, 1, '55');
INSERT INTO recordings (recording_id, task_inst_id, file_path) VALUES (150, 150, 'recordings/eval_3_mod_2_task_150.wav');
INSERT INTO task_instances (task_inst_id, task_id, module_inst_id, status, task_completing_time) VALUES (151, 35, 12, 1, '76');
INSERT INTO recordings (recording_id, task_inst_id, file_path) VALUES (151, 151, 'recordings/eval_3_mod_2_task_151.wav');
INSERT INTO task_instances (task_inst_id, task_id, module_inst_id, status, task_completing_time) VALUES (152, 36, 12, 1, '157');
INSERT INTO recordings (recording_id, task_inst_id, file_path) VALUES (152, 152, 'recordings/eval_3_mod_2_task_152.wav');
INSERT INTO task_instances (task_inst_id, task_id, module_inst_id, status, task_completing_time) VALUES (153, 37, 12, 1, '179');
INSERT INTO recordings (recording_id, task_inst_id, file_path) VALUES (153, 153, 'recordings/eval_3_mod_2_task_153.wav');
INSERT INTO module_instances (module_inst_id, module_id, evaluation_id, status) VALUES (13, 3, 3, 2);
INSERT INTO task_instances (task_inst_id, task_id, module_inst_id, status, task_completing_time) VALUES (154, 38, 13, 1, '32');
INSERT INTO recordings (recording_id, task_inst_id, file_path) VALUES (154, 154, 'recordings/eval_3_mod_3_task_154.wav');
INSERT INTO task_instances (task_inst_id, task_id, module_inst_id, status, task_completing_time) VALUES (155, 39, 13, 1, '135');
INSERT INTO recordings (recording_id, task_inst_id, file_path) VALUES (155, 155, 'recordings/eval_3_mod_3_task_155.wav');
INSERT INTO task_instances (task_inst_id, task_id, module_inst_id, status, task_completing_time) VALUES (156, 40, 13, 1, '179');
INSERT INTO recordings (recording_id, task_inst_id, file_path) VALUES (156, 156, 'recordings/eval_3_mod_3_task_156.wav');
INSERT INTO task_instances (task_inst_id, task_id, module_inst_id, status, task_completing_time) VALUES (157, 41, 13, 1, '211');
INSERT INTO recordings (recording_id, task_inst_id, file_path) VALUES (157, 157, 'recordings/eval_3_mod_3_task_157.wav');
INSERT INTO task_instances (task_inst_id, task_id, module_inst_id, status, task_completing_time) VALUES (158, 42, 13, 1, '171');
INSERT INTO recordings (recording_id, task_inst_id, file_path) VALUES (158, 158, 'recordings/eval_3_mod_3_task_158.wav');
INSERT INTO task_instances (task_inst_id, task_id, module_inst_id, status, task_completing_time) VALUES (159, 43, 13, 0, '166');
INSERT INTO recordings (recording_id, task_inst_id, file_path) VALUES (159, 159, 'recordings/eval_3_mod_3_task_159.wav');
INSERT INTO task_instances (task_inst_id, task_id, module_inst_id, status, task_completing_time) VALUES (160, 44, 13, 1, '166');
INSERT INTO recordings (recording_id, task_inst_id, file_path) VALUES (160, 160, 'recordings/eval_3_mod_3_task_160.wav');
INSERT INTO task_instances (task_inst_id, task_id, module_inst_id, status, task_completing_time) VALUES (161, 45, 13, 1, '97');
INSERT INTO recordings (recording_id, task_inst_id, file_path) VALUES (161, 161, 'recordings/eval_3_mod_3_task_161.wav');
INSERT INTO task_instances (task_inst_id, task_id, module_inst_id, status, task_completing_time) VALUES (162, 46, 13, 1, '120');
INSERT INTO recordings (recording_id, task_inst_id, file_path) VALUES (162, 162, 'recordings/eval_3_mod_3_task_162.wav');
INSERT INTO module_instances (module_inst_id, module_id, evaluation_id, status) VALUES (14, 4, 3, 3);
INSERT INTO task_instances (task_inst_id, task_id, module_inst_id, status, task_completing_time) VALUES (163, 47, 14, 1, '18');
INSERT INTO recordings (recording_id, task_inst_id, file_path) VALUES (163, 163, 'recordings/eval_3_mod_4_task_163.wav');
INSERT INTO task_instances (task_inst_id, task_id, module_inst_id, status, task_completing_time) VALUES (164, 48, 14, 1, '192');
INSERT INTO recordings (recording_id, task_inst_id, file_path) VALUES (164, 164, 'recordings/eval_3_mod_4_task_164.wav');
INSERT INTO task_instances (task_inst_id, task_id, module_inst_id, status, task_completing_time) VALUES (165, 49, 14, 1, '277');
INSERT INTO recordings (recording_id, task_inst_id, file_path) VALUES (165, 165, 'recordings/eval_3_mod_4_task_165.wav');
INSERT INTO task_instances (task_inst_id, task_id, module_inst_id, status, task_completing_time) VALUES (166, 50, 14, 1, '83');
INSERT INTO recordings (recording_id, task_inst_id, file_path) VALUES (166, 166, 'recordings/eval_3_mod_4_task_166.wav');
INSERT INTO task_instances (task_inst_id, task_id, module_inst_id, status, task_completing_time) VALUES (167, 51, 14, 1, '100');
INSERT INTO recordings (recording_id, task_inst_id, file_path) VALUES (167, 167, 'recordings/eval_3_mod_4_task_167.wav');
INSERT INTO task_instances (task_inst_id, task_id, module_inst_id, status, task_completing_time) VALUES (168, 52, 14, 1, '185');
INSERT INTO recordings (recording_id, task_inst_id, file_path) VALUES (168, 168, 'recordings/eval_3_mod_4_task_168.wav');
INSERT INTO task_instances (task_inst_id, task_id, module_inst_id, status, task_completing_time) VALUES (169, 53, 14, 0, '119');
INSERT INTO recordings (recording_id, task_inst_id, file_path) VALUES (169, 169, 'recordings/eval_3_mod_4_task_169.wav');
INSERT INTO task_instances (task_inst_id, task_id, module_inst_id, status, task_completing_time) VALUES (170, 54, 14, 1, '244');
INSERT INTO recordings (recording_id, task_inst_id, file_path) VALUES (170, 170, 'recordings/eval_3_mod_4_task_170.wav');
INSERT INTO task_instances (task_inst_id, task_id, module_inst_id, status, task_completing_time) VALUES (171, 55, 14, 1, '146');
INSERT INTO recordings (recording_id, task_inst_id, file_path) VALUES (171, 171, 'recordings/eval_3_mod_4_task_171.wav');
INSERT INTO task_instances (task_inst_id, task_id, module_inst_id, status, task_completing_time) VALUES (172, 56, 14, 0, '8');
INSERT INTO recordings (recording_id, task_inst_id, file_path) VALUES (172, 172, 'recordings/eval_3_mod_4_task_172.wav');
INSERT INTO module_instances (module_inst_id, module_id, evaluation_id, status) VALUES (15, 9001, 3, 3);
INSERT INTO task_instances (task_inst_id, task_id, module_inst_id, status, task_completing_time) VALUES (173, 9001, 15, 1, '21');
INSERT INTO recordings (recording_id, task_inst_id, file_path) VALUES (173, 173, 'recordings/eval_3_mod_9001_task_173.wav');
INSERT INTO task_instances (task_inst_id, task_id, module_inst_id, status, task_completing_time) VALUES (174, 9002, 15, 1, '29');
INSERT INTO recordings (recording_id, task_inst_id, file_path) VALUES (174, 174, 'recordings/eval_3_mod_9001_task_174.wav');
INSERT INTO participants (participant_id, name, surname, education_level, sex, birth_date, laterality) VALUES (4, 'tNn15tuKKICjey4Lht0WCg==', 'ud/l/dbgUIKheSwJhN8UCA==', 1, 1, '1956-02-08', 2);
INSERT INTO evaluations (evaluation_id, evaluation_date, evaluator_id, participant_id, status, language) VALUES (4, '2025-10-27 12:32:00', 2, 4, 3, 2);
INSERT INTO module_instances (module_inst_id, module_id, evaluation_id, status) VALUES (16, 1, 4, 3);
INSERT INTO task_instances (task_inst_id, task_id, module_inst_id, status, task_completing_time) VALUES (175, 1, 16, 0, '52');
INSERT INTO recordings (recording_id, task_inst_id, file_path) VALUES (175, 175, 'recordings/eval_4_mod_1_task_175.wav');
INSERT INTO task_instances (task_inst_id, task_id, module_inst_id, status, task_completing_time) VALUES (176, 2, 16, 1, '161');
INSERT INTO recordings (recording_id, task_inst_id, file_path) VALUES (176, 176, 'recordings/eval_4_mod_1_task_176.wav');
INSERT INTO task_instances (task_inst_id, task_id, module_inst_id, status, task_completing_time) VALUES (177, 3, 16, 1, '33');
INSERT INTO recordings (recording_id, task_inst_id, file_path) VALUES (177, 177, 'recordings/eval_4_mod_1_task_177.wav');
INSERT INTO task_instances (task_inst_id, task_id, module_inst_id, status, task_completing_time) VALUES (178, 4, 16, 1, '75');
INSERT INTO recordings (recording_id, task_inst_id, file_path) VALUES (178, 178, 'recordings/eval_4_mod_1_task_178.wav');
INSERT INTO task_instances (task_inst_id, task_id, module_inst_id, status, task_completing_time) VALUES (179, 5, 16, 1, '24');
INSERT INTO recordings (recording_id, task_inst_id, file_path) VALUES (179, 179, 'recordings/eval_4_mod_1_task_179.wav');
INSERT INTO task_instances (task_inst_id, task_id, module_inst_id, status, task_completing_time) VALUES (180, 6, 16, 1, '69');
INSERT INTO recordings (recording_id, task_inst_id, file_path) VALUES (180, 180, 'recordings/eval_4_mod_1_task_180.wav');
INSERT INTO task_instances (task_inst_id, task_id, module_inst_id, status, task_completing_time) VALUES (181, 7, 16, 1, '192');
INSERT INTO recordings (recording_id, task_inst_id, file_path) VALUES (181, 181, 'recordings/eval_4_mod_1_task_181.wav');
INSERT INTO task_instances (task_inst_id, task_id, module_inst_id, status, task_completing_time) VALUES (182, 8, 16, 0, '203');
INSERT INTO recordings (recording_id, task_inst_id, file_path) VALUES (182, 182, 'recordings/eval_4_mod_1_task_182.wav');
INSERT INTO task_instances (task_inst_id, task_id, module_inst_id, status, task_completing_time) VALUES (183, 9, 16, 1, '256');
INSERT INTO recordings (recording_id, task_inst_id, file_path) VALUES (183, 183, 'recordings/eval_4_mod_1_task_183.wav');
INSERT INTO task_instances (task_inst_id, task_id, module_inst_id, status, task_completing_time) VALUES (184, 10, 16, 1, '289');
INSERT INTO recordings (recording_id, task_inst_id, file_path) VALUES (184, 184, 'recordings/eval_4_mod_1_task_184.wav');
INSERT INTO module_instances (module_inst_id, module_id, evaluation_id, status) VALUES (17, 2, 4, 2);
INSERT INTO task_instances (task_inst_id, task_id, module_inst_id, status, task_completing_time) VALUES (185, 11, 17, 0, '27');
INSERT INTO recordings (recording_id, task_inst_id, file_path) VALUES (185, 185, 'recordings/eval_4_mod_2_task_185.wav');
INSERT INTO task_instances (task_inst_id, task_id, module_inst_id, status, task_completing_time) VALUES (186, 12, 17, 1, '246');
INSERT INTO recordings (recording_id, task_inst_id, file_path) VALUES (186, 186, 'recordings/eval_4_mod_2_task_186.wav');
INSERT INTO task_instances (task_inst_id, task_id, module_inst_id, status, task_completing_time) VALUES (187, 13, 17, 1, '110');
INSERT INTO recordings (recording_id, task_inst_id, file_path) VALUES (187, 187, 'recordings/eval_4_mod_2_task_187.wav');
INSERT INTO task_instances (task_inst_id, task_id, module_inst_id, status, task_completing_time) VALUES (188, 14, 17, 1, '256');
INSERT INTO recordings (recording_id, task_inst_id, file_path) VALUES (188, 188, 'recordings/eval_4_mod_2_task_188.wav');
INSERT INTO task_instances (task_inst_id, task_id, module_inst_id, status, task_completing_time) VALUES (189, 15, 17, 1, '237');
INSERT INTO recordings (recording_id, task_inst_id, file_path) VALUES (189, 189, 'recordings/eval_4_mod_2_task_189.wav');
INSERT INTO task_instances (task_inst_id, task_id, module_inst_id, status, task_completing_time) VALUES (190, 16, 17, 1, '224');
INSERT INTO recordings (recording_id, task_inst_id, file_path) VALUES (190, 190, 'recordings/eval_4_mod_2_task_190.wav');
INSERT INTO task_instances (task_inst_id, task_id, module_inst_id, status, task_completing_time) VALUES (191, 17, 17, 0, '285');
INSERT INTO recordings (recording_id, task_inst_id, file_path) VALUES (191, 191, 'recordings/eval_4_mod_2_task_191.wav');
INSERT INTO task_instances (task_inst_id, task_id, module_inst_id, status, task_completing_time) VALUES (192, 18, 17, 0, '23');
INSERT INTO recordings (recording_id, task_inst_id, file_path) VALUES (192, 192, 'recordings/eval_4_mod_2_task_192.wav');
INSERT INTO task_instances (task_inst_id, task_id, module_inst_id, status, task_completing_time) VALUES (193, 19, 17, 1, '240');
INSERT INTO recordings (recording_id, task_inst_id, file_path) VALUES (193, 193, 'recordings/eval_4_mod_2_task_193.wav');
INSERT INTO task_instances (task_inst_id, task_id, module_inst_id, status, task_completing_time) VALUES (194, 20, 17, 1, '201');
INSERT INTO recordings (recording_id, task_inst_id, file_path) VALUES (194, 194, 'recordings/eval_4_mod_2_task_194.wav');
INSERT INTO task_instances (task_inst_id, task_id, module_inst_id, status, task_completing_time) VALUES (195, 21, 17, 1, '52');
INSERT INTO recordings (recording_id, task_inst_id, file_path) VALUES (195, 195, 'recordings/eval_4_mod_2_task_195.wav');
INSERT INTO task_instances (task_inst_id, task_id, module_inst_id, status, task_completing_time) VALUES (196, 22, 17, 1, '271');
INSERT INTO recordings (recording_id, task_inst_id, file_path) VALUES (196, 196, 'recordings/eval_4_mod_2_task_196.wav');
INSERT INTO task_instances (task_inst_id, task_id, module_inst_id, status, task_completing_time) VALUES (197, 23, 17, 1, '35');
INSERT INTO recordings (recording_id, task_inst_id, file_path) VALUES (197, 197, 'recordings/eval_4_mod_2_task_197.wav');
INSERT INTO task_instances (task_inst_id, task_id, module_inst_id, status, task_completing_time) VALUES (198, 24, 17, 1, '79');
INSERT INTO recordings (recording_id, task_inst_id, file_path) VALUES (198, 198, 'recordings/eval_4_mod_2_task_198.wav');
INSERT INTO task_instances (task_inst_id, task_id, module_inst_id, status, task_completing_time) VALUES (199, 25, 17, 1, '23');
INSERT INTO recordings (recording_id, task_inst_id, file_path) VALUES (199, 199, 'recordings/eval_4_mod_2_task_199.wav');
INSERT INTO task_instances (task_inst_id, task_id, module_inst_id, status, task_completing_time) VALUES (200, 26, 17, 1, '91');
INSERT INTO recordings (recording_id, task_inst_id, file_path) VALUES (200, 200, 'recordings/eval_4_mod_2_task_200.wav');
INSERT INTO task_instances (task_inst_id, task_id, module_inst_id, status, task_completing_time) VALUES (201, 27, 17, 1, '167');
INSERT INTO recordings (recording_id, task_inst_id, file_path) VALUES (201, 201, 'recordings/eval_4_mod_2_task_201.wav');
INSERT INTO task_instances (task_inst_id, task_id, module_inst_id, status, task_completing_time) VALUES (202, 28, 17, 1, '234');
INSERT INTO recordings (recording_id, task_inst_id, file_path) VALUES (202, 202, 'recordings/eval_4_mod_2_task_202.wav');
INSERT INTO task_instances (task_inst_id, task_id, module_inst_id, status, task_completing_time) VALUES (203, 29, 17, 1, '91');
INSERT INTO recordings (recording_id, task_inst_id, file_path) VALUES (203, 203, 'recordings/eval_4_mod_2_task_203.wav');
INSERT INTO task_instances (task_inst_id, task_id, module_inst_id, status, task_completing_time) VALUES (204, 30, 17, 1, '47');
INSERT INTO recordings (recording_id, task_inst_id, file_path) VALUES (204, 204, 'recordings/eval_4_mod_2_task_204.wav');
INSERT INTO task_instances (task_inst_id, task_id, module_inst_id, status, task_completing_time) VALUES (205, 31, 17, 1, '271');
INSERT INTO recordings (recording_id, task_inst_id, file_path) VALUES (205, 205, 'recordings/eval_4_mod_2_task_205.wav');
INSERT INTO task_instances (task_inst_id, task_id, module_inst_id, status, task_completing_time) VALUES (206, 32, 17, 1, '152');
INSERT INTO recordings (recording_id, task_inst_id, file_path) VALUES (206, 206, 'recordings/eval_4_mod_2_task_206.wav');
INSERT INTO task_instances (task_inst_id, task_id, module_inst_id, status, task_completing_time) VALUES (207, 33, 17, 1, '195');
INSERT INTO recordings (recording_id, task_inst_id, file_path) VALUES (207, 207, 'recordings/eval_4_mod_2_task_207.wav');
INSERT INTO task_instances (task_inst_id, task_id, module_inst_id, status, task_completing_time) VALUES (208, 34, 17, 1, '77');
INSERT INTO recordings (recording_id, task_inst_id, file_path) VALUES (208, 208, 'recordings/eval_4_mod_2_task_208.wav');
INSERT INTO task_instances (task_inst_id, task_id, module_inst_id, status, task_completing_time) VALUES (209, 35, 17, 1, '275');
INSERT INTO recordings (recording_id, task_inst_id, file_path) VALUES (209, 209, 'recordings/eval_4_mod_2_task_209.wav');
INSERT INTO task_instances (task_inst_id, task_id, module_inst_id, status, task_completing_time) VALUES (210, 36, 17, 0, '253');
INSERT INTO recordings (recording_id, task_inst_id, file_path) VALUES (210, 210, 'recordings/eval_4_mod_2_task_210.wav');
INSERT INTO task_instances (task_inst_id, task_id, module_inst_id, status, task_completing_time) VALUES (211, 37, 17, 1, '193');
INSERT INTO recordings (recording_id, task_inst_id, file_path) VALUES (211, 211, 'recordings/eval_4_mod_2_task_211.wav');
INSERT INTO module_instances (module_inst_id, module_id, evaluation_id, status) VALUES (18, 3, 4, 3);
INSERT INTO task_instances (task_inst_id, task_id, module_inst_id, status, task_completing_time) VALUES (212, 38, 18, 1, '55');
INSERT INTO recordings (recording_id, task_inst_id, file_path) VALUES (212, 212, 'recordings/eval_4_mod_3_task_212.wav');
INSERT INTO task_instances (task_inst_id, task_id, module_inst_id, status, task_completing_time) VALUES (213, 39, 18, 1, '254');
INSERT INTO recordings (recording_id, task_inst_id, file_path) VALUES (213, 213, 'recordings/eval_4_mod_3_task_213.wav');
INSERT INTO task_instances (task_inst_id, task_id, module_inst_id, status, task_completing_time) VALUES (214, 40, 18, 1, '63');
INSERT INTO recordings (recording_id, task_inst_id, file_path) VALUES (214, 214, 'recordings/eval_4_mod_3_task_214.wav');
INSERT INTO task_instances (task_inst_id, task_id, module_inst_id, status, task_completing_time) VALUES (215, 41, 18, 1, '263');
INSERT INTO recordings (recording_id, task_inst_id, file_path) VALUES (215, 215, 'recordings/eval_4_mod_3_task_215.wav');
INSERT INTO task_instances (task_inst_id, task_id, module_inst_id, status, task_completing_time) VALUES (216, 42, 18, 1, '170');
INSERT INTO recordings (recording_id, task_inst_id, file_path) VALUES (216, 216, 'recordings/eval_4_mod_3_task_216.wav');
INSERT INTO task_instances (task_inst_id, task_id, module_inst_id, status, task_completing_time) VALUES (217, 43, 18, 1, '28');
INSERT INTO recordings (recording_id, task_inst_id, file_path) VALUES (217, 217, 'recordings/eval_4_mod_3_task_217.wav');
INSERT INTO task_instances (task_inst_id, task_id, module_inst_id, status, task_completing_time) VALUES (218, 44, 18, 0, '84');
INSERT INTO recordings (recording_id, task_inst_id, file_path) VALUES (218, 218, 'recordings/eval_4_mod_3_task_218.wav');
INSERT INTO task_instances (task_inst_id, task_id, module_inst_id, status, task_completing_time) VALUES (219, 45, 18, 1, '134');
INSERT INTO recordings (recording_id, task_inst_id, file_path) VALUES (219, 219, 'recordings/eval_4_mod_3_task_219.wav');
INSERT INTO task_instances (task_inst_id, task_id, module_inst_id, status, task_completing_time) VALUES (220, 46, 18, 1, '288');
INSERT INTO recordings (recording_id, task_inst_id, file_path) VALUES (220, 220, 'recordings/eval_4_mod_3_task_220.wav');
INSERT INTO module_instances (module_inst_id, module_id, evaluation_id, status) VALUES (19, 4, 4, 3);
INSERT INTO task_instances (task_inst_id, task_id, module_inst_id, status, task_completing_time) VALUES (221, 47, 19, 1, '47');
INSERT INTO recordings (recording_id, task_inst_id, file_path) VALUES (221, 221, 'recordings/eval_4_mod_4_task_221.wav');
INSERT INTO task_instances (task_inst_id, task_id, module_inst_id, status, task_completing_time) VALUES (222, 48, 19, 1, '203');
INSERT INTO recordings (recording_id, task_inst_id, file_path) VALUES (222, 222, 'recordings/eval_4_mod_4_task_222.wav');
INSERT INTO task_instances (task_inst_id, task_id, module_inst_id, status, task_completing_time) VALUES (223, 49, 19, 1, '68');
INSERT INTO recordings (recording_id, task_inst_id, file_path) VALUES (223, 223, 'recordings/eval_4_mod_4_task_223.wav');
INSERT INTO task_instances (task_inst_id, task_id, module_inst_id, status, task_completing_time) VALUES (224, 50, 19, 1, '83');
INSERT INTO recordings (recording_id, task_inst_id, file_path) VALUES (224, 224, 'recordings/eval_4_mod_4_task_224.wav');
INSERT INTO task_instances (task_inst_id, task_id, module_inst_id, status, task_completing_time) VALUES (225, 51, 19, 1, '43');
INSERT INTO recordings (recording_id, task_inst_id, file_path) VALUES (225, 225, 'recordings/eval_4_mod_4_task_225.wav');
INSERT INTO task_instances (task_inst_id, task_id, module_inst_id, status, task_completing_time) VALUES (226, 52, 19, 1, '120');
INSERT INTO recordings (recording_id, task_inst_id, file_path) VALUES (226, 226, 'recordings/eval_4_mod_4_task_226.wav');
INSERT INTO task_instances (task_inst_id, task_id, module_inst_id, status, task_completing_time) VALUES (227, 53, 19, 1, '244');
INSERT INTO recordings (recording_id, task_inst_id, file_path) VALUES (227, 227, 'recordings/eval_4_mod_4_task_227.wav');
INSERT INTO task_instances (task_inst_id, task_id, module_inst_id, status, task_completing_time) VALUES (228, 54, 19, 0, '73');
INSERT INTO recordings (recording_id, task_inst_id, file_path) VALUES (228, 228, 'recordings/eval_4_mod_4_task_228.wav');
INSERT INTO task_instances (task_inst_id, task_id, module_inst_id, status, task_completing_time) VALUES (229, 55, 19, 0, '185');
INSERT INTO recordings (recording_id, task_inst_id, file_path) VALUES (229, 229, 'recordings/eval_4_mod_4_task_229.wav');
INSERT INTO task_instances (task_inst_id, task_id, module_inst_id, status, task_completing_time) VALUES (230, 56, 19, 1, '38');
INSERT INTO recordings (recording_id, task_inst_id, file_path) VALUES (230, 230, 'recordings/eval_4_mod_4_task_230.wav');
INSERT INTO module_instances (module_inst_id, module_id, evaluation_id, status) VALUES (20, 9001, 4, 3);
INSERT INTO task_instances (task_inst_id, task_id, module_inst_id, status, task_completing_time) VALUES (231, 9001, 20, 1, '54');
INSERT INTO recordings (recording_id, task_inst_id, file_path) VALUES (231, 231, 'recordings/eval_4_mod_9001_task_231.wav');
INSERT INTO task_instances (task_inst_id, task_id, module_inst_id, status, task_completing_time) VALUES (232, 9002, 20, 0, '87');
INSERT INTO recordings (recording_id, task_inst_id, file_path) VALUES (232, 232, 'recordings/eval_4_mod_9001_task_232.wav');
INSERT INTO participants (participant_id, name, surname, education_level, sex, birth_date, laterality) VALUES (5, 'sN9VKtjgUIKheSwJhN8UCA==', 'qdn6/9bgUIKheSwJhN8UCA==', 2, 1, '1949-06-04', 2);
INSERT INTO evaluations (evaluation_id, evaluation_date, evaluator_id, participant_id, status, language) VALUES (5, '2025-09-05 12:57:00', 2, 5, 3, 1);
INSERT INTO module_instances (module_inst_id, module_id, evaluation_id, status) VALUES (21, 1, 5, 3);
INSERT INTO task_instances (task_inst_id, task_id, module_inst_id, status, task_completing_time) VALUES (233, 1, 21, 1, '45');
INSERT INTO recordings (recording_id, task_inst_id, file_path) VALUES (233, 233, 'recordings/eval_5_mod_1_task_233.wav');
INSERT INTO task_instances (task_inst_id, task_id, module_inst_id, status, task_completing_time) VALUES (234, 2, 21, 1, '136');
INSERT INTO recordings (recording_id, task_inst_id, file_path) VALUES (234, 234, 'recordings/eval_5_mod_1_task_234.wav');
INSERT INTO task_instances (task_inst_id, task_id, module_inst_id, status, task_completing_time) VALUES (235, 3, 21, 1, '51');
INSERT INTO recordings (recording_id, task_inst_id, file_path) VALUES (235, 235, 'recordings/eval_5_mod_1_task_235.wav');
INSERT INTO task_instances (task_inst_id, task_id, module_inst_id, status, task_completing_time) VALUES (236, 4, 21, 1, '257');
INSERT INTO recordings (recording_id, task_inst_id, file_path) VALUES (236, 236, 'recordings/eval_5_mod_1_task_236.wav');
INSERT INTO task_instances (task_inst_id, task_id, module_inst_id, status, task_completing_time) VALUES (237, 5, 21, 1, '158');
INSERT INTO recordings (recording_id, task_inst_id, file_path) VALUES (237, 237, 'recordings/eval_5_mod_1_task_237.wav');
INSERT INTO task_instances (task_inst_id, task_id, module_inst_id, status, task_completing_time) VALUES (238, 6, 21, 1, '112');
INSERT INTO recordings (recording_id, task_inst_id, file_path) VALUES (238, 238, 'recordings/eval_5_mod_1_task_238.wav');
INSERT INTO task_instances (task_inst_id, task_id, module_inst_id, status, task_completing_time) VALUES (239, 7, 21, 1, '73');
INSERT INTO recordings (recording_id, task_inst_id, file_path) VALUES (239, 239, 'recordings/eval_5_mod_1_task_239.wav');
INSERT INTO task_instances (task_inst_id, task_id, module_inst_id, status, task_completing_time) VALUES (240, 8, 21, 1, '73');
INSERT INTO recordings (recording_id, task_inst_id, file_path) VALUES (240, 240, 'recordings/eval_5_mod_1_task_240.wav');
INSERT INTO task_instances (task_inst_id, task_id, module_inst_id, status, task_completing_time) VALUES (241, 9, 21, 1, '93');
INSERT INTO recordings (recording_id, task_inst_id, file_path) VALUES (241, 241, 'recordings/eval_5_mod_1_task_241.wav');
INSERT INTO task_instances (task_inst_id, task_id, module_inst_id, status, task_completing_time) VALUES (242, 10, 21, 1, '241');
INSERT INTO recordings (recording_id, task_inst_id, file_path) VALUES (242, 242, 'recordings/eval_5_mod_1_task_242.wav');
INSERT INTO module_instances (module_inst_id, module_id, evaluation_id, status) VALUES (22, 2, 5, 3);
INSERT INTO task_instances (task_inst_id, task_id, module_inst_id, status, task_completing_time) VALUES (243, 11, 22, 0, '57');
INSERT INTO recordings (recording_id, task_inst_id, file_path) VALUES (243, 243, 'recordings/eval_5_mod_2_task_243.wav');
INSERT INTO task_instances (task_inst_id, task_id, module_inst_id, status, task_completing_time) VALUES (244, 12, 22, 1, '177');
INSERT INTO recordings (recording_id, task_inst_id, file_path) VALUES (244, 244, 'recordings/eval_5_mod_2_task_244.wav');
INSERT INTO task_instances (task_inst_id, task_id, module_inst_id, status, task_completing_time) VALUES (245, 13, 22, 0, '282');
INSERT INTO recordings (recording_id, task_inst_id, file_path) VALUES (245, 245, 'recordings/eval_5_mod_2_task_245.wav');
INSERT INTO task_instances (task_inst_id, task_id, module_inst_id, status, task_completing_time) VALUES (246, 14, 22, 1, '226');
INSERT INTO recordings (recording_id, task_inst_id, file_path) VALUES (246, 246, 'recordings/eval_5_mod_2_task_246.wav');
INSERT INTO task_instances (task_inst_id, task_id, module_inst_id, status, task_completing_time) VALUES (247, 15, 22, 1, '103');
INSERT INTO recordings (recording_id, task_inst_id, file_path) VALUES (247, 247, 'recordings/eval_5_mod_2_task_247.wav');
INSERT INTO task_instances (task_inst_id, task_id, module_inst_id, status, task_completing_time) VALUES (248, 16, 22, 1, '219');
INSERT INTO recordings (recording_id, task_inst_id, file_path) VALUES (248, 248, 'recordings/eval_5_mod_2_task_248.wav');
INSERT INTO task_instances (task_inst_id, task_id, module_inst_id, status, task_completing_time) VALUES (249, 17, 22, 0, '131');
INSERT INTO recordings (recording_id, task_inst_id, file_path) VALUES (249, 249, 'recordings/eval_5_mod_2_task_249.wav');
INSERT INTO task_instances (task_inst_id, task_id, module_inst_id, status, task_completing_time) VALUES (250, 18, 22, 1, '159');
INSERT INTO recordings (recording_id, task_inst_id, file_path) VALUES (250, 250, 'recordings/eval_5_mod_2_task_250.wav');
INSERT INTO task_instances (task_inst_id, task_id, module_inst_id, status, task_completing_time) VALUES (251, 19, 22, 1, '205');
INSERT INTO recordings (recording_id, task_inst_id, file_path) VALUES (251, 251, 'recordings/eval_5_mod_2_task_251.wav');
INSERT INTO task_instances (task_inst_id, task_id, module_inst_id, status, task_completing_time) VALUES (252, 20, 22, 1, '185');
INSERT INTO recordings (recording_id, task_inst_id, file_path) VALUES (252, 252, 'recordings/eval_5_mod_2_task_252.wav');
INSERT INTO task_instances (task_inst_id, task_id, module_inst_id, status, task_completing_time) VALUES (253, 21, 22, 1, '31');
INSERT INTO recordings (recording_id, task_inst_id, file_path) VALUES (253, 253, 'recordings/eval_5_mod_2_task_253.wav');
INSERT INTO task_instances (task_inst_id, task_id, module_inst_id, status, task_completing_time) VALUES (254, 22, 22, 0, '80');
INSERT INTO recordings (recording_id, task_inst_id, file_path) VALUES (254, 254, 'recordings/eval_5_mod_2_task_254.wav');
INSERT INTO task_instances (task_inst_id, task_id, module_inst_id, status, task_completing_time) VALUES (255, 23, 22, 1, '38');
INSERT INTO recordings (recording_id, task_inst_id, file_path) VALUES (255, 255, 'recordings/eval_5_mod_2_task_255.wav');
INSERT INTO task_instances (task_inst_id, task_id, module_inst_id, status, task_completing_time) VALUES (256, 24, 22, 1, '95');
INSERT INTO recordings (recording_id, task_inst_id, file_path) VALUES (256, 256, 'recordings/eval_5_mod_2_task_256.wav');
INSERT INTO task_instances (task_inst_id, task_id, module_inst_id, status, task_completing_time) VALUES (257, 25, 22, 1, '18');
INSERT INTO recordings (recording_id, task_inst_id, file_path) VALUES (257, 257, 'recordings/eval_5_mod_2_task_257.wav');
INSERT INTO task_instances (task_inst_id, task_id, module_inst_id, status, task_completing_time) VALUES (258, 26, 22, 1, '77');
INSERT INTO recordings (recording_id, task_inst_id, file_path) VALUES (258, 258, 'recordings/eval_5_mod_2_task_258.wav');
INSERT INTO task_instances (task_inst_id, task_id, module_inst_id, status, task_completing_time) VALUES (259, 27, 22, 0, '220');
INSERT INTO recordings (recording_id, task_inst_id, file_path) VALUES (259, 259, 'recordings/eval_5_mod_2_task_259.wav');
INSERT INTO task_instances (task_inst_id, task_id, module_inst_id, status, task_completing_time) VALUES (260, 28, 22, 1, '62');
INSERT INTO recordings (recording_id, task_inst_id, file_path) VALUES (260, 260, 'recordings/eval_5_mod_2_task_260.wav');
INSERT INTO task_instances (task_inst_id, task_id, module_inst_id, status, task_completing_time) VALUES (261, 29, 22, 1, '69');
INSERT INTO recordings (recording_id, task_inst_id, file_path) VALUES (261, 261, 'recordings/eval_5_mod_2_task_261.wav');
INSERT INTO task_instances (task_inst_id, task_id, module_inst_id, status, task_completing_time) VALUES (262, 30, 22, 1, '45');
INSERT INTO recordings (recording_id, task_inst_id, file_path) VALUES (262, 262, 'recordings/eval_5_mod_2_task_262.wav');
INSERT INTO task_instances (task_inst_id, task_id, module_inst_id, status, task_completing_time) VALUES (263, 31, 22, 1, '70');
INSERT INTO recordings (recording_id, task_inst_id, file_path) VALUES (263, 263, 'recordings/eval_5_mod_2_task_263.wav');
INSERT INTO task_instances (task_inst_id, task_id, module_inst_id, status, task_completing_time) VALUES (264, 32, 22, 1, '103');
INSERT INTO recordings (recording_id, task_inst_id, file_path) VALUES (264, 264, 'recordings/eval_5_mod_2_task_264.wav');
INSERT INTO task_instances (task_inst_id, task_id, module_inst_id, status, task_completing_time) VALUES (265, 33, 22, 1, '74');
INSERT INTO recordings (recording_id, task_inst_id, file_path) VALUES (265, 265, 'recordings/eval_5_mod_2_task_265.wav');
INSERT INTO task_instances (task_inst_id, task_id, module_inst_id, status, task_completing_time) VALUES (266, 34, 22, 1, '200');
INSERT INTO recordings (recording_id, task_inst_id, file_path) VALUES (266, 266, 'recordings/eval_5_mod_2_task_266.wav');
INSERT INTO task_instances (task_inst_id, task_id, module_inst_id, status, task_completing_time) VALUES (267, 35, 22, 0, '209');
INSERT INTO recordings (recording_id, task_inst_id, file_path) VALUES (267, 267, 'recordings/eval_5_mod_2_task_267.wav');
INSERT INTO task_instances (task_inst_id, task_id, module_inst_id, status, task_completing_time) VALUES (268, 36, 22, 1, '293');
INSERT INTO recordings (recording_id, task_inst_id, file_path) VALUES (268, 268, 'recordings/eval_5_mod_2_task_268.wav');
INSERT INTO task_instances (task_inst_id, task_id, module_inst_id, status, task_completing_time) VALUES (269, 37, 22, 1, '90');
INSERT INTO recordings (recording_id, task_inst_id, file_path) VALUES (269, 269, 'recordings/eval_5_mod_2_task_269.wav');
INSERT INTO module_instances (module_inst_id, module_id, evaluation_id, status) VALUES (23, 3, 5, 3);
INSERT INTO task_instances (task_inst_id, task_id, module_inst_id, status, task_completing_time) VALUES (270, 38, 23, 0, '58');
INSERT INTO recordings (recording_id, task_inst_id, file_path) VALUES (270, 270, 'recordings/eval_5_mod_3_task_270.wav');
INSERT INTO task_instances (task_inst_id, task_id, module_inst_id, status, task_completing_time) VALUES (271, 39, 23, 1, '212');
INSERT INTO recordings (recording_id, task_inst_id, file_path) VALUES (271, 271, 'recordings/eval_5_mod_3_task_271.wav');
INSERT INTO task_instances (task_inst_id, task_id, module_inst_id, status, task_completing_time) VALUES (272, 40, 23, 1, '211');
INSERT INTO recordings (recording_id, task_inst_id, file_path) VALUES (272, 272, 'recordings/eval_5_mod_3_task_272.wav');
INSERT INTO task_instances (task_inst_id, task_id, module_inst_id, status, task_completing_time) VALUES (273, 41, 23, 1, '68');
INSERT INTO recordings (recording_id, task_inst_id, file_path) VALUES (273, 273, 'recordings/eval_5_mod_3_task_273.wav');
INSERT INTO task_instances (task_inst_id, task_id, module_inst_id, status, task_completing_time) VALUES (274, 42, 23, 0, '68');
INSERT INTO recordings (recording_id, task_inst_id, file_path) VALUES (274, 274, 'recordings/eval_5_mod_3_task_274.wav');
INSERT INTO task_instances (task_inst_id, task_id, module_inst_id, status, task_completing_time) VALUES (275, 43, 23, 1, '241');
INSERT INTO recordings (recording_id, task_inst_id, file_path) VALUES (275, 275, 'recordings/eval_5_mod_3_task_275.wav');
INSERT INTO task_instances (task_inst_id, task_id, module_inst_id, status, task_completing_time) VALUES (276, 44, 23, 1, '125');
INSERT INTO recordings (recording_id, task_inst_id, file_path) VALUES (276, 276, 'recordings/eval_5_mod_3_task_276.wav');
INSERT INTO task_instances (task_inst_id, task_id, module_inst_id, status, task_completing_time) VALUES (277, 45, 23, 0, '92');
INSERT INTO recordings (recording_id, task_inst_id, file_path) VALUES (277, 277, 'recordings/eval_5_mod_3_task_277.wav');
INSERT INTO task_instances (task_inst_id, task_id, module_inst_id, status, task_completing_time) VALUES (278, 46, 23, 1, '213');
INSERT INTO recordings (recording_id, task_inst_id, file_path) VALUES (278, 278, 'recordings/eval_5_mod_3_task_278.wav');
INSERT INTO module_instances (module_inst_id, module_id, evaluation_id, status) VALUES (24, 4, 5, 3);
INSERT INTO task_instances (task_inst_id, task_id, module_inst_id, status, task_completing_time) VALUES (279, 47, 24, 1, '52');
INSERT INTO recordings (recording_id, task_inst_id, file_path) VALUES (279, 279, 'recordings/eval_5_mod_4_task_279.wav');
INSERT INTO task_instances (task_inst_id, task_id, module_inst_id, status, task_completing_time) VALUES (280, 48, 24, 1, '119');
INSERT INTO recordings (recording_id, task_inst_id, file_path) VALUES (280, 280, 'recordings/eval_5_mod_4_task_280.wav');
INSERT INTO task_instances (task_inst_id, task_id, module_inst_id, status, task_completing_time) VALUES (281, 49, 24, 1, '151');
INSERT INTO recordings (recording_id, task_inst_id, file_path) VALUES (281, 281, 'recordings/eval_5_mod_4_task_281.wav');
INSERT INTO task_instances (task_inst_id, task_id, module_inst_id, status, task_completing_time) VALUES (282, 50, 24, 1, '92');
INSERT INTO recordings (recording_id, task_inst_id, file_path) VALUES (282, 282, 'recordings/eval_5_mod_4_task_282.wav');
INSERT INTO task_instances (task_inst_id, task_id, module_inst_id, status, task_completing_time) VALUES (283, 51, 24, 0, '159');
INSERT INTO recordings (recording_id, task_inst_id, file_path) VALUES (283, 283, 'recordings/eval_5_mod_4_task_283.wav');
INSERT INTO task_instances (task_inst_id, task_id, module_inst_id, status, task_completing_time) VALUES (284, 52, 24, 1, '225');
INSERT INTO recordings (recording_id, task_inst_id, file_path) VALUES (284, 284, 'recordings/eval_5_mod_4_task_284.wav');
INSERT INTO task_instances (task_inst_id, task_id, module_inst_id, status, task_completing_time) VALUES (285, 53, 24, 1, '73');
INSERT INTO recordings (recording_id, task_inst_id, file_path) VALUES (285, 285, 'recordings/eval_5_mod_4_task_285.wav');
INSERT INTO task_instances (task_inst_id, task_id, module_inst_id, status, task_completing_time) VALUES (286, 54, 24, 1, '258');
INSERT INTO recordings (recording_id, task_inst_id, file_path) VALUES (286, 286, 'recordings/eval_5_mod_4_task_286.wav');
INSERT INTO task_instances (task_inst_id, task_id, module_inst_id, status, task_completing_time) VALUES (287, 55, 24, 1, '67');
INSERT INTO recordings (recording_id, task_inst_id, file_path) VALUES (287, 287, 'recordings/eval_5_mod_4_task_287.wav');
INSERT INTO task_instances (task_inst_id, task_id, module_inst_id, status, task_completing_time) VALUES (288, 56, 24, 1, '28');
INSERT INTO recordings (recording_id, task_inst_id, file_path) VALUES (288, 288, 'recordings/eval_5_mod_4_task_288.wav');
INSERT INTO module_instances (module_inst_id, module_id, evaluation_id, status) VALUES (25, 9001, 5, 3);
INSERT INTO task_instances (task_inst_id, task_id, module_inst_id, status, task_completing_time) VALUES (289, 9001, 25, 1, '36');
INSERT INTO recordings (recording_id, task_inst_id, file_path) VALUES (289, 289, 'recordings/eval_5_mod_9001_task_289.wav');
INSERT INTO task_instances (task_inst_id, task_id, module_inst_id, status, task_completing_time) VALUES (290, 9002, 25, 1, '60');
INSERT INTO recordings (recording_id, task_inst_id, file_path) VALUES (290, 290, 'recordings/eval_5_mod_9001_task_290.wav');
INSERT INTO participants (participant_id, name, surname, education_level, sex, birth_date, laterality) VALUES (6, 'vtnz7tjgUIKheSwJhN8UCA==', 'qtXk7N6ZOoCjey4Lht0WCg==', 1, 1, '1953-05-25', 1);
INSERT INTO evaluations (evaluation_id, evaluation_date, evaluator_id, participant_id, status, language) VALUES (6, '2025-08-25 15:30:00', 2, 6, 3, 2);
INSERT INTO module_instances (module_inst_id, module_id, evaluation_id, status) VALUES (26, 1, 6, 3);
INSERT INTO task_instances (task_inst_id, task_id, module_inst_id, status, task_completing_time) VALUES (291, 1, 26, 1, '5');
INSERT INTO recordings (recording_id, task_inst_id, file_path) VALUES (291, 291, 'recordings/eval_6_mod_1_task_291.wav');
INSERT INTO task_instances (task_inst_id, task_id, module_inst_id, status, task_completing_time) VALUES (292, 2, 26, 1, '191');
INSERT INTO recordings (recording_id, task_inst_id, file_path) VALUES (292, 292, 'recordings/eval_6_mod_1_task_292.wav');
INSERT INTO task_instances (task_inst_id, task_id, module_inst_id, status, task_completing_time) VALUES (293, 3, 26, 1, '165');
INSERT INTO recordings (recording_id, task_inst_id, file_path) VALUES (293, 293, 'recordings/eval_6_mod_1_task_293.wav');
INSERT INTO task_instances (task_inst_id, task_id, module_inst_id, status, task_completing_time) VALUES (294, 4, 26, 1, '109');
INSERT INTO recordings (recording_id, task_inst_id, file_path) VALUES (294, 294, 'recordings/eval_6_mod_1_task_294.wav');
INSERT INTO task_instances (task_inst_id, task_id, module_inst_id, status, task_completing_time) VALUES (295, 5, 26, 1, '219');
INSERT INTO recordings (recording_id, task_inst_id, file_path) VALUES (295, 295, 'recordings/eval_6_mod_1_task_295.wav');
INSERT INTO task_instances (task_inst_id, task_id, module_inst_id, status, task_completing_time) VALUES (296, 6, 26, 1, '252');
INSERT INTO recordings (recording_id, task_inst_id, file_path) VALUES (296, 296, 'recordings/eval_6_mod_1_task_296.wav');
INSERT INTO task_instances (task_inst_id, task_id, module_inst_id, status, task_completing_time) VALUES (297, 7, 26, 1, '259');
INSERT INTO recordings (recording_id, task_inst_id, file_path) VALUES (297, 297, 'recordings/eval_6_mod_1_task_297.wav');
INSERT INTO task_instances (task_inst_id, task_id, module_inst_id, status, task_completing_time) VALUES (298, 8, 26, 1, '41');
INSERT INTO recordings (recording_id, task_inst_id, file_path) VALUES (298, 298, 'recordings/eval_6_mod_1_task_298.wav');
INSERT INTO task_instances (task_inst_id, task_id, module_inst_id, status, task_completing_time) VALUES (299, 9, 26, 1, '252');
INSERT INTO recordings (recording_id, task_inst_id, file_path) VALUES (299, 299, 'recordings/eval_6_mod_1_task_299.wav');
INSERT INTO task_instances (task_inst_id, task_id, module_inst_id, status, task_completing_time) VALUES (300, 10, 26, 1, '20');
INSERT INTO recordings (recording_id, task_inst_id, file_path) VALUES (300, 300, 'recordings/eval_6_mod_1_task_300.wav');
INSERT INTO module_instances (module_inst_id, module_id, evaluation_id, status) VALUES (27, 2, 6, 3);
INSERT INTO task_instances (task_inst_id, task_id, module_inst_id, status, task_completing_time) VALUES (301, 11, 27, 0, '23');
INSERT INTO recordings (recording_id, task_inst_id, file_path) VALUES (301, 301, 'recordings/eval_6_mod_2_task_301.wav');
INSERT INTO task_instances (task_inst_id, task_id, module_inst_id, status, task_completing_time) VALUES (302, 12, 27, 1, '203');
INSERT INTO recordings (recording_id, task_inst_id, file_path) VALUES (302, 302, 'recordings/eval_6_mod_2_task_302.wav');
INSERT INTO task_instances (task_inst_id, task_id, module_inst_id, status, task_completing_time) VALUES (303, 13, 27, 1, '108');
INSERT INTO recordings (recording_id, task_inst_id, file_path) VALUES (303, 303, 'recordings/eval_6_mod_2_task_303.wav');
INSERT INTO task_instances (task_inst_id, task_id, module_inst_id, status, task_completing_time) VALUES (304, 14, 27, 1, '268');
INSERT INTO recordings (recording_id, task_inst_id, file_path) VALUES (304, 304, 'recordings/eval_6_mod_2_task_304.wav');
INSERT INTO task_instances (task_inst_id, task_id, module_inst_id, status, task_completing_time) VALUES (305, 15, 27, 1, '77');
INSERT INTO recordings (recording_id, task_inst_id, file_path) VALUES (305, 305, 'recordings/eval_6_mod_2_task_305.wav');
INSERT INTO task_instances (task_inst_id, task_id, module_inst_id, status, task_completing_time) VALUES (306, 16, 27, 0, '24');
INSERT INTO recordings (recording_id, task_inst_id, file_path) VALUES (306, 306, 'recordings/eval_6_mod_2_task_306.wav');
INSERT INTO task_instances (task_inst_id, task_id, module_inst_id, status, task_completing_time) VALUES (307, 17, 27, 1, '121');
INSERT INTO recordings (recording_id, task_inst_id, file_path) VALUES (307, 307, 'recordings/eval_6_mod_2_task_307.wav');
INSERT INTO task_instances (task_inst_id, task_id, module_inst_id, status, task_completing_time) VALUES (308, 18, 27, 1, '67');
INSERT INTO recordings (recording_id, task_inst_id, file_path) VALUES (308, 308, 'recordings/eval_6_mod_2_task_308.wav');
INSERT INTO task_instances (task_inst_id, task_id, module_inst_id, status, task_completing_time) VALUES (309, 19, 27, 1, '24');
INSERT INTO recordings (recording_id, task_inst_id, file_path) VALUES (309, 309, 'recordings/eval_6_mod_2_task_309.wav');
INSERT INTO task_instances (task_inst_id, task_id, module_inst_id, status, task_completing_time) VALUES (310, 20, 27, 1, '133');
INSERT INTO recordings (recording_id, task_inst_id, file_path) VALUES (310, 310, 'recordings/eval_6_mod_2_task_310.wav');
INSERT INTO task_instances (task_inst_id, task_id, module_inst_id, status, task_completing_time) VALUES (311, 21, 27, 1, '22');
INSERT INTO recordings (recording_id, task_inst_id, file_path) VALUES (311, 311, 'recordings/eval_6_mod_2_task_311.wav');
INSERT INTO task_instances (task_inst_id, task_id, module_inst_id, status, task_completing_time) VALUES (312, 22, 27, 1, '120');
INSERT INTO recordings (recording_id, task_inst_id, file_path) VALUES (312, 312, 'recordings/eval_6_mod_2_task_312.wav');
INSERT INTO task_instances (task_inst_id, task_id, module_inst_id, status, task_completing_time) VALUES (313, 23, 27, 0, '47');
INSERT INTO recordings (recording_id, task_inst_id, file_path) VALUES (313, 313, 'recordings/eval_6_mod_2_task_313.wav');
INSERT INTO task_instances (task_inst_id, task_id, module_inst_id, status, task_completing_time) VALUES (314, 24, 27, 1, '58');
INSERT INTO recordings (recording_id, task_inst_id, file_path) VALUES (314, 314, 'recordings/eval_6_mod_2_task_314.wav');
INSERT INTO task_instances (task_inst_id, task_id, module_inst_id, status, task_completing_time) VALUES (315, 25, 27, 1, '10');
INSERT INTO recordings (recording_id, task_inst_id, file_path) VALUES (315, 315, 'recordings/eval_6_mod_2_task_315.wav');
INSERT INTO task_instances (task_inst_id, task_id, module_inst_id, status, task_completing_time) VALUES (316, 26, 27, 1, '51');
INSERT INTO recordings (recording_id, task_inst_id, file_path) VALUES (316, 316, 'recordings/eval_6_mod_2_task_316.wav');
INSERT INTO task_instances (task_inst_id, task_id, module_inst_id, status, task_completing_time) VALUES (317, 27, 27, 1, '162');
INSERT INTO recordings (recording_id, task_inst_id, file_path) VALUES (317, 317, 'recordings/eval_6_mod_2_task_317.wav');
INSERT INTO task_instances (task_inst_id, task_id, module_inst_id, status, task_completing_time) VALUES (318, 28, 27, 1, '84');
INSERT INTO recordings (recording_id, task_inst_id, file_path) VALUES (318, 318, 'recordings/eval_6_mod_2_task_318.wav');
INSERT INTO task_instances (task_inst_id, task_id, module_inst_id, status, task_completing_time) VALUES (319, 29, 27, 0, '142');
INSERT INTO recordings (recording_id, task_inst_id, file_path) VALUES (319, 319, 'recordings/eval_6_mod_2_task_319.wav');
INSERT INTO task_instances (task_inst_id, task_id, module_inst_id, status, task_completing_time) VALUES (320, 30, 27, 1, '59');
INSERT INTO recordings (recording_id, task_inst_id, file_path) VALUES (320, 320, 'recordings/eval_6_mod_2_task_320.wav');
INSERT INTO task_instances (task_inst_id, task_id, module_inst_id, status, task_completing_time) VALUES (321, 31, 27, 1, '91');
INSERT INTO recordings (recording_id, task_inst_id, file_path) VALUES (321, 321, 'recordings/eval_6_mod_2_task_321.wav');
INSERT INTO task_instances (task_inst_id, task_id, module_inst_id, status, task_completing_time) VALUES (322, 32, 27, 1, '252');
INSERT INTO recordings (recording_id, task_inst_id, file_path) VALUES (322, 322, 'recordings/eval_6_mod_2_task_322.wav');
INSERT INTO task_instances (task_inst_id, task_id, module_inst_id, status, task_completing_time) VALUES (323, 33, 27, 0, '254');
INSERT INTO recordings (recording_id, task_inst_id, file_path) VALUES (323, 323, 'recordings/eval_6_mod_2_task_323.wav');
INSERT INTO task_instances (task_inst_id, task_id, module_inst_id, status, task_completing_time) VALUES (324, 34, 27, 1, '92');
INSERT INTO recordings (recording_id, task_inst_id, file_path) VALUES (324, 324, 'recordings/eval_6_mod_2_task_324.wav');
INSERT INTO task_instances (task_inst_id, task_id, module_inst_id, status, task_completing_time) VALUES (325, 35, 27, 0, '217');
INSERT INTO recordings (recording_id, task_inst_id, file_path) VALUES (325, 325, 'recordings/eval_6_mod_2_task_325.wav');
INSERT INTO task_instances (task_inst_id, task_id, module_inst_id, status, task_completing_time) VALUES (326, 36, 27, 1, '182');
INSERT INTO recordings (recording_id, task_inst_id, file_path) VALUES (326, 326, 'recordings/eval_6_mod_2_task_326.wav');
INSERT INTO task_instances (task_inst_id, task_id, module_inst_id, status, task_completing_time) VALUES (327, 37, 27, 0, '227');
INSERT INTO recordings (recording_id, task_inst_id, file_path) VALUES (327, 327, 'recordings/eval_6_mod_2_task_327.wav');
INSERT INTO module_instances (module_inst_id, module_id, evaluation_id, status) VALUES (28, 3, 6, 1);
INSERT INTO task_instances (task_inst_id, task_id, module_inst_id, status, task_completing_time) VALUES (328, 38, 28, 1, '24');
INSERT INTO recordings (recording_id, task_inst_id, file_path) VALUES (328, 328, 'recordings/eval_6_mod_3_task_328.wav');
INSERT INTO task_instances (task_inst_id, task_id, module_inst_id, status, task_completing_time) VALUES (329, 39, 28, 1, '113');
INSERT INTO recordings (recording_id, task_inst_id, file_path) VALUES (329, 329, 'recordings/eval_6_mod_3_task_329.wav');
INSERT INTO task_instances (task_inst_id, task_id, module_inst_id, status, task_completing_time) VALUES (330, 40, 28, 1, '254');
INSERT INTO recordings (recording_id, task_inst_id, file_path) VALUES (330, 330, 'recordings/eval_6_mod_3_task_330.wav');
INSERT INTO task_instances (task_inst_id, task_id, module_inst_id, status, task_completing_time) VALUES (331, 41, 28, 1, '235');
INSERT INTO recordings (recording_id, task_inst_id, file_path) VALUES (331, 331, 'recordings/eval_6_mod_3_task_331.wav');
INSERT INTO task_instances (task_inst_id, task_id, module_inst_id, status, task_completing_time) VALUES (332, 42, 28, 1, '137');
INSERT INTO recordings (recording_id, task_inst_id, file_path) VALUES (332, 332, 'recordings/eval_6_mod_3_task_332.wav');
INSERT INTO task_instances (task_inst_id, task_id, module_inst_id, status, task_completing_time) VALUES (333, 43, 28, 1, '101');
INSERT INTO recordings (recording_id, task_inst_id, file_path) VALUES (333, 333, 'recordings/eval_6_mod_3_task_333.wav');
INSERT INTO task_instances (task_inst_id, task_id, module_inst_id, status, task_completing_time) VALUES (334, 44, 28, 1, '256');
INSERT INTO recordings (recording_id, task_inst_id, file_path) VALUES (334, 334, 'recordings/eval_6_mod_3_task_334.wav');
INSERT INTO task_instances (task_inst_id, task_id, module_inst_id, status, task_completing_time) VALUES (335, 45, 28, 1, '131');
INSERT INTO recordings (recording_id, task_inst_id, file_path) VALUES (335, 335, 'recordings/eval_6_mod_3_task_335.wav');
INSERT INTO task_instances (task_inst_id, task_id, module_inst_id, status, task_completing_time) VALUES (336, 46, 28, 1, '103');
INSERT INTO recordings (recording_id, task_inst_id, file_path) VALUES (336, 336, 'recordings/eval_6_mod_3_task_336.wav');
INSERT INTO module_instances (module_inst_id, module_id, evaluation_id, status) VALUES (29, 4, 6, 3);
INSERT INTO task_instances (task_inst_id, task_id, module_inst_id, status, task_completing_time) VALUES (337, 47, 29, 0, '52');
INSERT INTO recordings (recording_id, task_inst_id, file_path) VALUES (337, 337, 'recordings/eval_6_mod_4_task_337.wav');
INSERT INTO task_instances (task_inst_id, task_id, module_inst_id, status, task_completing_time) VALUES (338, 48, 29, 1, '295');
INSERT INTO recordings (recording_id, task_inst_id, file_path) VALUES (338, 338, 'recordings/eval_6_mod_4_task_338.wav');
INSERT INTO task_instances (task_inst_id, task_id, module_inst_id, status, task_completing_time) VALUES (339, 49, 29, 1, '282');
INSERT INTO recordings (recording_id, task_inst_id, file_path) VALUES (339, 339, 'recordings/eval_6_mod_4_task_339.wav');
INSERT INTO task_instances (task_inst_id, task_id, module_inst_id, status, task_completing_time) VALUES (340, 50, 29, 1, '249');
INSERT INTO recordings (recording_id, task_inst_id, file_path) VALUES (340, 340, 'recordings/eval_6_mod_4_task_340.wav');
INSERT INTO task_instances (task_inst_id, task_id, module_inst_id, status, task_completing_time) VALUES (341, 51, 29, 1, '256');
INSERT INTO recordings (recording_id, task_inst_id, file_path) VALUES (341, 341, 'recordings/eval_6_mod_4_task_341.wav');
INSERT INTO task_instances (task_inst_id, task_id, module_inst_id, status, task_completing_time) VALUES (342, 52, 29, 1, '41');
INSERT INTO recordings (recording_id, task_inst_id, file_path) VALUES (342, 342, 'recordings/eval_6_mod_4_task_342.wav');
INSERT INTO task_instances (task_inst_id, task_id, module_inst_id, status, task_completing_time) VALUES (343, 53, 29, 1, '70');
INSERT INTO recordings (recording_id, task_inst_id, file_path) VALUES (343, 343, 'recordings/eval_6_mod_4_task_343.wav');
INSERT INTO task_instances (task_inst_id, task_id, module_inst_id, status, task_completing_time) VALUES (344, 54, 29, 1, '169');
INSERT INTO recordings (recording_id, task_inst_id, file_path) VALUES (344, 344, 'recordings/eval_6_mod_4_task_344.wav');
INSERT INTO task_instances (task_inst_id, task_id, module_inst_id, status, task_completing_time) VALUES (345, 55, 29, 1, '112');
INSERT INTO recordings (recording_id, task_inst_id, file_path) VALUES (345, 345, 'recordings/eval_6_mod_4_task_345.wav');
INSERT INTO task_instances (task_inst_id, task_id, module_inst_id, status, task_completing_time) VALUES (346, 56, 29, 0, '48');
INSERT INTO recordings (recording_id, task_inst_id, file_path) VALUES (346, 346, 'recordings/eval_6_mod_4_task_346.wav');
INSERT INTO module_instances (module_inst_id, module_id, evaluation_id, status) VALUES (30, 9001, 6, 3);
INSERT INTO task_instances (task_inst_id, task_id, module_inst_id, status, task_completing_time) VALUES (347, 9001, 30, 1, '10');
INSERT INTO recordings (recording_id, task_inst_id, file_path) VALUES (347, 347, 'recordings/eval_6_mod_9001_task_347.wav');
INSERT INTO task_instances (task_inst_id, task_id, module_inst_id, status, task_completing_time) VALUES (348, 9002, 30, 1, '192');
INSERT INTO recordings (recording_id, task_inst_id, file_path) VALUES (348, 348, 'recordings/eval_6_mod_9001_task_348.wav');
INSERT INTO participants (participant_id, name, surname, education_level, sex, birth_date, laterality) VALUES (7, 'stX4+96aLuyiei8Kh9wXCw==', 'ud/l/dbgUIKheSwJhN8UCA==', 3, 1, '1947-05-05', 2);
INSERT INTO evaluations (evaluation_id, evaluation_date, evaluator_id, participant_id, status, language) VALUES (7, '2025-11-13 08:47:00', 2, 7, 3, 2);
INSERT INTO module_instances (module_inst_id, module_id, evaluation_id, status) VALUES (31, 1, 7, 3);
INSERT INTO task_instances (task_inst_id, task_id, module_inst_id, status, task_completing_time) VALUES (349, 1, 31, 1, '38');
INSERT INTO recordings (recording_id, task_inst_id, file_path) VALUES (349, 349, 'recordings/eval_7_mod_1_task_349.wav');
INSERT INTO task_instances (task_inst_id, task_id, module_inst_id, status, task_completing_time) VALUES (350, 2, 31, 1, '191');
INSERT INTO recordings (recording_id, task_inst_id, file_path) VALUES (350, 350, 'recordings/eval_7_mod_1_task_350.wav');
INSERT INTO task_instances (task_inst_id, task_id, module_inst_id, status, task_completing_time) VALUES (351, 3, 31, 0, '192');
INSERT INTO recordings (recording_id, task_inst_id, file_path) VALUES (351, 351, 'recordings/eval_7_mod_1_task_351.wav');
INSERT INTO task_instances (task_inst_id, task_id, module_inst_id, status, task_completing_time) VALUES (352, 4, 31, 1, '278');
INSERT INTO recordings (recording_id, task_inst_id, file_path) VALUES (352, 352, 'recordings/eval_7_mod_1_task_352.wav');
INSERT INTO task_instances (task_inst_id, task_id, module_inst_id, status, task_completing_time) VALUES (353, 5, 31, 1, '250');
INSERT INTO recordings (recording_id, task_inst_id, file_path) VALUES (353, 353, 'recordings/eval_7_mod_1_task_353.wav');
INSERT INTO task_instances (task_inst_id, task_id, module_inst_id, status, task_completing_time) VALUES (354, 6, 31, 1, '174');
INSERT INTO recordings (recording_id, task_inst_id, file_path) VALUES (354, 354, 'recordings/eval_7_mod_1_task_354.wav');
INSERT INTO task_instances (task_inst_id, task_id, module_inst_id, status, task_completing_time) VALUES (355, 7, 31, 1, '94');
INSERT INTO recordings (recording_id, task_inst_id, file_path) VALUES (355, 355, 'recordings/eval_7_mod_1_task_355.wav');
INSERT INTO task_instances (task_inst_id, task_id, module_inst_id, status, task_completing_time) VALUES (356, 8, 31, 1, '286');
INSERT INTO recordings (recording_id, task_inst_id, file_path) VALUES (356, 356, 'recordings/eval_7_mod_1_task_356.wav');
INSERT INTO task_instances (task_inst_id, task_id, module_inst_id, status, task_completing_time) VALUES (357, 9, 31, 1, '37');
INSERT INTO recordings (recording_id, task_inst_id, file_path) VALUES (357, 357, 'recordings/eval_7_mod_1_task_357.wav');
INSERT INTO task_instances (task_inst_id, task_id, module_inst_id, status, task_completing_time) VALUES (358, 10, 31, 1, '166');
INSERT INTO recordings (recording_id, task_inst_id, file_path) VALUES (358, 358, 'recordings/eval_7_mod_1_task_358.wav');
INSERT INTO module_instances (module_inst_id, module_id, evaluation_id, status) VALUES (32, 2, 7, 3);
INSERT INTO task_instances (task_inst_id, task_id, module_inst_id, status, task_completing_time) VALUES (359, 11, 32, 1, '43');
INSERT INTO recordings (recording_id, task_inst_id, file_path) VALUES (359, 359, 'recordings/eval_7_mod_2_task_359.wav');
INSERT INTO task_instances (task_inst_id, task_id, module_inst_id, status, task_completing_time) VALUES (360, 12, 32, 1, '246');
INSERT INTO recordings (recording_id, task_inst_id, file_path) VALUES (360, 360, 'recordings/eval_7_mod_2_task_360.wav');
INSERT INTO task_instances (task_inst_id, task_id, module_inst_id, status, task_completing_time) VALUES (361, 13, 32, 1, '151');
INSERT INTO recordings (recording_id, task_inst_id, file_path) VALUES (361, 361, 'recordings/eval_7_mod_2_task_361.wav');
INSERT INTO task_instances (task_inst_id, task_id, module_inst_id, status, task_completing_time) VALUES (362, 14, 32, 1, '144');
INSERT INTO recordings (recording_id, task_inst_id, file_path) VALUES (362, 362, 'recordings/eval_7_mod_2_task_362.wav');
INSERT INTO task_instances (task_inst_id, task_id, module_inst_id, status, task_completing_time) VALUES (363, 15, 32, 1, '297');
INSERT INTO recordings (recording_id, task_inst_id, file_path) VALUES (363, 363, 'recordings/eval_7_mod_2_task_363.wav');
INSERT INTO task_instances (task_inst_id, task_id, module_inst_id, status, task_completing_time) VALUES (364, 16, 32, 0, '103');
INSERT INTO recordings (recording_id, task_inst_id, file_path) VALUES (364, 364, 'recordings/eval_7_mod_2_task_364.wav');
INSERT INTO task_instances (task_inst_id, task_id, module_inst_id, status, task_completing_time) VALUES (365, 17, 32, 1, '202');
INSERT INTO recordings (recording_id, task_inst_id, file_path) VALUES (365, 365, 'recordings/eval_7_mod_2_task_365.wav');
INSERT INTO task_instances (task_inst_id, task_id, module_inst_id, status, task_completing_time) VALUES (366, 18, 32, 0, '243');
INSERT INTO recordings (recording_id, task_inst_id, file_path) VALUES (366, 366, 'recordings/eval_7_mod_2_task_366.wav');
INSERT INTO task_instances (task_inst_id, task_id, module_inst_id, status, task_completing_time) VALUES (367, 19, 32, 1, '113');
INSERT INTO recordings (recording_id, task_inst_id, file_path) VALUES (367, 367, 'recordings/eval_7_mod_2_task_367.wav');
INSERT INTO task_instances (task_inst_id, task_id, module_inst_id, status, task_completing_time) VALUES (368, 20, 32, 1, '90');
INSERT INTO recordings (recording_id, task_inst_id, file_path) VALUES (368, 368, 'recordings/eval_7_mod_2_task_368.wav');
INSERT INTO task_instances (task_inst_id, task_id, module_inst_id, status, task_completing_time) VALUES (369, 21, 32, 1, '47');
INSERT INTO recordings (recording_id, task_inst_id, file_path) VALUES (369, 369, 'recordings/eval_7_mod_2_task_369.wav');
INSERT INTO task_instances (task_inst_id, task_id, module_inst_id, status, task_completing_time) VALUES (370, 22, 32, 1, '259');
INSERT INTO recordings (recording_id, task_inst_id, file_path) VALUES (370, 370, 'recordings/eval_7_mod_2_task_370.wav');
INSERT INTO task_instances (task_inst_id, task_id, module_inst_id, status, task_completing_time) VALUES (371, 23, 32, 1, '43');
INSERT INTO recordings (recording_id, task_inst_id, file_path) VALUES (371, 371, 'recordings/eval_7_mod_2_task_371.wav');
INSERT INTO task_instances (task_inst_id, task_id, module_inst_id, status, task_completing_time) VALUES (372, 24, 32, 0, '80');
INSERT INTO recordings (recording_id, task_inst_id, file_path) VALUES (372, 372, 'recordings/eval_7_mod_2_task_372.wav');
INSERT INTO task_instances (task_inst_id, task_id, module_inst_id, status, task_completing_time) VALUES (373, 25, 32, 1, '56');
INSERT INTO recordings (recording_id, task_inst_id, file_path) VALUES (373, 373, 'recordings/eval_7_mod_2_task_373.wav');
INSERT INTO task_instances (task_inst_id, task_id, module_inst_id, status, task_completing_time) VALUES (374, 26, 32, 1, '38');
INSERT INTO recordings (recording_id, task_inst_id, file_path) VALUES (374, 374, 'recordings/eval_7_mod_2_task_374.wav');
INSERT INTO task_instances (task_inst_id, task_id, module_inst_id, status, task_completing_time) VALUES (375, 27, 32, 0, '89');
INSERT INTO recordings (recording_id, task_inst_id, file_path) VALUES (375, 375, 'recordings/eval_7_mod_2_task_375.wav');
INSERT INTO task_instances (task_inst_id, task_id, module_inst_id, status, task_completing_time) VALUES (376, 28, 32, 1, '257');
INSERT INTO recordings (recording_id, task_inst_id, file_path) VALUES (376, 376, 'recordings/eval_7_mod_2_task_376.wav');
INSERT INTO task_instances (task_inst_id, task_id, module_inst_id, status, task_completing_time) VALUES (377, 29, 32, 1, '277');
INSERT INTO recordings (recording_id, task_inst_id, file_path) VALUES (377, 377, 'recordings/eval_7_mod_2_task_377.wav');
INSERT INTO task_instances (task_inst_id, task_id, module_inst_id, status, task_completing_time) VALUES (378, 30, 32, 1, '11');
INSERT INTO recordings (recording_id, task_inst_id, file_path) VALUES (378, 378, 'recordings/eval_7_mod_2_task_378.wav');
INSERT INTO task_instances (task_inst_id, task_id, module_inst_id, status, task_completing_time) VALUES (379, 31, 32, 1, '260');
INSERT INTO recordings (recording_id, task_inst_id, file_path) VALUES (379, 379, 'recordings/eval_7_mod_2_task_379.wav');
INSERT INTO task_instances (task_inst_id, task_id, module_inst_id, status, task_completing_time) VALUES (380, 32, 32, 1, '164');
INSERT INTO recordings (recording_id, task_inst_id, file_path) VALUES (380, 380, 'recordings/eval_7_mod_2_task_380.wav');
INSERT INTO task_instances (task_inst_id, task_id, module_inst_id, status, task_completing_time) VALUES (381, 33, 32, 1, '146');
INSERT INTO recordings (recording_id, task_inst_id, file_path) VALUES (381, 381, 'recordings/eval_7_mod_2_task_381.wav');
INSERT INTO task_instances (task_inst_id, task_id, module_inst_id, status, task_completing_time) VALUES (382, 34, 32, 1, '262');
INSERT INTO recordings (recording_id, task_inst_id, file_path) VALUES (382, 382, 'recordings/eval_7_mod_2_task_382.wav');
INSERT INTO task_instances (task_inst_id, task_id, module_inst_id, status, task_completing_time) VALUES (383, 35, 32, 1, '252');
INSERT INTO recordings (recording_id, task_inst_id, file_path) VALUES (383, 383, 'recordings/eval_7_mod_2_task_383.wav');
INSERT INTO task_instances (task_inst_id, task_id, module_inst_id, status, task_completing_time) VALUES (384, 36, 32, 1, '136');
INSERT INTO recordings (recording_id, task_inst_id, file_path) VALUES (384, 384, 'recordings/eval_7_mod_2_task_384.wav');
INSERT INTO task_instances (task_inst_id, task_id, module_inst_id, status, task_completing_time) VALUES (385, 37, 32, 0, '127');
INSERT INTO recordings (recording_id, task_inst_id, file_path) VALUES (385, 385, 'recordings/eval_7_mod_2_task_385.wav');
INSERT INTO module_instances (module_inst_id, module_id, evaluation_id, status) VALUES (33, 3, 7, 2);
INSERT INTO task_instances (task_inst_id, task_id, module_inst_id, status, task_completing_time) VALUES (386, 38, 33, 1, '47');
INSERT INTO recordings (recording_id, task_inst_id, file_path) VALUES (386, 386, 'recordings/eval_7_mod_3_task_386.wav');
INSERT INTO task_instances (task_inst_id, task_id, module_inst_id, status, task_completing_time) VALUES (387, 39, 33, 1, '272');
INSERT INTO recordings (recording_id, task_inst_id, file_path) VALUES (387, 387, 'recordings/eval_7_mod_3_task_387.wav');
INSERT INTO task_instances (task_inst_id, task_id, module_inst_id, status, task_completing_time) VALUES (388, 40, 33, 0, '245');
INSERT INTO recordings (recording_id, task_inst_id, file_path) VALUES (388, 388, 'recordings/eval_7_mod_3_task_388.wav');
INSERT INTO task_instances (task_inst_id, task_id, module_inst_id, status, task_completing_time) VALUES (389, 41, 33, 1, '290');
INSERT INTO recordings (recording_id, task_inst_id, file_path) VALUES (389, 389, 'recordings/eval_7_mod_3_task_389.wav');
INSERT INTO task_instances (task_inst_id, task_id, module_inst_id, status, task_completing_time) VALUES (390, 42, 33, 0, '24');
INSERT INTO recordings (recording_id, task_inst_id, file_path) VALUES (390, 390, 'recordings/eval_7_mod_3_task_390.wav');
INSERT INTO task_instances (task_inst_id, task_id, module_inst_id, status, task_completing_time) VALUES (391, 43, 33, 1, '179');
INSERT INTO recordings (recording_id, task_inst_id, file_path) VALUES (391, 391, 'recordings/eval_7_mod_3_task_391.wav');
INSERT INTO task_instances (task_inst_id, task_id, module_inst_id, status, task_completing_time) VALUES (392, 44, 33, 1, '75');
INSERT INTO recordings (recording_id, task_inst_id, file_path) VALUES (392, 392, 'recordings/eval_7_mod_3_task_392.wav');
INSERT INTO task_instances (task_inst_id, task_id, module_inst_id, status, task_completing_time) VALUES (393, 45, 33, 1, '90');
INSERT INTO recordings (recording_id, task_inst_id, file_path) VALUES (393, 393, 'recordings/eval_7_mod_3_task_393.wav');
INSERT INTO task_instances (task_inst_id, task_id, module_inst_id, status, task_completing_time) VALUES (394, 46, 33, 0, '31');
INSERT INTO recordings (recording_id, task_inst_id, file_path) VALUES (394, 394, 'recordings/eval_7_mod_3_task_394.wav');
INSERT INTO module_instances (module_inst_id, module_id, evaluation_id, status) VALUES (34, 4, 7, 3);
INSERT INTO task_instances (task_inst_id, task_id, module_inst_id, status, task_completing_time) VALUES (395, 47, 34, 1, '34');
INSERT INTO recordings (recording_id, task_inst_id, file_path) VALUES (395, 395, 'recordings/eval_7_mod_4_task_395.wav');
INSERT INTO task_instances (task_inst_id, task_id, module_inst_id, status, task_completing_time) VALUES (396, 48, 34, 1, '63');
INSERT INTO recordings (recording_id, task_inst_id, file_path) VALUES (396, 396, 'recordings/eval_7_mod_4_task_396.wav');
INSERT INTO task_instances (task_inst_id, task_id, module_inst_id, status, task_completing_time) VALUES (397, 49, 34, 1, '99');
INSERT INTO recordings (recording_id, task_inst_id, file_path) VALUES (397, 397, 'recordings/eval_7_mod_4_task_397.wav');
INSERT INTO task_instances (task_inst_id, task_id, module_inst_id, status, task_completing_time) VALUES (398, 50, 34, 1, '275');
INSERT INTO recordings (recording_id, task_inst_id, file_path) VALUES (398, 398, 'recordings/eval_7_mod_4_task_398.wav');
INSERT INTO task_instances (task_inst_id, task_id, module_inst_id, status, task_completing_time) VALUES (399, 51, 34, 1, '156');
INSERT INTO recordings (recording_id, task_inst_id, file_path) VALUES (399, 399, 'recordings/eval_7_mod_4_task_399.wav');
INSERT INTO task_instances (task_inst_id, task_id, module_inst_id, status, task_completing_time) VALUES (400, 52, 34, 1, '33');
INSERT INTO recordings (recording_id, task_inst_id, file_path) VALUES (400, 400, 'recordings/eval_7_mod_4_task_400.wav');
INSERT INTO task_instances (task_inst_id, task_id, module_inst_id, status, task_completing_time) VALUES (401, 53, 34, 1, '188');
INSERT INTO recordings (recording_id, task_inst_id, file_path) VALUES (401, 401, 'recordings/eval_7_mod_4_task_401.wav');
INSERT INTO task_instances (task_inst_id, task_id, module_inst_id, status, task_completing_time) VALUES (402, 54, 34, 1, '160');
INSERT INTO recordings (recording_id, task_inst_id, file_path) VALUES (402, 402, 'recordings/eval_7_mod_4_task_402.wav');
INSERT INTO task_instances (task_inst_id, task_id, module_inst_id, status, task_completing_time) VALUES (403, 55, 34, 1, '268');
INSERT INTO recordings (recording_id, task_inst_id, file_path) VALUES (403, 403, 'recordings/eval_7_mod_4_task_403.wav');
INSERT INTO task_instances (task_inst_id, task_id, module_inst_id, status, task_completing_time) VALUES (404, 56, 34, 1, '31');
INSERT INTO recordings (recording_id, task_inst_id, file_path) VALUES (404, 404, 'recordings/eval_7_mod_4_task_404.wav');
INSERT INTO module_instances (module_inst_id, module_id, evaluation_id, status) VALUES (35, 9001, 7, 3);
INSERT INTO task_instances (task_inst_id, task_id, module_inst_id, status, task_completing_time) VALUES (405, 9001, 35, 1, '34');
INSERT INTO recordings (recording_id, task_inst_id, file_path) VALUES (405, 405, 'recordings/eval_7_mod_9001_task_405.wav');
INSERT INTO task_instances (task_inst_id, task_id, module_inst_id, status, task_completing_time) VALUES (406, 9002, 35, 1, '68');
INSERT INTO recordings (recording_id, task_inst_id, file_path) VALUES (406, 406, 'recordings/eval_7_mod_9001_task_406.wav');
INSERT INTO participants (participant_id, name, surname, education_level, sex, birth_date, laterality) VALUES (8, 'vtnz7tjgUIKheSwJhN8UCA==', 'qtXk7N6ZOoCjey4Lht0WCg==', 5, 1, '1968-03-20', 1);
INSERT INTO evaluations (evaluation_id, evaluation_date, evaluator_id, participant_id, status, language) VALUES (8, '2025-10-13 10:22:00', 2, 8, 3, 1);
INSERT INTO module_instances (module_inst_id, module_id, evaluation_id, status) VALUES (36, 1, 8, 3);
INSERT INTO task_instances (task_inst_id, task_id, module_inst_id, status, task_completing_time) VALUES (407, 1, 36, 1, '34');
INSERT INTO recordings (recording_id, task_inst_id, file_path) VALUES (407, 407, 'recordings/eval_8_mod_1_task_407.wav');
INSERT INTO task_instances (task_inst_id, task_id, module_inst_id, status, task_completing_time) VALUES (408, 2, 36, 1, '25');
INSERT INTO recordings (recording_id, task_inst_id, file_path) VALUES (408, 408, 'recordings/eval_8_mod_1_task_408.wav');
INSERT INTO task_instances (task_inst_id, task_id, module_inst_id, status, task_completing_time) VALUES (409, 3, 36, 1, '286');
INSERT INTO recordings (recording_id, task_inst_id, file_path) VALUES (409, 409, 'recordings/eval_8_mod_1_task_409.wav');
INSERT INTO task_instances (task_inst_id, task_id, module_inst_id, status, task_completing_time) VALUES (410, 4, 36, 1, '194');
INSERT INTO recordings (recording_id, task_inst_id, file_path) VALUES (410, 410, 'recordings/eval_8_mod_1_task_410.wav');
INSERT INTO task_instances (task_inst_id, task_id, module_inst_id, status, task_completing_time) VALUES (411, 5, 36, 0, '184');
INSERT INTO recordings (recording_id, task_inst_id, file_path) VALUES (411, 411, 'recordings/eval_8_mod_1_task_411.wav');
INSERT INTO task_instances (task_inst_id, task_id, module_inst_id, status, task_completing_time) VALUES (412, 6, 36, 1, '185');
INSERT INTO recordings (recording_id, task_inst_id, file_path) VALUES (412, 412, 'recordings/eval_8_mod_1_task_412.wav');
INSERT INTO task_instances (task_inst_id, task_id, module_inst_id, status, task_completing_time) VALUES (413, 7, 36, 1, '126');
INSERT INTO recordings (recording_id, task_inst_id, file_path) VALUES (413, 413, 'recordings/eval_8_mod_1_task_413.wav');
INSERT INTO task_instances (task_inst_id, task_id, module_inst_id, status, task_completing_time) VALUES (414, 8, 36, 1, '234');
INSERT INTO recordings (recording_id, task_inst_id, file_path) VALUES (414, 414, 'recordings/eval_8_mod_1_task_414.wav');
INSERT INTO task_instances (task_inst_id, task_id, module_inst_id, status, task_completing_time) VALUES (415, 9, 36, 1, '286');
INSERT INTO recordings (recording_id, task_inst_id, file_path) VALUES (415, 415, 'recordings/eval_8_mod_1_task_415.wav');
INSERT INTO task_instances (task_inst_id, task_id, module_inst_id, status, task_completing_time) VALUES (416, 10, 36, 1, '251');
INSERT INTO recordings (recording_id, task_inst_id, file_path) VALUES (416, 416, 'recordings/eval_8_mod_1_task_416.wav');
INSERT INTO module_instances (module_inst_id, module_id, evaluation_id, status) VALUES (37, 2, 8, 3);
INSERT INTO task_instances (task_inst_id, task_id, module_inst_id, status, task_completing_time) VALUES (417, 11, 37, 0, '40');
INSERT INTO recordings (recording_id, task_inst_id, file_path) VALUES (417, 417, 'recordings/eval_8_mod_2_task_417.wav');
INSERT INTO task_instances (task_inst_id, task_id, module_inst_id, status, task_completing_time) VALUES (418, 12, 37, 0, '284');
INSERT INTO recordings (recording_id, task_inst_id, file_path) VALUES (418, 418, 'recordings/eval_8_mod_2_task_418.wav');
INSERT INTO task_instances (task_inst_id, task_id, module_inst_id, status, task_completing_time) VALUES (419, 13, 37, 0, '274');
INSERT INTO recordings (recording_id, task_inst_id, file_path) VALUES (419, 419, 'recordings/eval_8_mod_2_task_419.wav');
INSERT INTO task_instances (task_inst_id, task_id, module_inst_id, status, task_completing_time) VALUES (420, 14, 37, 1, '242');
INSERT INTO recordings (recording_id, task_inst_id, file_path) VALUES (420, 420, 'recordings/eval_8_mod_2_task_420.wav');
INSERT INTO task_instances (task_inst_id, task_id, module_inst_id, status, task_completing_time) VALUES (421, 15, 37, 1, '76');
INSERT INTO recordings (recording_id, task_inst_id, file_path) VALUES (421, 421, 'recordings/eval_8_mod_2_task_421.wav');
INSERT INTO task_instances (task_inst_id, task_id, module_inst_id, status, task_completing_time) VALUES (422, 16, 37, 1, '223');
INSERT INTO recordings (recording_id, task_inst_id, file_path) VALUES (422, 422, 'recordings/eval_8_mod_2_task_422.wav');
INSERT INTO task_instances (task_inst_id, task_id, module_inst_id, status, task_completing_time) VALUES (423, 17, 37, 1, '21');
INSERT INTO recordings (recording_id, task_inst_id, file_path) VALUES (423, 423, 'recordings/eval_8_mod_2_task_423.wav');
INSERT INTO task_instances (task_inst_id, task_id, module_inst_id, status, task_completing_time) VALUES (424, 18, 37, 1, '267');
INSERT INTO recordings (recording_id, task_inst_id, file_path) VALUES (424, 424, 'recordings/eval_8_mod_2_task_424.wav');
INSERT INTO task_instances (task_inst_id, task_id, module_inst_id, status, task_completing_time) VALUES (425, 19, 37, 1, '111');
INSERT INTO recordings (recording_id, task_inst_id, file_path) VALUES (425, 425, 'recordings/eval_8_mod_2_task_425.wav');
INSERT INTO task_instances (task_inst_id, task_id, module_inst_id, status, task_completing_time) VALUES (426, 20, 37, 1, '168');
INSERT INTO recordings (recording_id, task_inst_id, file_path) VALUES (426, 426, 'recordings/eval_8_mod_2_task_426.wav');
INSERT INTO task_instances (task_inst_id, task_id, module_inst_id, status, task_completing_time) VALUES (427, 21, 37, 1, '21');
INSERT INTO recordings (recording_id, task_inst_id, file_path) VALUES (427, 427, 'recordings/eval_8_mod_2_task_427.wav');
INSERT INTO task_instances (task_inst_id, task_id, module_inst_id, status, task_completing_time) VALUES (428, 22, 37, 1, '226');
INSERT INTO recordings (recording_id, task_inst_id, file_path) VALUES (428, 428, 'recordings/eval_8_mod_2_task_428.wav');
INSERT INTO task_instances (task_inst_id, task_id, module_inst_id, status, task_completing_time) VALUES (429, 23, 37, 1, '12');
INSERT INTO recordings (recording_id, task_inst_id, file_path) VALUES (429, 429, 'recordings/eval_8_mod_2_task_429.wav');
INSERT INTO task_instances (task_inst_id, task_id, module_inst_id, status, task_completing_time) VALUES (430, 24, 37, 1, '34');
INSERT INTO recordings (recording_id, task_inst_id, file_path) VALUES (430, 430, 'recordings/eval_8_mod_2_task_430.wav');
INSERT INTO task_instances (task_inst_id, task_id, module_inst_id, status, task_completing_time) VALUES (431, 25, 37, 1, '49');
INSERT INTO recordings (recording_id, task_inst_id, file_path) VALUES (431, 431, 'recordings/eval_8_mod_2_task_431.wav');
INSERT INTO task_instances (task_inst_id, task_id, module_inst_id, status, task_completing_time) VALUES (432, 26, 37, 0, '85');
INSERT INTO recordings (recording_id, task_inst_id, file_path) VALUES (432, 432, 'recordings/eval_8_mod_2_task_432.wav');
INSERT INTO task_instances (task_inst_id, task_id, module_inst_id, status, task_completing_time) VALUES (433, 27, 37, 0, '26');
INSERT INTO recordings (recording_id, task_inst_id, file_path) VALUES (433, 433, 'recordings/eval_8_mod_2_task_433.wav');
INSERT INTO task_instances (task_inst_id, task_id, module_inst_id, status, task_completing_time) VALUES (434, 28, 37, 0, '118');
INSERT INTO recordings (recording_id, task_inst_id, file_path) VALUES (434, 434, 'recordings/eval_8_mod_2_task_434.wav');
INSERT INTO task_instances (task_inst_id, task_id, module_inst_id, status, task_completing_time) VALUES (435, 29, 37, 1, '78');
INSERT INTO recordings (recording_id, task_inst_id, file_path) VALUES (435, 435, 'recordings/eval_8_mod_2_task_435.wav');
INSERT INTO task_instances (task_inst_id, task_id, module_inst_id, status, task_completing_time) VALUES (436, 30, 37, 1, '52');
INSERT INTO recordings (recording_id, task_inst_id, file_path) VALUES (436, 436, 'recordings/eval_8_mod_2_task_436.wav');
INSERT INTO task_instances (task_inst_id, task_id, module_inst_id, status, task_completing_time) VALUES (437, 31, 37, 1, '291');
INSERT INTO recordings (recording_id, task_inst_id, file_path) VALUES (437, 437, 'recordings/eval_8_mod_2_task_437.wav');
INSERT INTO task_instances (task_inst_id, task_id, module_inst_id, status, task_completing_time) VALUES (438, 32, 37, 1, '110');
INSERT INTO recordings (recording_id, task_inst_id, file_path) VALUES (438, 438, 'recordings/eval_8_mod_2_task_438.wav');
INSERT INTO task_instances (task_inst_id, task_id, module_inst_id, status, task_completing_time) VALUES (439, 33, 37, 1, '262');
INSERT INTO recordings (recording_id, task_inst_id, file_path) VALUES (439, 439, 'recordings/eval_8_mod_2_task_439.wav');
INSERT INTO task_instances (task_inst_id, task_id, module_inst_id, status, task_completing_time) VALUES (440, 34, 37, 0, '225');
INSERT INTO recordings (recording_id, task_inst_id, file_path) VALUES (440, 440, 'recordings/eval_8_mod_2_task_440.wav');
INSERT INTO task_instances (task_inst_id, task_id, module_inst_id, status, task_completing_time) VALUES (441, 35, 37, 0, '176');
INSERT INTO recordings (recording_id, task_inst_id, file_path) VALUES (441, 441, 'recordings/eval_8_mod_2_task_441.wav');
INSERT INTO task_instances (task_inst_id, task_id, module_inst_id, status, task_completing_time) VALUES (442, 36, 37, 1, '156');
INSERT INTO recordings (recording_id, task_inst_id, file_path) VALUES (442, 442, 'recordings/eval_8_mod_2_task_442.wav');
INSERT INTO task_instances (task_inst_id, task_id, module_inst_id, status, task_completing_time) VALUES (443, 37, 37, 1, '189');
INSERT INTO recordings (recording_id, task_inst_id, file_path) VALUES (443, 443, 'recordings/eval_8_mod_2_task_443.wav');
INSERT INTO module_instances (module_inst_id, module_id, evaluation_id, status) VALUES (38, 3, 8, 3);
INSERT INTO task_instances (task_inst_id, task_id, module_inst_id, status, task_completing_time) VALUES (444, 38, 38, 0, '58');
INSERT INTO recordings (recording_id, task_inst_id, file_path) VALUES (444, 444, 'recordings/eval_8_mod_3_task_444.wav');
INSERT INTO task_instances (task_inst_id, task_id, module_inst_id, status, task_completing_time) VALUES (445, 39, 38, 1, '198');
INSERT INTO recordings (recording_id, task_inst_id, file_path) VALUES (445, 445, 'recordings/eval_8_mod_3_task_445.wav');
INSERT INTO task_instances (task_inst_id, task_id, module_inst_id, status, task_completing_time) VALUES (446, 40, 38, 1, '170');
INSERT INTO recordings (recording_id, task_inst_id, file_path) VALUES (446, 446, 'recordings/eval_8_mod_3_task_446.wav');
INSERT INTO task_instances (task_inst_id, task_id, module_inst_id, status, task_completing_time) VALUES (447, 41, 38, 1, '208');
INSERT INTO recordings (recording_id, task_inst_id, file_path) VALUES (447, 447, 'recordings/eval_8_mod_3_task_447.wav');
INSERT INTO task_instances (task_inst_id, task_id, module_inst_id, status, task_completing_time) VALUES (448, 42, 38, 1, '133');
INSERT INTO recordings (recording_id, task_inst_id, file_path) VALUES (448, 448, 'recordings/eval_8_mod_3_task_448.wav');
INSERT INTO task_instances (task_inst_id, task_id, module_inst_id, status, task_completing_time) VALUES (449, 43, 38, 1, '43');
INSERT INTO recordings (recording_id, task_inst_id, file_path) VALUES (449, 449, 'recordings/eval_8_mod_3_task_449.wav');
INSERT INTO task_instances (task_inst_id, task_id, module_inst_id, status, task_completing_time) VALUES (450, 44, 38, 0, '221');
INSERT INTO recordings (recording_id, task_inst_id, file_path) VALUES (450, 450, 'recordings/eval_8_mod_3_task_450.wav');
INSERT INTO task_instances (task_inst_id, task_id, module_inst_id, status, task_completing_time) VALUES (451, 45, 38, 1, '23');
INSERT INTO recordings (recording_id, task_inst_id, file_path) VALUES (451, 451, 'recordings/eval_8_mod_3_task_451.wav');
INSERT INTO task_instances (task_inst_id, task_id, module_inst_id, status, task_completing_time) VALUES (452, 46, 38, 1, '32');
INSERT INTO recordings (recording_id, task_inst_id, file_path) VALUES (452, 452, 'recordings/eval_8_mod_3_task_452.wav');
INSERT INTO module_instances (module_inst_id, module_id, evaluation_id, status) VALUES (39, 4, 8, 3);
INSERT INTO task_instances (task_inst_id, task_id, module_inst_id, status, task_completing_time) VALUES (453, 47, 39, 1, '41');
INSERT INTO recordings (recording_id, task_inst_id, file_path) VALUES (453, 453, 'recordings/eval_8_mod_4_task_453.wav');
INSERT INTO task_instances (task_inst_id, task_id, module_inst_id, status, task_completing_time) VALUES (454, 48, 39, 1, '127');
INSERT INTO recordings (recording_id, task_inst_id, file_path) VALUES (454, 454, 'recordings/eval_8_mod_4_task_454.wav');
INSERT INTO task_instances (task_inst_id, task_id, module_inst_id, status, task_completing_time) VALUES (455, 49, 39, 0, '230');
INSERT INTO recordings (recording_id, task_inst_id, file_path) VALUES (455, 455, 'recordings/eval_8_mod_4_task_455.wav');
INSERT INTO task_instances (task_inst_id, task_id, module_inst_id, status, task_completing_time) VALUES (456, 50, 39, 0, '230');
INSERT INTO recordings (recording_id, task_inst_id, file_path) VALUES (456, 456, 'recordings/eval_8_mod_4_task_456.wav');
INSERT INTO task_instances (task_inst_id, task_id, module_inst_id, status, task_completing_time) VALUES (457, 51, 39, 1, '76');
INSERT INTO recordings (recording_id, task_inst_id, file_path) VALUES (457, 457, 'recordings/eval_8_mod_4_task_457.wav');
INSERT INTO task_instances (task_inst_id, task_id, module_inst_id, status, task_completing_time) VALUES (458, 52, 39, 1, '122');
INSERT INTO recordings (recording_id, task_inst_id, file_path) VALUES (458, 458, 'recordings/eval_8_mod_4_task_458.wav');
INSERT INTO task_instances (task_inst_id, task_id, module_inst_id, status, task_completing_time) VALUES (459, 53, 39, 0, '205');
INSERT INTO recordings (recording_id, task_inst_id, file_path) VALUES (459, 459, 'recordings/eval_8_mod_4_task_459.wav');
INSERT INTO task_instances (task_inst_id, task_id, module_inst_id, status, task_completing_time) VALUES (460, 54, 39, 1, '74');
INSERT INTO recordings (recording_id, task_inst_id, file_path) VALUES (460, 460, 'recordings/eval_8_mod_4_task_460.wav');
INSERT INTO task_instances (task_inst_id, task_id, module_inst_id, status, task_completing_time) VALUES (461, 55, 39, 1, '43');
INSERT INTO recordings (recording_id, task_inst_id, file_path) VALUES (461, 461, 'recordings/eval_8_mod_4_task_461.wav');
INSERT INTO task_instances (task_inst_id, task_id, module_inst_id, status, task_completing_time) VALUES (462, 56, 39, 0, '58');
INSERT INTO recordings (recording_id, task_inst_id, file_path) VALUES (462, 462, 'recordings/eval_8_mod_4_task_462.wav');
INSERT INTO module_instances (module_inst_id, module_id, evaluation_id, status) VALUES (40, 9001, 8, 1);
INSERT INTO task_instances (task_inst_id, task_id, module_inst_id, status, task_completing_time) VALUES (463, 9001, 40, 1, '24');
INSERT INTO recordings (recording_id, task_inst_id, file_path) VALUES (463, 463, 'recordings/eval_8_mod_9001_task_463.wav');
INSERT INTO task_instances (task_inst_id, task_id, module_inst_id, status, task_completing_time) VALUES (464, 9002, 40, 1, '196');
INSERT INTO recordings (recording_id, task_inst_id, file_path) VALUES (464, 464, 'recordings/eval_8_mod_9001_task_464.wav');
INSERT INTO participants (participant_id, name, surname, education_level, sex, birth_date, laterality) VALUES (9, 'qdHk6LvnV4WmfisOg9gTDw==', 'ttn76LvnV4WmfisOg9gTDw==', 5, 2, '1959-02-08', 2);
INSERT INTO evaluations (evaluation_id, evaluation_date, evaluator_id, participant_id, status, language) VALUES (9, '2025-11-07 13:39:00', 3, 9, 3, 1);
INSERT INTO module_instances (module_inst_id, module_id, evaluation_id, status) VALUES (41, 1, 9, 3);
INSERT INTO task_instances (task_inst_id, task_id, module_inst_id, status, task_completing_time) VALUES (465, 1, 41, 1, '5');
INSERT INTO recordings (recording_id, task_inst_id, file_path) VALUES (465, 465, 'recordings/eval_9_mod_1_task_465.wav');
INSERT INTO task_instances (task_inst_id, task_id, module_inst_id, status, task_completing_time) VALUES (466, 2, 41, 1, '257');
INSERT INTO recordings (recording_id, task_inst_id, file_path) VALUES (466, 466, 'recordings/eval_9_mod_1_task_466.wav');
INSERT INTO task_instances (task_inst_id, task_id, module_inst_id, status, task_completing_time) VALUES (467, 3, 41, 1, '262');
INSERT INTO recordings (recording_id, task_inst_id, file_path) VALUES (467, 467, 'recordings/eval_9_mod_1_task_467.wav');
INSERT INTO task_instances (task_inst_id, task_id, module_inst_id, status, task_completing_time) VALUES (468, 4, 41, 0, '103');
INSERT INTO recordings (recording_id, task_inst_id, file_path) VALUES (468, 468, 'recordings/eval_9_mod_1_task_468.wav');
INSERT INTO task_instances (task_inst_id, task_id, module_inst_id, status, task_completing_time) VALUES (469, 5, 41, 1, '201');
INSERT INTO recordings (recording_id, task_inst_id, file_path) VALUES (469, 469, 'recordings/eval_9_mod_1_task_469.wav');
INSERT INTO task_instances (task_inst_id, task_id, module_inst_id, status, task_completing_time) VALUES (470, 6, 41, 0, '182');
INSERT INTO recordings (recording_id, task_inst_id, file_path) VALUES (470, 470, 'recordings/eval_9_mod_1_task_470.wav');
INSERT INTO task_instances (task_inst_id, task_id, module_inst_id, status, task_completing_time) VALUES (471, 7, 41, 1, '245');
INSERT INTO recordings (recording_id, task_inst_id, file_path) VALUES (471, 471, 'recordings/eval_9_mod_1_task_471.wav');
INSERT INTO task_instances (task_inst_id, task_id, module_inst_id, status, task_completing_time) VALUES (472, 8, 41, 1, '292');
INSERT INTO recordings (recording_id, task_inst_id, file_path) VALUES (472, 472, 'recordings/eval_9_mod_1_task_472.wav');
INSERT INTO task_instances (task_inst_id, task_id, module_inst_id, status, task_completing_time) VALUES (473, 9, 41, 0, '288');
INSERT INTO recordings (recording_id, task_inst_id, file_path) VALUES (473, 473, 'recordings/eval_9_mod_1_task_473.wav');
INSERT INTO task_instances (task_inst_id, task_id, module_inst_id, status, task_completing_time) VALUES (474, 10, 41, 1, '82');
INSERT INTO recordings (recording_id, task_inst_id, file_path) VALUES (474, 474, 'recordings/eval_9_mod_1_task_474.wav');
INSERT INTO module_instances (module_inst_id, module_id, evaluation_id, status) VALUES (42, 2, 9, 3);
INSERT INTO task_instances (task_inst_id, task_id, module_inst_id, status, task_completing_time) VALUES (475, 11, 42, 1, '37');
INSERT INTO recordings (recording_id, task_inst_id, file_path) VALUES (475, 475, 'recordings/eval_9_mod_2_task_475.wav');
INSERT INTO task_instances (task_inst_id, task_id, module_inst_id, status, task_completing_time) VALUES (476, 12, 42, 0, '124');
INSERT INTO recordings (recording_id, task_inst_id, file_path) VALUES (476, 476, 'recordings/eval_9_mod_2_task_476.wav');
INSERT INTO task_instances (task_inst_id, task_id, module_inst_id, status, task_completing_time) VALUES (477, 13, 42, 1, '239');
INSERT INTO recordings (recording_id, task_inst_id, file_path) VALUES (477, 477, 'recordings/eval_9_mod_2_task_477.wav');
INSERT INTO task_instances (task_inst_id, task_id, module_inst_id, status, task_completing_time) VALUES (478, 14, 42, 1, '134');
INSERT INTO recordings (recording_id, task_inst_id, file_path) VALUES (478, 478, 'recordings/eval_9_mod_2_task_478.wav');
INSERT INTO task_instances (task_inst_id, task_id, module_inst_id, status, task_completing_time) VALUES (479, 15, 42, 1, '249');
INSERT INTO recordings (recording_id, task_inst_id, file_path) VALUES (479, 479, 'recordings/eval_9_mod_2_task_479.wav');
INSERT INTO task_instances (task_inst_id, task_id, module_inst_id, status, task_completing_time) VALUES (480, 16, 42, 1, '298');
INSERT INTO recordings (recording_id, task_inst_id, file_path) VALUES (480, 480, 'recordings/eval_9_mod_2_task_480.wav');
INSERT INTO task_instances (task_inst_id, task_id, module_inst_id, status, task_completing_time) VALUES (481, 17, 42, 0, '63');
INSERT INTO recordings (recording_id, task_inst_id, file_path) VALUES (481, 481, 'recordings/eval_9_mod_2_task_481.wav');
INSERT INTO task_instances (task_inst_id, task_id, module_inst_id, status, task_completing_time) VALUES (482, 18, 42, 1, '172');
INSERT INTO recordings (recording_id, task_inst_id, file_path) VALUES (482, 482, 'recordings/eval_9_mod_2_task_482.wav');
INSERT INTO task_instances (task_inst_id, task_id, module_inst_id, status, task_completing_time) VALUES (483, 19, 42, 1, '47');
INSERT INTO recordings (recording_id, task_inst_id, file_path) VALUES (483, 483, 'recordings/eval_9_mod_2_task_483.wav');
INSERT INTO task_instances (task_inst_id, task_id, module_inst_id, status, task_completing_time) VALUES (484, 20, 42, 1, '127');
INSERT INTO recordings (recording_id, task_inst_id, file_path) VALUES (484, 484, 'recordings/eval_9_mod_2_task_484.wav');
INSERT INTO task_instances (task_inst_id, task_id, module_inst_id, status, task_completing_time) VALUES (485, 21, 42, 1, '6');
INSERT INTO recordings (recording_id, task_inst_id, file_path) VALUES (485, 485, 'recordings/eval_9_mod_2_task_485.wav');
INSERT INTO task_instances (task_inst_id, task_id, module_inst_id, status, task_completing_time) VALUES (486, 22, 42, 1, '138');
INSERT INTO recordings (recording_id, task_inst_id, file_path) VALUES (486, 486, 'recordings/eval_9_mod_2_task_486.wav');
INSERT INTO task_instances (task_inst_id, task_id, module_inst_id, status, task_completing_time) VALUES (487, 23, 42, 1, '26');
INSERT INTO recordings (recording_id, task_inst_id, file_path) VALUES (487, 487, 'recordings/eval_9_mod_2_task_487.wav');
INSERT INTO task_instances (task_inst_id, task_id, module_inst_id, status, task_completing_time) VALUES (488, 24, 42, 1, '295');
INSERT INTO recordings (recording_id, task_inst_id, file_path) VALUES (488, 488, 'recordings/eval_9_mod_2_task_488.wav');
INSERT INTO task_instances (task_inst_id, task_id, module_inst_id, status, task_completing_time) VALUES (489, 25, 42, 1, '56');
INSERT INTO recordings (recording_id, task_inst_id, file_path) VALUES (489, 489, 'recordings/eval_9_mod_2_task_489.wav');
INSERT INTO task_instances (task_inst_id, task_id, module_inst_id, status, task_completing_time) VALUES (490, 26, 42, 1, '274');
INSERT INTO recordings (recording_id, task_inst_id, file_path) VALUES (490, 490, 'recordings/eval_9_mod_2_task_490.wav');
INSERT INTO task_instances (task_inst_id, task_id, module_inst_id, status, task_completing_time) VALUES (491, 27, 42, 0, '108');
INSERT INTO recordings (recording_id, task_inst_id, file_path) VALUES (491, 491, 'recordings/eval_9_mod_2_task_491.wav');
INSERT INTO task_instances (task_inst_id, task_id, module_inst_id, status, task_completing_time) VALUES (492, 28, 42, 0, '240');
INSERT INTO recordings (recording_id, task_inst_id, file_path) VALUES (492, 492, 'recordings/eval_9_mod_2_task_492.wav');
INSERT INTO task_instances (task_inst_id, task_id, module_inst_id, status, task_completing_time) VALUES (493, 29, 42, 1, '160');
INSERT INTO recordings (recording_id, task_inst_id, file_path) VALUES (493, 493, 'recordings/eval_9_mod_2_task_493.wav');
INSERT INTO task_instances (task_inst_id, task_id, module_inst_id, status, task_completing_time) VALUES (494, 30, 42, 1, '53');
INSERT INTO recordings (recording_id, task_inst_id, file_path) VALUES (494, 494, 'recordings/eval_9_mod_2_task_494.wav');
INSERT INTO task_instances (task_inst_id, task_id, module_inst_id, status, task_completing_time) VALUES (495, 31, 42, 1, '90');
INSERT INTO recordings (recording_id, task_inst_id, file_path) VALUES (495, 495, 'recordings/eval_9_mod_2_task_495.wav');
INSERT INTO task_instances (task_inst_id, task_id, module_inst_id, status, task_completing_time) VALUES (496, 32, 42, 1, '296');
INSERT INTO recordings (recording_id, task_inst_id, file_path) VALUES (496, 496, 'recordings/eval_9_mod_2_task_496.wav');
INSERT INTO task_instances (task_inst_id, task_id, module_inst_id, status, task_completing_time) VALUES (497, 33, 42, 1, '246');
INSERT INTO recordings (recording_id, task_inst_id, file_path) VALUES (497, 497, 'recordings/eval_9_mod_2_task_497.wav');
INSERT INTO task_instances (task_inst_id, task_id, module_inst_id, status, task_completing_time) VALUES (498, 34, 42, 0, '43');
INSERT INTO recordings (recording_id, task_inst_id, file_path) VALUES (498, 498, 'recordings/eval_9_mod_2_task_498.wav');
INSERT INTO task_instances (task_inst_id, task_id, module_inst_id, status, task_completing_time) VALUES (499, 35, 42, 1, '104');
INSERT INTO recordings (recording_id, task_inst_id, file_path) VALUES (499, 499, 'recordings/eval_9_mod_2_task_499.wav');
INSERT INTO task_instances (task_inst_id, task_id, module_inst_id, status, task_completing_time) VALUES (500, 36, 42, 1, '128');
INSERT INTO recordings (recording_id, task_inst_id, file_path) VALUES (500, 500, 'recordings/eval_9_mod_2_task_500.wav');
INSERT INTO task_instances (task_inst_id, task_id, module_inst_id, status, task_completing_time) VALUES (501, 37, 42, 1, '123');
INSERT INTO recordings (recording_id, task_inst_id, file_path) VALUES (501, 501, 'recordings/eval_9_mod_2_task_501.wav');
INSERT INTO module_instances (module_inst_id, module_id, evaluation_id, status) VALUES (43, 3, 9, 3);
INSERT INTO task_instances (task_inst_id, task_id, module_inst_id, status, task_completing_time) VALUES (502, 38, 43, 1, '22');
INSERT INTO recordings (recording_id, task_inst_id, file_path) VALUES (502, 502, 'recordings/eval_9_mod_3_task_502.wav');
INSERT INTO task_instances (task_inst_id, task_id, module_inst_id, status, task_completing_time) VALUES (503, 39, 43, 1, '275');
INSERT INTO recordings (recording_id, task_inst_id, file_path) VALUES (503, 503, 'recordings/eval_9_mod_3_task_503.wav');
INSERT INTO task_instances (task_inst_id, task_id, module_inst_id, status, task_completing_time) VALUES (504, 40, 43, 1, '93');
INSERT INTO recordings (recording_id, task_inst_id, file_path) VALUES (504, 504, 'recordings/eval_9_mod_3_task_504.wav');
INSERT INTO task_instances (task_inst_id, task_id, module_inst_id, status, task_completing_time) VALUES (505, 41, 43, 1, '121');
INSERT INTO recordings (recording_id, task_inst_id, file_path) VALUES (505, 505, 'recordings/eval_9_mod_3_task_505.wav');
INSERT INTO task_instances (task_inst_id, task_id, module_inst_id, status, task_completing_time) VALUES (506, 42, 43, 1, '22');
INSERT INTO recordings (recording_id, task_inst_id, file_path) VALUES (506, 506, 'recordings/eval_9_mod_3_task_506.wav');
INSERT INTO task_instances (task_inst_id, task_id, module_inst_id, status, task_completing_time) VALUES (507, 43, 43, 1, '57');
INSERT INTO recordings (recording_id, task_inst_id, file_path) VALUES (507, 507, 'recordings/eval_9_mod_3_task_507.wav');
INSERT INTO task_instances (task_inst_id, task_id, module_inst_id, status, task_completing_time) VALUES (508, 44, 43, 0, '119');
INSERT INTO recordings (recording_id, task_inst_id, file_path) VALUES (508, 508, 'recordings/eval_9_mod_3_task_508.wav');
INSERT INTO task_instances (task_inst_id, task_id, module_inst_id, status, task_completing_time) VALUES (509, 45, 43, 1, '237');
INSERT INTO recordings (recording_id, task_inst_id, file_path) VALUES (509, 509, 'recordings/eval_9_mod_3_task_509.wav');
INSERT INTO task_instances (task_inst_id, task_id, module_inst_id, status, task_completing_time) VALUES (510, 46, 43, 1, '121');
INSERT INTO recordings (recording_id, task_inst_id, file_path) VALUES (510, 510, 'recordings/eval_9_mod_3_task_510.wav');
INSERT INTO module_instances (module_inst_id, module_id, evaluation_id, status) VALUES (44, 4, 9, 1);
INSERT INTO task_instances (task_inst_id, task_id, module_inst_id, status, task_completing_time) VALUES (511, 47, 44, 1, '22');
INSERT INTO recordings (recording_id, task_inst_id, file_path) VALUES (511, 511, 'recordings/eval_9_mod_4_task_511.wav');
INSERT INTO task_instances (task_inst_id, task_id, module_inst_id, status, task_completing_time) VALUES (512, 48, 44, 0, '209');
INSERT INTO recordings (recording_id, task_inst_id, file_path) VALUES (512, 512, 'recordings/eval_9_mod_4_task_512.wav');
INSERT INTO task_instances (task_inst_id, task_id, module_inst_id, status, task_completing_time) VALUES (513, 49, 44, 1, '148');
INSERT INTO recordings (recording_id, task_inst_id, file_path) VALUES (513, 513, 'recordings/eval_9_mod_4_task_513.wav');
INSERT INTO task_instances (task_inst_id, task_id, module_inst_id, status, task_completing_time) VALUES (514, 50, 44, 1, '241');
INSERT INTO recordings (recording_id, task_inst_id, file_path) VALUES (514, 514, 'recordings/eval_9_mod_4_task_514.wav');
INSERT INTO task_instances (task_inst_id, task_id, module_inst_id, status, task_completing_time) VALUES (515, 51, 44, 1, '260');
INSERT INTO recordings (recording_id, task_inst_id, file_path) VALUES (515, 515, 'recordings/eval_9_mod_4_task_515.wav');
INSERT INTO task_instances (task_inst_id, task_id, module_inst_id, status, task_completing_time) VALUES (516, 52, 44, 1, '100');
INSERT INTO recordings (recording_id, task_inst_id, file_path) VALUES (516, 516, 'recordings/eval_9_mod_4_task_516.wav');
INSERT INTO task_instances (task_inst_id, task_id, module_inst_id, status, task_completing_time) VALUES (517, 53, 44, 1, '47');
INSERT INTO recordings (recording_id, task_inst_id, file_path) VALUES (517, 517, 'recordings/eval_9_mod_4_task_517.wav');
INSERT INTO task_instances (task_inst_id, task_id, module_inst_id, status, task_completing_time) VALUES (518, 54, 44, 1, '119');
INSERT INTO recordings (recording_id, task_inst_id, file_path) VALUES (518, 518, 'recordings/eval_9_mod_4_task_518.wav');
INSERT INTO task_instances (task_inst_id, task_id, module_inst_id, status, task_completing_time) VALUES (519, 55, 44, 1, '249');
INSERT INTO recordings (recording_id, task_inst_id, file_path) VALUES (519, 519, 'recordings/eval_9_mod_4_task_519.wav');
INSERT INTO task_instances (task_inst_id, task_id, module_inst_id, status, task_completing_time) VALUES (520, 56, 44, 0, '9');
INSERT INTO recordings (recording_id, task_inst_id, file_path) VALUES (520, 520, 'recordings/eval_9_mod_4_task_520.wav');
INSERT INTO module_instances (module_inst_id, module_id, evaluation_id, status) VALUES (45, 9001, 9, 3);
INSERT INTO task_instances (task_inst_id, task_id, module_inst_id, status, task_completing_time) VALUES (521, 9001, 45, 1, '24');
INSERT INTO recordings (recording_id, task_inst_id, file_path) VALUES (521, 521, 'recordings/eval_9_mod_9001_task_521.wav');
INSERT INTO task_instances (task_inst_id, task_id, module_inst_id, status, task_completing_time) VALUES (522, 9002, 45, 0, '66');
INSERT INTO recordings (recording_id, task_inst_id, file_path) VALUES (522, 522, 'recordings/eval_9_mod_9001_task_522.wav');
INSERT INTO participants (participant_id, name, surname, education_level, sex, birth_date, laterality) VALUES (10, 't9Hk4NmKUYOgeC0Ihd4VCQ==', 'qtXk7N6ZOoCjey4Lht0WCg==', 1, 2, '1966-11-21', 2);
INSERT INTO evaluations (evaluation_id, evaluation_date, evaluator_id, participant_id, status, language) VALUES (10, '2025-08-30 11:43:00', 3, 10, 3, 2);
INSERT INTO module_instances (module_inst_id, module_id, evaluation_id, status) VALUES (46, 1, 10, 3);
INSERT INTO task_instances (task_inst_id, task_id, module_inst_id, status, task_completing_time) VALUES (523, 1, 46, 1, '57');
INSERT INTO recordings (recording_id, task_inst_id, file_path) VALUES (523, 523, 'recordings/eval_10_mod_1_task_523.wav');
INSERT INTO task_instances (task_inst_id, task_id, module_inst_id, status, task_completing_time) VALUES (524, 2, 46, 1, '87');
INSERT INTO recordings (recording_id, task_inst_id, file_path) VALUES (524, 524, 'recordings/eval_10_mod_1_task_524.wav');
INSERT INTO task_instances (task_inst_id, task_id, module_inst_id, status, task_completing_time) VALUES (525, 3, 46, 1, '103');
INSERT INTO recordings (recording_id, task_inst_id, file_path) VALUES (525, 525, 'recordings/eval_10_mod_1_task_525.wav');
INSERT INTO task_instances (task_inst_id, task_id, module_inst_id, status, task_completing_time) VALUES (526, 4, 46, 1, '28');
INSERT INTO recordings (recording_id, task_inst_id, file_path) VALUES (526, 526, 'recordings/eval_10_mod_1_task_526.wav');
INSERT INTO task_instances (task_inst_id, task_id, module_inst_id, status, task_completing_time) VALUES (527, 5, 46, 1, '37');
INSERT INTO recordings (recording_id, task_inst_id, file_path) VALUES (527, 527, 'recordings/eval_10_mod_1_task_527.wav');
INSERT INTO task_instances (task_inst_id, task_id, module_inst_id, status, task_completing_time) VALUES (528, 6, 46, 1, '184');
INSERT INTO recordings (recording_id, task_inst_id, file_path) VALUES (528, 528, 'recordings/eval_10_mod_1_task_528.wav');
INSERT INTO task_instances (task_inst_id, task_id, module_inst_id, status, task_completing_time) VALUES (529, 7, 46, 0, '245');
INSERT INTO recordings (recording_id, task_inst_id, file_path) VALUES (529, 529, 'recordings/eval_10_mod_1_task_529.wav');
INSERT INTO task_instances (task_inst_id, task_id, module_inst_id, status, task_completing_time) VALUES (530, 8, 46, 0, '195');
INSERT INTO recordings (recording_id, task_inst_id, file_path) VALUES (530, 530, 'recordings/eval_10_mod_1_task_530.wav');
INSERT INTO task_instances (task_inst_id, task_id, module_inst_id, status, task_completing_time) VALUES (531, 9, 46, 0, '66');
INSERT INTO recordings (recording_id, task_inst_id, file_path) VALUES (531, 531, 'recordings/eval_10_mod_1_task_531.wav');
INSERT INTO task_instances (task_inst_id, task_id, module_inst_id, status, task_completing_time) VALUES (532, 10, 46, 1, '157');
INSERT INTO recordings (recording_id, task_inst_id, file_path) VALUES (532, 532, 'recordings/eval_10_mod_1_task_532.wav');
INSERT INTO module_instances (module_inst_id, module_id, evaluation_id, status) VALUES (47, 2, 10, 3);
INSERT INTO task_instances (task_inst_id, task_id, module_inst_id, status, task_completing_time) VALUES (533, 11, 47, 0, '37');
INSERT INTO recordings (recording_id, task_inst_id, file_path) VALUES (533, 533, 'recordings/eval_10_mod_2_task_533.wav');
INSERT INTO task_instances (task_inst_id, task_id, module_inst_id, status, task_completing_time) VALUES (534, 12, 47, 1, '231');
INSERT INTO recordings (recording_id, task_inst_id, file_path) VALUES (534, 534, 'recordings/eval_10_mod_2_task_534.wav');
INSERT INTO task_instances (task_inst_id, task_id, module_inst_id, status, task_completing_time) VALUES (535, 13, 47, 1, '40');
INSERT INTO recordings (recording_id, task_inst_id, file_path) VALUES (535, 535, 'recordings/eval_10_mod_2_task_535.wav');
INSERT INTO task_instances (task_inst_id, task_id, module_inst_id, status, task_completing_time) VALUES (536, 14, 47, 1, '213');
INSERT INTO recordings (recording_id, task_inst_id, file_path) VALUES (536, 536, 'recordings/eval_10_mod_2_task_536.wav');
INSERT INTO task_instances (task_inst_id, task_id, module_inst_id, status, task_completing_time) VALUES (537, 15, 47, 0, '198');
INSERT INTO recordings (recording_id, task_inst_id, file_path) VALUES (537, 537, 'recordings/eval_10_mod_2_task_537.wav');
INSERT INTO task_instances (task_inst_id, task_id, module_inst_id, status, task_completing_time) VALUES (538, 16, 47, 1, '198');
INSERT INTO recordings (recording_id, task_inst_id, file_path) VALUES (538, 538, 'recordings/eval_10_mod_2_task_538.wav');
INSERT INTO task_instances (task_inst_id, task_id, module_inst_id, status, task_completing_time) VALUES (539, 17, 47, 1, '63');
INSERT INTO recordings (recording_id, task_inst_id, file_path) VALUES (539, 539, 'recordings/eval_10_mod_2_task_539.wav');
INSERT INTO task_instances (task_inst_id, task_id, module_inst_id, status, task_completing_time) VALUES (540, 18, 47, 0, '26');
INSERT INTO recordings (recording_id, task_inst_id, file_path) VALUES (540, 540, 'recordings/eval_10_mod_2_task_540.wav');
INSERT INTO task_instances (task_inst_id, task_id, module_inst_id, status, task_completing_time) VALUES (541, 19, 47, 1, '298');
INSERT INTO recordings (recording_id, task_inst_id, file_path) VALUES (541, 541, 'recordings/eval_10_mod_2_task_541.wav');
INSERT INTO task_instances (task_inst_id, task_id, module_inst_id, status, task_completing_time) VALUES (542, 20, 47, 0, '40');
INSERT INTO recordings (recording_id, task_inst_id, file_path) VALUES (542, 542, 'recordings/eval_10_mod_2_task_542.wav');
INSERT INTO task_instances (task_inst_id, task_id, module_inst_id, status, task_completing_time) VALUES (543, 21, 47, 1, '57');
INSERT INTO recordings (recording_id, task_inst_id, file_path) VALUES (543, 543, 'recordings/eval_10_mod_2_task_543.wav');
INSERT INTO task_instances (task_inst_id, task_id, module_inst_id, status, task_completing_time) VALUES (544, 22, 47, 1, '215');
INSERT INTO recordings (recording_id, task_inst_id, file_path) VALUES (544, 544, 'recordings/eval_10_mod_2_task_544.wav');
INSERT INTO task_instances (task_inst_id, task_id, module_inst_id, status, task_completing_time) VALUES (545, 23, 47, 1, '28');
INSERT INTO recordings (recording_id, task_inst_id, file_path) VALUES (545, 545, 'recordings/eval_10_mod_2_task_545.wav');
INSERT INTO task_instances (task_inst_id, task_id, module_inst_id, status, task_completing_time) VALUES (546, 24, 47, 1, '97');
INSERT INTO recordings (recording_id, task_inst_id, file_path) VALUES (546, 546, 'recordings/eval_10_mod_2_task_546.wav');
INSERT INTO task_instances (task_inst_id, task_id, module_inst_id, status, task_completing_time) VALUES (547, 25, 47, 1, '58');
INSERT INTO recordings (recording_id, task_inst_id, file_path) VALUES (547, 547, 'recordings/eval_10_mod_2_task_547.wav');
INSERT INTO task_instances (task_inst_id, task_id, module_inst_id, status, task_completing_time) VALUES (548, 26, 47, 1, '288');
INSERT INTO recordings (recording_id, task_inst_id, file_path) VALUES (548, 548, 'recordings/eval_10_mod_2_task_548.wav');
INSERT INTO task_instances (task_inst_id, task_id, module_inst_id, status, task_completing_time) VALUES (549, 27, 47, 1, '230');
INSERT INTO recordings (recording_id, task_inst_id, file_path) VALUES (549, 549, 'recordings/eval_10_mod_2_task_549.wav');
INSERT INTO task_instances (task_inst_id, task_id, module_inst_id, status, task_completing_time) VALUES (550, 28, 47, 1, '73');
INSERT INTO recordings (recording_id, task_inst_id, file_path) VALUES (550, 550, 'recordings/eval_10_mod_2_task_550.wav');
INSERT INTO task_instances (task_inst_id, task_id, module_inst_id, status, task_completing_time) VALUES (551, 29, 47, 1, '200');
INSERT INTO recordings (recording_id, task_inst_id, file_path) VALUES (551, 551, 'recordings/eval_10_mod_2_task_551.wav');
INSERT INTO task_instances (task_inst_id, task_id, module_inst_id, status, task_completing_time) VALUES (552, 30, 47, 1, '6');
INSERT INTO recordings (recording_id, task_inst_id, file_path) VALUES (552, 552, 'recordings/eval_10_mod_2_task_552.wav');
INSERT INTO task_instances (task_inst_id, task_id, module_inst_id, status, task_completing_time) VALUES (553, 31, 47, 1, '30');
INSERT INTO recordings (recording_id, task_inst_id, file_path) VALUES (553, 553, 'recordings/eval_10_mod_2_task_553.wav');
INSERT INTO task_instances (task_inst_id, task_id, module_inst_id, status, task_completing_time) VALUES (554, 32, 47, 1, '125');
INSERT INTO recordings (recording_id, task_inst_id, file_path) VALUES (554, 554, 'recordings/eval_10_mod_2_task_554.wav');
INSERT INTO task_instances (task_inst_id, task_id, module_inst_id, status, task_completing_time) VALUES (555, 33, 47, 1, '145');
INSERT INTO recordings (recording_id, task_inst_id, file_path) VALUES (555, 555, 'recordings/eval_10_mod_2_task_555.wav');
INSERT INTO task_instances (task_inst_id, task_id, module_inst_id, status, task_completing_time) VALUES (556, 34, 47, 1, '23');
INSERT INTO recordings (recording_id, task_inst_id, file_path) VALUES (556, 556, 'recordings/eval_10_mod_2_task_556.wav');
INSERT INTO task_instances (task_inst_id, task_id, module_inst_id, status, task_completing_time) VALUES (557, 35, 47, 1, '83');
INSERT INTO recordings (recording_id, task_inst_id, file_path) VALUES (557, 557, 'recordings/eval_10_mod_2_task_557.wav');
INSERT INTO task_instances (task_inst_id, task_id, module_inst_id, status, task_completing_time) VALUES (558, 36, 47, 1, '124');
INSERT INTO recordings (recording_id, task_inst_id, file_path) VALUES (558, 558, 'recordings/eval_10_mod_2_task_558.wav');
INSERT INTO task_instances (task_inst_id, task_id, module_inst_id, status, task_completing_time) VALUES (559, 37, 47, 1, '202');
INSERT INTO recordings (recording_id, task_inst_id, file_path) VALUES (559, 559, 'recordings/eval_10_mod_2_task_559.wav');
INSERT INTO module_instances (module_inst_id, module_id, evaluation_id, status) VALUES (48, 3, 10, 3);
INSERT INTO task_instances (task_inst_id, task_id, module_inst_id, status, task_completing_time) VALUES (560, 38, 48, 1, '24');
INSERT INTO recordings (recording_id, task_inst_id, file_path) VALUES (560, 560, 'recordings/eval_10_mod_3_task_560.wav');
INSERT INTO task_instances (task_inst_id, task_id, module_inst_id, status, task_completing_time) VALUES (561, 39, 48, 1, '24');
INSERT INTO recordings (recording_id, task_inst_id, file_path) VALUES (561, 561, 'recordings/eval_10_mod_3_task_561.wav');
INSERT INTO task_instances (task_inst_id, task_id, module_inst_id, status, task_completing_time) VALUES (562, 40, 48, 1, '60');
INSERT INTO recordings (recording_id, task_inst_id, file_path) VALUES (562, 562, 'recordings/eval_10_mod_3_task_562.wav');
INSERT INTO task_instances (task_inst_id, task_id, module_inst_id, status, task_completing_time) VALUES (563, 41, 48, 1, '35');
INSERT INTO recordings (recording_id, task_inst_id, file_path) VALUES (563, 563, 'recordings/eval_10_mod_3_task_563.wav');
INSERT INTO task_instances (task_inst_id, task_id, module_inst_id, status, task_completing_time) VALUES (564, 42, 48, 1, '106');
INSERT INTO recordings (recording_id, task_inst_id, file_path) VALUES (564, 564, 'recordings/eval_10_mod_3_task_564.wav');
INSERT INTO task_instances (task_inst_id, task_id, module_inst_id, status, task_completing_time) VALUES (565, 43, 48, 1, '260');
INSERT INTO recordings (recording_id, task_inst_id, file_path) VALUES (565, 565, 'recordings/eval_10_mod_3_task_565.wav');
INSERT INTO task_instances (task_inst_id, task_id, module_inst_id, status, task_completing_time) VALUES (566, 44, 48, 1, '293');
INSERT INTO recordings (recording_id, task_inst_id, file_path) VALUES (566, 566, 'recordings/eval_10_mod_3_task_566.wav');
INSERT INTO task_instances (task_inst_id, task_id, module_inst_id, status, task_completing_time) VALUES (567, 45, 48, 1, '170');
INSERT INTO recordings (recording_id, task_inst_id, file_path) VALUES (567, 567, 'recordings/eval_10_mod_3_task_567.wav');
INSERT INTO task_instances (task_inst_id, task_id, module_inst_id, status, task_completing_time) VALUES (568, 46, 48, 1, '200');
INSERT INTO recordings (recording_id, task_inst_id, file_path) VALUES (568, 568, 'recordings/eval_10_mod_3_task_568.wav');
INSERT INTO module_instances (module_inst_id, module_id, evaluation_id, status) VALUES (49, 4, 10, 2);
INSERT INTO task_instances (task_inst_id, task_id, module_inst_id, status, task_completing_time) VALUES (569, 47, 49, 1, '16');
INSERT INTO recordings (recording_id, task_inst_id, file_path) VALUES (569, 569, 'recordings/eval_10_mod_4_task_569.wav');
INSERT INTO task_instances (task_inst_id, task_id, module_inst_id, status, task_completing_time) VALUES (570, 48, 49, 1, '131');
INSERT INTO recordings (recording_id, task_inst_id, file_path) VALUES (570, 570, 'recordings/eval_10_mod_4_task_570.wav');
INSERT INTO task_instances (task_inst_id, task_id, module_inst_id, status, task_completing_time) VALUES (571, 49, 49, 1, '91');
INSERT INTO recordings (recording_id, task_inst_id, file_path) VALUES (571, 571, 'recordings/eval_10_mod_4_task_571.wav');
INSERT INTO task_instances (task_inst_id, task_id, module_inst_id, status, task_completing_time) VALUES (572, 50, 49, 1, '294');
INSERT INTO recordings (recording_id, task_inst_id, file_path) VALUES (572, 572, 'recordings/eval_10_mod_4_task_572.wav');
INSERT INTO task_instances (task_inst_id, task_id, module_inst_id, status, task_completing_time) VALUES (573, 51, 49, 1, '235');
INSERT INTO recordings (recording_id, task_inst_id, file_path) VALUES (573, 573, 'recordings/eval_10_mod_4_task_573.wav');
INSERT INTO task_instances (task_inst_id, task_id, module_inst_id, status, task_completing_time) VALUES (574, 52, 49, 0, '247');
INSERT INTO recordings (recording_id, task_inst_id, file_path) VALUES (574, 574, 'recordings/eval_10_mod_4_task_574.wav');
INSERT INTO task_instances (task_inst_id, task_id, module_inst_id, status, task_completing_time) VALUES (575, 53, 49, 1, '65');
INSERT INTO recordings (recording_id, task_inst_id, file_path) VALUES (575, 575, 'recordings/eval_10_mod_4_task_575.wav');
INSERT INTO task_instances (task_inst_id, task_id, module_inst_id, status, task_completing_time) VALUES (576, 54, 49, 0, '75');
INSERT INTO recordings (recording_id, task_inst_id, file_path) VALUES (576, 576, 'recordings/eval_10_mod_4_task_576.wav');
INSERT INTO task_instances (task_inst_id, task_id, module_inst_id, status, task_completing_time) VALUES (577, 55, 49, 1, '127');
INSERT INTO recordings (recording_id, task_inst_id, file_path) VALUES (577, 577, 'recordings/eval_10_mod_4_task_577.wav');
INSERT INTO task_instances (task_inst_id, task_id, module_inst_id, status, task_completing_time) VALUES (578, 56, 49, 1, '58');
INSERT INTO recordings (recording_id, task_inst_id, file_path) VALUES (578, 578, 'recordings/eval_10_mod_4_task_578.wav');
INSERT INTO module_instances (module_inst_id, module_id, evaluation_id, status) VALUES (50, 9001, 10, 3);
INSERT INTO task_instances (task_inst_id, task_id, module_inst_id, status, task_completing_time) VALUES (579, 9001, 50, 1, '17');
INSERT INTO recordings (recording_id, task_inst_id, file_path) VALUES (579, 579, 'recordings/eval_10_mod_9001_task_579.wav');
INSERT INTO task_instances (task_inst_id, task_id, module_inst_id, status, task_completing_time) VALUES (580, 9002, 50, 1, '286');
INSERT INTO recordings (recording_id, task_inst_id, file_path) VALUES (580, 580, 'recordings/eval_10_mod_9001_task_580.wav');
INSERT INTO participants (participant_id, name, surname, education_level, sex, birth_date, laterality) VALUES (11, 'stX4+96aLuyiei8Kh9wXCw==', 'ud/l/dbgUIKheSwJhN8UCA==', 3, 1, '1976-05-16', 1);
INSERT INTO evaluations (evaluation_id, evaluation_date, evaluator_id, participant_id, status, language) VALUES (11, '2025-10-07 08:12:00', 3, 11, 3, 2);
INSERT INTO module_instances (module_inst_id, module_id, evaluation_id, status) VALUES (51, 1, 11, 3);
INSERT INTO task_instances (task_inst_id, task_id, module_inst_id, status, task_completing_time) VALUES (581, 1, 51, 1, '27');
INSERT INTO recordings (recording_id, task_inst_id, file_path) VALUES (581, 581, 'recordings/eval_11_mod_1_task_581.wav');
INSERT INTO task_instances (task_inst_id, task_id, module_inst_id, status, task_completing_time) VALUES (582, 2, 51, 0, '43');
INSERT INTO recordings (recording_id, task_inst_id, file_path) VALUES (582, 582, 'recordings/eval_11_mod_1_task_582.wav');
INSERT INTO task_instances (task_inst_id, task_id, module_inst_id, status, task_completing_time) VALUES (583, 3, 51, 1, '261');
INSERT INTO recordings (recording_id, task_inst_id, file_path) VALUES (583, 583, 'recordings/eval_11_mod_1_task_583.wav');
INSERT INTO task_instances (task_inst_id, task_id, module_inst_id, status, task_completing_time) VALUES (584, 4, 51, 1, '198');
INSERT INTO recordings (recording_id, task_inst_id, file_path) VALUES (584, 584, 'recordings/eval_11_mod_1_task_584.wav');
INSERT INTO task_instances (task_inst_id, task_id, module_inst_id, status, task_completing_time) VALUES (585, 5, 51, 1, '28');
INSERT INTO recordings (recording_id, task_inst_id, file_path) VALUES (585, 585, 'recordings/eval_11_mod_1_task_585.wav');
INSERT INTO task_instances (task_inst_id, task_id, module_inst_id, status, task_completing_time) VALUES (586, 6, 51, 0, '133');
INSERT INTO recordings (recording_id, task_inst_id, file_path) VALUES (586, 586, 'recordings/eval_11_mod_1_task_586.wav');
INSERT INTO task_instances (task_inst_id, task_id, module_inst_id, status, task_completing_time) VALUES (587, 7, 51, 1, '118');
INSERT INTO recordings (recording_id, task_inst_id, file_path) VALUES (587, 587, 'recordings/eval_11_mod_1_task_587.wav');
INSERT INTO task_instances (task_inst_id, task_id, module_inst_id, status, task_completing_time) VALUES (588, 8, 51, 1, '26');
INSERT INTO recordings (recording_id, task_inst_id, file_path) VALUES (588, 588, 'recordings/eval_11_mod_1_task_588.wav');
INSERT INTO task_instances (task_inst_id, task_id, module_inst_id, status, task_completing_time) VALUES (589, 9, 51, 1, '41');
INSERT INTO recordings (recording_id, task_inst_id, file_path) VALUES (589, 589, 'recordings/eval_11_mod_1_task_589.wav');
INSERT INTO task_instances (task_inst_id, task_id, module_inst_id, status, task_completing_time) VALUES (590, 10, 51, 1, '24');
INSERT INTO recordings (recording_id, task_inst_id, file_path) VALUES (590, 590, 'recordings/eval_11_mod_1_task_590.wav');
INSERT INTO module_instances (module_inst_id, module_id, evaluation_id, status) VALUES (52, 2, 11, 3);
INSERT INTO task_instances (task_inst_id, task_id, module_inst_id, status, task_completing_time) VALUES (591, 11, 52, 1, '28');
INSERT INTO recordings (recording_id, task_inst_id, file_path) VALUES (591, 591, 'recordings/eval_11_mod_2_task_591.wav');
INSERT INTO task_instances (task_inst_id, task_id, module_inst_id, status, task_completing_time) VALUES (592, 12, 52, 1, '267');
INSERT INTO recordings (recording_id, task_inst_id, file_path) VALUES (592, 592, 'recordings/eval_11_mod_2_task_592.wav');
INSERT INTO task_instances (task_inst_id, task_id, module_inst_id, status, task_completing_time) VALUES (593, 13, 52, 1, '96');
INSERT INTO recordings (recording_id, task_inst_id, file_path) VALUES (593, 593, 'recordings/eval_11_mod_2_task_593.wav');
INSERT INTO task_instances (task_inst_id, task_id, module_inst_id, status, task_completing_time) VALUES (594, 14, 52, 1, '237');
INSERT INTO recordings (recording_id, task_inst_id, file_path) VALUES (594, 594, 'recordings/eval_11_mod_2_task_594.wav');
INSERT INTO task_instances (task_inst_id, task_id, module_inst_id, status, task_completing_time) VALUES (595, 15, 52, 1, '42');
INSERT INTO recordings (recording_id, task_inst_id, file_path) VALUES (595, 595, 'recordings/eval_11_mod_2_task_595.wav');
INSERT INTO task_instances (task_inst_id, task_id, module_inst_id, status, task_completing_time) VALUES (596, 16, 52, 1, '181');
INSERT INTO recordings (recording_id, task_inst_id, file_path) VALUES (596, 596, 'recordings/eval_11_mod_2_task_596.wav');
INSERT INTO task_instances (task_inst_id, task_id, module_inst_id, status, task_completing_time) VALUES (597, 17, 52, 1, '114');
INSERT INTO recordings (recording_id, task_inst_id, file_path) VALUES (597, 597, 'recordings/eval_11_mod_2_task_597.wav');
INSERT INTO task_instances (task_inst_id, task_id, module_inst_id, status, task_completing_time) VALUES (598, 18, 52, 1, '102');
INSERT INTO recordings (recording_id, task_inst_id, file_path) VALUES (598, 598, 'recordings/eval_11_mod_2_task_598.wav');
INSERT INTO task_instances (task_inst_id, task_id, module_inst_id, status, task_completing_time) VALUES (599, 19, 52, 1, '181');
INSERT INTO recordings (recording_id, task_inst_id, file_path) VALUES (599, 599, 'recordings/eval_11_mod_2_task_599.wav');
INSERT INTO task_instances (task_inst_id, task_id, module_inst_id, status, task_completing_time) VALUES (600, 20, 52, 1, '191');
INSERT INTO recordings (recording_id, task_inst_id, file_path) VALUES (600, 600, 'recordings/eval_11_mod_2_task_600.wav');
INSERT INTO task_instances (task_inst_id, task_id, module_inst_id, status, task_completing_time) VALUES (601, 21, 52, 1, '29');
INSERT INTO recordings (recording_id, task_inst_id, file_path) VALUES (601, 601, 'recordings/eval_11_mod_2_task_601.wav');
INSERT INTO task_instances (task_inst_id, task_id, module_inst_id, status, task_completing_time) VALUES (602, 22, 52, 1, '175');
INSERT INTO recordings (recording_id, task_inst_id, file_path) VALUES (602, 602, 'recordings/eval_11_mod_2_task_602.wav');
INSERT INTO task_instances (task_inst_id, task_id, module_inst_id, status, task_completing_time) VALUES (603, 23, 52, 0, '45');
INSERT INTO recordings (recording_id, task_inst_id, file_path) VALUES (603, 603, 'recordings/eval_11_mod_2_task_603.wav');
INSERT INTO task_instances (task_inst_id, task_id, module_inst_id, status, task_completing_time) VALUES (604, 24, 52, 1, '194');
INSERT INTO recordings (recording_id, task_inst_id, file_path) VALUES (604, 604, 'recordings/eval_11_mod_2_task_604.wav');
INSERT INTO task_instances (task_inst_id, task_id, module_inst_id, status, task_completing_time) VALUES (605, 25, 52, 1, '18');
INSERT INTO recordings (recording_id, task_inst_id, file_path) VALUES (605, 605, 'recordings/eval_11_mod_2_task_605.wav');
INSERT INTO task_instances (task_inst_id, task_id, module_inst_id, status, task_completing_time) VALUES (606, 26, 52, 0, '44');
INSERT INTO recordings (recording_id, task_inst_id, file_path) VALUES (606, 606, 'recordings/eval_11_mod_2_task_606.wav');
INSERT INTO task_instances (task_inst_id, task_id, module_inst_id, status, task_completing_time) VALUES (607, 27, 52, 1, '179');
INSERT INTO recordings (recording_id, task_inst_id, file_path) VALUES (607, 607, 'recordings/eval_11_mod_2_task_607.wav');
INSERT INTO task_instances (task_inst_id, task_id, module_inst_id, status, task_completing_time) VALUES (608, 28, 52, 1, '275');
INSERT INTO recordings (recording_id, task_inst_id, file_path) VALUES (608, 608, 'recordings/eval_11_mod_2_task_608.wav');
INSERT INTO task_instances (task_inst_id, task_id, module_inst_id, status, task_completing_time) VALUES (609, 29, 52, 1, '33');
INSERT INTO recordings (recording_id, task_inst_id, file_path) VALUES (609, 609, 'recordings/eval_11_mod_2_task_609.wav');
INSERT INTO task_instances (task_inst_id, task_id, module_inst_id, status, task_completing_time) VALUES (610, 30, 52, 1, '25');
INSERT INTO recordings (recording_id, task_inst_id, file_path) VALUES (610, 610, 'recordings/eval_11_mod_2_task_610.wav');
INSERT INTO task_instances (task_inst_id, task_id, module_inst_id, status, task_completing_time) VALUES (611, 31, 52, 1, '135');
INSERT INTO recordings (recording_id, task_inst_id, file_path) VALUES (611, 611, 'recordings/eval_11_mod_2_task_611.wav');
INSERT INTO task_instances (task_inst_id, task_id, module_inst_id, status, task_completing_time) VALUES (612, 32, 52, 1, '241');
INSERT INTO recordings (recording_id, task_inst_id, file_path) VALUES (612, 612, 'recordings/eval_11_mod_2_task_612.wav');
INSERT INTO task_instances (task_inst_id, task_id, module_inst_id, status, task_completing_time) VALUES (613, 33, 52, 1, '91');
INSERT INTO recordings (recording_id, task_inst_id, file_path) VALUES (613, 613, 'recordings/eval_11_mod_2_task_613.wav');
INSERT INTO task_instances (task_inst_id, task_id, module_inst_id, status, task_completing_time) VALUES (614, 34, 52, 1, '289');
INSERT INTO recordings (recording_id, task_inst_id, file_path) VALUES (614, 614, 'recordings/eval_11_mod_2_task_614.wav');
INSERT INTO task_instances (task_inst_id, task_id, module_inst_id, status, task_completing_time) VALUES (615, 35, 52, 1, '254');
INSERT INTO recordings (recording_id, task_inst_id, file_path) VALUES (615, 615, 'recordings/eval_11_mod_2_task_615.wav');
INSERT INTO task_instances (task_inst_id, task_id, module_inst_id, status, task_completing_time) VALUES (616, 36, 52, 1, '124');
INSERT INTO recordings (recording_id, task_inst_id, file_path) VALUES (616, 616, 'recordings/eval_11_mod_2_task_616.wav');
INSERT INTO task_instances (task_inst_id, task_id, module_inst_id, status, task_completing_time) VALUES (617, 37, 52, 1, '278');
INSERT INTO recordings (recording_id, task_inst_id, file_path) VALUES (617, 617, 'recordings/eval_11_mod_2_task_617.wav');
INSERT INTO module_instances (module_inst_id, module_id, evaluation_id, status) VALUES (53, 3, 11, 3);
INSERT INTO task_instances (task_inst_id, task_id, module_inst_id, status, task_completing_time) VALUES (618, 38, 53, 1, '40');
INSERT INTO recordings (recording_id, task_inst_id, file_path) VALUES (618, 618, 'recordings/eval_11_mod_3_task_618.wav');
INSERT INTO task_instances (task_inst_id, task_id, module_inst_id, status, task_completing_time) VALUES (619, 39, 53, 1, '203');
INSERT INTO recordings (recording_id, task_inst_id, file_path) VALUES (619, 619, 'recordings/eval_11_mod_3_task_619.wav');
INSERT INTO task_instances (task_inst_id, task_id, module_inst_id, status, task_completing_time) VALUES (620, 40, 53, 1, '280');
INSERT INTO recordings (recording_id, task_inst_id, file_path) VALUES (620, 620, 'recordings/eval_11_mod_3_task_620.wav');
INSERT INTO task_instances (task_inst_id, task_id, module_inst_id, status, task_completing_time) VALUES (621, 41, 53, 1, '197');
INSERT INTO recordings (recording_id, task_inst_id, file_path) VALUES (621, 621, 'recordings/eval_11_mod_3_task_621.wav');
INSERT INTO task_instances (task_inst_id, task_id, module_inst_id, status, task_completing_time) VALUES (622, 42, 53, 1, '219');
INSERT INTO recordings (recording_id, task_inst_id, file_path) VALUES (622, 622, 'recordings/eval_11_mod_3_task_622.wav');
INSERT INTO task_instances (task_inst_id, task_id, module_inst_id, status, task_completing_time) VALUES (623, 43, 53, 1, '86');
INSERT INTO recordings (recording_id, task_inst_id, file_path) VALUES (623, 623, 'recordings/eval_11_mod_3_task_623.wav');
INSERT INTO task_instances (task_inst_id, task_id, module_inst_id, status, task_completing_time) VALUES (624, 44, 53, 1, '40');
INSERT INTO recordings (recording_id, task_inst_id, file_path) VALUES (624, 624, 'recordings/eval_11_mod_3_task_624.wav');
INSERT INTO task_instances (task_inst_id, task_id, module_inst_id, status, task_completing_time) VALUES (625, 45, 53, 1, '163');
INSERT INTO recordings (recording_id, task_inst_id, file_path) VALUES (625, 625, 'recordings/eval_11_mod_3_task_625.wav');
INSERT INTO task_instances (task_inst_id, task_id, module_inst_id, status, task_completing_time) VALUES (626, 46, 53, 1, '79');
INSERT INTO recordings (recording_id, task_inst_id, file_path) VALUES (626, 626, 'recordings/eval_11_mod_3_task_626.wav');
INSERT INTO module_instances (module_inst_id, module_id, evaluation_id, status) VALUES (54, 4, 11, 3);
INSERT INTO task_instances (task_inst_id, task_id, module_inst_id, status, task_completing_time) VALUES (627, 47, 54, 1, '36');
INSERT INTO recordings (recording_id, task_inst_id, file_path) VALUES (627, 627, 'recordings/eval_11_mod_4_task_627.wav');
INSERT INTO task_instances (task_inst_id, task_id, module_inst_id, status, task_completing_time) VALUES (628, 48, 54, 1, '116');
INSERT INTO recordings (recording_id, task_inst_id, file_path) VALUES (628, 628, 'recordings/eval_11_mod_4_task_628.wav');
INSERT INTO task_instances (task_inst_id, task_id, module_inst_id, status, task_completing_time) VALUES (629, 49, 54, 0, '65');
INSERT INTO recordings (recording_id, task_inst_id, file_path) VALUES (629, 629, 'recordings/eval_11_mod_4_task_629.wav');
INSERT INTO task_instances (task_inst_id, task_id, module_inst_id, status, task_completing_time) VALUES (630, 50, 54, 1, '159');
INSERT INTO recordings (recording_id, task_inst_id, file_path) VALUES (630, 630, 'recordings/eval_11_mod_4_task_630.wav');
INSERT INTO task_instances (task_inst_id, task_id, module_inst_id, status, task_completing_time) VALUES (631, 51, 54, 1, '288');
INSERT INTO recordings (recording_id, task_inst_id, file_path) VALUES (631, 631, 'recordings/eval_11_mod_4_task_631.wav');
INSERT INTO task_instances (task_inst_id, task_id, module_inst_id, status, task_completing_time) VALUES (632, 52, 54, 1, '43');
INSERT INTO recordings (recording_id, task_inst_id, file_path) VALUES (632, 632, 'recordings/eval_11_mod_4_task_632.wav');
INSERT INTO task_instances (task_inst_id, task_id, module_inst_id, status, task_completing_time) VALUES (633, 53, 54, 1, '130');
INSERT INTO recordings (recording_id, task_inst_id, file_path) VALUES (633, 633, 'recordings/eval_11_mod_4_task_633.wav');
INSERT INTO task_instances (task_inst_id, task_id, module_inst_id, status, task_completing_time) VALUES (634, 54, 54, 1, '110');
INSERT INTO recordings (recording_id, task_inst_id, file_path) VALUES (634, 634, 'recordings/eval_11_mod_4_task_634.wav');
INSERT INTO task_instances (task_inst_id, task_id, module_inst_id, status, task_completing_time) VALUES (635, 55, 54, 1, '289');
INSERT INTO recordings (recording_id, task_inst_id, file_path) VALUES (635, 635, 'recordings/eval_11_mod_4_task_635.wav');
INSERT INTO task_instances (task_inst_id, task_id, module_inst_id, status, task_completing_time) VALUES (636, 56, 54, 1, '34');
INSERT INTO recordings (recording_id, task_inst_id, file_path) VALUES (636, 636, 'recordings/eval_11_mod_4_task_636.wav');
INSERT INTO module_instances (module_inst_id, module_id, evaluation_id, status) VALUES (55, 9001, 11, 3);
INSERT INTO task_instances (task_inst_id, task_id, module_inst_id, status, task_completing_time) VALUES (637, 9001, 55, 0, '44');
INSERT INTO recordings (recording_id, task_inst_id, file_path) VALUES (637, 637, 'recordings/eval_11_mod_9001_task_637.wav');
INSERT INTO task_instances (task_inst_id, task_id, module_inst_id, status, task_completing_time) VALUES (638, 9002, 55, 1, '143');
INSERT INTO recordings (recording_id, task_inst_id, file_path) VALUES (638, 638, 'recordings/eval_11_mod_9001_task_638.wav');
INSERT INTO participants (participant_id, name, surname, education_level, sex, birth_date, laterality) VALUES (12, 'sN9VKtjgUIKheSwJhN8UCA==', 'qtXk7N6ZOoCjey4Lht0WCg==', 5, 2, '1967-01-24', 1);
INSERT INTO evaluations (evaluation_id, evaluation_date, evaluator_id, participant_id, status, language) VALUES (12, '2025-10-22 09:02:00', 3, 12, 3, 1);
INSERT INTO module_instances (module_inst_id, module_id, evaluation_id, status) VALUES (56, 1, 12, 3);
INSERT INTO task_instances (task_inst_id, task_id, module_inst_id, status, task_completing_time) VALUES (639, 1, 56, 1, '21');
INSERT INTO recordings (recording_id, task_inst_id, file_path) VALUES (639, 639, 'recordings/eval_12_mod_1_task_639.wav');
INSERT INTO task_instances (task_inst_id, task_id, module_inst_id, status, task_completing_time) VALUES (640, 2, 56, 1, '221');
INSERT INTO recordings (recording_id, task_inst_id, file_path) VALUES (640, 640, 'recordings/eval_12_mod_1_task_640.wav');
INSERT INTO task_instances (task_inst_id, task_id, module_inst_id, status, task_completing_time) VALUES (641, 3, 56, 1, '61');
INSERT INTO recordings (recording_id, task_inst_id, file_path) VALUES (641, 641, 'recordings/eval_12_mod_1_task_641.wav');
INSERT INTO task_instances (task_inst_id, task_id, module_inst_id, status, task_completing_time) VALUES (642, 4, 56, 1, '208');
INSERT INTO recordings (recording_id, task_inst_id, file_path) VALUES (642, 642, 'recordings/eval_12_mod_1_task_642.wav');
INSERT INTO task_instances (task_inst_id, task_id, module_inst_id, status, task_completing_time) VALUES (643, 5, 56, 1, '236');
INSERT INTO recordings (recording_id, task_inst_id, file_path) VALUES (643, 643, 'recordings/eval_12_mod_1_task_643.wav');
INSERT INTO task_instances (task_inst_id, task_id, module_inst_id, status, task_completing_time) VALUES (644, 6, 56, 1, '104');
INSERT INTO recordings (recording_id, task_inst_id, file_path) VALUES (644, 644, 'recordings/eval_12_mod_1_task_644.wav');
INSERT INTO task_instances (task_inst_id, task_id, module_inst_id, status, task_completing_time) VALUES (645, 7, 56, 0, '171');
INSERT INTO recordings (recording_id, task_inst_id, file_path) VALUES (645, 645, 'recordings/eval_12_mod_1_task_645.wav');
INSERT INTO task_instances (task_inst_id, task_id, module_inst_id, status, task_completing_time) VALUES (646, 8, 56, 1, '72');
INSERT INTO recordings (recording_id, task_inst_id, file_path) VALUES (646, 646, 'recordings/eval_12_mod_1_task_646.wav');
INSERT INTO task_instances (task_inst_id, task_id, module_inst_id, status, task_completing_time) VALUES (647, 9, 56, 1, '275');
INSERT INTO recordings (recording_id, task_inst_id, file_path) VALUES (647, 647, 'recordings/eval_12_mod_1_task_647.wav');
INSERT INTO task_instances (task_inst_id, task_id, module_inst_id, status, task_completing_time) VALUES (648, 10, 56, 1, '57');
INSERT INTO recordings (recording_id, task_inst_id, file_path) VALUES (648, 648, 'recordings/eval_12_mod_1_task_648.wav');
INSERT INTO module_instances (module_inst_id, module_id, evaluation_id, status) VALUES (57, 2, 12, 3);
INSERT INTO task_instances (task_inst_id, task_id, module_inst_id, status, task_completing_time) VALUES (649, 11, 57, 1, '23');
INSERT INTO recordings (recording_id, task_inst_id, file_path) VALUES (649, 649, 'recordings/eval_12_mod_2_task_649.wav');
INSERT INTO task_instances (task_inst_id, task_id, module_inst_id, status, task_completing_time) VALUES (650, 12, 57, 1, '208');
INSERT INTO recordings (recording_id, task_inst_id, file_path) VALUES (650, 650, 'recordings/eval_12_mod_2_task_650.wav');
INSERT INTO task_instances (task_inst_id, task_id, module_inst_id, status, task_completing_time) VALUES (651, 13, 57, 0, '59');
INSERT INTO recordings (recording_id, task_inst_id, file_path) VALUES (651, 651, 'recordings/eval_12_mod_2_task_651.wav');
INSERT INTO task_instances (task_inst_id, task_id, module_inst_id, status, task_completing_time) VALUES (652, 14, 57, 1, '134');
INSERT INTO recordings (recording_id, task_inst_id, file_path) VALUES (652, 652, 'recordings/eval_12_mod_2_task_652.wav');
INSERT INTO task_instances (task_inst_id, task_id, module_inst_id, status, task_completing_time) VALUES (653, 15, 57, 1, '77');
INSERT INTO recordings (recording_id, task_inst_id, file_path) VALUES (653, 653, 'recordings/eval_12_mod_2_task_653.wav');
INSERT INTO task_instances (task_inst_id, task_id, module_inst_id, status, task_completing_time) VALUES (654, 16, 57, 1, '155');
INSERT INTO recordings (recording_id, task_inst_id, file_path) VALUES (654, 654, 'recordings/eval_12_mod_2_task_654.wav');
INSERT INTO task_instances (task_inst_id, task_id, module_inst_id, status, task_completing_time) VALUES (655, 17, 57, 1, '244');
INSERT INTO recordings (recording_id, task_inst_id, file_path) VALUES (655, 655, 'recordings/eval_12_mod_2_task_655.wav');
INSERT INTO task_instances (task_inst_id, task_id, module_inst_id, status, task_completing_time) VALUES (656, 18, 57, 0, '90');
INSERT INTO recordings (recording_id, task_inst_id, file_path) VALUES (656, 656, 'recordings/eval_12_mod_2_task_656.wav');
INSERT INTO task_instances (task_inst_id, task_id, module_inst_id, status, task_completing_time) VALUES (657, 19, 57, 1, '169');
INSERT INTO recordings (recording_id, task_inst_id, file_path) VALUES (657, 657, 'recordings/eval_12_mod_2_task_657.wav');
INSERT INTO task_instances (task_inst_id, task_id, module_inst_id, status, task_completing_time) VALUES (658, 20, 57, 0, '260');
INSERT INTO recordings (recording_id, task_inst_id, file_path) VALUES (658, 658, 'recordings/eval_12_mod_2_task_658.wav');
INSERT INTO task_instances (task_inst_id, task_id, module_inst_id, status, task_completing_time) VALUES (659, 21, 57, 0, '27');
INSERT INTO recordings (recording_id, task_inst_id, file_path) VALUES (659, 659, 'recordings/eval_12_mod_2_task_659.wav');
INSERT INTO task_instances (task_inst_id, task_id, module_inst_id, status, task_completing_time) VALUES (660, 22, 57, 1, '275');
INSERT INTO recordings (recording_id, task_inst_id, file_path) VALUES (660, 660, 'recordings/eval_12_mod_2_task_660.wav');
INSERT INTO task_instances (task_inst_id, task_id, module_inst_id, status, task_completing_time) VALUES (661, 23, 57, 0, '31');
INSERT INTO recordings (recording_id, task_inst_id, file_path) VALUES (661, 661, 'recordings/eval_12_mod_2_task_661.wav');
INSERT INTO task_instances (task_inst_id, task_id, module_inst_id, status, task_completing_time) VALUES (662, 24, 57, 1, '294');
INSERT INTO recordings (recording_id, task_inst_id, file_path) VALUES (662, 662, 'recordings/eval_12_mod_2_task_662.wav');
INSERT INTO task_instances (task_inst_id, task_id, module_inst_id, status, task_completing_time) VALUES (663, 25, 57, 1, '34');
INSERT INTO recordings (recording_id, task_inst_id, file_path) VALUES (663, 663, 'recordings/eval_12_mod_2_task_663.wav');
INSERT INTO task_instances (task_inst_id, task_id, module_inst_id, status, task_completing_time) VALUES (664, 26, 57, 1, '55');
INSERT INTO recordings (recording_id, task_inst_id, file_path) VALUES (664, 664, 'recordings/eval_12_mod_2_task_664.wav');
INSERT INTO task_instances (task_inst_id, task_id, module_inst_id, status, task_completing_time) VALUES (665, 27, 57, 0, '48');
INSERT INTO recordings (recording_id, task_inst_id, file_path) VALUES (665, 665, 'recordings/eval_12_mod_2_task_665.wav');
INSERT INTO task_instances (task_inst_id, task_id, module_inst_id, status, task_completing_time) VALUES (666, 28, 57, 1, '104');
INSERT INTO recordings (recording_id, task_inst_id, file_path) VALUES (666, 666, 'recordings/eval_12_mod_2_task_666.wav');
INSERT INTO task_instances (task_inst_id, task_id, module_inst_id, status, task_completing_time) VALUES (667, 29, 57, 0, '251');
INSERT INTO recordings (recording_id, task_inst_id, file_path) VALUES (667, 667, 'recordings/eval_12_mod_2_task_667.wav');
INSERT INTO task_instances (task_inst_id, task_id, module_inst_id, status, task_completing_time) VALUES (668, 30, 57, 0, '8');
INSERT INTO recordings (recording_id, task_inst_id, file_path) VALUES (668, 668, 'recordings/eval_12_mod_2_task_668.wav');
INSERT INTO task_instances (task_inst_id, task_id, module_inst_id, status, task_completing_time) VALUES (669, 31, 57, 1, '202');
INSERT INTO recordings (recording_id, task_inst_id, file_path) VALUES (669, 669, 'recordings/eval_12_mod_2_task_669.wav');
INSERT INTO task_instances (task_inst_id, task_id, module_inst_id, status, task_completing_time) VALUES (670, 32, 57, 1, '90');
INSERT INTO recordings (recording_id, task_inst_id, file_path) VALUES (670, 670, 'recordings/eval_12_mod_2_task_670.wav');
INSERT INTO task_instances (task_inst_id, task_id, module_inst_id, status, task_completing_time) VALUES (671, 33, 57, 0, '271');
INSERT INTO recordings (recording_id, task_inst_id, file_path) VALUES (671, 671, 'recordings/eval_12_mod_2_task_671.wav');
INSERT INTO task_instances (task_inst_id, task_id, module_inst_id, status, task_completing_time) VALUES (672, 34, 57, 1, '141');
INSERT INTO recordings (recording_id, task_inst_id, file_path) VALUES (672, 672, 'recordings/eval_12_mod_2_task_672.wav');
INSERT INTO task_instances (task_inst_id, task_id, module_inst_id, status, task_completing_time) VALUES (673, 35, 57, 1, '258');
INSERT INTO recordings (recording_id, task_inst_id, file_path) VALUES (673, 673, 'recordings/eval_12_mod_2_task_673.wav');
INSERT INTO task_instances (task_inst_id, task_id, module_inst_id, status, task_completing_time) VALUES (674, 36, 57, 1, '241');
INSERT INTO recordings (recording_id, task_inst_id, file_path) VALUES (674, 674, 'recordings/eval_12_mod_2_task_674.wav');
INSERT INTO task_instances (task_inst_id, task_id, module_inst_id, status, task_completing_time) VALUES (675, 37, 57, 1, '53');
INSERT INTO recordings (recording_id, task_inst_id, file_path) VALUES (675, 675, 'recordings/eval_12_mod_2_task_675.wav');
INSERT INTO module_instances (module_inst_id, module_id, evaluation_id, status) VALUES (58, 3, 12, 1);
INSERT INTO task_instances (task_inst_id, task_id, module_inst_id, status, task_completing_time) VALUES (676, 38, 58, 1, '56');
INSERT INTO recordings (recording_id, task_inst_id, file_path) VALUES (676, 676, 'recordings/eval_12_mod_3_task_676.wav');
INSERT INTO task_instances (task_inst_id, task_id, module_inst_id, status, task_completing_time) VALUES (677, 39, 58, 1, '141');
INSERT INTO recordings (recording_id, task_inst_id, file_path) VALUES (677, 677, 'recordings/eval_12_mod_3_task_677.wav');
INSERT INTO task_instances (task_inst_id, task_id, module_inst_id, status, task_completing_time) VALUES (678, 40, 58, 1, '247');
INSERT INTO recordings (recording_id, task_inst_id, file_path) VALUES (678, 678, 'recordings/eval_12_mod_3_task_678.wav');
INSERT INTO task_instances (task_inst_id, task_id, module_inst_id, status, task_completing_time) VALUES (679, 41, 58, 1, '174');
INSERT INTO recordings (recording_id, task_inst_id, file_path) VALUES (679, 679, 'recordings/eval_12_mod_3_task_679.wav');
INSERT INTO task_instances (task_inst_id, task_id, module_inst_id, status, task_completing_time) VALUES (680, 42, 58, 1, '48');
INSERT INTO recordings (recording_id, task_inst_id, file_path) VALUES (680, 680, 'recordings/eval_12_mod_3_task_680.wav');
INSERT INTO task_instances (task_inst_id, task_id, module_inst_id, status, task_completing_time) VALUES (681, 43, 58, 1, '57');
INSERT INTO recordings (recording_id, task_inst_id, file_path) VALUES (681, 681, 'recordings/eval_12_mod_3_task_681.wav');
INSERT INTO task_instances (task_inst_id, task_id, module_inst_id, status, task_completing_time) VALUES (682, 44, 58, 1, '137');
INSERT INTO recordings (recording_id, task_inst_id, file_path) VALUES (682, 682, 'recordings/eval_12_mod_3_task_682.wav');
INSERT INTO task_instances (task_inst_id, task_id, module_inst_id, status, task_completing_time) VALUES (683, 45, 58, 0, '213');
INSERT INTO recordings (recording_id, task_inst_id, file_path) VALUES (683, 683, 'recordings/eval_12_mod_3_task_683.wav');
INSERT INTO task_instances (task_inst_id, task_id, module_inst_id, status, task_completing_time) VALUES (684, 46, 58, 1, '149');
INSERT INTO recordings (recording_id, task_inst_id, file_path) VALUES (684, 684, 'recordings/eval_12_mod_3_task_684.wav');
INSERT INTO module_instances (module_inst_id, module_id, evaluation_id, status) VALUES (59, 4, 12, 3);
INSERT INTO task_instances (task_inst_id, task_id, module_inst_id, status, task_completing_time) VALUES (685, 47, 59, 1, '20');
INSERT INTO recordings (recording_id, task_inst_id, file_path) VALUES (685, 685, 'recordings/eval_12_mod_4_task_685.wav');
INSERT INTO task_instances (task_inst_id, task_id, module_inst_id, status, task_completing_time) VALUES (686, 48, 59, 1, '276');
INSERT INTO recordings (recording_id, task_inst_id, file_path) VALUES (686, 686, 'recordings/eval_12_mod_4_task_686.wav');
INSERT INTO task_instances (task_inst_id, task_id, module_inst_id, status, task_completing_time) VALUES (687, 49, 59, 1, '172');
INSERT INTO recordings (recording_id, task_inst_id, file_path) VALUES (687, 687, 'recordings/eval_12_mod_4_task_687.wav');
INSERT INTO task_instances (task_inst_id, task_id, module_inst_id, status, task_completing_time) VALUES (688, 50, 59, 1, '125');
INSERT INTO recordings (recording_id, task_inst_id, file_path) VALUES (688, 688, 'recordings/eval_12_mod_4_task_688.wav');
INSERT INTO task_instances (task_inst_id, task_id, module_inst_id, status, task_completing_time) VALUES (689, 51, 59, 1, '200');
INSERT INTO recordings (recording_id, task_inst_id, file_path) VALUES (689, 689, 'recordings/eval_12_mod_4_task_689.wav');
INSERT INTO task_instances (task_inst_id, task_id, module_inst_id, status, task_completing_time) VALUES (690, 52, 59, 1, '200');
INSERT INTO recordings (recording_id, task_inst_id, file_path) VALUES (690, 690, 'recordings/eval_12_mod_4_task_690.wav');
INSERT INTO task_instances (task_inst_id, task_id, module_inst_id, status, task_completing_time) VALUES (691, 53, 59, 1, '234');
INSERT INTO recordings (recording_id, task_inst_id, file_path) VALUES (691, 691, 'recordings/eval_12_mod_4_task_691.wav');
INSERT INTO task_instances (task_inst_id, task_id, module_inst_id, status, task_completing_time) VALUES (692, 54, 59, 1, '211');
INSERT INTO recordings (recording_id, task_inst_id, file_path) VALUES (692, 692, 'recordings/eval_12_mod_4_task_692.wav');
INSERT INTO task_instances (task_inst_id, task_id, module_inst_id, status, task_completing_time) VALUES (693, 55, 59, 1, '142');
INSERT INTO recordings (recording_id, task_inst_id, file_path) VALUES (693, 693, 'recordings/eval_12_mod_4_task_693.wav');
INSERT INTO task_instances (task_inst_id, task_id, module_inst_id, status, task_completing_time) VALUES (694, 56, 59, 1, '9');
INSERT INTO recordings (recording_id, task_inst_id, file_path) VALUES (694, 694, 'recordings/eval_12_mod_4_task_694.wav');
INSERT INTO module_instances (module_inst_id, module_id, evaluation_id, status) VALUES (60, 9001, 12, 3);
INSERT INTO task_instances (task_inst_id, task_id, module_inst_id, status, task_completing_time) VALUES (695, 9001, 60, 1, '53');
INSERT INTO recordings (recording_id, task_inst_id, file_path) VALUES (695, 695, 'recordings/eval_12_mod_9001_task_695.wav');
INSERT INTO task_instances (task_inst_id, task_id, module_inst_id, status, task_completing_time) VALUES (696, 9002, 60, 1, '248');
INSERT INTO recordings (recording_id, task_inst_id, file_path) VALUES (696, 696, 'recordings/eval_12_mod_9001_task_696.wav');
INSERT INTO participants (participant_id, name, surname, education_level, sex, birth_date, laterality) VALUES (13, 'qtHi+3RGOODLdSAFiNMYBA==', 'qdn6/9bgUIKheSwJhN8UCA==', 4, 1, '1977-11-10', 2);
INSERT INTO evaluations (evaluation_id, evaluation_date, evaluator_id, participant_id, status, language) VALUES (13, '2025-09-10 13:52:00', 3, 13, 3, 1);
INSERT INTO module_instances (module_inst_id, module_id, evaluation_id, status) VALUES (61, 1, 13, 3);
INSERT INTO task_instances (task_inst_id, task_id, module_inst_id, status, task_completing_time) VALUES (697, 1, 61, 1, '27');
INSERT INTO recordings (recording_id, task_inst_id, file_path) VALUES (697, 697, 'recordings/eval_13_mod_1_task_697.wav');
INSERT INTO task_instances (task_inst_id, task_id, module_inst_id, status, task_completing_time) VALUES (698, 2, 61, 1, '133');
INSERT INTO recordings (recording_id, task_inst_id, file_path) VALUES (698, 698, 'recordings/eval_13_mod_1_task_698.wav');
INSERT INTO task_instances (task_inst_id, task_id, module_inst_id, status, task_completing_time) VALUES (699, 3, 61, 1, '30');
INSERT INTO recordings (recording_id, task_inst_id, file_path) VALUES (699, 699, 'recordings/eval_13_mod_1_task_699.wav');
INSERT INTO task_instances (task_inst_id, task_id, module_inst_id, status, task_completing_time) VALUES (700, 4, 61, 1, '171');
INSERT INTO recordings (recording_id, task_inst_id, file_path) VALUES (700, 700, 'recordings/eval_13_mod_1_task_700.wav');
INSERT INTO task_instances (task_inst_id, task_id, module_inst_id, status, task_completing_time) VALUES (701, 5, 61, 1, '252');
INSERT INTO recordings (recording_id, task_inst_id, file_path) VALUES (701, 701, 'recordings/eval_13_mod_1_task_701.wav');
INSERT INTO task_instances (task_inst_id, task_id, module_inst_id, status, task_completing_time) VALUES (702, 6, 61, 0, '281');
INSERT INTO recordings (recording_id, task_inst_id, file_path) VALUES (702, 702, 'recordings/eval_13_mod_1_task_702.wav');
INSERT INTO task_instances (task_inst_id, task_id, module_inst_id, status, task_completing_time) VALUES (703, 7, 61, 1, '264');
INSERT INTO recordings (recording_id, task_inst_id, file_path) VALUES (703, 703, 'recordings/eval_13_mod_1_task_703.wav');
INSERT INTO task_instances (task_inst_id, task_id, module_inst_id, status, task_completing_time) VALUES (704, 8, 61, 1, '113');
INSERT INTO recordings (recording_id, task_inst_id, file_path) VALUES (704, 704, 'recordings/eval_13_mod_1_task_704.wav');
INSERT INTO task_instances (task_inst_id, task_id, module_inst_id, status, task_completing_time) VALUES (705, 9, 61, 1, '50');
INSERT INTO recordings (recording_id, task_inst_id, file_path) VALUES (705, 705, 'recordings/eval_13_mod_1_task_705.wav');
INSERT INTO task_instances (task_inst_id, task_id, module_inst_id, status, task_completing_time) VALUES (706, 10, 61, 0, '200');
INSERT INTO recordings (recording_id, task_inst_id, file_path) VALUES (706, 706, 'recordings/eval_13_mod_1_task_706.wav');
INSERT INTO module_instances (module_inst_id, module_id, evaluation_id, status) VALUES (62, 2, 13, 3);
INSERT INTO task_instances (task_inst_id, task_id, module_inst_id, status, task_completing_time) VALUES (707, 11, 62, 1, '53');
INSERT INTO recordings (recording_id, task_inst_id, file_path) VALUES (707, 707, 'recordings/eval_13_mod_2_task_707.wav');
INSERT INTO task_instances (task_inst_id, task_id, module_inst_id, status, task_completing_time) VALUES (708, 12, 62, 1, '57');
INSERT INTO recordings (recording_id, task_inst_id, file_path) VALUES (708, 708, 'recordings/eval_13_mod_2_task_708.wav');
INSERT INTO task_instances (task_inst_id, task_id, module_inst_id, status, task_completing_time) VALUES (709, 13, 62, 1, '65');
INSERT INTO recordings (recording_id, task_inst_id, file_path) VALUES (709, 709, 'recordings/eval_13_mod_2_task_709.wav');
INSERT INTO task_instances (task_inst_id, task_id, module_inst_id, status, task_completing_time) VALUES (710, 14, 62, 1, '279');
INSERT INTO recordings (recording_id, task_inst_id, file_path) VALUES (710, 710, 'recordings/eval_13_mod_2_task_710.wav');
INSERT INTO task_instances (task_inst_id, task_id, module_inst_id, status, task_completing_time) VALUES (711, 15, 62, 1, '97');
INSERT INTO recordings (recording_id, task_inst_id, file_path) VALUES (711, 711, 'recordings/eval_13_mod_2_task_711.wav');
INSERT INTO task_instances (task_inst_id, task_id, module_inst_id, status, task_completing_time) VALUES (712, 16, 62, 1, '36');
INSERT INTO recordings (recording_id, task_inst_id, file_path) VALUES (712, 712, 'recordings/eval_13_mod_2_task_712.wav');
INSERT INTO task_instances (task_inst_id, task_id, module_inst_id, status, task_completing_time) VALUES (713, 17, 62, 1, '172');
INSERT INTO recordings (recording_id, task_inst_id, file_path) VALUES (713, 713, 'recordings/eval_13_mod_2_task_713.wav');
INSERT INTO task_instances (task_inst_id, task_id, module_inst_id, status, task_completing_time) VALUES (714, 18, 62, 1, '178');
INSERT INTO recordings (recording_id, task_inst_id, file_path) VALUES (714, 714, 'recordings/eval_13_mod_2_task_714.wav');
INSERT INTO task_instances (task_inst_id, task_id, module_inst_id, status, task_completing_time) VALUES (715, 19, 62, 0, '62');
INSERT INTO recordings (recording_id, task_inst_id, file_path) VALUES (715, 715, 'recordings/eval_13_mod_2_task_715.wav');
INSERT INTO task_instances (task_inst_id, task_id, module_inst_id, status, task_completing_time) VALUES (716, 20, 62, 1, '43');
INSERT INTO recordings (recording_id, task_inst_id, file_path) VALUES (716, 716, 'recordings/eval_13_mod_2_task_716.wav');
INSERT INTO task_instances (task_inst_id, task_id, module_inst_id, status, task_completing_time) VALUES (717, 21, 62, 1, '21');
INSERT INTO recordings (recording_id, task_inst_id, file_path) VALUES (717, 717, 'recordings/eval_13_mod_2_task_717.wav');
INSERT INTO task_instances (task_inst_id, task_id, module_inst_id, status, task_completing_time) VALUES (718, 22, 62, 1, '239');
INSERT INTO recordings (recording_id, task_inst_id, file_path) VALUES (718, 718, 'recordings/eval_13_mod_2_task_718.wav');
INSERT INTO task_instances (task_inst_id, task_id, module_inst_id, status, task_completing_time) VALUES (719, 23, 62, 1, '9');
INSERT INTO recordings (recording_id, task_inst_id, file_path) VALUES (719, 719, 'recordings/eval_13_mod_2_task_719.wav');
INSERT INTO task_instances (task_inst_id, task_id, module_inst_id, status, task_completing_time) VALUES (720, 24, 62, 1, '288');
INSERT INTO recordings (recording_id, task_inst_id, file_path) VALUES (720, 720, 'recordings/eval_13_mod_2_task_720.wav');
INSERT INTO task_instances (task_inst_id, task_id, module_inst_id, status, task_completing_time) VALUES (721, 25, 62, 0, '26');
INSERT INTO recordings (recording_id, task_inst_id, file_path) VALUES (721, 721, 'recordings/eval_13_mod_2_task_721.wav');
INSERT INTO task_instances (task_inst_id, task_id, module_inst_id, status, task_completing_time) VALUES (722, 26, 62, 1, '264');
INSERT INTO recordings (recording_id, task_inst_id, file_path) VALUES (722, 722, 'recordings/eval_13_mod_2_task_722.wav');
INSERT INTO task_instances (task_inst_id, task_id, module_inst_id, status, task_completing_time) VALUES (723, 27, 62, 0, '123');
INSERT INTO recordings (recording_id, task_inst_id, file_path) VALUES (723, 723, 'recordings/eval_13_mod_2_task_723.wav');
INSERT INTO task_instances (task_inst_id, task_id, module_inst_id, status, task_completing_time) VALUES (724, 28, 62, 0, '98');
INSERT INTO recordings (recording_id, task_inst_id, file_path) VALUES (724, 724, 'recordings/eval_13_mod_2_task_724.wav');
INSERT INTO task_instances (task_inst_id, task_id, module_inst_id, status, task_completing_time) VALUES (725, 29, 62, 1, '234');
INSERT INTO recordings (recording_id, task_inst_id, file_path) VALUES (725, 725, 'recordings/eval_13_mod_2_task_725.wav');
INSERT INTO task_instances (task_inst_id, task_id, module_inst_id, status, task_completing_time) VALUES (726, 30, 62, 1, '40');
INSERT INTO recordings (recording_id, task_inst_id, file_path) VALUES (726, 726, 'recordings/eval_13_mod_2_task_726.wav');
INSERT INTO task_instances (task_inst_id, task_id, module_inst_id, status, task_completing_time) VALUES (727, 31, 62, 0, '260');
INSERT INTO recordings (recording_id, task_inst_id, file_path) VALUES (727, 727, 'recordings/eval_13_mod_2_task_727.wav');
INSERT INTO task_instances (task_inst_id, task_id, module_inst_id, status, task_completing_time) VALUES (728, 32, 62, 1, '179');
INSERT INTO recordings (recording_id, task_inst_id, file_path) VALUES (728, 728, 'recordings/eval_13_mod_2_task_728.wav');
INSERT INTO task_instances (task_inst_id, task_id, module_inst_id, status, task_completing_time) VALUES (729, 33, 62, 0, '234');
INSERT INTO recordings (recording_id, task_inst_id, file_path) VALUES (729, 729, 'recordings/eval_13_mod_2_task_729.wav');
INSERT INTO task_instances (task_inst_id, task_id, module_inst_id, status, task_completing_time) VALUES (730, 34, 62, 1, '86');
INSERT INTO recordings (recording_id, task_inst_id, file_path) VALUES (730, 730, 'recordings/eval_13_mod_2_task_730.wav');
INSERT INTO task_instances (task_inst_id, task_id, module_inst_id, status, task_completing_time) VALUES (731, 35, 62, 0, '112');
INSERT INTO recordings (recording_id, task_inst_id, file_path) VALUES (731, 731, 'recordings/eval_13_mod_2_task_731.wav');
INSERT INTO task_instances (task_inst_id, task_id, module_inst_id, status, task_completing_time) VALUES (732, 36, 62, 1, '97');
INSERT INTO recordings (recording_id, task_inst_id, file_path) VALUES (732, 732, 'recordings/eval_13_mod_2_task_732.wav');
INSERT INTO task_instances (task_inst_id, task_id, module_inst_id, status, task_completing_time) VALUES (733, 37, 62, 1, '260');
INSERT INTO recordings (recording_id, task_inst_id, file_path) VALUES (733, 733, 'recordings/eval_13_mod_2_task_733.wav');
INSERT INTO module_instances (module_inst_id, module_id, evaluation_id, status) VALUES (63, 3, 13, 2);
INSERT INTO task_instances (task_inst_id, task_id, module_inst_id, status, task_completing_time) VALUES (734, 38, 63, 1, '51');
INSERT INTO recordings (recording_id, task_inst_id, file_path) VALUES (734, 734, 'recordings/eval_13_mod_3_task_734.wav');
INSERT INTO task_instances (task_inst_id, task_id, module_inst_id, status, task_completing_time) VALUES (735, 39, 63, 1, '236');
INSERT INTO recordings (recording_id, task_inst_id, file_path) VALUES (735, 735, 'recordings/eval_13_mod_3_task_735.wav');
INSERT INTO task_instances (task_inst_id, task_id, module_inst_id, status, task_completing_time) VALUES (736, 40, 63, 1, '73');
INSERT INTO recordings (recording_id, task_inst_id, file_path) VALUES (736, 736, 'recordings/eval_13_mod_3_task_736.wav');
INSERT INTO task_instances (task_inst_id, task_id, module_inst_id, status, task_completing_time) VALUES (737, 41, 63, 1, '198');
INSERT INTO recordings (recording_id, task_inst_id, file_path) VALUES (737, 737, 'recordings/eval_13_mod_3_task_737.wav');
INSERT INTO task_instances (task_inst_id, task_id, module_inst_id, status, task_completing_time) VALUES (738, 42, 63, 1, '98');
INSERT INTO recordings (recording_id, task_inst_id, file_path) VALUES (738, 738, 'recordings/eval_13_mod_3_task_738.wav');
INSERT INTO task_instances (task_inst_id, task_id, module_inst_id, status, task_completing_time) VALUES (739, 43, 63, 1, '155');
INSERT INTO recordings (recording_id, task_inst_id, file_path) VALUES (739, 739, 'recordings/eval_13_mod_3_task_739.wav');
INSERT INTO task_instances (task_inst_id, task_id, module_inst_id, status, task_completing_time) VALUES (740, 44, 63, 1, '222');
INSERT INTO recordings (recording_id, task_inst_id, file_path) VALUES (740, 740, 'recordings/eval_13_mod_3_task_740.wav');
INSERT INTO task_instances (task_inst_id, task_id, module_inst_id, status, task_completing_time) VALUES (741, 45, 63, 1, '160');
INSERT INTO recordings (recording_id, task_inst_id, file_path) VALUES (741, 741, 'recordings/eval_13_mod_3_task_741.wav');
INSERT INTO task_instances (task_inst_id, task_id, module_inst_id, status, task_completing_time) VALUES (742, 46, 63, 0, '126');
INSERT INTO recordings (recording_id, task_inst_id, file_path) VALUES (742, 742, 'recordings/eval_13_mod_3_task_742.wav');
INSERT INTO module_instances (module_inst_id, module_id, evaluation_id, status) VALUES (64, 4, 13, 2);
INSERT INTO task_instances (task_inst_id, task_id, module_inst_id, status, task_completing_time) VALUES (743, 47, 64, 1, '12');
INSERT INTO recordings (recording_id, task_inst_id, file_path) VALUES (743, 743, 'recordings/eval_13_mod_4_task_743.wav');
INSERT INTO task_instances (task_inst_id, task_id, module_inst_id, status, task_completing_time) VALUES (744, 48, 64, 1, '279');
INSERT INTO recordings (recording_id, task_inst_id, file_path) VALUES (744, 744, 'recordings/eval_13_mod_4_task_744.wav');
INSERT INTO task_instances (task_inst_id, task_id, module_inst_id, status, task_completing_time) VALUES (745, 49, 64, 1, '21');
INSERT INTO recordings (recording_id, task_inst_id, file_path) VALUES (745, 745, 'recordings/eval_13_mod_4_task_745.wav');
INSERT INTO task_instances (task_inst_id, task_id, module_inst_id, status, task_completing_time) VALUES (746, 50, 64, 1, '106');
INSERT INTO recordings (recording_id, task_inst_id, file_path) VALUES (746, 746, 'recordings/eval_13_mod_4_task_746.wav');
INSERT INTO task_instances (task_inst_id, task_id, module_inst_id, status, task_completing_time) VALUES (747, 51, 64, 1, '179');
INSERT INTO recordings (recording_id, task_inst_id, file_path) VALUES (747, 747, 'recordings/eval_13_mod_4_task_747.wav');
INSERT INTO task_instances (task_inst_id, task_id, module_inst_id, status, task_completing_time) VALUES (748, 52, 64, 1, '124');
INSERT INTO recordings (recording_id, task_inst_id, file_path) VALUES (748, 748, 'recordings/eval_13_mod_4_task_748.wav');
INSERT INTO task_instances (task_inst_id, task_id, module_inst_id, status, task_completing_time) VALUES (749, 53, 64, 0, '217');
INSERT INTO recordings (recording_id, task_inst_id, file_path) VALUES (749, 749, 'recordings/eval_13_mod_4_task_749.wav');
INSERT INTO task_instances (task_inst_id, task_id, module_inst_id, status, task_completing_time) VALUES (750, 54, 64, 1, '53');
INSERT INTO recordings (recording_id, task_inst_id, file_path) VALUES (750, 750, 'recordings/eval_13_mod_4_task_750.wav');
INSERT INTO task_instances (task_inst_id, task_id, module_inst_id, status, task_completing_time) VALUES (751, 55, 64, 1, '261');
INSERT INTO recordings (recording_id, task_inst_id, file_path) VALUES (751, 751, 'recordings/eval_13_mod_4_task_751.wav');
INSERT INTO task_instances (task_inst_id, task_id, module_inst_id, status, task_completing_time) VALUES (752, 56, 64, 1, '33');
INSERT INTO recordings (recording_id, task_inst_id, file_path) VALUES (752, 752, 'recordings/eval_13_mod_4_task_752.wav');
INSERT INTO module_instances (module_inst_id, module_id, evaluation_id, status) VALUES (65, 9001, 13, 1);
INSERT INTO task_instances (task_inst_id, task_id, module_inst_id, status, task_completing_time) VALUES (753, 9001, 65, 1, '31');
INSERT INTO recordings (recording_id, task_inst_id, file_path) VALUES (753, 753, 'recordings/eval_13_mod_9001_task_753.wav');
INSERT INTO task_instances (task_inst_id, task_id, module_inst_id, status, task_completing_time) VALUES (754, 9002, 65, 1, '259');
INSERT INTO recordings (recording_id, task_inst_id, file_path) VALUES (754, 754, 'recordings/eval_13_mod_9001_task_754.wav');
INSERT INTO participants (participant_id, name, surname, education_level, sex, birth_date, laterality) VALUES (14, 'sN9VKtjgUIKheSwJhN8UCA==', 'u9z77N6POoCjey4Lht0WCg==', 4, 1, '1960-08-07', 1);
INSERT INTO evaluations (evaluation_id, evaluation_date, evaluator_id, participant_id, status, language) VALUES (14, '2025-09-20 15:58:00', 3, 14, 3, 1);
INSERT INTO module_instances (module_inst_id, module_id, evaluation_id, status) VALUES (66, 1, 14, 2);
INSERT INTO task_instances (task_inst_id, task_id, module_inst_id, status, task_completing_time) VALUES (755, 1, 66, 0, '35');
INSERT INTO recordings (recording_id, task_inst_id, file_path) VALUES (755, 755, 'recordings/eval_14_mod_1_task_755.wav');
INSERT INTO task_instances (task_inst_id, task_id, module_inst_id, status, task_completing_time) VALUES (756, 2, 66, 1, '233');
INSERT INTO recordings (recording_id, task_inst_id, file_path) VALUES (756, 756, 'recordings/eval_14_mod_1_task_756.wav');
INSERT INTO task_instances (task_inst_id, task_id, module_inst_id, status, task_completing_time) VALUES (757, 3, 66, 1, '242');
INSERT INTO recordings (recording_id, task_inst_id, file_path) VALUES (757, 757, 'recordings/eval_14_mod_1_task_757.wav');
INSERT INTO task_instances (task_inst_id, task_id, module_inst_id, status, task_completing_time) VALUES (758, 4, 66, 1, '146');
INSERT INTO recordings (recording_id, task_inst_id, file_path) VALUES (758, 758, 'recordings/eval_14_mod_1_task_758.wav');
INSERT INTO task_instances (task_inst_id, task_id, module_inst_id, status, task_completing_time) VALUES (759, 5, 66, 1, '164');
INSERT INTO recordings (recording_id, task_inst_id, file_path) VALUES (759, 759, 'recordings/eval_14_mod_1_task_759.wav');
INSERT INTO task_instances (task_inst_id, task_id, module_inst_id, status, task_completing_time) VALUES (760, 6, 66, 1, '161');
INSERT INTO recordings (recording_id, task_inst_id, file_path) VALUES (760, 760, 'recordings/eval_14_mod_1_task_760.wav');
INSERT INTO task_instances (task_inst_id, task_id, module_inst_id, status, task_completing_time) VALUES (761, 7, 66, 1, '114');
INSERT INTO recordings (recording_id, task_inst_id, file_path) VALUES (761, 761, 'recordings/eval_14_mod_1_task_761.wav');
INSERT INTO task_instances (task_inst_id, task_id, module_inst_id, status, task_completing_time) VALUES (762, 8, 66, 0, '181');
INSERT INTO recordings (recording_id, task_inst_id, file_path) VALUES (762, 762, 'recordings/eval_14_mod_1_task_762.wav');
INSERT INTO task_instances (task_inst_id, task_id, module_inst_id, status, task_completing_time) VALUES (763, 9, 66, 1, '110');
INSERT INTO recordings (recording_id, task_inst_id, file_path) VALUES (763, 763, 'recordings/eval_14_mod_1_task_763.wav');
INSERT INTO task_instances (task_inst_id, task_id, module_inst_id, status, task_completing_time) VALUES (764, 10, 66, 1, '150');
INSERT INTO recordings (recording_id, task_inst_id, file_path) VALUES (764, 764, 'recordings/eval_14_mod_1_task_764.wav');
INSERT INTO module_instances (module_inst_id, module_id, evaluation_id, status) VALUES (67, 2, 14, 2);
INSERT INTO task_instances (task_inst_id, task_id, module_inst_id, status, task_completing_time) VALUES (765, 11, 67, 0, '37');
INSERT INTO recordings (recording_id, task_inst_id, file_path) VALUES (765, 765, 'recordings/eval_14_mod_2_task_765.wav');
INSERT INTO task_instances (task_inst_id, task_id, module_inst_id, status, task_completing_time) VALUES (766, 12, 67, 1, '267');
INSERT INTO recordings (recording_id, task_inst_id, file_path) VALUES (766, 766, 'recordings/eval_14_mod_2_task_766.wav');
INSERT INTO task_instances (task_inst_id, task_id, module_inst_id, status, task_completing_time) VALUES (767, 13, 67, 0, '220');
INSERT INTO recordings (recording_id, task_inst_id, file_path) VALUES (767, 767, 'recordings/eval_14_mod_2_task_767.wav');
INSERT INTO task_instances (task_inst_id, task_id, module_inst_id, status, task_completing_time) VALUES (768, 14, 67, 1, '42');
INSERT INTO recordings (recording_id, task_inst_id, file_path) VALUES (768, 768, 'recordings/eval_14_mod_2_task_768.wav');
INSERT INTO task_instances (task_inst_id, task_id, module_inst_id, status, task_completing_time) VALUES (769, 15, 67, 1, '61');
INSERT INTO recordings (recording_id, task_inst_id, file_path) VALUES (769, 769, 'recordings/eval_14_mod_2_task_769.wav');
INSERT INTO task_instances (task_inst_id, task_id, module_inst_id, status, task_completing_time) VALUES (770, 16, 67, 1, '98');
INSERT INTO recordings (recording_id, task_inst_id, file_path) VALUES (770, 770, 'recordings/eval_14_mod_2_task_770.wav');
INSERT INTO task_instances (task_inst_id, task_id, module_inst_id, status, task_completing_time) VALUES (771, 17, 67, 1, '68');
INSERT INTO recordings (recording_id, task_inst_id, file_path) VALUES (771, 771, 'recordings/eval_14_mod_2_task_771.wav');
INSERT INTO task_instances (task_inst_id, task_id, module_inst_id, status, task_completing_time) VALUES (772, 18, 67, 1, '229');
INSERT INTO recordings (recording_id, task_inst_id, file_path) VALUES (772, 772, 'recordings/eval_14_mod_2_task_772.wav');
INSERT INTO task_instances (task_inst_id, task_id, module_inst_id, status, task_completing_time) VALUES (773, 19, 67, 0, '45');
INSERT INTO recordings (recording_id, task_inst_id, file_path) VALUES (773, 773, 'recordings/eval_14_mod_2_task_773.wav');
INSERT INTO task_instances (task_inst_id, task_id, module_inst_id, status, task_completing_time) VALUES (774, 20, 67, 1, '186');
INSERT INTO recordings (recording_id, task_inst_id, file_path) VALUES (774, 774, 'recordings/eval_14_mod_2_task_774.wav');
INSERT INTO task_instances (task_inst_id, task_id, module_inst_id, status, task_completing_time) VALUES (775, 21, 67, 1, '11');
INSERT INTO recordings (recording_id, task_inst_id, file_path) VALUES (775, 775, 'recordings/eval_14_mod_2_task_775.wav');
INSERT INTO task_instances (task_inst_id, task_id, module_inst_id, status, task_completing_time) VALUES (776, 22, 67, 1, '92');
INSERT INTO recordings (recording_id, task_inst_id, file_path) VALUES (776, 776, 'recordings/eval_14_mod_2_task_776.wav');
INSERT INTO task_instances (task_inst_id, task_id, module_inst_id, status, task_completing_time) VALUES (777, 23, 67, 1, '20');
INSERT INTO recordings (recording_id, task_inst_id, file_path) VALUES (777, 777, 'recordings/eval_14_mod_2_task_777.wav');
INSERT INTO task_instances (task_inst_id, task_id, module_inst_id, status, task_completing_time) VALUES (778, 24, 67, 1, '22');
INSERT INTO recordings (recording_id, task_inst_id, file_path) VALUES (778, 778, 'recordings/eval_14_mod_2_task_778.wav');
INSERT INTO task_instances (task_inst_id, task_id, module_inst_id, status, task_completing_time) VALUES (779, 25, 67, 1, '17');
INSERT INTO recordings (recording_id, task_inst_id, file_path) VALUES (779, 779, 'recordings/eval_14_mod_2_task_779.wav');
INSERT INTO task_instances (task_inst_id, task_id, module_inst_id, status, task_completing_time) VALUES (780, 26, 67, 1, '140');
INSERT INTO recordings (recording_id, task_inst_id, file_path) VALUES (780, 780, 'recordings/eval_14_mod_2_task_780.wav');
INSERT INTO task_instances (task_inst_id, task_id, module_inst_id, status, task_completing_time) VALUES (781, 27, 67, 1, '29');
INSERT INTO recordings (recording_id, task_inst_id, file_path) VALUES (781, 781, 'recordings/eval_14_mod_2_task_781.wav');
INSERT INTO task_instances (task_inst_id, task_id, module_inst_id, status, task_completing_time) VALUES (782, 28, 67, 1, '177');
INSERT INTO recordings (recording_id, task_inst_id, file_path) VALUES (782, 782, 'recordings/eval_14_mod_2_task_782.wav');
INSERT INTO task_instances (task_inst_id, task_id, module_inst_id, status, task_completing_time) VALUES (783, 29, 67, 1, '126');
INSERT INTO recordings (recording_id, task_inst_id, file_path) VALUES (783, 783, 'recordings/eval_14_mod_2_task_783.wav');
INSERT INTO task_instances (task_inst_id, task_id, module_inst_id, status, task_completing_time) VALUES (784, 30, 67, 1, '50');
INSERT INTO recordings (recording_id, task_inst_id, file_path) VALUES (784, 784, 'recordings/eval_14_mod_2_task_784.wav');
INSERT INTO task_instances (task_inst_id, task_id, module_inst_id, status, task_completing_time) VALUES (785, 31, 67, 1, '185');
INSERT INTO recordings (recording_id, task_inst_id, file_path) VALUES (785, 785, 'recordings/eval_14_mod_2_task_785.wav');
INSERT INTO task_instances (task_inst_id, task_id, module_inst_id, status, task_completing_time) VALUES (786, 32, 67, 0, '120');
INSERT INTO recordings (recording_id, task_inst_id, file_path) VALUES (786, 786, 'recordings/eval_14_mod_2_task_786.wav');
INSERT INTO task_instances (task_inst_id, task_id, module_inst_id, status, task_completing_time) VALUES (787, 33, 67, 0, '270');
INSERT INTO recordings (recording_id, task_inst_id, file_path) VALUES (787, 787, 'recordings/eval_14_mod_2_task_787.wav');
INSERT INTO task_instances (task_inst_id, task_id, module_inst_id, status, task_completing_time) VALUES (788, 34, 67, 1, '264');
INSERT INTO recordings (recording_id, task_inst_id, file_path) VALUES (788, 788, 'recordings/eval_14_mod_2_task_788.wav');
INSERT INTO task_instances (task_inst_id, task_id, module_inst_id, status, task_completing_time) VALUES (789, 35, 67, 0, '232');
INSERT INTO recordings (recording_id, task_inst_id, file_path) VALUES (789, 789, 'recordings/eval_14_mod_2_task_789.wav');
INSERT INTO task_instances (task_inst_id, task_id, module_inst_id, status, task_completing_time) VALUES (790, 36, 67, 0, '239');
INSERT INTO recordings (recording_id, task_inst_id, file_path) VALUES (790, 790, 'recordings/eval_14_mod_2_task_790.wav');
INSERT INTO task_instances (task_inst_id, task_id, module_inst_id, status, task_completing_time) VALUES (791, 37, 67, 1, '258');
INSERT INTO recordings (recording_id, task_inst_id, file_path) VALUES (791, 791, 'recordings/eval_14_mod_2_task_791.wav');
INSERT INTO module_instances (module_inst_id, module_id, evaluation_id, status) VALUES (68, 3, 14, 2);
INSERT INTO task_instances (task_inst_id, task_id, module_inst_id, status, task_completing_time) VALUES (792, 38, 68, 1, '7');
INSERT INTO recordings (recording_id, task_inst_id, file_path) VALUES (792, 792, 'recordings/eval_14_mod_3_task_792.wav');
INSERT INTO task_instances (task_inst_id, task_id, module_inst_id, status, task_completing_time) VALUES (793, 39, 68, 1, '154');
INSERT INTO recordings (recording_id, task_inst_id, file_path) VALUES (793, 793, 'recordings/eval_14_mod_3_task_793.wav');
INSERT INTO task_instances (task_inst_id, task_id, module_inst_id, status, task_completing_time) VALUES (794, 40, 68, 1, '280');
INSERT INTO recordings (recording_id, task_inst_id, file_path) VALUES (794, 794, 'recordings/eval_14_mod_3_task_794.wav');
INSERT INTO task_instances (task_inst_id, task_id, module_inst_id, status, task_completing_time) VALUES (795, 41, 68, 0, '135');
INSERT INTO recordings (recording_id, task_inst_id, file_path) VALUES (795, 795, 'recordings/eval_14_mod_3_task_795.wav');
INSERT INTO task_instances (task_inst_id, task_id, module_inst_id, status, task_completing_time) VALUES (796, 42, 68, 1, '222');
INSERT INTO recordings (recording_id, task_inst_id, file_path) VALUES (796, 796, 'recordings/eval_14_mod_3_task_796.wav');
INSERT INTO task_instances (task_inst_id, task_id, module_inst_id, status, task_completing_time) VALUES (797, 43, 68, 0, '178');
INSERT INTO recordings (recording_id, task_inst_id, file_path) VALUES (797, 797, 'recordings/eval_14_mod_3_task_797.wav');
INSERT INTO task_instances (task_inst_id, task_id, module_inst_id, status, task_completing_time) VALUES (798, 44, 68, 1, '174');
INSERT INTO recordings (recording_id, task_inst_id, file_path) VALUES (798, 798, 'recordings/eval_14_mod_3_task_798.wav');
INSERT INTO task_instances (task_inst_id, task_id, module_inst_id, status, task_completing_time) VALUES (799, 45, 68, 1, '134');
INSERT INTO recordings (recording_id, task_inst_id, file_path) VALUES (799, 799, 'recordings/eval_14_mod_3_task_799.wav');
INSERT INTO task_instances (task_inst_id, task_id, module_inst_id, status, task_completing_time) VALUES (800, 46, 68, 1, '41');
INSERT INTO recordings (recording_id, task_inst_id, file_path) VALUES (800, 800, 'recordings/eval_14_mod_3_task_800.wav');
INSERT INTO module_instances (module_inst_id, module_id, evaluation_id, status) VALUES (69, 4, 14, 3);
INSERT INTO task_instances (task_inst_id, task_id, module_inst_id, status, task_completing_time) VALUES (801, 47, 69, 1, '20');
INSERT INTO recordings (recording_id, task_inst_id, file_path) VALUES (801, 801, 'recordings/eval_14_mod_4_task_801.wav');
INSERT INTO task_instances (task_inst_id, task_id, module_inst_id, status, task_completing_time) VALUES (802, 48, 69, 1, '41');
INSERT INTO recordings (recording_id, task_inst_id, file_path) VALUES (802, 802, 'recordings/eval_14_mod_4_task_802.wav');
INSERT INTO task_instances (task_inst_id, task_id, module_inst_id, status, task_completing_time) VALUES (803, 49, 69, 1, '99');
INSERT INTO recordings (recording_id, task_inst_id, file_path) VALUES (803, 803, 'recordings/eval_14_mod_4_task_803.wav');
INSERT INTO task_instances (task_inst_id, task_id, module_inst_id, status, task_completing_time) VALUES (804, 50, 69, 1, '264');
INSERT INTO recordings (recording_id, task_inst_id, file_path) VALUES (804, 804, 'recordings/eval_14_mod_4_task_804.wav');
INSERT INTO task_instances (task_inst_id, task_id, module_inst_id, status, task_completing_time) VALUES (805, 51, 69, 1, '109');
INSERT INTO recordings (recording_id, task_inst_id, file_path) VALUES (805, 805, 'recordings/eval_14_mod_4_task_805.wav');
INSERT INTO task_instances (task_inst_id, task_id, module_inst_id, status, task_completing_time) VALUES (806, 52, 69, 1, '28');
INSERT INTO recordings (recording_id, task_inst_id, file_path) VALUES (806, 806, 'recordings/eval_14_mod_4_task_806.wav');
INSERT INTO task_instances (task_inst_id, task_id, module_inst_id, status, task_completing_time) VALUES (807, 53, 69, 1, '194');
INSERT INTO recordings (recording_id, task_inst_id, file_path) VALUES (807, 807, 'recordings/eval_14_mod_4_task_807.wav');
INSERT INTO task_instances (task_inst_id, task_id, module_inst_id, status, task_completing_time) VALUES (808, 54, 69, 1, '279');
INSERT INTO recordings (recording_id, task_inst_id, file_path) VALUES (808, 808, 'recordings/eval_14_mod_4_task_808.wav');
INSERT INTO task_instances (task_inst_id, task_id, module_inst_id, status, task_completing_time) VALUES (809, 55, 69, 0, '136');
INSERT INTO recordings (recording_id, task_inst_id, file_path) VALUES (809, 809, 'recordings/eval_14_mod_4_task_809.wav');
INSERT INTO task_instances (task_inst_id, task_id, module_inst_id, status, task_completing_time) VALUES (810, 56, 69, 1, '15');
INSERT INTO recordings (recording_id, task_inst_id, file_path) VALUES (810, 810, 'recordings/eval_14_mod_4_task_810.wav');
INSERT INTO module_instances (module_inst_id, module_id, evaluation_id, status) VALUES (70, 9001, 14, 3);
INSERT INTO task_instances (task_inst_id, task_id, module_inst_id, status, task_completing_time) VALUES (811, 9001, 70, 1, '59');
INSERT INTO recordings (recording_id, task_inst_id, file_path) VALUES (811, 811, 'recordings/eval_14_mod_9001_task_811.wav');
INSERT INTO task_instances (task_inst_id, task_id, module_inst_id, status, task_completing_time) VALUES (812, 9002, 70, 1, '90');
INSERT INTO recordings (recording_id, task_inst_id, file_path) VALUES (812, 812, 'recordings/eval_14_mod_9001_task_812.wav');
INSERT INTO participants (participant_id, name, surname, education_level, sex, birth_date, laterality) VALUES (15, 'v9Tj6MWPOoCjey4Lht0WCg==', 'tdz//9KCKeiiei8Kh9wXCw==', 1, 2, '1966-01-25', 1);
INSERT INTO evaluations (evaluation_id, evaluation_date, evaluator_id, participant_id, status, language) VALUES (15, '2025-08-18 08:13:00', 3, 15, 3, 1);
INSERT INTO module_instances (module_inst_id, module_id, evaluation_id, status) VALUES (71, 1, 15, 3);
INSERT INTO task_instances (task_inst_id, task_id, module_inst_id, status, task_completing_time) VALUES (813, 1, 71, 0, '45');
INSERT INTO recordings (recording_id, task_inst_id, file_path) VALUES (813, 813, 'recordings/eval_15_mod_1_task_813.wav');
INSERT INTO task_instances (task_inst_id, task_id, module_inst_id, status, task_completing_time) VALUES (814, 2, 71, 1, '215');
INSERT INTO recordings (recording_id, task_inst_id, file_path) VALUES (814, 814, 'recordings/eval_15_mod_1_task_814.wav');
INSERT INTO task_instances (task_inst_id, task_id, module_inst_id, status, task_completing_time) VALUES (815, 3, 71, 1, '256');
INSERT INTO recordings (recording_id, task_inst_id, file_path) VALUES (815, 815, 'recordings/eval_15_mod_1_task_815.wav');
INSERT INTO task_instances (task_inst_id, task_id, module_inst_id, status, task_completing_time) VALUES (816, 4, 71, 1, '27');
INSERT INTO recordings (recording_id, task_inst_id, file_path) VALUES (816, 816, 'recordings/eval_15_mod_1_task_816.wav');
INSERT INTO task_instances (task_inst_id, task_id, module_inst_id, status, task_completing_time) VALUES (817, 5, 71, 0, '72');
INSERT INTO recordings (recording_id, task_inst_id, file_path) VALUES (817, 817, 'recordings/eval_15_mod_1_task_817.wav');
INSERT INTO task_instances (task_inst_id, task_id, module_inst_id, status, task_completing_time) VALUES (818, 6, 71, 1, '71');
INSERT INTO recordings (recording_id, task_inst_id, file_path) VALUES (818, 818, 'recordings/eval_15_mod_1_task_818.wav');
INSERT INTO task_instances (task_inst_id, task_id, module_inst_id, status, task_completing_time) VALUES (819, 7, 71, 1, '31');
INSERT INTO recordings (recording_id, task_inst_id, file_path) VALUES (819, 819, 'recordings/eval_15_mod_1_task_819.wav');
INSERT INTO task_instances (task_inst_id, task_id, module_inst_id, status, task_completing_time) VALUES (820, 8, 71, 1, '97');
INSERT INTO recordings (recording_id, task_inst_id, file_path) VALUES (820, 820, 'recordings/eval_15_mod_1_task_820.wav');
INSERT INTO task_instances (task_inst_id, task_id, module_inst_id, status, task_completing_time) VALUES (821, 9, 71, 1, '194');
INSERT INTO recordings (recording_id, task_inst_id, file_path) VALUES (821, 821, 'recordings/eval_15_mod_1_task_821.wav');
INSERT INTO task_instances (task_inst_id, task_id, module_inst_id, status, task_completing_time) VALUES (822, 10, 71, 0, '203');
INSERT INTO recordings (recording_id, task_inst_id, file_path) VALUES (822, 822, 'recordings/eval_15_mod_1_task_822.wav');
INSERT INTO module_instances (module_inst_id, module_id, evaluation_id, status) VALUES (72, 2, 15, 2);
INSERT INTO task_instances (task_inst_id, task_id, module_inst_id, status, task_completing_time) VALUES (823, 11, 72, 1, '38');
INSERT INTO recordings (recording_id, task_inst_id, file_path) VALUES (823, 823, 'recordings/eval_15_mod_2_task_823.wav');
INSERT INTO task_instances (task_inst_id, task_id, module_inst_id, status, task_completing_time) VALUES (824, 12, 72, 1, '102');
INSERT INTO recordings (recording_id, task_inst_id, file_path) VALUES (824, 824, 'recordings/eval_15_mod_2_task_824.wav');
INSERT INTO task_instances (task_inst_id, task_id, module_inst_id, status, task_completing_time) VALUES (825, 13, 72, 0, '121');
INSERT INTO recordings (recording_id, task_inst_id, file_path) VALUES (825, 825, 'recordings/eval_15_mod_2_task_825.wav');
INSERT INTO task_instances (task_inst_id, task_id, module_inst_id, status, task_completing_time) VALUES (826, 14, 72, 1, '93');
INSERT INTO recordings (recording_id, task_inst_id, file_path) VALUES (826, 826, 'recordings/eval_15_mod_2_task_826.wav');
INSERT INTO task_instances (task_inst_id, task_id, module_inst_id, status, task_completing_time) VALUES (827, 15, 72, 1, '245');
INSERT INTO recordings (recording_id, task_inst_id, file_path) VALUES (827, 827, 'recordings/eval_15_mod_2_task_827.wav');
INSERT INTO task_instances (task_inst_id, task_id, module_inst_id, status, task_completing_time) VALUES (828, 16, 72, 1, '179');
INSERT INTO recordings (recording_id, task_inst_id, file_path) VALUES (828, 828, 'recordings/eval_15_mod_2_task_828.wav');
INSERT INTO task_instances (task_inst_id, task_id, module_inst_id, status, task_completing_time) VALUES (829, 17, 72, 1, '287');
INSERT INTO recordings (recording_id, task_inst_id, file_path) VALUES (829, 829, 'recordings/eval_15_mod_2_task_829.wav');
INSERT INTO task_instances (task_inst_id, task_id, module_inst_id, status, task_completing_time) VALUES (830, 18, 72, 1, '154');
INSERT INTO recordings (recording_id, task_inst_id, file_path) VALUES (830, 830, 'recordings/eval_15_mod_2_task_830.wav');
INSERT INTO task_instances (task_inst_id, task_id, module_inst_id, status, task_completing_time) VALUES (831, 19, 72, 1, '45');
INSERT INTO recordings (recording_id, task_inst_id, file_path) VALUES (831, 831, 'recordings/eval_15_mod_2_task_831.wav');
INSERT INTO task_instances (task_inst_id, task_id, module_inst_id, status, task_completing_time) VALUES (832, 20, 72, 1, '37');
INSERT INTO recordings (recording_id, task_inst_id, file_path) VALUES (832, 832, 'recordings/eval_15_mod_2_task_832.wav');
INSERT INTO task_instances (task_inst_id, task_id, module_inst_id, status, task_completing_time) VALUES (833, 21, 72, 1, '37');
INSERT INTO recordings (recording_id, task_inst_id, file_path) VALUES (833, 833, 'recordings/eval_15_mod_2_task_833.wav');
INSERT INTO task_instances (task_inst_id, task_id, module_inst_id, status, task_completing_time) VALUES (834, 22, 72, 1, '188');
INSERT INTO recordings (recording_id, task_inst_id, file_path) VALUES (834, 834, 'recordings/eval_15_mod_2_task_834.wav');
INSERT INTO task_instances (task_inst_id, task_id, module_inst_id, status, task_completing_time) VALUES (835, 23, 72, 0, '6');
INSERT INTO recordings (recording_id, task_inst_id, file_path) VALUES (835, 835, 'recordings/eval_15_mod_2_task_835.wav');
INSERT INTO task_instances (task_inst_id, task_id, module_inst_id, status, task_completing_time) VALUES (836, 24, 72, 1, '109');
INSERT INTO recordings (recording_id, task_inst_id, file_path) VALUES (836, 836, 'recordings/eval_15_mod_2_task_836.wav');
INSERT INTO task_instances (task_inst_id, task_id, module_inst_id, status, task_completing_time) VALUES (837, 25, 72, 0, '31');
INSERT INTO recordings (recording_id, task_inst_id, file_path) VALUES (837, 837, 'recordings/eval_15_mod_2_task_837.wav');
INSERT INTO task_instances (task_inst_id, task_id, module_inst_id, status, task_completing_time) VALUES (838, 26, 72, 1, '49');
INSERT INTO recordings (recording_id, task_inst_id, file_path) VALUES (838, 838, 'recordings/eval_15_mod_2_task_838.wav');
INSERT INTO task_instances (task_inst_id, task_id, module_inst_id, status, task_completing_time) VALUES (839, 27, 72, 1, '224');
INSERT INTO recordings (recording_id, task_inst_id, file_path) VALUES (839, 839, 'recordings/eval_15_mod_2_task_839.wav');
INSERT INTO task_instances (task_inst_id, task_id, module_inst_id, status, task_completing_time) VALUES (840, 28, 72, 1, '32');
INSERT INTO recordings (recording_id, task_inst_id, file_path) VALUES (840, 840, 'recordings/eval_15_mod_2_task_840.wav');
INSERT INTO task_instances (task_inst_id, task_id, module_inst_id, status, task_completing_time) VALUES (841, 29, 72, 1, '104');
INSERT INTO recordings (recording_id, task_inst_id, file_path) VALUES (841, 841, 'recordings/eval_15_mod_2_task_841.wav');
INSERT INTO task_instances (task_inst_id, task_id, module_inst_id, status, task_completing_time) VALUES (842, 30, 72, 1, '18');
INSERT INTO recordings (recording_id, task_inst_id, file_path) VALUES (842, 842, 'recordings/eval_15_mod_2_task_842.wav');
INSERT INTO task_instances (task_inst_id, task_id, module_inst_id, status, task_completing_time) VALUES (843, 31, 72, 1, '182');
INSERT INTO recordings (recording_id, task_inst_id, file_path) VALUES (843, 843, 'recordings/eval_15_mod_2_task_843.wav');
INSERT INTO task_instances (task_inst_id, task_id, module_inst_id, status, task_completing_time) VALUES (844, 32, 72, 1, '112');
INSERT INTO recordings (recording_id, task_inst_id, file_path) VALUES (844, 844, 'recordings/eval_15_mod_2_task_844.wav');
INSERT INTO task_instances (task_inst_id, task_id, module_inst_id, status, task_completing_time) VALUES (845, 33, 72, 1, '127');
INSERT INTO recordings (recording_id, task_inst_id, file_path) VALUES (845, 845, 'recordings/eval_15_mod_2_task_845.wav');
INSERT INTO task_instances (task_inst_id, task_id, module_inst_id, status, task_completing_time) VALUES (846, 34, 72, 1, '194');
INSERT INTO recordings (recording_id, task_inst_id, file_path) VALUES (846, 846, 'recordings/eval_15_mod_2_task_846.wav');
INSERT INTO task_instances (task_inst_id, task_id, module_inst_id, status, task_completing_time) VALUES (847, 35, 72, 1, '146');
INSERT INTO recordings (recording_id, task_inst_id, file_path) VALUES (847, 847, 'recordings/eval_15_mod_2_task_847.wav');
INSERT INTO task_instances (task_inst_id, task_id, module_inst_id, status, task_completing_time) VALUES (848, 36, 72, 1, '55');
INSERT INTO recordings (recording_id, task_inst_id, file_path) VALUES (848, 848, 'recordings/eval_15_mod_2_task_848.wav');
INSERT INTO task_instances (task_inst_id, task_id, module_inst_id, status, task_completing_time) VALUES (849, 37, 72, 1, '84');
INSERT INTO recordings (recording_id, task_inst_id, file_path) VALUES (849, 849, 'recordings/eval_15_mod_2_task_849.wav');
INSERT INTO module_instances (module_inst_id, module_id, evaluation_id, status) VALUES (73, 3, 15, 3);
INSERT INTO task_instances (task_inst_id, task_id, module_inst_id, status, task_completing_time) VALUES (850, 38, 73, 1, '31');
INSERT INTO recordings (recording_id, task_inst_id, file_path) VALUES (850, 850, 'recordings/eval_15_mod_3_task_850.wav');
INSERT INTO task_instances (task_inst_id, task_id, module_inst_id, status, task_completing_time) VALUES (851, 39, 73, 1, '219');
INSERT INTO recordings (recording_id, task_inst_id, file_path) VALUES (851, 851, 'recordings/eval_15_mod_3_task_851.wav');
INSERT INTO task_instances (task_inst_id, task_id, module_inst_id, status, task_completing_time) VALUES (852, 40, 73, 1, '205');
INSERT INTO recordings (recording_id, task_inst_id, file_path) VALUES (852, 852, 'recordings/eval_15_mod_3_task_852.wav');
INSERT INTO task_instances (task_inst_id, task_id, module_inst_id, status, task_completing_time) VALUES (853, 41, 73, 1, '228');
INSERT INTO recordings (recording_id, task_inst_id, file_path) VALUES (853, 853, 'recordings/eval_15_mod_3_task_853.wav');
INSERT INTO task_instances (task_inst_id, task_id, module_inst_id, status, task_completing_time) VALUES (854, 42, 73, 1, '280');
INSERT INTO recordings (recording_id, task_inst_id, file_path) VALUES (854, 854, 'recordings/eval_15_mod_3_task_854.wav');
INSERT INTO task_instances (task_inst_id, task_id, module_inst_id, status, task_completing_time) VALUES (855, 43, 73, 1, '34');
INSERT INTO recordings (recording_id, task_inst_id, file_path) VALUES (855, 855, 'recordings/eval_15_mod_3_task_855.wav');
INSERT INTO task_instances (task_inst_id, task_id, module_inst_id, status, task_completing_time) VALUES (856, 44, 73, 1, '240');
INSERT INTO recordings (recording_id, task_inst_id, file_path) VALUES (856, 856, 'recordings/eval_15_mod_3_task_856.wav');
INSERT INTO task_instances (task_inst_id, task_id, module_inst_id, status, task_completing_time) VALUES (857, 45, 73, 0, '175');
INSERT INTO recordings (recording_id, task_inst_id, file_path) VALUES (857, 857, 'recordings/eval_15_mod_3_task_857.wav');
INSERT INTO task_instances (task_inst_id, task_id, module_inst_id, status, task_completing_time) VALUES (858, 46, 73, 1, '135');
INSERT INTO recordings (recording_id, task_inst_id, file_path) VALUES (858, 858, 'recordings/eval_15_mod_3_task_858.wav');
INSERT INTO module_instances (module_inst_id, module_id, evaluation_id, status) VALUES (74, 4, 15, 3);
INSERT INTO task_instances (task_inst_id, task_id, module_inst_id, status, task_completing_time) VALUES (859, 47, 74, 1, '30');
INSERT INTO recordings (recording_id, task_inst_id, file_path) VALUES (859, 859, 'recordings/eval_15_mod_4_task_859.wav');
INSERT INTO task_instances (task_inst_id, task_id, module_inst_id, status, task_completing_time) VALUES (860, 48, 74, 1, '202');
INSERT INTO recordings (recording_id, task_inst_id, file_path) VALUES (860, 860, 'recordings/eval_15_mod_4_task_860.wav');
INSERT INTO task_instances (task_inst_id, task_id, module_inst_id, status, task_completing_time) VALUES (861, 49, 74, 1, '216');
INSERT INTO recordings (recording_id, task_inst_id, file_path) VALUES (861, 861, 'recordings/eval_15_mod_4_task_861.wav');
INSERT INTO task_instances (task_inst_id, task_id, module_inst_id, status, task_completing_time) VALUES (862, 50, 74, 1, '50');
INSERT INTO recordings (recording_id, task_inst_id, file_path) VALUES (862, 862, 'recordings/eval_15_mod_4_task_862.wav');
INSERT INTO task_instances (task_inst_id, task_id, module_inst_id, status, task_completing_time) VALUES (863, 51, 74, 1, '82');
INSERT INTO recordings (recording_id, task_inst_id, file_path) VALUES (863, 863, 'recordings/eval_15_mod_4_task_863.wav');
INSERT INTO task_instances (task_inst_id, task_id, module_inst_id, status, task_completing_time) VALUES (864, 52, 74, 1, '205');
INSERT INTO recordings (recording_id, task_inst_id, file_path) VALUES (864, 864, 'recordings/eval_15_mod_4_task_864.wav');
INSERT INTO task_instances (task_inst_id, task_id, module_inst_id, status, task_completing_time) VALUES (865, 53, 74, 1, '162');
INSERT INTO recordings (recording_id, task_inst_id, file_path) VALUES (865, 865, 'recordings/eval_15_mod_4_task_865.wav');
INSERT INTO task_instances (task_inst_id, task_id, module_inst_id, status, task_completing_time) VALUES (866, 54, 74, 1, '86');
INSERT INTO recordings (recording_id, task_inst_id, file_path) VALUES (866, 866, 'recordings/eval_15_mod_4_task_866.wav');
INSERT INTO task_instances (task_inst_id, task_id, module_inst_id, status, task_completing_time) VALUES (867, 55, 74, 0, '276');
INSERT INTO recordings (recording_id, task_inst_id, file_path) VALUES (867, 867, 'recordings/eval_15_mod_4_task_867.wav');
INSERT INTO task_instances (task_inst_id, task_id, module_inst_id, status, task_completing_time) VALUES (868, 56, 74, 1, '56');
INSERT INTO recordings (recording_id, task_inst_id, file_path) VALUES (868, 868, 'recordings/eval_15_mod_4_task_868.wav');
INSERT INTO module_instances (module_inst_id, module_id, evaluation_id, status) VALUES (75, 9001, 15, 2);
INSERT INTO task_instances (task_inst_id, task_id, module_inst_id, status, task_completing_time) VALUES (869, 9001, 75, 1, '18');
INSERT INTO recordings (recording_id, task_inst_id, file_path) VALUES (869, 869, 'recordings/eval_15_mod_9001_task_869.wav');
INSERT INTO task_instances (task_inst_id, task_id, module_inst_id, status, task_completing_time) VALUES (870, 9002, 75, 1, '22');
INSERT INTO recordings (recording_id, task_inst_id, file_path) VALUES (870, 870, 'recordings/eval_15_mod_9001_task_870.wav');
INSERT INTO participants (participant_id, name, surname, education_level, sex, birth_date, laterality) VALUES (16, 'vNX64MeOUYOgeC0Ihd4VCQ==', 'u9z77N6POoCjey4Lht0WCg==', 4, 2, '1976-05-05', 2);
INSERT INTO evaluations (evaluation_id, evaluation_date, evaluator_id, participant_id, status, language) VALUES (16, '2025-09-06 10:45:00', 3, 16, 3, 1);
INSERT INTO module_instances (module_inst_id, module_id, evaluation_id, status) VALUES (76, 1, 16, 2);
INSERT INTO task_instances (task_inst_id, task_id, module_inst_id, status, task_completing_time) VALUES (871, 1, 76, 0, '39');
INSERT INTO recordings (recording_id, task_inst_id, file_path) VALUES (871, 871, 'recordings/eval_16_mod_1_task_871.wav');
INSERT INTO task_instances (task_inst_id, task_id, module_inst_id, status, task_completing_time) VALUES (872, 2, 76, 1, '37');
INSERT INTO recordings (recording_id, task_inst_id, file_path) VALUES (872, 872, 'recordings/eval_16_mod_1_task_872.wav');
INSERT INTO task_instances (task_inst_id, task_id, module_inst_id, status, task_completing_time) VALUES (873, 3, 76, 0, '25');
INSERT INTO recordings (recording_id, task_inst_id, file_path) VALUES (873, 873, 'recordings/eval_16_mod_1_task_873.wav');
INSERT INTO task_instances (task_inst_id, task_id, module_inst_id, status, task_completing_time) VALUES (874, 4, 76, 1, '58');
INSERT INTO recordings (recording_id, task_inst_id, file_path) VALUES (874, 874, 'recordings/eval_16_mod_1_task_874.wav');
INSERT INTO task_instances (task_inst_id, task_id, module_inst_id, status, task_completing_time) VALUES (875, 5, 76, 1, '130');
INSERT INTO recordings (recording_id, task_inst_id, file_path) VALUES (875, 875, 'recordings/eval_16_mod_1_task_875.wav');
INSERT INTO task_instances (task_inst_id, task_id, module_inst_id, status, task_completing_time) VALUES (876, 6, 76, 1, '68');
INSERT INTO recordings (recording_id, task_inst_id, file_path) VALUES (876, 876, 'recordings/eval_16_mod_1_task_876.wav');
INSERT INTO task_instances (task_inst_id, task_id, module_inst_id, status, task_completing_time) VALUES (877, 7, 76, 1, '141');
INSERT INTO recordings (recording_id, task_inst_id, file_path) VALUES (877, 877, 'recordings/eval_16_mod_1_task_877.wav');
INSERT INTO task_instances (task_inst_id, task_id, module_inst_id, status, task_completing_time) VALUES (878, 8, 76, 1, '175');
INSERT INTO recordings (recording_id, task_inst_id, file_path) VALUES (878, 878, 'recordings/eval_16_mod_1_task_878.wav');
INSERT INTO task_instances (task_inst_id, task_id, module_inst_id, status, task_completing_time) VALUES (879, 9, 76, 1, '140');
INSERT INTO recordings (recording_id, task_inst_id, file_path) VALUES (879, 879, 'recordings/eval_16_mod_1_task_879.wav');
INSERT INTO task_instances (task_inst_id, task_id, module_inst_id, status, task_completing_time) VALUES (880, 10, 76, 1, '244');
INSERT INTO recordings (recording_id, task_inst_id, file_path) VALUES (880, 880, 'recordings/eval_16_mod_1_task_880.wav');
INSERT INTO module_instances (module_inst_id, module_id, evaluation_id, status) VALUES (77, 2, 16, 3);
INSERT INTO task_instances (task_inst_id, task_id, module_inst_id, status, task_completing_time) VALUES (881, 11, 77, 1, '34');
INSERT INTO recordings (recording_id, task_inst_id, file_path) VALUES (881, 881, 'recordings/eval_16_mod_2_task_881.wav');
INSERT INTO task_instances (task_inst_id, task_id, module_inst_id, status, task_completing_time) VALUES (882, 12, 77, 1, '46');
INSERT INTO recordings (recording_id, task_inst_id, file_path) VALUES (882, 882, 'recordings/eval_16_mod_2_task_882.wav');
INSERT INTO task_instances (task_inst_id, task_id, module_inst_id, status, task_completing_time) VALUES (883, 13, 77, 1, '116');
INSERT INTO recordings (recording_id, task_inst_id, file_path) VALUES (883, 883, 'recordings/eval_16_mod_2_task_883.wav');
INSERT INTO task_instances (task_inst_id, task_id, module_inst_id, status, task_completing_time) VALUES (884, 14, 77, 0, '23');
INSERT INTO recordings (recording_id, task_inst_id, file_path) VALUES (884, 884, 'recordings/eval_16_mod_2_task_884.wav');
INSERT INTO task_instances (task_inst_id, task_id, module_inst_id, status, task_completing_time) VALUES (885, 15, 77, 1, '148');
INSERT INTO recordings (recording_id, task_inst_id, file_path) VALUES (885, 885, 'recordings/eval_16_mod_2_task_885.wav');
INSERT INTO task_instances (task_inst_id, task_id, module_inst_id, status, task_completing_time) VALUES (886, 16, 77, 1, '64');
INSERT INTO recordings (recording_id, task_inst_id, file_path) VALUES (886, 886, 'recordings/eval_16_mod_2_task_886.wav');
INSERT INTO task_instances (task_inst_id, task_id, module_inst_id, status, task_completing_time) VALUES (887, 17, 77, 1, '109');
INSERT INTO recordings (recording_id, task_inst_id, file_path) VALUES (887, 887, 'recordings/eval_16_mod_2_task_887.wav');
INSERT INTO task_instances (task_inst_id, task_id, module_inst_id, status, task_completing_time) VALUES (888, 18, 77, 1, '251');
INSERT INTO recordings (recording_id, task_inst_id, file_path) VALUES (888, 888, 'recordings/eval_16_mod_2_task_888.wav');
INSERT INTO task_instances (task_inst_id, task_id, module_inst_id, status, task_completing_time) VALUES (889, 19, 77, 1, '219');
INSERT INTO recordings (recording_id, task_inst_id, file_path) VALUES (889, 889, 'recordings/eval_16_mod_2_task_889.wav');
INSERT INTO task_instances (task_inst_id, task_id, module_inst_id, status, task_completing_time) VALUES (890, 20, 77, 1, '116');
INSERT INTO recordings (recording_id, task_inst_id, file_path) VALUES (890, 890, 'recordings/eval_16_mod_2_task_890.wav');
INSERT INTO task_instances (task_inst_id, task_id, module_inst_id, status, task_completing_time) VALUES (891, 21, 77, 0, '22');
INSERT INTO recordings (recording_id, task_inst_id, file_path) VALUES (891, 891, 'recordings/eval_16_mod_2_task_891.wav');
INSERT INTO task_instances (task_inst_id, task_id, module_inst_id, status, task_completing_time) VALUES (892, 22, 77, 1, '268');
INSERT INTO recordings (recording_id, task_inst_id, file_path) VALUES (892, 892, 'recordings/eval_16_mod_2_task_892.wav');
INSERT INTO task_instances (task_inst_id, task_id, module_inst_id, status, task_completing_time) VALUES (893, 23, 77, 1, '59');
INSERT INTO recordings (recording_id, task_inst_id, file_path) VALUES (893, 893, 'recordings/eval_16_mod_2_task_893.wav');
INSERT INTO task_instances (task_inst_id, task_id, module_inst_id, status, task_completing_time) VALUES (894, 24, 77, 1, '246');
INSERT INTO recordings (recording_id, task_inst_id, file_path) VALUES (894, 894, 'recordings/eval_16_mod_2_task_894.wav');
INSERT INTO task_instances (task_inst_id, task_id, module_inst_id, status, task_completing_time) VALUES (895, 25, 77, 1, '43');
INSERT INTO recordings (recording_id, task_inst_id, file_path) VALUES (895, 895, 'recordings/eval_16_mod_2_task_895.wav');
INSERT INTO task_instances (task_inst_id, task_id, module_inst_id, status, task_completing_time) VALUES (896, 26, 77, 0, '232');
INSERT INTO recordings (recording_id, task_inst_id, file_path) VALUES (896, 896, 'recordings/eval_16_mod_2_task_896.wav');
INSERT INTO task_instances (task_inst_id, task_id, module_inst_id, status, task_completing_time) VALUES (897, 27, 77, 0, '205');
INSERT INTO recordings (recording_id, task_inst_id, file_path) VALUES (897, 897, 'recordings/eval_16_mod_2_task_897.wav');
INSERT INTO task_instances (task_inst_id, task_id, module_inst_id, status, task_completing_time) VALUES (898, 28, 77, 1, '76');
INSERT INTO recordings (recording_id, task_inst_id, file_path) VALUES (898, 898, 'recordings/eval_16_mod_2_task_898.wav');
INSERT INTO task_instances (task_inst_id, task_id, module_inst_id, status, task_completing_time) VALUES (899, 29, 77, 1, '187');
INSERT INTO recordings (recording_id, task_inst_id, file_path) VALUES (899, 899, 'recordings/eval_16_mod_2_task_899.wav');
INSERT INTO task_instances (task_inst_id, task_id, module_inst_id, status, task_completing_time) VALUES (900, 30, 77, 1, '39');
INSERT INTO recordings (recording_id, task_inst_id, file_path) VALUES (900, 900, 'recordings/eval_16_mod_2_task_900.wav');
INSERT INTO task_instances (task_inst_id, task_id, module_inst_id, status, task_completing_time) VALUES (901, 31, 77, 1, '152');
INSERT INTO recordings (recording_id, task_inst_id, file_path) VALUES (901, 901, 'recordings/eval_16_mod_2_task_901.wav');
INSERT INTO task_instances (task_inst_id, task_id, module_inst_id, status, task_completing_time) VALUES (902, 32, 77, 1, '264');
INSERT INTO recordings (recording_id, task_inst_id, file_path) VALUES (902, 902, 'recordings/eval_16_mod_2_task_902.wav');
INSERT INTO task_instances (task_inst_id, task_id, module_inst_id, status, task_completing_time) VALUES (903, 33, 77, 1, '285');
INSERT INTO recordings (recording_id, task_inst_id, file_path) VALUES (903, 903, 'recordings/eval_16_mod_2_task_903.wav');
INSERT INTO task_instances (task_inst_id, task_id, module_inst_id, status, task_completing_time) VALUES (904, 34, 77, 1, '228');
INSERT INTO recordings (recording_id, task_inst_id, file_path) VALUES (904, 904, 'recordings/eval_16_mod_2_task_904.wav');
INSERT INTO task_instances (task_inst_id, task_id, module_inst_id, status, task_completing_time) VALUES (905, 35, 77, 1, '23');
INSERT INTO recordings (recording_id, task_inst_id, file_path) VALUES (905, 905, 'recordings/eval_16_mod_2_task_905.wav');
INSERT INTO task_instances (task_inst_id, task_id, module_inst_id, status, task_completing_time) VALUES (906, 36, 77, 1, '272');
INSERT INTO recordings (recording_id, task_inst_id, file_path) VALUES (906, 906, 'recordings/eval_16_mod_2_task_906.wav');
INSERT INTO task_instances (task_inst_id, task_id, module_inst_id, status, task_completing_time) VALUES (907, 37, 77, 1, '38');
INSERT INTO recordings (recording_id, task_inst_id, file_path) VALUES (907, 907, 'recordings/eval_16_mod_2_task_907.wav');
INSERT INTO module_instances (module_inst_id, module_id, evaluation_id, status) VALUES (78, 3, 16, 1);
INSERT INTO task_instances (task_inst_id, task_id, module_inst_id, status, task_completing_time) VALUES (908, 38, 78, 1, '12');
INSERT INTO recordings (recording_id, task_inst_id, file_path) VALUES (908, 908, 'recordings/eval_16_mod_3_task_908.wav');
INSERT INTO task_instances (task_inst_id, task_id, module_inst_id, status, task_completing_time) VALUES (909, 39, 78, 1, '121');
INSERT INTO recordings (recording_id, task_inst_id, file_path) VALUES (909, 909, 'recordings/eval_16_mod_3_task_909.wav');
INSERT INTO task_instances (task_inst_id, task_id, module_inst_id, status, task_completing_time) VALUES (910, 40, 78, 0, '195');
INSERT INTO recordings (recording_id, task_inst_id, file_path) VALUES (910, 910, 'recordings/eval_16_mod_3_task_910.wav');
INSERT INTO task_instances (task_inst_id, task_id, module_inst_id, status, task_completing_time) VALUES (911, 41, 78, 1, '122');
INSERT INTO recordings (recording_id, task_inst_id, file_path) VALUES (911, 911, 'recordings/eval_16_mod_3_task_911.wav');
INSERT INTO task_instances (task_inst_id, task_id, module_inst_id, status, task_completing_time) VALUES (912, 42, 78, 1, '31');
INSERT INTO recordings (recording_id, task_inst_id, file_path) VALUES (912, 912, 'recordings/eval_16_mod_3_task_912.wav');
INSERT INTO task_instances (task_inst_id, task_id, module_inst_id, status, task_completing_time) VALUES (913, 43, 78, 1, '221');
INSERT INTO recordings (recording_id, task_inst_id, file_path) VALUES (913, 913, 'recordings/eval_16_mod_3_task_913.wav');
INSERT INTO task_instances (task_inst_id, task_id, module_inst_id, status, task_completing_time) VALUES (914, 44, 78, 0, '142');
INSERT INTO recordings (recording_id, task_inst_id, file_path) VALUES (914, 914, 'recordings/eval_16_mod_3_task_914.wav');
INSERT INTO task_instances (task_inst_id, task_id, module_inst_id, status, task_completing_time) VALUES (915, 45, 78, 0, '152');
INSERT INTO recordings (recording_id, task_inst_id, file_path) VALUES (915, 915, 'recordings/eval_16_mod_3_task_915.wav');
INSERT INTO task_instances (task_inst_id, task_id, module_inst_id, status, task_completing_time) VALUES (916, 46, 78, 1, '39');
INSERT INTO recordings (recording_id, task_inst_id, file_path) VALUES (916, 916, 'recordings/eval_16_mod_3_task_916.wav');
INSERT INTO module_instances (module_inst_id, module_id, evaluation_id, status) VALUES (79, 4, 16, 3);
INSERT INTO task_instances (task_inst_id, task_id, module_inst_id, status, task_completing_time) VALUES (917, 47, 79, 1, '47');
INSERT INTO recordings (recording_id, task_inst_id, file_path) VALUES (917, 917, 'recordings/eval_16_mod_4_task_917.wav');
INSERT INTO task_instances (task_inst_id, task_id, module_inst_id, status, task_completing_time) VALUES (918, 48, 79, 1, '74');
INSERT INTO recordings (recording_id, task_inst_id, file_path) VALUES (918, 918, 'recordings/eval_16_mod_4_task_918.wav');
INSERT INTO task_instances (task_inst_id, task_id, module_inst_id, status, task_completing_time) VALUES (919, 49, 79, 1, '20');
INSERT INTO recordings (recording_id, task_inst_id, file_path) VALUES (919, 919, 'recordings/eval_16_mod_4_task_919.wav');
INSERT INTO task_instances (task_inst_id, task_id, module_inst_id, status, task_completing_time) VALUES (920, 50, 79, 1, '40');
INSERT INTO recordings (recording_id, task_inst_id, file_path) VALUES (920, 920, 'recordings/eval_16_mod_4_task_920.wav');
INSERT INTO task_instances (task_inst_id, task_id, module_inst_id, status, task_completing_time) VALUES (921, 51, 79, 0, '65');
INSERT INTO recordings (recording_id, task_inst_id, file_path) VALUES (921, 921, 'recordings/eval_16_mod_4_task_921.wav');
INSERT INTO task_instances (task_inst_id, task_id, module_inst_id, status, task_completing_time) VALUES (922, 52, 79, 0, '141');
INSERT INTO recordings (recording_id, task_inst_id, file_path) VALUES (922, 922, 'recordings/eval_16_mod_4_task_922.wav');
INSERT INTO task_instances (task_inst_id, task_id, module_inst_id, status, task_completing_time) VALUES (923, 53, 79, 1, '72');
INSERT INTO recordings (recording_id, task_inst_id, file_path) VALUES (923, 923, 'recordings/eval_16_mod_4_task_923.wav');
INSERT INTO task_instances (task_inst_id, task_id, module_inst_id, status, task_completing_time) VALUES (924, 54, 79, 1, '285');
INSERT INTO recordings (recording_id, task_inst_id, file_path) VALUES (924, 924, 'recordings/eval_16_mod_4_task_924.wav');
INSERT INTO task_instances (task_inst_id, task_id, module_inst_id, status, task_completing_time) VALUES (925, 55, 79, 1, '132');
INSERT INTO recordings (recording_id, task_inst_id, file_path) VALUES (925, 925, 'recordings/eval_16_mod_4_task_925.wav');
INSERT INTO task_instances (task_inst_id, task_id, module_inst_id, status, task_completing_time) VALUES (926, 56, 79, 0, '27');
INSERT INTO recordings (recording_id, task_inst_id, file_path) VALUES (926, 926, 'recordings/eval_16_mod_4_task_926.wav');
INSERT INTO module_instances (module_inst_id, module_id, evaluation_id, status) VALUES (80, 9001, 16, 3);
INSERT INTO task_instances (task_inst_id, task_id, module_inst_id, status, task_completing_time) VALUES (927, 9001, 80, 1, '22');
INSERT INTO recordings (recording_id, task_inst_id, file_path) VALUES (927, 927, 'recordings/eval_16_mod_9001_task_927.wav');
INSERT INTO task_instances (task_inst_id, task_id, module_inst_id, status, task_completing_time) VALUES (928, 9002, 80, 1, '233');
INSERT INTO recordings (recording_id, task_inst_id, file_path) VALUES (928, 928, 'recordings/eval_16_mod_9001_task_928.wav');
INSERT INTO participants (participant_id, name, surname, education_level, sex, birth_date, laterality) VALUES (17, 'stX4+96aLuyiei8Kh9wXCw==', 'tdz//9KCKeiiei8Kh9wXCw==', 1, 1, '1961-05-21', 1);
INSERT INTO evaluations (evaluation_id, evaluation_date, evaluator_id, participant_id, status, language) VALUES (17, '2025-11-10 14:42:00', 3, 17, 1, 1);
INSERT INTO module_instances (module_inst_id, module_id, evaluation_id, status) VALUES (81, 1, 17, 3);
INSERT INTO task_instances (task_inst_id, task_id, module_inst_id, status, task_completing_time) VALUES (929, 1, 81, 0, '48');
INSERT INTO recordings (recording_id, task_inst_id, file_path) VALUES (929, 929, 'recordings/eval_17_mod_1_task_929.wav');
INSERT INTO task_instances (task_inst_id, task_id, module_inst_id, status, task_completing_time) VALUES (930, 2, 81, 1, '192');
INSERT INTO recordings (recording_id, task_inst_id, file_path) VALUES (930, 930, 'recordings/eval_17_mod_1_task_930.wav');
INSERT INTO task_instances (task_inst_id, task_id, module_inst_id, status, task_completing_time) VALUES (931, 3, 81, 1, '201');
INSERT INTO recordings (recording_id, task_inst_id, file_path) VALUES (931, 931, 'recordings/eval_17_mod_1_task_931.wav');
INSERT INTO task_instances (task_inst_id, task_id, module_inst_id, status, task_completing_time) VALUES (932, 4, 81, 1, '72');
INSERT INTO recordings (recording_id, task_inst_id, file_path) VALUES (932, 932, 'recordings/eval_17_mod_1_task_932.wav');
INSERT INTO task_instances (task_inst_id, task_id, module_inst_id, status, task_completing_time) VALUES (933, 5, 81, 1, '249');
INSERT INTO recordings (recording_id, task_inst_id, file_path) VALUES (933, 933, 'recordings/eval_17_mod_1_task_933.wav');
INSERT INTO task_instances (task_inst_id, task_id, module_inst_id, status, task_completing_time) VALUES (934, 6, 81, 0, '191');
INSERT INTO recordings (recording_id, task_inst_id, file_path) VALUES (934, 934, 'recordings/eval_17_mod_1_task_934.wav');
INSERT INTO task_instances (task_inst_id, task_id, module_inst_id, status, task_completing_time) VALUES (935, 7, 81, 1, '187');
INSERT INTO recordings (recording_id, task_inst_id, file_path) VALUES (935, 935, 'recordings/eval_17_mod_1_task_935.wav');
INSERT INTO task_instances (task_inst_id, task_id, module_inst_id, status, task_completing_time) VALUES (936, 8, 81, 1, '20');
INSERT INTO recordings (recording_id, task_inst_id, file_path) VALUES (936, 936, 'recordings/eval_17_mod_1_task_936.wav');
INSERT INTO task_instances (task_inst_id, task_id, module_inst_id, status, task_completing_time) VALUES (937, 9, 81, 1, '22');
INSERT INTO recordings (recording_id, task_inst_id, file_path) VALUES (937, 937, 'recordings/eval_17_mod_1_task_937.wav');
INSERT INTO task_instances (task_inst_id, task_id, module_inst_id, status, task_completing_time) VALUES (938, 10, 81, 1, '212');
INSERT INTO recordings (recording_id, task_inst_id, file_path) VALUES (938, 938, 'recordings/eval_17_mod_1_task_938.wav');
INSERT INTO module_instances (module_inst_id, module_id, evaluation_id, status) VALUES (82, 2, 17, 3);
INSERT INTO task_instances (task_inst_id, task_id, module_inst_id, status, task_completing_time) VALUES (939, 11, 82, 0, '56');
INSERT INTO recordings (recording_id, task_inst_id, file_path) VALUES (939, 939, 'recordings/eval_17_mod_2_task_939.wav');
INSERT INTO task_instances (task_inst_id, task_id, module_inst_id, status, task_completing_time) VALUES (940, 12, 82, 0, '108');
INSERT INTO recordings (recording_id, task_inst_id, file_path) VALUES (940, 940, 'recordings/eval_17_mod_2_task_940.wav');
INSERT INTO task_instances (task_inst_id, task_id, module_inst_id, status, task_completing_time) VALUES (941, 13, 82, 0, '93');
INSERT INTO recordings (recording_id, task_inst_id, file_path) VALUES (941, 941, 'recordings/eval_17_mod_2_task_941.wav');
INSERT INTO task_instances (task_inst_id, task_id, module_inst_id, status, task_completing_time) VALUES (942, 14, 82, 1, '59');
INSERT INTO recordings (recording_id, task_inst_id, file_path) VALUES (942, 942, 'recordings/eval_17_mod_2_task_942.wav');
INSERT INTO task_instances (task_inst_id, task_id, module_inst_id, status, task_completing_time) VALUES (943, 15, 82, 0, '51');
INSERT INTO recordings (recording_id, task_inst_id, file_path) VALUES (943, 943, 'recordings/eval_17_mod_2_task_943.wav');
INSERT INTO task_instances (task_inst_id, task_id, module_inst_id, status, task_completing_time) VALUES (944, 16, 82, 1, '166');
INSERT INTO recordings (recording_id, task_inst_id, file_path) VALUES (944, 944, 'recordings/eval_17_mod_2_task_944.wav');
INSERT INTO task_instances (task_inst_id, task_id, module_inst_id, status, task_completing_time) VALUES (945, 17, 82, 1, '262');
INSERT INTO recordings (recording_id, task_inst_id, file_path) VALUES (945, 945, 'recordings/eval_17_mod_2_task_945.wav');
INSERT INTO task_instances (task_inst_id, task_id, module_inst_id, status, task_completing_time) VALUES (946, 18, 82, 1, '93');
INSERT INTO recordings (recording_id, task_inst_id, file_path) VALUES (946, 946, 'recordings/eval_17_mod_2_task_946.wav');
INSERT INTO task_instances (task_inst_id, task_id, module_inst_id, status, task_completing_time) VALUES (947, 19, 82, 1, '71');
INSERT INTO recordings (recording_id, task_inst_id, file_path) VALUES (947, 947, 'recordings/eval_17_mod_2_task_947.wav');
INSERT INTO task_instances (task_inst_id, task_id, module_inst_id, status, task_completing_time) VALUES (948, 20, 82, 1, '116');
INSERT INTO recordings (recording_id, task_inst_id, file_path) VALUES (948, 948, 'recordings/eval_17_mod_2_task_948.wav');
INSERT INTO task_instances (task_inst_id, task_id, module_inst_id, status, task_completing_time) VALUES (949, 21, 82, 1, '38');
INSERT INTO recordings (recording_id, task_inst_id, file_path) VALUES (949, 949, 'recordings/eval_17_mod_2_task_949.wav');
INSERT INTO task_instances (task_inst_id, task_id, module_inst_id, status, task_completing_time) VALUES (950, 22, 82, 1, '177');
INSERT INTO recordings (recording_id, task_inst_id, file_path) VALUES (950, 950, 'recordings/eval_17_mod_2_task_950.wav');
INSERT INTO task_instances (task_inst_id, task_id, module_inst_id, status, task_completing_time) VALUES (951, 23, 82, 1, '36');
INSERT INTO recordings (recording_id, task_inst_id, file_path) VALUES (951, 951, 'recordings/eval_17_mod_2_task_951.wav');
INSERT INTO task_instances (task_inst_id, task_id, module_inst_id, status, task_completing_time) VALUES (952, 24, 82, 0, '77');
INSERT INTO recordings (recording_id, task_inst_id, file_path) VALUES (952, 952, 'recordings/eval_17_mod_2_task_952.wav');
INSERT INTO task_instances (task_inst_id, task_id, module_inst_id, status, task_completing_time) VALUES (953, 25, 82, 1, '41');
INSERT INTO recordings (recording_id, task_inst_id, file_path) VALUES (953, 953, 'recordings/eval_17_mod_2_task_953.wav');
INSERT INTO task_instances (task_inst_id, task_id, module_inst_id, status, task_completing_time) VALUES (954, 26, 82, 1, '270');
INSERT INTO recordings (recording_id, task_inst_id, file_path) VALUES (954, 954, 'recordings/eval_17_mod_2_task_954.wav');
INSERT INTO task_instances (task_inst_id, task_id, module_inst_id, status, task_completing_time) VALUES (955, 27, 82, 1, '59');
INSERT INTO recordings (recording_id, task_inst_id, file_path) VALUES (955, 955, 'recordings/eval_17_mod_2_task_955.wav');
INSERT INTO task_instances (task_inst_id, task_id, module_inst_id, status, task_completing_time) VALUES (956, 28, 82, 0, '55');
INSERT INTO recordings (recording_id, task_inst_id, file_path) VALUES (956, 956, 'recordings/eval_17_mod_2_task_956.wav');
INSERT INTO task_instances (task_inst_id, task_id, module_inst_id, status, task_completing_time) VALUES (957, 29, 82, 1, '238');
INSERT INTO recordings (recording_id, task_inst_id, file_path) VALUES (957, 957, 'recordings/eval_17_mod_2_task_957.wav');
INSERT INTO task_instances (task_inst_id, task_id, module_inst_id, status, task_completing_time) VALUES (958, 30, 82, 1, '24');
INSERT INTO recordings (recording_id, task_inst_id, file_path) VALUES (958, 958, 'recordings/eval_17_mod_2_task_958.wav');
INSERT INTO task_instances (task_inst_id, task_id, module_inst_id, status, task_completing_time) VALUES (959, 31, 82, 1, '191');
INSERT INTO recordings (recording_id, task_inst_id, file_path) VALUES (959, 959, 'recordings/eval_17_mod_2_task_959.wav');
INSERT INTO task_instances (task_inst_id, task_id, module_inst_id, status, task_completing_time) VALUES (960, 32, 82, 0, '90');
INSERT INTO recordings (recording_id, task_inst_id, file_path) VALUES (960, 960, 'recordings/eval_17_mod_2_task_960.wav');
INSERT INTO task_instances (task_inst_id, task_id, module_inst_id, status, task_completing_time) VALUES (961, 33, 82, 1, '132');
INSERT INTO recordings (recording_id, task_inst_id, file_path) VALUES (961, 961, 'recordings/eval_17_mod_2_task_961.wav');
INSERT INTO task_instances (task_inst_id, task_id, module_inst_id, status, task_completing_time) VALUES (962, 34, 82, 0, '207');
INSERT INTO recordings (recording_id, task_inst_id, file_path) VALUES (962, 962, 'recordings/eval_17_mod_2_task_962.wav');
INSERT INTO task_instances (task_inst_id, task_id, module_inst_id, status, task_completing_time) VALUES (963, 35, 82, 0, '149');
INSERT INTO recordings (recording_id, task_inst_id, file_path) VALUES (963, 963, 'recordings/eval_17_mod_2_task_963.wav');
INSERT INTO task_instances (task_inst_id, task_id, module_inst_id, status, task_completing_time) VALUES (964, 36, 82, 1, '23');
INSERT INTO recordings (recording_id, task_inst_id, file_path) VALUES (964, 964, 'recordings/eval_17_mod_2_task_964.wav');
INSERT INTO task_instances (task_inst_id, task_id, module_inst_id, status, task_completing_time) VALUES (965, 37, 82, 1, '25');
INSERT INTO recordings (recording_id, task_inst_id, file_path) VALUES (965, 965, 'recordings/eval_17_mod_2_task_965.wav');
INSERT INTO module_instances (module_inst_id, module_id, evaluation_id, status) VALUES (83, 3, 17, 2);
INSERT INTO task_instances (task_inst_id, task_id, module_inst_id, status, task_completing_time) VALUES (966, 38, 83, 1, '52');
INSERT INTO recordings (recording_id, task_inst_id, file_path) VALUES (966, 966, 'recordings/eval_17_mod_3_task_966.wav');
INSERT INTO task_instances (task_inst_id, task_id, module_inst_id, status, task_completing_time) VALUES (967, 39, 83, 1, '80');
INSERT INTO recordings (recording_id, task_inst_id, file_path) VALUES (967, 967, 'recordings/eval_17_mod_3_task_967.wav');
INSERT INTO task_instances (task_inst_id, task_id, module_inst_id, status, task_completing_time) VALUES (968, 40, 83, 1, '82');
INSERT INTO recordings (recording_id, task_inst_id, file_path) VALUES (968, 968, 'recordings/eval_17_mod_3_task_968.wav');
INSERT INTO task_instances (task_inst_id, task_id, module_inst_id, status, task_completing_time) VALUES (969, 41, 83, 1, '298');
INSERT INTO recordings (recording_id, task_inst_id, file_path) VALUES (969, 969, 'recordings/eval_17_mod_3_task_969.wav');
INSERT INTO task_instances (task_inst_id, task_id, module_inst_id, status, task_completing_time) VALUES (970, 42, 83, 1, '115');
INSERT INTO recordings (recording_id, task_inst_id, file_path) VALUES (970, 970, 'recordings/eval_17_mod_3_task_970.wav');
INSERT INTO task_instances (task_inst_id, task_id, module_inst_id, status, task_completing_time) VALUES (971, 43, 83, 1, '150');
INSERT INTO recordings (recording_id, task_inst_id, file_path) VALUES (971, 971, 'recordings/eval_17_mod_3_task_971.wav');
INSERT INTO task_instances (task_inst_id, task_id, module_inst_id, status, task_completing_time) VALUES (972, 44, 83, 1, '268');
INSERT INTO recordings (recording_id, task_inst_id, file_path) VALUES (972, 972, 'recordings/eval_17_mod_3_task_972.wav');
INSERT INTO task_instances (task_inst_id, task_id, module_inst_id, status, task_completing_time) VALUES (973, 45, 83, 1, '280');
INSERT INTO recordings (recording_id, task_inst_id, file_path) VALUES (973, 973, 'recordings/eval_17_mod_3_task_973.wav');
INSERT INTO task_instances (task_inst_id, task_id, module_inst_id, status, task_completing_time) VALUES (974, 46, 83, 1, '46');
INSERT INTO recordings (recording_id, task_inst_id, file_path) VALUES (974, 974, 'recordings/eval_17_mod_3_task_974.wav');
INSERT INTO module_instances (module_inst_id, module_id, evaluation_id, status) VALUES (84, 4, 17, 2);
INSERT INTO task_instances (task_inst_id, task_id, module_inst_id, status, task_completing_time) VALUES (975, 47, 84, 1, '31');
INSERT INTO recordings (recording_id, task_inst_id, file_path) VALUES (975, 975, 'recordings/eval_17_mod_4_task_975.wav');
INSERT INTO task_instances (task_inst_id, task_id, module_inst_id, status, task_completing_time) VALUES (976, 48, 84, 1, '226');
INSERT INTO recordings (recording_id, task_inst_id, file_path) VALUES (976, 976, 'recordings/eval_17_mod_4_task_976.wav');
INSERT INTO task_instances (task_inst_id, task_id, module_inst_id, status, task_completing_time) VALUES (977, 49, 84, 1, '49');
INSERT INTO recordings (recording_id, task_inst_id, file_path) VALUES (977, 977, 'recordings/eval_17_mod_4_task_977.wav');
INSERT INTO task_instances (task_inst_id, task_id, module_inst_id, status, task_completing_time) VALUES (978, 50, 84, 1, '198');
INSERT INTO recordings (recording_id, task_inst_id, file_path) VALUES (978, 978, 'recordings/eval_17_mod_4_task_978.wav');
INSERT INTO task_instances (task_inst_id, task_id, module_inst_id, status, task_completing_time) VALUES (979, 51, 84, 1, '188');
INSERT INTO recordings (recording_id, task_inst_id, file_path) VALUES (979, 979, 'recordings/eval_17_mod_4_task_979.wav');
INSERT INTO task_instances (task_inst_id, task_id, module_inst_id, status, task_completing_time) VALUES (980, 52, 84, 1, '113');
INSERT INTO recordings (recording_id, task_inst_id, file_path) VALUES (980, 980, 'recordings/eval_17_mod_4_task_980.wav');
INSERT INTO task_instances (task_inst_id, task_id, module_inst_id, status, task_completing_time) VALUES (981, 53, 84, 0, '156');
INSERT INTO recordings (recording_id, task_inst_id, file_path) VALUES (981, 981, 'recordings/eval_17_mod_4_task_981.wav');
INSERT INTO task_instances (task_inst_id, task_id, module_inst_id, status, task_completing_time) VALUES (982, 54, 84, 1, '111');
INSERT INTO recordings (recording_id, task_inst_id, file_path) VALUES (982, 982, 'recordings/eval_17_mod_4_task_982.wav');
INSERT INTO task_instances (task_inst_id, task_id, module_inst_id, status, task_completing_time) VALUES (983, 55, 84, 1, '114');
INSERT INTO recordings (recording_id, task_inst_id, file_path) VALUES (983, 983, 'recordings/eval_17_mod_4_task_983.wav');
INSERT INTO task_instances (task_inst_id, task_id, module_inst_id, status, task_completing_time) VALUES (984, 56, 84, 1, '16');
INSERT INTO recordings (recording_id, task_inst_id, file_path) VALUES (984, 984, 'recordings/eval_17_mod_4_task_984.wav');
INSERT INTO module_instances (module_inst_id, module_id, evaluation_id, status) VALUES (85, 9001, 17, 2);
INSERT INTO task_instances (task_inst_id, task_id, module_inst_id, status, task_completing_time) VALUES (985, 9001, 85, 1, '35');
INSERT INTO recordings (recording_id, task_inst_id, file_path) VALUES (985, 985, 'recordings/eval_17_mod_9001_task_985.wav');
INSERT INTO task_instances (task_inst_id, task_id, module_inst_id, status, task_completing_time) VALUES (986, 9002, 85, 1, '222');
INSERT INTO recordings (recording_id, task_inst_id, file_path) VALUES (986, 986, 'recordings/eval_17_mod_9001_task_986.wav');
INSERT INTO participants (participant_id, name, surname, education_level, sex, birth_date, laterality) VALUES (18, 'vtnz7tjgUIKheSwJhN8UCA==', 'qtXk7N6ZOoCjey4Lht0WCg==', 4, 2, '1984-08-24', 2);
INSERT INTO evaluations (evaluation_id, evaluation_date, evaluator_id, participant_id, status, language) VALUES (18, '2025-10-17 11:07:00', 4, 18, 2, 1);
INSERT INTO module_instances (module_inst_id, module_id, evaluation_id, status) VALUES (86, 1, 18, 2);
INSERT INTO task_instances (task_inst_id, task_id, module_inst_id, status, task_completing_time) VALUES (987, 1, 86, 1, '40');
INSERT INTO recordings (recording_id, task_inst_id, file_path) VALUES (987, 987, 'recordings/eval_18_mod_1_task_987.wav');
INSERT INTO task_instances (task_inst_id, task_id, module_inst_id, status, task_completing_time) VALUES (988, 2, 86, 1, '211');
INSERT INTO recordings (recording_id, task_inst_id, file_path) VALUES (988, 988, 'recordings/eval_18_mod_1_task_988.wav');
INSERT INTO task_instances (task_inst_id, task_id, module_inst_id, status, task_completing_time) VALUES (989, 3, 86, 0, '179');
INSERT INTO recordings (recording_id, task_inst_id, file_path) VALUES (989, 989, 'recordings/eval_18_mod_1_task_989.wav');
INSERT INTO task_instances (task_inst_id, task_id, module_inst_id, status, task_completing_time) VALUES (990, 4, 86, 1, '97');
INSERT INTO recordings (recording_id, task_inst_id, file_path) VALUES (990, 990, 'recordings/eval_18_mod_1_task_990.wav');
INSERT INTO task_instances (task_inst_id, task_id, module_inst_id, status, task_completing_time) VALUES (991, 5, 86, 1, '57');
INSERT INTO recordings (recording_id, task_inst_id, file_path) VALUES (991, 991, 'recordings/eval_18_mod_1_task_991.wav');
INSERT INTO task_instances (task_inst_id, task_id, module_inst_id, status, task_completing_time) VALUES (992, 6, 86, 1, '122');
INSERT INTO recordings (recording_id, task_inst_id, file_path) VALUES (992, 992, 'recordings/eval_18_mod_1_task_992.wav');
INSERT INTO task_instances (task_inst_id, task_id, module_inst_id, status, task_completing_time) VALUES (993, 7, 86, 1, '89');
INSERT INTO recordings (recording_id, task_inst_id, file_path) VALUES (993, 993, 'recordings/eval_18_mod_1_task_993.wav');
INSERT INTO task_instances (task_inst_id, task_id, module_inst_id, status, task_completing_time) VALUES (994, 8, 86, 1, '283');
INSERT INTO recordings (recording_id, task_inst_id, file_path) VALUES (994, 994, 'recordings/eval_18_mod_1_task_994.wav');
INSERT INTO task_instances (task_inst_id, task_id, module_inst_id, status, task_completing_time) VALUES (995, 9, 86, 1, '135');
INSERT INTO recordings (recording_id, task_inst_id, file_path) VALUES (995, 995, 'recordings/eval_18_mod_1_task_995.wav');
INSERT INTO task_instances (task_inst_id, task_id, module_inst_id, status, task_completing_time) VALUES (996, 10, 86, 1, '96');
INSERT INTO recordings (recording_id, task_inst_id, file_path) VALUES (996, 996, 'recordings/eval_18_mod_1_task_996.wav');
INSERT INTO module_instances (module_inst_id, module_id, evaluation_id, status) VALUES (87, 2, 18, 3);
INSERT INTO task_instances (task_inst_id, task_id, module_inst_id, status, task_completing_time) VALUES (997, 11, 87, 1, '56');
INSERT INTO recordings (recording_id, task_inst_id, file_path) VALUES (997, 997, 'recordings/eval_18_mod_2_task_997.wav');
INSERT INTO task_instances (task_inst_id, task_id, module_inst_id, status, task_completing_time) VALUES (998, 12, 87, 1, '142');
INSERT INTO recordings (recording_id, task_inst_id, file_path) VALUES (998, 998, 'recordings/eval_18_mod_2_task_998.wav');
INSERT INTO task_instances (task_inst_id, task_id, module_inst_id, status, task_completing_time) VALUES (999, 13, 87, 1, '201');
INSERT INTO recordings (recording_id, task_inst_id, file_path) VALUES (999, 999, 'recordings/eval_18_mod_2_task_999.wav');
INSERT INTO task_instances (task_inst_id, task_id, module_inst_id, status, task_completing_time) VALUES (1000, 14, 87, 0, '178');
INSERT INTO recordings (recording_id, task_inst_id, file_path) VALUES (1000, 1000, 'recordings/eval_18_mod_2_task_1000.wav');
INSERT INTO task_instances (task_inst_id, task_id, module_inst_id, status, task_completing_time) VALUES (1001, 15, 87, 1, '98');
INSERT INTO recordings (recording_id, task_inst_id, file_path) VALUES (1001, 1001, 'recordings/eval_18_mod_2_task_1001.wav');
INSERT INTO task_instances (task_inst_id, task_id, module_inst_id, status, task_completing_time) VALUES (1002, 16, 87, 1, '50');
INSERT INTO recordings (recording_id, task_inst_id, file_path) VALUES (1002, 1002, 'recordings/eval_18_mod_2_task_1002.wav');
INSERT INTO task_instances (task_inst_id, task_id, module_inst_id, status, task_completing_time) VALUES (1003, 17, 87, 1, '180');
INSERT INTO recordings (recording_id, task_inst_id, file_path) VALUES (1003, 1003, 'recordings/eval_18_mod_2_task_1003.wav');
INSERT INTO task_instances (task_inst_id, task_id, module_inst_id, status, task_completing_time) VALUES (1004, 18, 87, 1, '51');
INSERT INTO recordings (recording_id, task_inst_id, file_path) VALUES (1004, 1004, 'recordings/eval_18_mod_2_task_1004.wav');
INSERT INTO task_instances (task_inst_id, task_id, module_inst_id, status, task_completing_time) VALUES (1005, 19, 87, 0, '87');
INSERT INTO recordings (recording_id, task_inst_id, file_path) VALUES (1005, 1005, 'recordings/eval_18_mod_2_task_1005.wav');
INSERT INTO task_instances (task_inst_id, task_id, module_inst_id, status, task_completing_time) VALUES (1006, 20, 87, 1, '181');
INSERT INTO recordings (recording_id, task_inst_id, file_path) VALUES (1006, 1006, 'recordings/eval_18_mod_2_task_1006.wav');
INSERT INTO task_instances (task_inst_id, task_id, module_inst_id, status, task_completing_time) VALUES (1007, 21, 87, 1, '22');
INSERT INTO recordings (recording_id, task_inst_id, file_path) VALUES (1007, 1007, 'recordings/eval_18_mod_2_task_1007.wav');
INSERT INTO task_instances (task_inst_id, task_id, module_inst_id, status, task_completing_time) VALUES (1008, 22, 87, 1, '241');
INSERT INTO recordings (recording_id, task_inst_id, file_path) VALUES (1008, 1008, 'recordings/eval_18_mod_2_task_1008.wav');
INSERT INTO task_instances (task_inst_id, task_id, module_inst_id, status, task_completing_time) VALUES (1009, 23, 87, 1, '13');
INSERT INTO recordings (recording_id, task_inst_id, file_path) VALUES (1009, 1009, 'recordings/eval_18_mod_2_task_1009.wav');
INSERT INTO task_instances (task_inst_id, task_id, module_inst_id, status, task_completing_time) VALUES (1010, 24, 87, 1, '57');
INSERT INTO recordings (recording_id, task_inst_id, file_path) VALUES (1010, 1010, 'recordings/eval_18_mod_2_task_1010.wav');
INSERT INTO task_instances (task_inst_id, task_id, module_inst_id, status, task_completing_time) VALUES (1011, 25, 87, 1, '47');
INSERT INTO recordings (recording_id, task_inst_id, file_path) VALUES (1011, 1011, 'recordings/eval_18_mod_2_task_1011.wav');
INSERT INTO task_instances (task_inst_id, task_id, module_inst_id, status, task_completing_time) VALUES (1012, 26, 87, 1, '227');
INSERT INTO recordings (recording_id, task_inst_id, file_path) VALUES (1012, 1012, 'recordings/eval_18_mod_2_task_1012.wav');
INSERT INTO task_instances (task_inst_id, task_id, module_inst_id, status, task_completing_time) VALUES (1013, 27, 87, 1, '256');
INSERT INTO recordings (recording_id, task_inst_id, file_path) VALUES (1013, 1013, 'recordings/eval_18_mod_2_task_1013.wav');
INSERT INTO task_instances (task_inst_id, task_id, module_inst_id, status, task_completing_time) VALUES (1014, 28, 87, 1, '170');
INSERT INTO recordings (recording_id, task_inst_id, file_path) VALUES (1014, 1014, 'recordings/eval_18_mod_2_task_1014.wav');
INSERT INTO task_instances (task_inst_id, task_id, module_inst_id, status, task_completing_time) VALUES (1015, 29, 87, 1, '83');
INSERT INTO recordings (recording_id, task_inst_id, file_path) VALUES (1015, 1015, 'recordings/eval_18_mod_2_task_1015.wav');
INSERT INTO task_instances (task_inst_id, task_id, module_inst_id, status, task_completing_time) VALUES (1016, 30, 87, 1, '22');
INSERT INTO recordings (recording_id, task_inst_id, file_path) VALUES (1016, 1016, 'recordings/eval_18_mod_2_task_1016.wav');
INSERT INTO task_instances (task_inst_id, task_id, module_inst_id, status, task_completing_time) VALUES (1017, 31, 87, 1, '107');
INSERT INTO recordings (recording_id, task_inst_id, file_path) VALUES (1017, 1017, 'recordings/eval_18_mod_2_task_1017.wav');
INSERT INTO task_instances (task_inst_id, task_id, module_inst_id, status, task_completing_time) VALUES (1018, 32, 87, 0, '59');
INSERT INTO recordings (recording_id, task_inst_id, file_path) VALUES (1018, 1018, 'recordings/eval_18_mod_2_task_1018.wav');
INSERT INTO task_instances (task_inst_id, task_id, module_inst_id, status, task_completing_time) VALUES (1019, 33, 87, 1, '114');
INSERT INTO recordings (recording_id, task_inst_id, file_path) VALUES (1019, 1019, 'recordings/eval_18_mod_2_task_1019.wav');
INSERT INTO task_instances (task_inst_id, task_id, module_inst_id, status, task_completing_time) VALUES (1020, 34, 87, 1, '62');
INSERT INTO recordings (recording_id, task_inst_id, file_path) VALUES (1020, 1020, 'recordings/eval_18_mod_2_task_1020.wav');
INSERT INTO task_instances (task_inst_id, task_id, module_inst_id, status, task_completing_time) VALUES (1021, 35, 87, 1, '94');
INSERT INTO recordings (recording_id, task_inst_id, file_path) VALUES (1021, 1021, 'recordings/eval_18_mod_2_task_1021.wav');
INSERT INTO task_instances (task_inst_id, task_id, module_inst_id, status, task_completing_time) VALUES (1022, 36, 87, 1, '176');
INSERT INTO recordings (recording_id, task_inst_id, file_path) VALUES (1022, 1022, 'recordings/eval_18_mod_2_task_1022.wav');
INSERT INTO task_instances (task_inst_id, task_id, module_inst_id, status, task_completing_time) VALUES (1023, 37, 87, 1, '171');
INSERT INTO recordings (recording_id, task_inst_id, file_path) VALUES (1023, 1023, 'recordings/eval_18_mod_2_task_1023.wav');
INSERT INTO module_instances (module_inst_id, module_id, evaluation_id, status) VALUES (88, 3, 18, 2);
INSERT INTO task_instances (task_inst_id, task_id, module_inst_id, status, task_completing_time) VALUES (1024, 38, 88, 1, '51');
INSERT INTO recordings (recording_id, task_inst_id, file_path) VALUES (1024, 1024, 'recordings/eval_18_mod_3_task_1024.wav');
INSERT INTO task_instances (task_inst_id, task_id, module_inst_id, status, task_completing_time) VALUES (1025, 39, 88, 0, '203');
INSERT INTO recordings (recording_id, task_inst_id, file_path) VALUES (1025, 1025, 'recordings/eval_18_mod_3_task_1025.wav');
INSERT INTO task_instances (task_inst_id, task_id, module_inst_id, status, task_completing_time) VALUES (1026, 40, 88, 1, '146');
INSERT INTO recordings (recording_id, task_inst_id, file_path) VALUES (1026, 1026, 'recordings/eval_18_mod_3_task_1026.wav');
INSERT INTO task_instances (task_inst_id, task_id, module_inst_id, status, task_completing_time) VALUES (1027, 41, 88, 1, '113');
INSERT INTO recordings (recording_id, task_inst_id, file_path) VALUES (1027, 1027, 'recordings/eval_18_mod_3_task_1027.wav');
INSERT INTO task_instances (task_inst_id, task_id, module_inst_id, status, task_completing_time) VALUES (1028, 42, 88, 1, '101');
INSERT INTO recordings (recording_id, task_inst_id, file_path) VALUES (1028, 1028, 'recordings/eval_18_mod_3_task_1028.wav');
INSERT INTO task_instances (task_inst_id, task_id, module_inst_id, status, task_completing_time) VALUES (1029, 43, 88, 0, '149');
INSERT INTO recordings (recording_id, task_inst_id, file_path) VALUES (1029, 1029, 'recordings/eval_18_mod_3_task_1029.wav');
INSERT INTO task_instances (task_inst_id, task_id, module_inst_id, status, task_completing_time) VALUES (1030, 44, 88, 0, '261');
INSERT INTO recordings (recording_id, task_inst_id, file_path) VALUES (1030, 1030, 'recordings/eval_18_mod_3_task_1030.wav');
INSERT INTO task_instances (task_inst_id, task_id, module_inst_id, status, task_completing_time) VALUES (1031, 45, 88, 1, '120');
INSERT INTO recordings (recording_id, task_inst_id, file_path) VALUES (1031, 1031, 'recordings/eval_18_mod_3_task_1031.wav');
INSERT INTO task_instances (task_inst_id, task_id, module_inst_id, status, task_completing_time) VALUES (1032, 46, 88, 1, '81');
INSERT INTO recordings (recording_id, task_inst_id, file_path) VALUES (1032, 1032, 'recordings/eval_18_mod_3_task_1032.wav');
INSERT INTO module_instances (module_inst_id, module_id, evaluation_id, status) VALUES (89, 4, 18, 3);
INSERT INTO task_instances (task_inst_id, task_id, module_inst_id, status, task_completing_time) VALUES (1033, 47, 89, 1, '28');
INSERT INTO recordings (recording_id, task_inst_id, file_path) VALUES (1033, 1033, 'recordings/eval_18_mod_4_task_1033.wav');
INSERT INTO task_instances (task_inst_id, task_id, module_inst_id, status, task_completing_time) VALUES (1034, 48, 89, 1, '277');
INSERT INTO recordings (recording_id, task_inst_id, file_path) VALUES (1034, 1034, 'recordings/eval_18_mod_4_task_1034.wav');
INSERT INTO task_instances (task_inst_id, task_id, module_inst_id, status, task_completing_time) VALUES (1035, 49, 89, 1, '114');
INSERT INTO recordings (recording_id, task_inst_id, file_path) VALUES (1035, 1035, 'recordings/eval_18_mod_4_task_1035.wav');
INSERT INTO task_instances (task_inst_id, task_id, module_inst_id, status, task_completing_time) VALUES (1036, 50, 89, 0, '229');
INSERT INTO recordings (recording_id, task_inst_id, file_path) VALUES (1036, 1036, 'recordings/eval_18_mod_4_task_1036.wav');
INSERT INTO task_instances (task_inst_id, task_id, module_inst_id, status, task_completing_time) VALUES (1037, 51, 89, 1, '73');
INSERT INTO recordings (recording_id, task_inst_id, file_path) VALUES (1037, 1037, 'recordings/eval_18_mod_4_task_1037.wav');
INSERT INTO task_instances (task_inst_id, task_id, module_inst_id, status, task_completing_time) VALUES (1038, 52, 89, 1, '256');
INSERT INTO recordings (recording_id, task_inst_id, file_path) VALUES (1038, 1038, 'recordings/eval_18_mod_4_task_1038.wav');
INSERT INTO task_instances (task_inst_id, task_id, module_inst_id, status, task_completing_time) VALUES (1039, 53, 89, 1, '131');
INSERT INTO recordings (recording_id, task_inst_id, file_path) VALUES (1039, 1039, 'recordings/eval_18_mod_4_task_1039.wav');
INSERT INTO task_instances (task_inst_id, task_id, module_inst_id, status, task_completing_time) VALUES (1040, 54, 89, 1, '261');
INSERT INTO recordings (recording_id, task_inst_id, file_path) VALUES (1040, 1040, 'recordings/eval_18_mod_4_task_1040.wav');
INSERT INTO task_instances (task_inst_id, task_id, module_inst_id, status, task_completing_time) VALUES (1041, 55, 89, 1, '274');
INSERT INTO recordings (recording_id, task_inst_id, file_path) VALUES (1041, 1041, 'recordings/eval_18_mod_4_task_1041.wav');
INSERT INTO task_instances (task_inst_id, task_id, module_inst_id, status, task_completing_time) VALUES (1042, 56, 89, 1, '42');
INSERT INTO recordings (recording_id, task_inst_id, file_path) VALUES (1042, 1042, 'recordings/eval_18_mod_4_task_1042.wav');
INSERT INTO module_instances (module_inst_id, module_id, evaluation_id, status) VALUES (90, 9001, 18, 3);
INSERT INTO task_instances (task_inst_id, task_id, module_inst_id, status, task_completing_time) VALUES (1043, 9001, 90, 1, '32');
INSERT INTO recordings (recording_id, task_inst_id, file_path) VALUES (1043, 1043, 'recordings/eval_18_mod_9001_task_1043.wav');
INSERT INTO task_instances (task_inst_id, task_id, module_inst_id, status, task_completing_time) VALUES (1044, 9002, 90, 1, '213');
INSERT INTO recordings (recording_id, task_inst_id, file_path) VALUES (1044, 1044, 'recordings/eval_18_mod_9001_task_1044.wav');
INSERT INTO participants (participant_id, name, surname, education_level, sex, birth_date, laterality) VALUES (19, 'uMLj59jgUIKheSwJhN8UCA==', 'ttn76LvnV4WmfisOg9gTDw==', 3, 1, '1947-05-01', 1);
INSERT INTO evaluations (evaluation_id, evaluation_date, evaluator_id, participant_id, status, language) VALUES (19, '2025-10-07 16:32:00', 4, 19, 3, 1);
INSERT INTO module_instances (module_inst_id, module_id, evaluation_id, status) VALUES (91, 1, 19, 3);
INSERT INTO task_instances (task_inst_id, task_id, module_inst_id, status, task_completing_time) VALUES (1045, 1, 91, 0, '26');
INSERT INTO recordings (recording_id, task_inst_id, file_path) VALUES (1045, 1045, 'recordings/eval_19_mod_1_task_1045.wav');
INSERT INTO task_instances (task_inst_id, task_id, module_inst_id, status, task_completing_time) VALUES (1046, 2, 91, 1, '267');
INSERT INTO recordings (recording_id, task_inst_id, file_path) VALUES (1046, 1046, 'recordings/eval_19_mod_1_task_1046.wav');
INSERT INTO task_instances (task_inst_id, task_id, module_inst_id, status, task_completing_time) VALUES (1047, 3, 91, 1, '229');
INSERT INTO recordings (recording_id, task_inst_id, file_path) VALUES (1047, 1047, 'recordings/eval_19_mod_1_task_1047.wav');
INSERT INTO task_instances (task_inst_id, task_id, module_inst_id, status, task_completing_time) VALUES (1048, 4, 91, 1, '27');
INSERT INTO recordings (recording_id, task_inst_id, file_path) VALUES (1048, 1048, 'recordings/eval_19_mod_1_task_1048.wav');
INSERT INTO task_instances (task_inst_id, task_id, module_inst_id, status, task_completing_time) VALUES (1049, 5, 91, 1, '115');
INSERT INTO recordings (recording_id, task_inst_id, file_path) VALUES (1049, 1049, 'recordings/eval_19_mod_1_task_1049.wav');
INSERT INTO task_instances (task_inst_id, task_id, module_inst_id, status, task_completing_time) VALUES (1050, 6, 91, 1, '79');
INSERT INTO recordings (recording_id, task_inst_id, file_path) VALUES (1050, 1050, 'recordings/eval_19_mod_1_task_1050.wav');
INSERT INTO task_instances (task_inst_id, task_id, module_inst_id, status, task_completing_time) VALUES (1051, 7, 91, 1, '268');
INSERT INTO recordings (recording_id, task_inst_id, file_path) VALUES (1051, 1051, 'recordings/eval_19_mod_1_task_1051.wav');
INSERT INTO task_instances (task_inst_id, task_id, module_inst_id, status, task_completing_time) VALUES (1052, 8, 91, 1, '143');
INSERT INTO recordings (recording_id, task_inst_id, file_path) VALUES (1052, 1052, 'recordings/eval_19_mod_1_task_1052.wav');
INSERT INTO task_instances (task_inst_id, task_id, module_inst_id, status, task_completing_time) VALUES (1053, 9, 91, 1, '281');
INSERT INTO recordings (recording_id, task_inst_id, file_path) VALUES (1053, 1053, 'recordings/eval_19_mod_1_task_1053.wav');
INSERT INTO task_instances (task_inst_id, task_id, module_inst_id, status, task_completing_time) VALUES (1054, 10, 91, 1, '89');
INSERT INTO recordings (recording_id, task_inst_id, file_path) VALUES (1054, 1054, 'recordings/eval_19_mod_1_task_1054.wav');
INSERT INTO module_instances (module_inst_id, module_id, evaluation_id, status) VALUES (92, 2, 19, 1);
INSERT INTO task_instances (task_inst_id, task_id, module_inst_id, status, task_completing_time) VALUES (1055, 11, 92, 1, '58');
INSERT INTO recordings (recording_id, task_inst_id, file_path) VALUES (1055, 1055, 'recordings/eval_19_mod_2_task_1055.wav');
INSERT INTO task_instances (task_inst_id, task_id, module_inst_id, status, task_completing_time) VALUES (1056, 12, 92, 1, '176');
INSERT INTO recordings (recording_id, task_inst_id, file_path) VALUES (1056, 1056, 'recordings/eval_19_mod_2_task_1056.wav');
INSERT INTO task_instances (task_inst_id, task_id, module_inst_id, status, task_completing_time) VALUES (1057, 13, 92, 1, '298');
INSERT INTO recordings (recording_id, task_inst_id, file_path) VALUES (1057, 1057, 'recordings/eval_19_mod_2_task_1057.wav');
INSERT INTO task_instances (task_inst_id, task_id, module_inst_id, status, task_completing_time) VALUES (1058, 14, 92, 1, '99');
INSERT INTO recordings (recording_id, task_inst_id, file_path) VALUES (1058, 1058, 'recordings/eval_19_mod_2_task_1058.wav');
INSERT INTO task_instances (task_inst_id, task_id, module_inst_id, status, task_completing_time) VALUES (1059, 15, 92, 1, '139');
INSERT INTO recordings (recording_id, task_inst_id, file_path) VALUES (1059, 1059, 'recordings/eval_19_mod_2_task_1059.wav');
INSERT INTO task_instances (task_inst_id, task_id, module_inst_id, status, task_completing_time) VALUES (1060, 16, 92, 1, '62');
INSERT INTO recordings (recording_id, task_inst_id, file_path) VALUES (1060, 1060, 'recordings/eval_19_mod_2_task_1060.wav');
INSERT INTO task_instances (task_inst_id, task_id, module_inst_id, status, task_completing_time) VALUES (1061, 17, 92, 1, '292');
INSERT INTO recordings (recording_id, task_inst_id, file_path) VALUES (1061, 1061, 'recordings/eval_19_mod_2_task_1061.wav');
INSERT INTO task_instances (task_inst_id, task_id, module_inst_id, status, task_completing_time) VALUES (1062, 18, 92, 1, '230');
INSERT INTO recordings (recording_id, task_inst_id, file_path) VALUES (1062, 1062, 'recordings/eval_19_mod_2_task_1062.wav');
INSERT INTO task_instances (task_inst_id, task_id, module_inst_id, status, task_completing_time) VALUES (1063, 19, 92, 1, '273');
INSERT INTO recordings (recording_id, task_inst_id, file_path) VALUES (1063, 1063, 'recordings/eval_19_mod_2_task_1063.wav');
INSERT INTO task_instances (task_inst_id, task_id, module_inst_id, status, task_completing_time) VALUES (1064, 20, 92, 1, '285');
INSERT INTO recordings (recording_id, task_inst_id, file_path) VALUES (1064, 1064, 'recordings/eval_19_mod_2_task_1064.wav');
INSERT INTO task_instances (task_inst_id, task_id, module_inst_id, status, task_completing_time) VALUES (1065, 21, 92, 0, '27');
INSERT INTO recordings (recording_id, task_inst_id, file_path) VALUES (1065, 1065, 'recordings/eval_19_mod_2_task_1065.wav');
INSERT INTO task_instances (task_inst_id, task_id, module_inst_id, status, task_completing_time) VALUES (1066, 22, 92, 1, '79');
INSERT INTO recordings (recording_id, task_inst_id, file_path) VALUES (1066, 1066, 'recordings/eval_19_mod_2_task_1066.wav');
INSERT INTO task_instances (task_inst_id, task_id, module_inst_id, status, task_completing_time) VALUES (1067, 23, 92, 1, '26');
INSERT INTO recordings (recording_id, task_inst_id, file_path) VALUES (1067, 1067, 'recordings/eval_19_mod_2_task_1067.wav');
INSERT INTO task_instances (task_inst_id, task_id, module_inst_id, status, task_completing_time) VALUES (1068, 24, 92, 1, '283');
INSERT INTO recordings (recording_id, task_inst_id, file_path) VALUES (1068, 1068, 'recordings/eval_19_mod_2_task_1068.wav');
INSERT INTO task_instances (task_inst_id, task_id, module_inst_id, status, task_completing_time) VALUES (1069, 25, 92, 1, '9');
INSERT INTO recordings (recording_id, task_inst_id, file_path) VALUES (1069, 1069, 'recordings/eval_19_mod_2_task_1069.wav');
INSERT INTO task_instances (task_inst_id, task_id, module_inst_id, status, task_completing_time) VALUES (1070, 26, 92, 1, '297');
INSERT INTO recordings (recording_id, task_inst_id, file_path) VALUES (1070, 1070, 'recordings/eval_19_mod_2_task_1070.wav');
INSERT INTO task_instances (task_inst_id, task_id, module_inst_id, status, task_completing_time) VALUES (1071, 27, 92, 1, '197');
INSERT INTO recordings (recording_id, task_inst_id, file_path) VALUES (1071, 1071, 'recordings/eval_19_mod_2_task_1071.wav');
INSERT INTO task_instances (task_inst_id, task_id, module_inst_id, status, task_completing_time) VALUES (1072, 28, 92, 1, '276');
INSERT INTO recordings (recording_id, task_inst_id, file_path) VALUES (1072, 1072, 'recordings/eval_19_mod_2_task_1072.wav');
INSERT INTO task_instances (task_inst_id, task_id, module_inst_id, status, task_completing_time) VALUES (1073, 29, 92, 1, '97');
INSERT INTO recordings (recording_id, task_inst_id, file_path) VALUES (1073, 1073, 'recordings/eval_19_mod_2_task_1073.wav');
INSERT INTO task_instances (task_inst_id, task_id, module_inst_id, status, task_completing_time) VALUES (1074, 30, 92, 1, '50');
INSERT INTO recordings (recording_id, task_inst_id, file_path) VALUES (1074, 1074, 'recordings/eval_19_mod_2_task_1074.wav');
INSERT INTO task_instances (task_inst_id, task_id, module_inst_id, status, task_completing_time) VALUES (1075, 31, 92, 1, '259');
INSERT INTO recordings (recording_id, task_inst_id, file_path) VALUES (1075, 1075, 'recordings/eval_19_mod_2_task_1075.wav');
INSERT INTO task_instances (task_inst_id, task_id, module_inst_id, status, task_completing_time) VALUES (1076, 32, 92, 1, '195');
INSERT INTO recordings (recording_id, task_inst_id, file_path) VALUES (1076, 1076, 'recordings/eval_19_mod_2_task_1076.wav');
INSERT INTO task_instances (task_inst_id, task_id, module_inst_id, status, task_completing_time) VALUES (1077, 33, 92, 1, '179');
INSERT INTO recordings (recording_id, task_inst_id, file_path) VALUES (1077, 1077, 'recordings/eval_19_mod_2_task_1077.wav');
INSERT INTO task_instances (task_inst_id, task_id, module_inst_id, status, task_completing_time) VALUES (1078, 34, 92, 1, '290');
INSERT INTO recordings (recording_id, task_inst_id, file_path) VALUES (1078, 1078, 'recordings/eval_19_mod_2_task_1078.wav');
INSERT INTO task_instances (task_inst_id, task_id, module_inst_id, status, task_completing_time) VALUES (1079, 35, 92, 1, '32');
INSERT INTO recordings (recording_id, task_inst_id, file_path) VALUES (1079, 1079, 'recordings/eval_19_mod_2_task_1079.wav');
INSERT INTO task_instances (task_inst_id, task_id, module_inst_id, status, task_completing_time) VALUES (1080, 36, 92, 1, '168');
INSERT INTO recordings (recording_id, task_inst_id, file_path) VALUES (1080, 1080, 'recordings/eval_19_mod_2_task_1080.wav');
INSERT INTO task_instances (task_inst_id, task_id, module_inst_id, status, task_completing_time) VALUES (1081, 37, 92, 1, '54');
INSERT INTO recordings (recording_id, task_inst_id, file_path) VALUES (1081, 1081, 'recordings/eval_19_mod_2_task_1081.wav');
INSERT INTO module_instances (module_inst_id, module_id, evaluation_id, status) VALUES (93, 3, 19, 3);
INSERT INTO task_instances (task_inst_id, task_id, module_inst_id, status, task_completing_time) VALUES (1082, 38, 93, 1, '41');
INSERT INTO recordings (recording_id, task_inst_id, file_path) VALUES (1082, 1082, 'recordings/eval_19_mod_3_task_1082.wav');
INSERT INTO task_instances (task_inst_id, task_id, module_inst_id, status, task_completing_time) VALUES (1083, 39, 93, 1, '56');
INSERT INTO recordings (recording_id, task_inst_id, file_path) VALUES (1083, 1083, 'recordings/eval_19_mod_3_task_1083.wav');
INSERT INTO task_instances (task_inst_id, task_id, module_inst_id, status, task_completing_time) VALUES (1084, 40, 93, 1, '138');
INSERT INTO recordings (recording_id, task_inst_id, file_path) VALUES (1084, 1084, 'recordings/eval_19_mod_3_task_1084.wav');
INSERT INTO task_instances (task_inst_id, task_id, module_inst_id, status, task_completing_time) VALUES (1085, 41, 93, 1, '178');
INSERT INTO recordings (recording_id, task_inst_id, file_path) VALUES (1085, 1085, 'recordings/eval_19_mod_3_task_1085.wav');
INSERT INTO task_instances (task_inst_id, task_id, module_inst_id, status, task_completing_time) VALUES (1086, 42, 93, 1, '278');
INSERT INTO recordings (recording_id, task_inst_id, file_path) VALUES (1086, 1086, 'recordings/eval_19_mod_3_task_1086.wav');
INSERT INTO task_instances (task_inst_id, task_id, module_inst_id, status, task_completing_time) VALUES (1087, 43, 93, 1, '228');
INSERT INTO recordings (recording_id, task_inst_id, file_path) VALUES (1087, 1087, 'recordings/eval_19_mod_3_task_1087.wav');
INSERT INTO task_instances (task_inst_id, task_id, module_inst_id, status, task_completing_time) VALUES (1088, 44, 93, 1, '162');
INSERT INTO recordings (recording_id, task_inst_id, file_path) VALUES (1088, 1088, 'recordings/eval_19_mod_3_task_1088.wav');
INSERT INTO task_instances (task_inst_id, task_id, module_inst_id, status, task_completing_time) VALUES (1089, 45, 93, 0, '86');
INSERT INTO recordings (recording_id, task_inst_id, file_path) VALUES (1089, 1089, 'recordings/eval_19_mod_3_task_1089.wav');
INSERT INTO task_instances (task_inst_id, task_id, module_inst_id, status, task_completing_time) VALUES (1090, 46, 93, 0, '228');
INSERT INTO recordings (recording_id, task_inst_id, file_path) VALUES (1090, 1090, 'recordings/eval_19_mod_3_task_1090.wav');
INSERT INTO module_instances (module_inst_id, module_id, evaluation_id, status) VALUES (94, 4, 19, 3);
INSERT INTO task_instances (task_inst_id, task_id, module_inst_id, status, task_completing_time) VALUES (1091, 47, 94, 0, '35');
INSERT INTO recordings (recording_id, task_inst_id, file_path) VALUES (1091, 1091, 'recordings/eval_19_mod_4_task_1091.wav');
INSERT INTO task_instances (task_inst_id, task_id, module_inst_id, status, task_completing_time) VALUES (1092, 48, 94, 1, '222');
INSERT INTO recordings (recording_id, task_inst_id, file_path) VALUES (1092, 1092, 'recordings/eval_19_mod_4_task_1092.wav');
INSERT INTO task_instances (task_inst_id, task_id, module_inst_id, status, task_completing_time) VALUES (1093, 49, 94, 0, '221');
INSERT INTO recordings (recording_id, task_inst_id, file_path) VALUES (1093, 1093, 'recordings/eval_19_mod_4_task_1093.wav');
INSERT INTO task_instances (task_inst_id, task_id, module_inst_id, status, task_completing_time) VALUES (1094, 50, 94, 0, '167');
INSERT INTO recordings (recording_id, task_inst_id, file_path) VALUES (1094, 1094, 'recordings/eval_19_mod_4_task_1094.wav');
INSERT INTO task_instances (task_inst_id, task_id, module_inst_id, status, task_completing_time) VALUES (1095, 51, 94, 1, '130');
INSERT INTO recordings (recording_id, task_inst_id, file_path) VALUES (1095, 1095, 'recordings/eval_19_mod_4_task_1095.wav');
INSERT INTO task_instances (task_inst_id, task_id, module_inst_id, status, task_completing_time) VALUES (1096, 52, 94, 1, '297');
INSERT INTO recordings (recording_id, task_inst_id, file_path) VALUES (1096, 1096, 'recordings/eval_19_mod_4_task_1096.wav');
INSERT INTO task_instances (task_inst_id, task_id, module_inst_id, status, task_completing_time) VALUES (1097, 53, 94, 0, '208');
INSERT INTO recordings (recording_id, task_inst_id, file_path) VALUES (1097, 1097, 'recordings/eval_19_mod_4_task_1097.wav');
INSERT INTO task_instances (task_inst_id, task_id, module_inst_id, status, task_completing_time) VALUES (1098, 54, 94, 1, '189');
INSERT INTO recordings (recording_id, task_inst_id, file_path) VALUES (1098, 1098, 'recordings/eval_19_mod_4_task_1098.wav');
INSERT INTO task_instances (task_inst_id, task_id, module_inst_id, status, task_completing_time) VALUES (1099, 55, 94, 1, '101');
INSERT INTO recordings (recording_id, task_inst_id, file_path) VALUES (1099, 1099, 'recordings/eval_19_mod_4_task_1099.wav');
INSERT INTO task_instances (task_inst_id, task_id, module_inst_id, status, task_completing_time) VALUES (1100, 56, 94, 0, '16');
INSERT INTO recordings (recording_id, task_inst_id, file_path) VALUES (1100, 1100, 'recordings/eval_19_mod_4_task_1100.wav');
INSERT INTO module_instances (module_inst_id, module_id, evaluation_id, status) VALUES (95, 9001, 19, 1);
INSERT INTO task_instances (task_inst_id, task_id, module_inst_id, status, task_completing_time) VALUES (1101, 9001, 95, 1, '59');
INSERT INTO recordings (recording_id, task_inst_id, file_path) VALUES (1101, 1101, 'recordings/eval_19_mod_9001_task_1101.wav');
INSERT INTO task_instances (task_inst_id, task_id, module_inst_id, status, task_completing_time) VALUES (1102, 9002, 95, 1, '247');
INSERT INTO recordings (recording_id, task_inst_id, file_path) VALUES (1102, 1102, 'recordings/eval_19_mod_9001_task_1102.wav');
INSERT INTO participants (participant_id, name, surname, education_level, sex, birth_date, laterality) VALUES (20, 'qtHi+3RGOODLdSAFiNMYBA==', 'ttn76LvnV4WmfisOg9gTDw==', 5, 1, '1941-01-27', 2);
INSERT INTO evaluations (evaluation_id, evaluation_date, evaluator_id, participant_id, status, language) VALUES (20, '2025-07-25 12:36:00', 4, 20, 3, 2);
INSERT INTO module_instances (module_inst_id, module_id, evaluation_id, status) VALUES (96, 1, 20, 2);
INSERT INTO task_instances (task_inst_id, task_id, module_inst_id, status, task_completing_time) VALUES (1103, 1, 96, 0, '28');
INSERT INTO recordings (recording_id, task_inst_id, file_path) VALUES (1103, 1103, 'recordings/eval_20_mod_1_task_1103.wav');
INSERT INTO task_instances (task_inst_id, task_id, module_inst_id, status, task_completing_time) VALUES (1104, 2, 96, 1, '119');
INSERT INTO recordings (recording_id, task_inst_id, file_path) VALUES (1104, 1104, 'recordings/eval_20_mod_1_task_1104.wav');
INSERT INTO task_instances (task_inst_id, task_id, module_inst_id, status, task_completing_time) VALUES (1105, 3, 96, 1, '48');
INSERT INTO recordings (recording_id, task_inst_id, file_path) VALUES (1105, 1105, 'recordings/eval_20_mod_1_task_1105.wav');
INSERT INTO task_instances (task_inst_id, task_id, module_inst_id, status, task_completing_time) VALUES (1106, 4, 96, 1, '37');
INSERT INTO recordings (recording_id, task_inst_id, file_path) VALUES (1106, 1106, 'recordings/eval_20_mod_1_task_1106.wav');
INSERT INTO task_instances (task_inst_id, task_id, module_inst_id, status, task_completing_time) VALUES (1107, 5, 96, 1, '182');
INSERT INTO recordings (recording_id, task_inst_id, file_path) VALUES (1107, 1107, 'recordings/eval_20_mod_1_task_1107.wav');
INSERT INTO task_instances (task_inst_id, task_id, module_inst_id, status, task_completing_time) VALUES (1108, 6, 96, 0, '90');
INSERT INTO recordings (recording_id, task_inst_id, file_path) VALUES (1108, 1108, 'recordings/eval_20_mod_1_task_1108.wav');
INSERT INTO task_instances (task_inst_id, task_id, module_inst_id, status, task_completing_time) VALUES (1109, 7, 96, 0, '269');
INSERT INTO recordings (recording_id, task_inst_id, file_path) VALUES (1109, 1109, 'recordings/eval_20_mod_1_task_1109.wav');
INSERT INTO task_instances (task_inst_id, task_id, module_inst_id, status, task_completing_time) VALUES (1110, 8, 96, 1, '34');
INSERT INTO recordings (recording_id, task_inst_id, file_path) VALUES (1110, 1110, 'recordings/eval_20_mod_1_task_1110.wav');
INSERT INTO task_instances (task_inst_id, task_id, module_inst_id, status, task_completing_time) VALUES (1111, 9, 96, 1, '232');
INSERT INTO recordings (recording_id, task_inst_id, file_path) VALUES (1111, 1111, 'recordings/eval_20_mod_1_task_1111.wav');
INSERT INTO task_instances (task_inst_id, task_id, module_inst_id, status, task_completing_time) VALUES (1112, 10, 96, 1, '281');
INSERT INTO recordings (recording_id, task_inst_id, file_path) VALUES (1112, 1112, 'recordings/eval_20_mod_1_task_1112.wav');
INSERT INTO module_instances (module_inst_id, module_id, evaluation_id, status) VALUES (97, 2, 20, 3);
INSERT INTO task_instances (task_inst_id, task_id, module_inst_id, status, task_completing_time) VALUES (1113, 11, 97, 0, '51');
INSERT INTO recordings (recording_id, task_inst_id, file_path) VALUES (1113, 1113, 'recordings/eval_20_mod_2_task_1113.wav');
INSERT INTO task_instances (task_inst_id, task_id, module_inst_id, status, task_completing_time) VALUES (1114, 12, 97, 1, '207');
INSERT INTO recordings (recording_id, task_inst_id, file_path) VALUES (1114, 1114, 'recordings/eval_20_mod_2_task_1114.wav');
INSERT INTO task_instances (task_inst_id, task_id, module_inst_id, status, task_completing_time) VALUES (1115, 13, 97, 1, '199');
INSERT INTO recordings (recording_id, task_inst_id, file_path) VALUES (1115, 1115, 'recordings/eval_20_mod_2_task_1115.wav');
INSERT INTO task_instances (task_inst_id, task_id, module_inst_id, status, task_completing_time) VALUES (1116, 14, 97, 1, '26');
INSERT INTO recordings (recording_id, task_inst_id, file_path) VALUES (1116, 1116, 'recordings/eval_20_mod_2_task_1116.wav');
INSERT INTO task_instances (task_inst_id, task_id, module_inst_id, status, task_completing_time) VALUES (1117, 15, 97, 1, '291');
INSERT INTO recordings (recording_id, task_inst_id, file_path) VALUES (1117, 1117, 'recordings/eval_20_mod_2_task_1117.wav');
INSERT INTO task_instances (task_inst_id, task_id, module_inst_id, status, task_completing_time) VALUES (1118, 16, 97, 0, '183');
INSERT INTO recordings (recording_id, task_inst_id, file_path) VALUES (1118, 1118, 'recordings/eval_20_mod_2_task_1118.wav');
INSERT INTO task_instances (task_inst_id, task_id, module_inst_id, status, task_completing_time) VALUES (1119, 17, 97, 1, '277');
INSERT INTO recordings (recording_id, task_inst_id, file_path) VALUES (1119, 1119, 'recordings/eval_20_mod_2_task_1119.wav');
INSERT INTO task_instances (task_inst_id, task_id, module_inst_id, status, task_completing_time) VALUES (1120, 18, 97, 1, '207');
INSERT INTO recordings (recording_id, task_inst_id, file_path) VALUES (1120, 1120, 'recordings/eval_20_mod_2_task_1120.wav');
INSERT INTO task_instances (task_inst_id, task_id, module_inst_id, status, task_completing_time) VALUES (1121, 19, 97, 1, '233');
INSERT INTO recordings (recording_id, task_inst_id, file_path) VALUES (1121, 1121, 'recordings/eval_20_mod_2_task_1121.wav');
INSERT INTO task_instances (task_inst_id, task_id, module_inst_id, status, task_completing_time) VALUES (1122, 20, 97, 1, '277');
INSERT INTO recordings (recording_id, task_inst_id, file_path) VALUES (1122, 1122, 'recordings/eval_20_mod_2_task_1122.wav');
INSERT INTO task_instances (task_inst_id, task_id, module_inst_id, status, task_completing_time) VALUES (1123, 21, 97, 0, '22');
INSERT INTO recordings (recording_id, task_inst_id, file_path) VALUES (1123, 1123, 'recordings/eval_20_mod_2_task_1123.wav');
INSERT INTO task_instances (task_inst_id, task_id, module_inst_id, status, task_completing_time) VALUES (1124, 22, 97, 1, '275');
INSERT INTO recordings (recording_id, task_inst_id, file_path) VALUES (1124, 1124, 'recordings/eval_20_mod_2_task_1124.wav');
INSERT INTO task_instances (task_inst_id, task_id, module_inst_id, status, task_completing_time) VALUES (1125, 23, 97, 1, '37');
INSERT INTO recordings (recording_id, task_inst_id, file_path) VALUES (1125, 1125, 'recordings/eval_20_mod_2_task_1125.wav');
INSERT INTO task_instances (task_inst_id, task_id, module_inst_id, status, task_completing_time) VALUES (1126, 24, 97, 0, '173');
INSERT INTO recordings (recording_id, task_inst_id, file_path) VALUES (1126, 1126, 'recordings/eval_20_mod_2_task_1126.wav');
INSERT INTO task_instances (task_inst_id, task_id, module_inst_id, status, task_completing_time) VALUES (1127, 25, 97, 1, '12');
INSERT INTO recordings (recording_id, task_inst_id, file_path) VALUES (1127, 1127, 'recordings/eval_20_mod_2_task_1127.wav');
INSERT INTO task_instances (task_inst_id, task_id, module_inst_id, status, task_completing_time) VALUES (1128, 26, 97, 1, '44');
INSERT INTO recordings (recording_id, task_inst_id, file_path) VALUES (1128, 1128, 'recordings/eval_20_mod_2_task_1128.wav');
INSERT INTO task_instances (task_inst_id, task_id, module_inst_id, status, task_completing_time) VALUES (1129, 27, 97, 0, '119');
INSERT INTO recordings (recording_id, task_inst_id, file_path) VALUES (1129, 1129, 'recordings/eval_20_mod_2_task_1129.wav');
INSERT INTO task_instances (task_inst_id, task_id, module_inst_id, status, task_completing_time) VALUES (1130, 28, 97, 1, '218');
INSERT INTO recordings (recording_id, task_inst_id, file_path) VALUES (1130, 1130, 'recordings/eval_20_mod_2_task_1130.wav');
INSERT INTO task_instances (task_inst_id, task_id, module_inst_id, status, task_completing_time) VALUES (1131, 29, 97, 0, '207');
INSERT INTO recordings (recording_id, task_inst_id, file_path) VALUES (1131, 1131, 'recordings/eval_20_mod_2_task_1131.wav');
INSERT INTO task_instances (task_inst_id, task_id, module_inst_id, status, task_completing_time) VALUES (1132, 30, 97, 1, '18');
INSERT INTO recordings (recording_id, task_inst_id, file_path) VALUES (1132, 1132, 'recordings/eval_20_mod_2_task_1132.wav');
INSERT INTO task_instances (task_inst_id, task_id, module_inst_id, status, task_completing_time) VALUES (1133, 31, 97, 1, '149');
INSERT INTO recordings (recording_id, task_inst_id, file_path) VALUES (1133, 1133, 'recordings/eval_20_mod_2_task_1133.wav');
INSERT INTO task_instances (task_inst_id, task_id, module_inst_id, status, task_completing_time) VALUES (1134, 32, 97, 0, '187');
INSERT INTO recordings (recording_id, task_inst_id, file_path) VALUES (1134, 1134, 'recordings/eval_20_mod_2_task_1134.wav');
INSERT INTO task_instances (task_inst_id, task_id, module_inst_id, status, task_completing_time) VALUES (1135, 33, 97, 1, '166');
INSERT INTO recordings (recording_id, task_inst_id, file_path) VALUES (1135, 1135, 'recordings/eval_20_mod_2_task_1135.wav');
INSERT INTO task_instances (task_inst_id, task_id, module_inst_id, status, task_completing_time) VALUES (1136, 34, 97, 1, '258');
INSERT INTO recordings (recording_id, task_inst_id, file_path) VALUES (1136, 1136, 'recordings/eval_20_mod_2_task_1136.wav');
INSERT INTO task_instances (task_inst_id, task_id, module_inst_id, status, task_completing_time) VALUES (1137, 35, 97, 0, '38');
INSERT INTO recordings (recording_id, task_inst_id, file_path) VALUES (1137, 1137, 'recordings/eval_20_mod_2_task_1137.wav');
INSERT INTO task_instances (task_inst_id, task_id, module_inst_id, status, task_completing_time) VALUES (1138, 36, 97, 0, '62');
INSERT INTO recordings (recording_id, task_inst_id, file_path) VALUES (1138, 1138, 'recordings/eval_20_mod_2_task_1138.wav');
INSERT INTO task_instances (task_inst_id, task_id, module_inst_id, status, task_completing_time) VALUES (1139, 37, 97, 0, '287');
INSERT INTO recordings (recording_id, task_inst_id, file_path) VALUES (1139, 1139, 'recordings/eval_20_mod_2_task_1139.wav');
INSERT INTO module_instances (module_inst_id, module_id, evaluation_id, status) VALUES (98, 3, 20, 3);
INSERT INTO task_instances (task_inst_id, task_id, module_inst_id, status, task_completing_time) VALUES (1140, 38, 98, 1, '12');
INSERT INTO recordings (recording_id, task_inst_id, file_path) VALUES (1140, 1140, 'recordings/eval_20_mod_3_task_1140.wav');
INSERT INTO task_instances (task_inst_id, task_id, module_inst_id, status, task_completing_time) VALUES (1141, 39, 98, 1, '167');
INSERT INTO recordings (recording_id, task_inst_id, file_path) VALUES (1141, 1141, 'recordings/eval_20_mod_3_task_1141.wav');
INSERT INTO task_instances (task_inst_id, task_id, module_inst_id, status, task_completing_time) VALUES (1142, 40, 98, 1, '152');
INSERT INTO recordings (recording_id, task_inst_id, file_path) VALUES (1142, 1142, 'recordings/eval_20_mod_3_task_1142.wav');
INSERT INTO task_instances (task_inst_id, task_id, module_inst_id, status, task_completing_time) VALUES (1143, 41, 98, 1, '159');
INSERT INTO recordings (recording_id, task_inst_id, file_path) VALUES (1143, 1143, 'recordings/eval_20_mod_3_task_1143.wav');
INSERT INTO task_instances (task_inst_id, task_id, module_inst_id, status, task_completing_time) VALUES (1144, 42, 98, 1, '263');
INSERT INTO recordings (recording_id, task_inst_id, file_path) VALUES (1144, 1144, 'recordings/eval_20_mod_3_task_1144.wav');
INSERT INTO task_instances (task_inst_id, task_id, module_inst_id, status, task_completing_time) VALUES (1145, 43, 98, 1, '264');
INSERT INTO recordings (recording_id, task_inst_id, file_path) VALUES (1145, 1145, 'recordings/eval_20_mod_3_task_1145.wav');
INSERT INTO task_instances (task_inst_id, task_id, module_inst_id, status, task_completing_time) VALUES (1146, 44, 98, 1, '49');
INSERT INTO recordings (recording_id, task_inst_id, file_path) VALUES (1146, 1146, 'recordings/eval_20_mod_3_task_1146.wav');
INSERT INTO task_instances (task_inst_id, task_id, module_inst_id, status, task_completing_time) VALUES (1147, 45, 98, 1, '45');
INSERT INTO recordings (recording_id, task_inst_id, file_path) VALUES (1147, 1147, 'recordings/eval_20_mod_3_task_1147.wav');
INSERT INTO task_instances (task_inst_id, task_id, module_inst_id, status, task_completing_time) VALUES (1148, 46, 98, 1, '188');
INSERT INTO recordings (recording_id, task_inst_id, file_path) VALUES (1148, 1148, 'recordings/eval_20_mod_3_task_1148.wav');
INSERT INTO module_instances (module_inst_id, module_id, evaluation_id, status) VALUES (99, 4, 20, 3);
INSERT INTO task_instances (task_inst_id, task_id, module_inst_id, status, task_completing_time) VALUES (1149, 47, 99, 1, '16');
INSERT INTO recordings (recording_id, task_inst_id, file_path) VALUES (1149, 1149, 'recordings/eval_20_mod_4_task_1149.wav');
INSERT INTO task_instances (task_inst_id, task_id, module_inst_id, status, task_completing_time) VALUES (1150, 48, 99, 0, '222');
INSERT INTO recordings (recording_id, task_inst_id, file_path) VALUES (1150, 1150, 'recordings/eval_20_mod_4_task_1150.wav');
INSERT INTO task_instances (task_inst_id, task_id, module_inst_id, status, task_completing_time) VALUES (1151, 49, 99, 1, '191');
INSERT INTO recordings (recording_id, task_inst_id, file_path) VALUES (1151, 1151, 'recordings/eval_20_mod_4_task_1151.wav');
INSERT INTO task_instances (task_inst_id, task_id, module_inst_id, status, task_completing_time) VALUES (1152, 50, 99, 1, '192');
INSERT INTO recordings (recording_id, task_inst_id, file_path) VALUES (1152, 1152, 'recordings/eval_20_mod_4_task_1152.wav');
INSERT INTO task_instances (task_inst_id, task_id, module_inst_id, status, task_completing_time) VALUES (1153, 51, 99, 1, '102');
INSERT INTO recordings (recording_id, task_inst_id, file_path) VALUES (1153, 1153, 'recordings/eval_20_mod_4_task_1153.wav');
INSERT INTO task_instances (task_inst_id, task_id, module_inst_id, status, task_completing_time) VALUES (1154, 52, 99, 1, '183');
INSERT INTO recordings (recording_id, task_inst_id, file_path) VALUES (1154, 1154, 'recordings/eval_20_mod_4_task_1154.wav');
INSERT INTO task_instances (task_inst_id, task_id, module_inst_id, status, task_completing_time) VALUES (1155, 53, 99, 1, '103');
INSERT INTO recordings (recording_id, task_inst_id, file_path) VALUES (1155, 1155, 'recordings/eval_20_mod_4_task_1155.wav');
INSERT INTO task_instances (task_inst_id, task_id, module_inst_id, status, task_completing_time) VALUES (1156, 54, 99, 1, '171');
INSERT INTO recordings (recording_id, task_inst_id, file_path) VALUES (1156, 1156, 'recordings/eval_20_mod_4_task_1156.wav');
INSERT INTO task_instances (task_inst_id, task_id, module_inst_id, status, task_completing_time) VALUES (1157, 55, 99, 1, '72');
INSERT INTO recordings (recording_id, task_inst_id, file_path) VALUES (1157, 1157, 'recordings/eval_20_mod_4_task_1157.wav');
INSERT INTO task_instances (task_inst_id, task_id, module_inst_id, status, task_completing_time) VALUES (1158, 56, 99, 1, '23');
INSERT INTO recordings (recording_id, task_inst_id, file_path) VALUES (1158, 1158, 'recordings/eval_20_mod_4_task_1158.wav');
INSERT INTO module_instances (module_inst_id, module_id, evaluation_id, status) VALUES (100, 9001, 20, 2);
INSERT INTO task_instances (task_inst_id, task_id, module_inst_id, status, task_completing_time) VALUES (1159, 9001, 100, 1, '7');
INSERT INTO recordings (recording_id, task_inst_id, file_path) VALUES (1159, 1159, 'recordings/eval_20_mod_9001_task_1159.wav');
INSERT INTO task_instances (task_inst_id, task_id, module_inst_id, status, task_completing_time) VALUES (1160, 9002, 100, 1, '121');
INSERT INTO recordings (recording_id, task_inst_id, file_path) VALUES (1160, 1160, 'recordings/eval_20_mod_9001_task_1160.wav');
INSERT INTO participants (participant_id, name, surname, education_level, sex, birth_date, laterality) VALUES (21, 'sN9VKtjgUIKheSwJhN8UCA==', 'qdn6/9bgUIKheSwJhN8UCA==', 3, 2, '1963-03-13', 1);
INSERT INTO evaluations (evaluation_id, evaluation_date, evaluator_id, participant_id, status, language) VALUES (21, '2025-10-26 08:47:00', 4, 21, 2, 2);
INSERT INTO module_instances (module_inst_id, module_id, evaluation_id, status) VALUES (101, 1, 21, 3);
INSERT INTO task_instances (task_inst_id, task_id, module_inst_id, status, task_completing_time) VALUES (1161, 1, 101, 1, '53');
INSERT INTO recordings (recording_id, task_inst_id, file_path) VALUES (1161, 1161, 'recordings/eval_21_mod_1_task_1161.wav');
INSERT INTO task_instances (task_inst_id, task_id, module_inst_id, status, task_completing_time) VALUES (1162, 2, 101, 1, '29');
INSERT INTO recordings (recording_id, task_inst_id, file_path) VALUES (1162, 1162, 'recordings/eval_21_mod_1_task_1162.wav');
INSERT INTO task_instances (task_inst_id, task_id, module_inst_id, status, task_completing_time) VALUES (1163, 3, 101, 1, '97');
INSERT INTO recordings (recording_id, task_inst_id, file_path) VALUES (1163, 1163, 'recordings/eval_21_mod_1_task_1163.wav');
INSERT INTO task_instances (task_inst_id, task_id, module_inst_id, status, task_completing_time) VALUES (1164, 4, 101, 1, '36');
INSERT INTO recordings (recording_id, task_inst_id, file_path) VALUES (1164, 1164, 'recordings/eval_21_mod_1_task_1164.wav');
INSERT INTO task_instances (task_inst_id, task_id, module_inst_id, status, task_completing_time) VALUES (1165, 5, 101, 1, '276');
INSERT INTO recordings (recording_id, task_inst_id, file_path) VALUES (1165, 1165, 'recordings/eval_21_mod_1_task_1165.wav');
INSERT INTO task_instances (task_inst_id, task_id, module_inst_id, status, task_completing_time) VALUES (1166, 6, 101, 0, '258');
INSERT INTO recordings (recording_id, task_inst_id, file_path) VALUES (1166, 1166, 'recordings/eval_21_mod_1_task_1166.wav');
INSERT INTO task_instances (task_inst_id, task_id, module_inst_id, status, task_completing_time) VALUES (1167, 7, 101, 1, '262');
INSERT INTO recordings (recording_id, task_inst_id, file_path) VALUES (1167, 1167, 'recordings/eval_21_mod_1_task_1167.wav');
INSERT INTO task_instances (task_inst_id, task_id, module_inst_id, status, task_completing_time) VALUES (1168, 8, 101, 0, '103');
INSERT INTO recordings (recording_id, task_inst_id, file_path) VALUES (1168, 1168, 'recordings/eval_21_mod_1_task_1168.wav');
INSERT INTO task_instances (task_inst_id, task_id, module_inst_id, status, task_completing_time) VALUES (1169, 9, 101, 1, '243');
INSERT INTO recordings (recording_id, task_inst_id, file_path) VALUES (1169, 1169, 'recordings/eval_21_mod_1_task_1169.wav');
INSERT INTO task_instances (task_inst_id, task_id, module_inst_id, status, task_completing_time) VALUES (1170, 10, 101, 1, '157');
INSERT INTO recordings (recording_id, task_inst_id, file_path) VALUES (1170, 1170, 'recordings/eval_21_mod_1_task_1170.wav');
INSERT INTO module_instances (module_inst_id, module_id, evaluation_id, status) VALUES (102, 2, 21, 3);
INSERT INTO task_instances (task_inst_id, task_id, module_inst_id, status, task_completing_time) VALUES (1171, 11, 102, 1, '34');
INSERT INTO recordings (recording_id, task_inst_id, file_path) VALUES (1171, 1171, 'recordings/eval_21_mod_2_task_1171.wav');
INSERT INTO task_instances (task_inst_id, task_id, module_inst_id, status, task_completing_time) VALUES (1172, 12, 102, 1, '194');
INSERT INTO recordings (recording_id, task_inst_id, file_path) VALUES (1172, 1172, 'recordings/eval_21_mod_2_task_1172.wav');
INSERT INTO task_instances (task_inst_id, task_id, module_inst_id, status, task_completing_time) VALUES (1173, 13, 102, 1, '119');
INSERT INTO recordings (recording_id, task_inst_id, file_path) VALUES (1173, 1173, 'recordings/eval_21_mod_2_task_1173.wav');
INSERT INTO task_instances (task_inst_id, task_id, module_inst_id, status, task_completing_time) VALUES (1174, 14, 102, 1, '285');
INSERT INTO recordings (recording_id, task_inst_id, file_path) VALUES (1174, 1174, 'recordings/eval_21_mod_2_task_1174.wav');
INSERT INTO task_instances (task_inst_id, task_id, module_inst_id, status, task_completing_time) VALUES (1175, 15, 102, 1, '93');
INSERT INTO recordings (recording_id, task_inst_id, file_path) VALUES (1175, 1175, 'recordings/eval_21_mod_2_task_1175.wav');
INSERT INTO task_instances (task_inst_id, task_id, module_inst_id, status, task_completing_time) VALUES (1176, 16, 102, 1, '150');
INSERT INTO recordings (recording_id, task_inst_id, file_path) VALUES (1176, 1176, 'recordings/eval_21_mod_2_task_1176.wav');
INSERT INTO task_instances (task_inst_id, task_id, module_inst_id, status, task_completing_time) VALUES (1177, 17, 102, 1, '228');
INSERT INTO recordings (recording_id, task_inst_id, file_path) VALUES (1177, 1177, 'recordings/eval_21_mod_2_task_1177.wav');
INSERT INTO task_instances (task_inst_id, task_id, module_inst_id, status, task_completing_time) VALUES (1178, 18, 102, 0, '209');
INSERT INTO recordings (recording_id, task_inst_id, file_path) VALUES (1178, 1178, 'recordings/eval_21_mod_2_task_1178.wav');
INSERT INTO task_instances (task_inst_id, task_id, module_inst_id, status, task_completing_time) VALUES (1179, 19, 102, 1, '112');
INSERT INTO recordings (recording_id, task_inst_id, file_path) VALUES (1179, 1179, 'recordings/eval_21_mod_2_task_1179.wav');
INSERT INTO task_instances (task_inst_id, task_id, module_inst_id, status, task_completing_time) VALUES (1180, 20, 102, 1, '216');
INSERT INTO recordings (recording_id, task_inst_id, file_path) VALUES (1180, 1180, 'recordings/eval_21_mod_2_task_1180.wav');
INSERT INTO task_instances (task_inst_id, task_id, module_inst_id, status, task_completing_time) VALUES (1181, 21, 102, 1, '15');
INSERT INTO recordings (recording_id, task_inst_id, file_path) VALUES (1181, 1181, 'recordings/eval_21_mod_2_task_1181.wav');
INSERT INTO task_instances (task_inst_id, task_id, module_inst_id, status, task_completing_time) VALUES (1182, 22, 102, 1, '274');
INSERT INTO recordings (recording_id, task_inst_id, file_path) VALUES (1182, 1182, 'recordings/eval_21_mod_2_task_1182.wav');
INSERT INTO task_instances (task_inst_id, task_id, module_inst_id, status, task_completing_time) VALUES (1183, 23, 102, 1, '26');
INSERT INTO recordings (recording_id, task_inst_id, file_path) VALUES (1183, 1183, 'recordings/eval_21_mod_2_task_1183.wav');
INSERT INTO task_instances (task_inst_id, task_id, module_inst_id, status, task_completing_time) VALUES (1184, 24, 102, 1, '153');
INSERT INTO recordings (recording_id, task_inst_id, file_path) VALUES (1184, 1184, 'recordings/eval_21_mod_2_task_1184.wav');
INSERT INTO task_instances (task_inst_id, task_id, module_inst_id, status, task_completing_time) VALUES (1185, 25, 102, 1, '46');
INSERT INTO recordings (recording_id, task_inst_id, file_path) VALUES (1185, 1185, 'recordings/eval_21_mod_2_task_1185.wav');
INSERT INTO task_instances (task_inst_id, task_id, module_inst_id, status, task_completing_time) VALUES (1186, 26, 102, 1, '56');
INSERT INTO recordings (recording_id, task_inst_id, file_path) VALUES (1186, 1186, 'recordings/eval_21_mod_2_task_1186.wav');
INSERT INTO task_instances (task_inst_id, task_id, module_inst_id, status, task_completing_time) VALUES (1187, 27, 102, 0, '167');
INSERT INTO recordings (recording_id, task_inst_id, file_path) VALUES (1187, 1187, 'recordings/eval_21_mod_2_task_1187.wav');
INSERT INTO task_instances (task_inst_id, task_id, module_inst_id, status, task_completing_time) VALUES (1188, 28, 102, 1, '114');
INSERT INTO recordings (recording_id, task_inst_id, file_path) VALUES (1188, 1188, 'recordings/eval_21_mod_2_task_1188.wav');
INSERT INTO task_instances (task_inst_id, task_id, module_inst_id, status, task_completing_time) VALUES (1189, 29, 102, 1, '176');
INSERT INTO recordings (recording_id, task_inst_id, file_path) VALUES (1189, 1189, 'recordings/eval_21_mod_2_task_1189.wav');
INSERT INTO task_instances (task_inst_id, task_id, module_inst_id, status, task_completing_time) VALUES (1190, 30, 102, 1, '42');
INSERT INTO recordings (recording_id, task_inst_id, file_path) VALUES (1190, 1190, 'recordings/eval_21_mod_2_task_1190.wav');
INSERT INTO task_instances (task_inst_id, task_id, module_inst_id, status, task_completing_time) VALUES (1191, 31, 102, 1, '204');
INSERT INTO recordings (recording_id, task_inst_id, file_path) VALUES (1191, 1191, 'recordings/eval_21_mod_2_task_1191.wav');
INSERT INTO task_instances (task_inst_id, task_id, module_inst_id, status, task_completing_time) VALUES (1192, 32, 102, 1, '63');
INSERT INTO recordings (recording_id, task_inst_id, file_path) VALUES (1192, 1192, 'recordings/eval_21_mod_2_task_1192.wav');
INSERT INTO task_instances (task_inst_id, task_id, module_inst_id, status, task_completing_time) VALUES (1193, 33, 102, 1, '268');
INSERT INTO recordings (recording_id, task_inst_id, file_path) VALUES (1193, 1193, 'recordings/eval_21_mod_2_task_1193.wav');
INSERT INTO task_instances (task_inst_id, task_id, module_inst_id, status, task_completing_time) VALUES (1194, 34, 102, 1, '290');
INSERT INTO recordings (recording_id, task_inst_id, file_path) VALUES (1194, 1194, 'recordings/eval_21_mod_2_task_1194.wav');
INSERT INTO task_instances (task_inst_id, task_id, module_inst_id, status, task_completing_time) VALUES (1195, 35, 102, 1, '68');
INSERT INTO recordings (recording_id, task_inst_id, file_path) VALUES (1195, 1195, 'recordings/eval_21_mod_2_task_1195.wav');
INSERT INTO task_instances (task_inst_id, task_id, module_inst_id, status, task_completing_time) VALUES (1196, 36, 102, 1, '28');
INSERT INTO recordings (recording_id, task_inst_id, file_path) VALUES (1196, 1196, 'recordings/eval_21_mod_2_task_1196.wav');
INSERT INTO task_instances (task_inst_id, task_id, module_inst_id, status, task_completing_time) VALUES (1197, 37, 102, 1, '157');
INSERT INTO recordings (recording_id, task_inst_id, file_path) VALUES (1197, 1197, 'recordings/eval_21_mod_2_task_1197.wav');
INSERT INTO module_instances (module_inst_id, module_id, evaluation_id, status) VALUES (103, 3, 21, 3);
INSERT INTO task_instances (task_inst_id, task_id, module_inst_id, status, task_completing_time) VALUES (1198, 38, 103, 1, '38');
INSERT INTO recordings (recording_id, task_inst_id, file_path) VALUES (1198, 1198, 'recordings/eval_21_mod_3_task_1198.wav');
INSERT INTO task_instances (task_inst_id, task_id, module_inst_id, status, task_completing_time) VALUES (1199, 39, 103, 1, '132');
INSERT INTO recordings (recording_id, task_inst_id, file_path) VALUES (1199, 1199, 'recordings/eval_21_mod_3_task_1199.wav');
INSERT INTO task_instances (task_inst_id, task_id, module_inst_id, status, task_completing_time) VALUES (1200, 40, 103, 1, '216');
INSERT INTO recordings (recording_id, task_inst_id, file_path) VALUES (1200, 1200, 'recordings/eval_21_mod_3_task_1200.wav');
INSERT INTO task_instances (task_inst_id, task_id, module_inst_id, status, task_completing_time) VALUES (1201, 41, 103, 0, '242');
INSERT INTO recordings (recording_id, task_inst_id, file_path) VALUES (1201, 1201, 'recordings/eval_21_mod_3_task_1201.wav');
INSERT INTO task_instances (task_inst_id, task_id, module_inst_id, status, task_completing_time) VALUES (1202, 42, 103, 1, '120');
INSERT INTO recordings (recording_id, task_inst_id, file_path) VALUES (1202, 1202, 'recordings/eval_21_mod_3_task_1202.wav');
INSERT INTO task_instances (task_inst_id, task_id, module_inst_id, status, task_completing_time) VALUES (1203, 43, 103, 1, '34');
INSERT INTO recordings (recording_id, task_inst_id, file_path) VALUES (1203, 1203, 'recordings/eval_21_mod_3_task_1203.wav');
INSERT INTO task_instances (task_inst_id, task_id, module_inst_id, status, task_completing_time) VALUES (1204, 44, 103, 1, '58');
INSERT INTO recordings (recording_id, task_inst_id, file_path) VALUES (1204, 1204, 'recordings/eval_21_mod_3_task_1204.wav');
INSERT INTO task_instances (task_inst_id, task_id, module_inst_id, status, task_completing_time) VALUES (1205, 45, 103, 1, '258');
INSERT INTO recordings (recording_id, task_inst_id, file_path) VALUES (1205, 1205, 'recordings/eval_21_mod_3_task_1205.wav');
INSERT INTO task_instances (task_inst_id, task_id, module_inst_id, status, task_completing_time) VALUES (1206, 46, 103, 1, '37');
INSERT INTO recordings (recording_id, task_inst_id, file_path) VALUES (1206, 1206, 'recordings/eval_21_mod_3_task_1206.wav');
INSERT INTO module_instances (module_inst_id, module_id, evaluation_id, status) VALUES (104, 4, 21, 1);
INSERT INTO task_instances (task_inst_id, task_id, module_inst_id, status, task_completing_time) VALUES (1207, 47, 104, 1, '27');
INSERT INTO recordings (recording_id, task_inst_id, file_path) VALUES (1207, 1207, 'recordings/eval_21_mod_4_task_1207.wav');
INSERT INTO task_instances (task_inst_id, task_id, module_inst_id, status, task_completing_time) VALUES (1208, 48, 104, 0, '225');
INSERT INTO recordings (recording_id, task_inst_id, file_path) VALUES (1208, 1208, 'recordings/eval_21_mod_4_task_1208.wav');
INSERT INTO task_instances (task_inst_id, task_id, module_inst_id, status, task_completing_time) VALUES (1209, 49, 104, 1, '35');
INSERT INTO recordings (recording_id, task_inst_id, file_path) VALUES (1209, 1209, 'recordings/eval_21_mod_4_task_1209.wav');
INSERT INTO task_instances (task_inst_id, task_id, module_inst_id, status, task_completing_time) VALUES (1210, 50, 104, 1, '247');
INSERT INTO recordings (recording_id, task_inst_id, file_path) VALUES (1210, 1210, 'recordings/eval_21_mod_4_task_1210.wav');
INSERT INTO task_instances (task_inst_id, task_id, module_inst_id, status, task_completing_time) VALUES (1211, 51, 104, 0, '65');
INSERT INTO recordings (recording_id, task_inst_id, file_path) VALUES (1211, 1211, 'recordings/eval_21_mod_4_task_1211.wav');
INSERT INTO task_instances (task_inst_id, task_id, module_inst_id, status, task_completing_time) VALUES (1212, 52, 104, 1, '136');
INSERT INTO recordings (recording_id, task_inst_id, file_path) VALUES (1212, 1212, 'recordings/eval_21_mod_4_task_1212.wav');
INSERT INTO task_instances (task_inst_id, task_id, module_inst_id, status, task_completing_time) VALUES (1213, 53, 104, 1, '198');
INSERT INTO recordings (recording_id, task_inst_id, file_path) VALUES (1213, 1213, 'recordings/eval_21_mod_4_task_1213.wav');
INSERT INTO task_instances (task_inst_id, task_id, module_inst_id, status, task_completing_time) VALUES (1214, 54, 104, 1, '144');
INSERT INTO recordings (recording_id, task_inst_id, file_path) VALUES (1214, 1214, 'recordings/eval_21_mod_4_task_1214.wav');
INSERT INTO task_instances (task_inst_id, task_id, module_inst_id, status, task_completing_time) VALUES (1215, 55, 104, 1, '164');
INSERT INTO recordings (recording_id, task_inst_id, file_path) VALUES (1215, 1215, 'recordings/eval_21_mod_4_task_1215.wav');
INSERT INTO task_instances (task_inst_id, task_id, module_inst_id, status, task_completing_time) VALUES (1216, 56, 104, 1, '14');
INSERT INTO recordings (recording_id, task_inst_id, file_path) VALUES (1216, 1216, 'recordings/eval_21_mod_4_task_1216.wav');
INSERT INTO module_instances (module_inst_id, module_id, evaluation_id, status) VALUES (105, 9001, 21, 1);
INSERT INTO task_instances (task_inst_id, task_id, module_inst_id, status, task_completing_time) VALUES (1217, 9001, 105, 1, '41');
INSERT INTO recordings (recording_id, task_inst_id, file_path) VALUES (1217, 1217, 'recordings/eval_21_mod_9001_task_1217.wav');
INSERT INTO task_instances (task_inst_id, task_id, module_inst_id, status, task_completing_time) VALUES (1218, 9002, 105, 0, '213');
INSERT INTO recordings (recording_id, task_inst_id, file_path) VALUES (1218, 1218, 'recordings/eval_21_mod_9001_task_1218.wav');
INSERT INTO participants (participant_id, name, surname, education_level, sex, birth_date, laterality) VALUES (22, 'tNn15tuKKICjey4Lht0WCg==', 'tdz//9KCKeiiei8Kh9wXCw==', 1, 1, '1962-11-05', 2);
INSERT INTO evaluations (evaluation_id, evaluation_date, evaluator_id, participant_id, status, language) VALUES (22, '2025-11-01 08:04:00', 4, 22, 3, 2);
INSERT INTO module_instances (module_inst_id, module_id, evaluation_id, status) VALUES (106, 1, 22, 2);
INSERT INTO task_instances (task_inst_id, task_id, module_inst_id, status, task_completing_time) VALUES (1219, 1, 106, 1, '8');
INSERT INTO recordings (recording_id, task_inst_id, file_path) VALUES (1219, 1219, 'recordings/eval_22_mod_1_task_1219.wav');
INSERT INTO task_instances (task_inst_id, task_id, module_inst_id, status, task_completing_time) VALUES (1220, 2, 106, 1, '115');
INSERT INTO recordings (recording_id, task_inst_id, file_path) VALUES (1220, 1220, 'recordings/eval_22_mod_1_task_1220.wav');
INSERT INTO task_instances (task_inst_id, task_id, module_inst_id, status, task_completing_time) VALUES (1221, 3, 106, 1, '192');
INSERT INTO recordings (recording_id, task_inst_id, file_path) VALUES (1221, 1221, 'recordings/eval_22_mod_1_task_1221.wav');
INSERT INTO task_instances (task_inst_id, task_id, module_inst_id, status, task_completing_time) VALUES (1222, 4, 106, 1, '157');
INSERT INTO recordings (recording_id, task_inst_id, file_path) VALUES (1222, 1222, 'recordings/eval_22_mod_1_task_1222.wav');
INSERT INTO task_instances (task_inst_id, task_id, module_inst_id, status, task_completing_time) VALUES (1223, 5, 106, 1, '67');
INSERT INTO recordings (recording_id, task_inst_id, file_path) VALUES (1223, 1223, 'recordings/eval_22_mod_1_task_1223.wav');
INSERT INTO task_instances (task_inst_id, task_id, module_inst_id, status, task_completing_time) VALUES (1224, 6, 106, 1, '215');
INSERT INTO recordings (recording_id, task_inst_id, file_path) VALUES (1224, 1224, 'recordings/eval_22_mod_1_task_1224.wav');
INSERT INTO task_instances (task_inst_id, task_id, module_inst_id, status, task_completing_time) VALUES (1225, 7, 106, 1, '26');
INSERT INTO recordings (recording_id, task_inst_id, file_path) VALUES (1225, 1225, 'recordings/eval_22_mod_1_task_1225.wav');
INSERT INTO task_instances (task_inst_id, task_id, module_inst_id, status, task_completing_time) VALUES (1226, 8, 106, 1, '172');
INSERT INTO recordings (recording_id, task_inst_id, file_path) VALUES (1226, 1226, 'recordings/eval_22_mod_1_task_1226.wav');
INSERT INTO task_instances (task_inst_id, task_id, module_inst_id, status, task_completing_time) VALUES (1227, 9, 106, 1, '56');
INSERT INTO recordings (recording_id, task_inst_id, file_path) VALUES (1227, 1227, 'recordings/eval_22_mod_1_task_1227.wav');
INSERT INTO task_instances (task_inst_id, task_id, module_inst_id, status, task_completing_time) VALUES (1228, 10, 106, 1, '65');
INSERT INTO recordings (recording_id, task_inst_id, file_path) VALUES (1228, 1228, 'recordings/eval_22_mod_1_task_1228.wav');
INSERT INTO module_instances (module_inst_id, module_id, evaluation_id, status) VALUES (107, 2, 22, 3);
INSERT INTO task_instances (task_inst_id, task_id, module_inst_id, status, task_completing_time) VALUES (1229, 11, 107, 1, '52');
INSERT INTO recordings (recording_id, task_inst_id, file_path) VALUES (1229, 1229, 'recordings/eval_22_mod_2_task_1229.wav');
INSERT INTO task_instances (task_inst_id, task_id, module_inst_id, status, task_completing_time) VALUES (1230, 12, 107, 1, '63');
INSERT INTO recordings (recording_id, task_inst_id, file_path) VALUES (1230, 1230, 'recordings/eval_22_mod_2_task_1230.wav');
INSERT INTO task_instances (task_inst_id, task_id, module_inst_id, status, task_completing_time) VALUES (1231, 13, 107, 0, '183');
INSERT INTO recordings (recording_id, task_inst_id, file_path) VALUES (1231, 1231, 'recordings/eval_22_mod_2_task_1231.wav');
INSERT INTO task_instances (task_inst_id, task_id, module_inst_id, status, task_completing_time) VALUES (1232, 14, 107, 0, '211');
INSERT INTO recordings (recording_id, task_inst_id, file_path) VALUES (1232, 1232, 'recordings/eval_22_mod_2_task_1232.wav');
INSERT INTO task_instances (task_inst_id, task_id, module_inst_id, status, task_completing_time) VALUES (1233, 15, 107, 1, '255');
INSERT INTO recordings (recording_id, task_inst_id, file_path) VALUES (1233, 1233, 'recordings/eval_22_mod_2_task_1233.wav');
INSERT INTO task_instances (task_inst_id, task_id, module_inst_id, status, task_completing_time) VALUES (1234, 16, 107, 1, '62');
INSERT INTO recordings (recording_id, task_inst_id, file_path) VALUES (1234, 1234, 'recordings/eval_22_mod_2_task_1234.wav');
INSERT INTO task_instances (task_inst_id, task_id, module_inst_id, status, task_completing_time) VALUES (1235, 17, 107, 1, '203');
INSERT INTO recordings (recording_id, task_inst_id, file_path) VALUES (1235, 1235, 'recordings/eval_22_mod_2_task_1235.wav');
INSERT INTO task_instances (task_inst_id, task_id, module_inst_id, status, task_completing_time) VALUES (1236, 18, 107, 1, '29');
INSERT INTO recordings (recording_id, task_inst_id, file_path) VALUES (1236, 1236, 'recordings/eval_22_mod_2_task_1236.wav');
INSERT INTO task_instances (task_inst_id, task_id, module_inst_id, status, task_completing_time) VALUES (1237, 19, 107, 1, '100');
INSERT INTO recordings (recording_id, task_inst_id, file_path) VALUES (1237, 1237, 'recordings/eval_22_mod_2_task_1237.wav');
INSERT INTO task_instances (task_inst_id, task_id, module_inst_id, status, task_completing_time) VALUES (1238, 20, 107, 1, '203');
INSERT INTO recordings (recording_id, task_inst_id, file_path) VALUES (1238, 1238, 'recordings/eval_22_mod_2_task_1238.wav');
INSERT INTO task_instances (task_inst_id, task_id, module_inst_id, status, task_completing_time) VALUES (1239, 21, 107, 1, '8');
INSERT INTO recordings (recording_id, task_inst_id, file_path) VALUES (1239, 1239, 'recordings/eval_22_mod_2_task_1239.wav');
INSERT INTO task_instances (task_inst_id, task_id, module_inst_id, status, task_completing_time) VALUES (1240, 22, 107, 0, '188');
INSERT INTO recordings (recording_id, task_inst_id, file_path) VALUES (1240, 1240, 'recordings/eval_22_mod_2_task_1240.wav');
INSERT INTO task_instances (task_inst_id, task_id, module_inst_id, status, task_completing_time) VALUES (1241, 23, 107, 0, '22');
INSERT INTO recordings (recording_id, task_inst_id, file_path) VALUES (1241, 1241, 'recordings/eval_22_mod_2_task_1241.wav');
INSERT INTO task_instances (task_inst_id, task_id, module_inst_id, status, task_completing_time) VALUES (1242, 24, 107, 0, '115');
INSERT INTO recordings (recording_id, task_inst_id, file_path) VALUES (1242, 1242, 'recordings/eval_22_mod_2_task_1242.wav');
INSERT INTO task_instances (task_inst_id, task_id, module_inst_id, status, task_completing_time) VALUES (1243, 25, 107, 1, '33');
INSERT INTO recordings (recording_id, task_inst_id, file_path) VALUES (1243, 1243, 'recordings/eval_22_mod_2_task_1243.wav');
INSERT INTO task_instances (task_inst_id, task_id, module_inst_id, status, task_completing_time) VALUES (1244, 26, 107, 1, '289');
INSERT INTO recordings (recording_id, task_inst_id, file_path) VALUES (1244, 1244, 'recordings/eval_22_mod_2_task_1244.wav');
INSERT INTO task_instances (task_inst_id, task_id, module_inst_id, status, task_completing_time) VALUES (1245, 27, 107, 1, '244');
INSERT INTO recordings (recording_id, task_inst_id, file_path) VALUES (1245, 1245, 'recordings/eval_22_mod_2_task_1245.wav');
INSERT INTO task_instances (task_inst_id, task_id, module_inst_id, status, task_completing_time) VALUES (1246, 28, 107, 1, '148');
INSERT INTO recordings (recording_id, task_inst_id, file_path) VALUES (1246, 1246, 'recordings/eval_22_mod_2_task_1246.wav');
INSERT INTO task_instances (task_inst_id, task_id, module_inst_id, status, task_completing_time) VALUES (1247, 29, 107, 1, '294');
INSERT INTO recordings (recording_id, task_inst_id, file_path) VALUES (1247, 1247, 'recordings/eval_22_mod_2_task_1247.wav');
INSERT INTO task_instances (task_inst_id, task_id, module_inst_id, status, task_completing_time) VALUES (1248, 30, 107, 1, '14');
INSERT INTO recordings (recording_id, task_inst_id, file_path) VALUES (1248, 1248, 'recordings/eval_22_mod_2_task_1248.wav');
INSERT INTO task_instances (task_inst_id, task_id, module_inst_id, status, task_completing_time) VALUES (1249, 31, 107, 0, '31');
INSERT INTO recordings (recording_id, task_inst_id, file_path) VALUES (1249, 1249, 'recordings/eval_22_mod_2_task_1249.wav');
INSERT INTO task_instances (task_inst_id, task_id, module_inst_id, status, task_completing_time) VALUES (1250, 32, 107, 0, '266');
INSERT INTO recordings (recording_id, task_inst_id, file_path) VALUES (1250, 1250, 'recordings/eval_22_mod_2_task_1250.wav');
INSERT INTO task_instances (task_inst_id, task_id, module_inst_id, status, task_completing_time) VALUES (1251, 33, 107, 1, '241');
INSERT INTO recordings (recording_id, task_inst_id, file_path) VALUES (1251, 1251, 'recordings/eval_22_mod_2_task_1251.wav');
INSERT INTO task_instances (task_inst_id, task_id, module_inst_id, status, task_completing_time) VALUES (1252, 34, 107, 1, '297');
INSERT INTO recordings (recording_id, task_inst_id, file_path) VALUES (1252, 1252, 'recordings/eval_22_mod_2_task_1252.wav');
INSERT INTO task_instances (task_inst_id, task_id, module_inst_id, status, task_completing_time) VALUES (1253, 35, 107, 1, '157');
INSERT INTO recordings (recording_id, task_inst_id, file_path) VALUES (1253, 1253, 'recordings/eval_22_mod_2_task_1253.wav');
INSERT INTO task_instances (task_inst_id, task_id, module_inst_id, status, task_completing_time) VALUES (1254, 36, 107, 1, '191');
INSERT INTO recordings (recording_id, task_inst_id, file_path) VALUES (1254, 1254, 'recordings/eval_22_mod_2_task_1254.wav');
INSERT INTO task_instances (task_inst_id, task_id, module_inst_id, status, task_completing_time) VALUES (1255, 37, 107, 1, '49');
INSERT INTO recordings (recording_id, task_inst_id, file_path) VALUES (1255, 1255, 'recordings/eval_22_mod_2_task_1255.wav');
INSERT INTO module_instances (module_inst_id, module_id, evaluation_id, status) VALUES (108, 3, 22, 1);
INSERT INTO task_instances (task_inst_id, task_id, module_inst_id, status, task_completing_time) VALUES (1256, 38, 108, 1, '39');
INSERT INTO recordings (recording_id, task_inst_id, file_path) VALUES (1256, 1256, 'recordings/eval_22_mod_3_task_1256.wav');
INSERT INTO task_instances (task_inst_id, task_id, module_inst_id, status, task_completing_time) VALUES (1257, 39, 108, 1, '36');
INSERT INTO recordings (recording_id, task_inst_id, file_path) VALUES (1257, 1257, 'recordings/eval_22_mod_3_task_1257.wav');
INSERT INTO task_instances (task_inst_id, task_id, module_inst_id, status, task_completing_time) VALUES (1258, 40, 108, 1, '86');
INSERT INTO recordings (recording_id, task_inst_id, file_path) VALUES (1258, 1258, 'recordings/eval_22_mod_3_task_1258.wav');
INSERT INTO task_instances (task_inst_id, task_id, module_inst_id, status, task_completing_time) VALUES (1259, 41, 108, 0, '151');
INSERT INTO recordings (recording_id, task_inst_id, file_path) VALUES (1259, 1259, 'recordings/eval_22_mod_3_task_1259.wav');
INSERT INTO task_instances (task_inst_id, task_id, module_inst_id, status, task_completing_time) VALUES (1260, 42, 108, 0, '167');
INSERT INTO recordings (recording_id, task_inst_id, file_path) VALUES (1260, 1260, 'recordings/eval_22_mod_3_task_1260.wav');
INSERT INTO task_instances (task_inst_id, task_id, module_inst_id, status, task_completing_time) VALUES (1261, 43, 108, 1, '45');
INSERT INTO recordings (recording_id, task_inst_id, file_path) VALUES (1261, 1261, 'recordings/eval_22_mod_3_task_1261.wav');
INSERT INTO task_instances (task_inst_id, task_id, module_inst_id, status, task_completing_time) VALUES (1262, 44, 108, 1, '255');
INSERT INTO recordings (recording_id, task_inst_id, file_path) VALUES (1262, 1262, 'recordings/eval_22_mod_3_task_1262.wav');
INSERT INTO task_instances (task_inst_id, task_id, module_inst_id, status, task_completing_time) VALUES (1263, 45, 108, 1, '270');
INSERT INTO recordings (recording_id, task_inst_id, file_path) VALUES (1263, 1263, 'recordings/eval_22_mod_3_task_1263.wav');
INSERT INTO task_instances (task_inst_id, task_id, module_inst_id, status, task_completing_time) VALUES (1264, 46, 108, 1, '40');
INSERT INTO recordings (recording_id, task_inst_id, file_path) VALUES (1264, 1264, 'recordings/eval_22_mod_3_task_1264.wav');
INSERT INTO module_instances (module_inst_id, module_id, evaluation_id, status) VALUES (109, 4, 22, 3);
INSERT INTO task_instances (task_inst_id, task_id, module_inst_id, status, task_completing_time) VALUES (1265, 47, 109, 1, '39');
INSERT INTO recordings (recording_id, task_inst_id, file_path) VALUES (1265, 1265, 'recordings/eval_22_mod_4_task_1265.wav');
INSERT INTO task_instances (task_inst_id, task_id, module_inst_id, status, task_completing_time) VALUES (1266, 48, 109, 1, '99');
INSERT INTO recordings (recording_id, task_inst_id, file_path) VALUES (1266, 1266, 'recordings/eval_22_mod_4_task_1266.wav');
INSERT INTO task_instances (task_inst_id, task_id, module_inst_id, status, task_completing_time) VALUES (1267, 49, 109, 0, '30');
INSERT INTO recordings (recording_id, task_inst_id, file_path) VALUES (1267, 1267, 'recordings/eval_22_mod_4_task_1267.wav');
INSERT INTO task_instances (task_inst_id, task_id, module_inst_id, status, task_completing_time) VALUES (1268, 50, 109, 1, '294');
INSERT INTO recordings (recording_id, task_inst_id, file_path) VALUES (1268, 1268, 'recordings/eval_22_mod_4_task_1268.wav');
INSERT INTO task_instances (task_inst_id, task_id, module_inst_id, status, task_completing_time) VALUES (1269, 51, 109, 1, '282');
INSERT INTO recordings (recording_id, task_inst_id, file_path) VALUES (1269, 1269, 'recordings/eval_22_mod_4_task_1269.wav');
INSERT INTO task_instances (task_inst_id, task_id, module_inst_id, status, task_completing_time) VALUES (1270, 52, 109, 1, '166');
INSERT INTO recordings (recording_id, task_inst_id, file_path) VALUES (1270, 1270, 'recordings/eval_22_mod_4_task_1270.wav');
INSERT INTO task_instances (task_inst_id, task_id, module_inst_id, status, task_completing_time) VALUES (1271, 53, 109, 1, '231');
INSERT INTO recordings (recording_id, task_inst_id, file_path) VALUES (1271, 1271, 'recordings/eval_22_mod_4_task_1271.wav');
INSERT INTO task_instances (task_inst_id, task_id, module_inst_id, status, task_completing_time) VALUES (1272, 54, 109, 1, '136');
INSERT INTO recordings (recording_id, task_inst_id, file_path) VALUES (1272, 1272, 'recordings/eval_22_mod_4_task_1272.wav');
INSERT INTO task_instances (task_inst_id, task_id, module_inst_id, status, task_completing_time) VALUES (1273, 55, 109, 1, '134');
INSERT INTO recordings (recording_id, task_inst_id, file_path) VALUES (1273, 1273, 'recordings/eval_22_mod_4_task_1273.wav');
INSERT INTO task_instances (task_inst_id, task_id, module_inst_id, status, task_completing_time) VALUES (1274, 56, 109, 1, '35');
INSERT INTO recordings (recording_id, task_inst_id, file_path) VALUES (1274, 1274, 'recordings/eval_22_mod_4_task_1274.wav');
INSERT INTO module_instances (module_inst_id, module_id, evaluation_id, status) VALUES (110, 9001, 22, 3);
INSERT INTO task_instances (task_inst_id, task_id, module_inst_id, status, task_completing_time) VALUES (1275, 9001, 110, 1, '18');
INSERT INTO recordings (recording_id, task_inst_id, file_path) VALUES (1275, 1275, 'recordings/eval_22_mod_9001_task_1275.wav');
INSERT INTO task_instances (task_inst_id, task_id, module_inst_id, status, task_completing_time) VALUES (1276, 9002, 110, 1, '119');
INSERT INTO recordings (recording_id, task_inst_id, file_path) VALUES (1276, 1276, 'recordings/eval_22_mod_9001_task_1276.wav');
INSERT INTO participants (participant_id, name, surname, education_level, sex, birth_date, laterality) VALUES (23, 't9Hk4NmKUYOgeC0Ihd4VCQ==', 'u9z77N6POoCjey4Lht0WCg==', 3, 2, '1957-08-11', 2);
INSERT INTO evaluations (evaluation_id, evaluation_date, evaluator_id, participant_id, status, language) VALUES (23, '2025-08-02 16:07:00', 4, 23, 3, 1);
INSERT INTO module_instances (module_inst_id, module_id, evaluation_id, status) VALUES (111, 1, 23, 3);
INSERT INTO task_instances (task_inst_id, task_id, module_inst_id, status, task_completing_time) VALUES (1277, 1, 111, 0, '31');
INSERT INTO recordings (recording_id, task_inst_id, file_path) VALUES (1277, 1277, 'recordings/eval_23_mod_1_task_1277.wav');
INSERT INTO task_instances (task_inst_id, task_id, module_inst_id, status, task_completing_time) VALUES (1278, 2, 111, 1, '264');
INSERT INTO recordings (recording_id, task_inst_id, file_path) VALUES (1278, 1278, 'recordings/eval_23_mod_1_task_1278.wav');
INSERT INTO task_instances (task_inst_id, task_id, module_inst_id, status, task_completing_time) VALUES (1279, 3, 111, 1, '151');
INSERT INTO recordings (recording_id, task_inst_id, file_path) VALUES (1279, 1279, 'recordings/eval_23_mod_1_task_1279.wav');
INSERT INTO task_instances (task_inst_id, task_id, module_inst_id, status, task_completing_time) VALUES (1280, 4, 111, 0, '34');
INSERT INTO recordings (recording_id, task_inst_id, file_path) VALUES (1280, 1280, 'recordings/eval_23_mod_1_task_1280.wav');
INSERT INTO task_instances (task_inst_id, task_id, module_inst_id, status, task_completing_time) VALUES (1281, 5, 111, 0, '160');
INSERT INTO recordings (recording_id, task_inst_id, file_path) VALUES (1281, 1281, 'recordings/eval_23_mod_1_task_1281.wav');
INSERT INTO task_instances (task_inst_id, task_id, module_inst_id, status, task_completing_time) VALUES (1282, 6, 111, 1, '153');
INSERT INTO recordings (recording_id, task_inst_id, file_path) VALUES (1282, 1282, 'recordings/eval_23_mod_1_task_1282.wav');
INSERT INTO task_instances (task_inst_id, task_id, module_inst_id, status, task_completing_time) VALUES (1283, 7, 111, 0, '214');
INSERT INTO recordings (recording_id, task_inst_id, file_path) VALUES (1283, 1283, 'recordings/eval_23_mod_1_task_1283.wav');
INSERT INTO task_instances (task_inst_id, task_id, module_inst_id, status, task_completing_time) VALUES (1284, 8, 111, 1, '44');
INSERT INTO recordings (recording_id, task_inst_id, file_path) VALUES (1284, 1284, 'recordings/eval_23_mod_1_task_1284.wav');
INSERT INTO task_instances (task_inst_id, task_id, module_inst_id, status, task_completing_time) VALUES (1285, 9, 111, 1, '80');
INSERT INTO recordings (recording_id, task_inst_id, file_path) VALUES (1285, 1285, 'recordings/eval_23_mod_1_task_1285.wav');
INSERT INTO task_instances (task_inst_id, task_id, module_inst_id, status, task_completing_time) VALUES (1286, 10, 111, 0, '232');
INSERT INTO recordings (recording_id, task_inst_id, file_path) VALUES (1286, 1286, 'recordings/eval_23_mod_1_task_1286.wav');
INSERT INTO module_instances (module_inst_id, module_id, evaluation_id, status) VALUES (112, 2, 23, 1);
INSERT INTO task_instances (task_inst_id, task_id, module_inst_id, status, task_completing_time) VALUES (1287, 11, 112, 0, '13');
INSERT INTO recordings (recording_id, task_inst_id, file_path) VALUES (1287, 1287, 'recordings/eval_23_mod_2_task_1287.wav');
INSERT INTO task_instances (task_inst_id, task_id, module_inst_id, status, task_completing_time) VALUES (1288, 12, 112, 1, '97');
INSERT INTO recordings (recording_id, task_inst_id, file_path) VALUES (1288, 1288, 'recordings/eval_23_mod_2_task_1288.wav');
INSERT INTO task_instances (task_inst_id, task_id, module_inst_id, status, task_completing_time) VALUES (1289, 13, 112, 0, '107');
INSERT INTO recordings (recording_id, task_inst_id, file_path) VALUES (1289, 1289, 'recordings/eval_23_mod_2_task_1289.wav');
INSERT INTO task_instances (task_inst_id, task_id, module_inst_id, status, task_completing_time) VALUES (1290, 14, 112, 1, '86');
INSERT INTO recordings (recording_id, task_inst_id, file_path) VALUES (1290, 1290, 'recordings/eval_23_mod_2_task_1290.wav');
INSERT INTO task_instances (task_inst_id, task_id, module_inst_id, status, task_completing_time) VALUES (1291, 15, 112, 1, '82');
INSERT INTO recordings (recording_id, task_inst_id, file_path) VALUES (1291, 1291, 'recordings/eval_23_mod_2_task_1291.wav');
INSERT INTO task_instances (task_inst_id, task_id, module_inst_id, status, task_completing_time) VALUES (1292, 16, 112, 1, '291');
INSERT INTO recordings (recording_id, task_inst_id, file_path) VALUES (1292, 1292, 'recordings/eval_23_mod_2_task_1292.wav');
INSERT INTO task_instances (task_inst_id, task_id, module_inst_id, status, task_completing_time) VALUES (1293, 17, 112, 1, '239');
INSERT INTO recordings (recording_id, task_inst_id, file_path) VALUES (1293, 1293, 'recordings/eval_23_mod_2_task_1293.wav');
INSERT INTO task_instances (task_inst_id, task_id, module_inst_id, status, task_completing_time) VALUES (1294, 18, 112, 1, '219');
INSERT INTO recordings (recording_id, task_inst_id, file_path) VALUES (1294, 1294, 'recordings/eval_23_mod_2_task_1294.wav');
INSERT INTO task_instances (task_inst_id, task_id, module_inst_id, status, task_completing_time) VALUES (1295, 19, 112, 1, '125');
INSERT INTO recordings (recording_id, task_inst_id, file_path) VALUES (1295, 1295, 'recordings/eval_23_mod_2_task_1295.wav');
INSERT INTO task_instances (task_inst_id, task_id, module_inst_id, status, task_completing_time) VALUES (1296, 20, 112, 1, '232');
INSERT INTO recordings (recording_id, task_inst_id, file_path) VALUES (1296, 1296, 'recordings/eval_23_mod_2_task_1296.wav');
INSERT INTO task_instances (task_inst_id, task_id, module_inst_id, status, task_completing_time) VALUES (1297, 21, 112, 1, '17');
INSERT INTO recordings (recording_id, task_inst_id, file_path) VALUES (1297, 1297, 'recordings/eval_23_mod_2_task_1297.wav');
INSERT INTO task_instances (task_inst_id, task_id, module_inst_id, status, task_completing_time) VALUES (1298, 22, 112, 0, '60');
INSERT INTO recordings (recording_id, task_inst_id, file_path) VALUES (1298, 1298, 'recordings/eval_23_mod_2_task_1298.wav');
INSERT INTO task_instances (task_inst_id, task_id, module_inst_id, status, task_completing_time) VALUES (1299, 23, 112, 1, '21');
INSERT INTO recordings (recording_id, task_inst_id, file_path) VALUES (1299, 1299, 'recordings/eval_23_mod_2_task_1299.wav');
INSERT INTO task_instances (task_inst_id, task_id, module_inst_id, status, task_completing_time) VALUES (1300, 24, 112, 1, '91');
INSERT INTO recordings (recording_id, task_inst_id, file_path) VALUES (1300, 1300, 'recordings/eval_23_mod_2_task_1300.wav');
INSERT INTO task_instances (task_inst_id, task_id, module_inst_id, status, task_completing_time) VALUES (1301, 25, 112, 1, '57');
INSERT INTO recordings (recording_id, task_inst_id, file_path) VALUES (1301, 1301, 'recordings/eval_23_mod_2_task_1301.wav');
INSERT INTO task_instances (task_inst_id, task_id, module_inst_id, status, task_completing_time) VALUES (1302, 26, 112, 1, '163');
INSERT INTO recordings (recording_id, task_inst_id, file_path) VALUES (1302, 1302, 'recordings/eval_23_mod_2_task_1302.wav');
INSERT INTO task_instances (task_inst_id, task_id, module_inst_id, status, task_completing_time) VALUES (1303, 27, 112, 1, '133');
INSERT INTO recordings (recording_id, task_inst_id, file_path) VALUES (1303, 1303, 'recordings/eval_23_mod_2_task_1303.wav');
INSERT INTO task_instances (task_inst_id, task_id, module_inst_id, status, task_completing_time) VALUES (1304, 28, 112, 1, '135');
INSERT INTO recordings (recording_id, task_inst_id, file_path) VALUES (1304, 1304, 'recordings/eval_23_mod_2_task_1304.wav');
INSERT INTO task_instances (task_inst_id, task_id, module_inst_id, status, task_completing_time) VALUES (1305, 29, 112, 0, '257');
INSERT INTO recordings (recording_id, task_inst_id, file_path) VALUES (1305, 1305, 'recordings/eval_23_mod_2_task_1305.wav');
INSERT INTO task_instances (task_inst_id, task_id, module_inst_id, status, task_completing_time) VALUES (1306, 30, 112, 1, '10');
INSERT INTO recordings (recording_id, task_inst_id, file_path) VALUES (1306, 1306, 'recordings/eval_23_mod_2_task_1306.wav');
INSERT INTO task_instances (task_inst_id, task_id, module_inst_id, status, task_completing_time) VALUES (1307, 31, 112, 1, '45');
INSERT INTO recordings (recording_id, task_inst_id, file_path) VALUES (1307, 1307, 'recordings/eval_23_mod_2_task_1307.wav');
INSERT INTO task_instances (task_inst_id, task_id, module_inst_id, status, task_completing_time) VALUES (1308, 32, 112, 1, '191');
INSERT INTO recordings (recording_id, task_inst_id, file_path) VALUES (1308, 1308, 'recordings/eval_23_mod_2_task_1308.wav');
INSERT INTO task_instances (task_inst_id, task_id, module_inst_id, status, task_completing_time) VALUES (1309, 33, 112, 1, '125');
INSERT INTO recordings (recording_id, task_inst_id, file_path) VALUES (1309, 1309, 'recordings/eval_23_mod_2_task_1309.wav');
INSERT INTO task_instances (task_inst_id, task_id, module_inst_id, status, task_completing_time) VALUES (1310, 34, 112, 1, '71');
INSERT INTO recordings (recording_id, task_inst_id, file_path) VALUES (1310, 1310, 'recordings/eval_23_mod_2_task_1310.wav');
INSERT INTO task_instances (task_inst_id, task_id, module_inst_id, status, task_completing_time) VALUES (1311, 35, 112, 1, '241');
INSERT INTO recordings (recording_id, task_inst_id, file_path) VALUES (1311, 1311, 'recordings/eval_23_mod_2_task_1311.wav');
INSERT INTO task_instances (task_inst_id, task_id, module_inst_id, status, task_completing_time) VALUES (1312, 36, 112, 1, '83');
INSERT INTO recordings (recording_id, task_inst_id, file_path) VALUES (1312, 1312, 'recordings/eval_23_mod_2_task_1312.wav');
INSERT INTO task_instances (task_inst_id, task_id, module_inst_id, status, task_completing_time) VALUES (1313, 37, 112, 1, '131');
INSERT INTO recordings (recording_id, task_inst_id, file_path) VALUES (1313, 1313, 'recordings/eval_23_mod_2_task_1313.wav');
INSERT INTO module_instances (module_inst_id, module_id, evaluation_id, status) VALUES (113, 3, 23, 3);
INSERT INTO task_instances (task_inst_id, task_id, module_inst_id, status, task_completing_time) VALUES (1314, 38, 113, 1, '37');
INSERT INTO recordings (recording_id, task_inst_id, file_path) VALUES (1314, 1314, 'recordings/eval_23_mod_3_task_1314.wav');
INSERT INTO task_instances (task_inst_id, task_id, module_inst_id, status, task_completing_time) VALUES (1315, 39, 113, 1, '100');
INSERT INTO recordings (recording_id, task_inst_id, file_path) VALUES (1315, 1315, 'recordings/eval_23_mod_3_task_1315.wav');
INSERT INTO task_instances (task_inst_id, task_id, module_inst_id, status, task_completing_time) VALUES (1316, 40, 113, 1, '241');
INSERT INTO recordings (recording_id, task_inst_id, file_path) VALUES (1316, 1316, 'recordings/eval_23_mod_3_task_1316.wav');
INSERT INTO task_instances (task_inst_id, task_id, module_inst_id, status, task_completing_time) VALUES (1317, 41, 113, 1, '206');
INSERT INTO recordings (recording_id, task_inst_id, file_path) VALUES (1317, 1317, 'recordings/eval_23_mod_3_task_1317.wav');
INSERT INTO task_instances (task_inst_id, task_id, module_inst_id, status, task_completing_time) VALUES (1318, 42, 113, 1, '209');
INSERT INTO recordings (recording_id, task_inst_id, file_path) VALUES (1318, 1318, 'recordings/eval_23_mod_3_task_1318.wav');
INSERT INTO task_instances (task_inst_id, task_id, module_inst_id, status, task_completing_time) VALUES (1319, 43, 113, 0, '46');
INSERT INTO recordings (recording_id, task_inst_id, file_path) VALUES (1319, 1319, 'recordings/eval_23_mod_3_task_1319.wav');
INSERT INTO task_instances (task_inst_id, task_id, module_inst_id, status, task_completing_time) VALUES (1320, 44, 113, 1, '143');
INSERT INTO recordings (recording_id, task_inst_id, file_path) VALUES (1320, 1320, 'recordings/eval_23_mod_3_task_1320.wav');
INSERT INTO task_instances (task_inst_id, task_id, module_inst_id, status, task_completing_time) VALUES (1321, 45, 113, 1, '43');
INSERT INTO recordings (recording_id, task_inst_id, file_path) VALUES (1321, 1321, 'recordings/eval_23_mod_3_task_1321.wav');
INSERT INTO task_instances (task_inst_id, task_id, module_inst_id, status, task_completing_time) VALUES (1322, 46, 113, 1, '70');
INSERT INTO recordings (recording_id, task_inst_id, file_path) VALUES (1322, 1322, 'recordings/eval_23_mod_3_task_1322.wav');
INSERT INTO module_instances (module_inst_id, module_id, evaluation_id, status) VALUES (114, 4, 23, 3);
INSERT INTO task_instances (task_inst_id, task_id, module_inst_id, status, task_completing_time) VALUES (1323, 47, 114, 0, '14');
INSERT INTO recordings (recording_id, task_inst_id, file_path) VALUES (1323, 1323, 'recordings/eval_23_mod_4_task_1323.wav');
INSERT INTO task_instances (task_inst_id, task_id, module_inst_id, status, task_completing_time) VALUES (1324, 48, 114, 1, '155');
INSERT INTO recordings (recording_id, task_inst_id, file_path) VALUES (1324, 1324, 'recordings/eval_23_mod_4_task_1324.wav');
INSERT INTO task_instances (task_inst_id, task_id, module_inst_id, status, task_completing_time) VALUES (1325, 49, 114, 1, '288');
INSERT INTO recordings (recording_id, task_inst_id, file_path) VALUES (1325, 1325, 'recordings/eval_23_mod_4_task_1325.wav');
INSERT INTO task_instances (task_inst_id, task_id, module_inst_id, status, task_completing_time) VALUES (1326, 50, 114, 1, '282');
INSERT INTO recordings (recording_id, task_inst_id, file_path) VALUES (1326, 1326, 'recordings/eval_23_mod_4_task_1326.wav');
INSERT INTO task_instances (task_inst_id, task_id, module_inst_id, status, task_completing_time) VALUES (1327, 51, 114, 0, '282');
INSERT INTO recordings (recording_id, task_inst_id, file_path) VALUES (1327, 1327, 'recordings/eval_23_mod_4_task_1327.wav');
INSERT INTO task_instances (task_inst_id, task_id, module_inst_id, status, task_completing_time) VALUES (1328, 52, 114, 0, '175');
INSERT INTO recordings (recording_id, task_inst_id, file_path) VALUES (1328, 1328, 'recordings/eval_23_mod_4_task_1328.wav');
INSERT INTO task_instances (task_inst_id, task_id, module_inst_id, status, task_completing_time) VALUES (1329, 53, 114, 1, '184');
INSERT INTO recordings (recording_id, task_inst_id, file_path) VALUES (1329, 1329, 'recordings/eval_23_mod_4_task_1329.wav');
INSERT INTO task_instances (task_inst_id, task_id, module_inst_id, status, task_completing_time) VALUES (1330, 54, 114, 0, '112');
INSERT INTO recordings (recording_id, task_inst_id, file_path) VALUES (1330, 1330, 'recordings/eval_23_mod_4_task_1330.wav');
INSERT INTO task_instances (task_inst_id, task_id, module_inst_id, status, task_completing_time) VALUES (1331, 55, 114, 1, '137');
INSERT INTO recordings (recording_id, task_inst_id, file_path) VALUES (1331, 1331, 'recordings/eval_23_mod_4_task_1331.wav');
INSERT INTO task_instances (task_inst_id, task_id, module_inst_id, status, task_completing_time) VALUES (1332, 56, 114, 1, '47');
INSERT INTO recordings (recording_id, task_inst_id, file_path) VALUES (1332, 1332, 'recordings/eval_23_mod_4_task_1332.wav');
INSERT INTO module_instances (module_inst_id, module_id, evaluation_id, status) VALUES (115, 9001, 23, 3);
INSERT INTO task_instances (task_inst_id, task_id, module_inst_id, status, task_completing_time) VALUES (1333, 9001, 115, 0, '41');
INSERT INTO recordings (recording_id, task_inst_id, file_path) VALUES (1333, 1333, 'recordings/eval_23_mod_9001_task_1333.wav');
INSERT INTO task_instances (task_inst_id, task_id, module_inst_id, status, task_completing_time) VALUES (1334, 9002, 115, 1, '222');
INSERT INTO recordings (recording_id, task_inst_id, file_path) VALUES (1334, 1334, 'recordings/eval_23_mod_9001_task_1334.wav');
INSERT INTO participants (participant_id, name, surname, education_level, sex, birth_date, laterality) VALUES (24, 'udHk5dbgUIKheSwJhN8UCA==', 'vd/77MTgUIKheSwJhN8UCA==', 5, 2, '1980-02-16', 2);
INSERT INTO evaluations (evaluation_id, evaluation_date, evaluator_id, participant_id, status, language) VALUES (24, '2025-10-19 11:39:00', 4, 24, 3, 1);
INSERT INTO module_instances (module_inst_id, module_id, evaluation_id, status) VALUES (116, 1, 24, 3);
INSERT INTO task_instances (task_inst_id, task_id, module_inst_id, status, task_completing_time) VALUES (1335, 1, 116, 1, '40');
INSERT INTO recordings (recording_id, task_inst_id, file_path) VALUES (1335, 1335, 'recordings/eval_24_mod_1_task_1335.wav');
INSERT INTO task_instances (task_inst_id, task_id, module_inst_id, status, task_completing_time) VALUES (1336, 2, 116, 1, '163');
INSERT INTO recordings (recording_id, task_inst_id, file_path) VALUES (1336, 1336, 'recordings/eval_24_mod_1_task_1336.wav');
INSERT INTO task_instances (task_inst_id, task_id, module_inst_id, status, task_completing_time) VALUES (1337, 3, 116, 1, '135');
INSERT INTO recordings (recording_id, task_inst_id, file_path) VALUES (1337, 1337, 'recordings/eval_24_mod_1_task_1337.wav');
INSERT INTO task_instances (task_inst_id, task_id, module_inst_id, status, task_completing_time) VALUES (1338, 4, 116, 1, '68');
INSERT INTO recordings (recording_id, task_inst_id, file_path) VALUES (1338, 1338, 'recordings/eval_24_mod_1_task_1338.wav');
INSERT INTO task_instances (task_inst_id, task_id, module_inst_id, status, task_completing_time) VALUES (1339, 5, 116, 1, '241');
INSERT INTO recordings (recording_id, task_inst_id, file_path) VALUES (1339, 1339, 'recordings/eval_24_mod_1_task_1339.wav');
INSERT INTO task_instances (task_inst_id, task_id, module_inst_id, status, task_completing_time) VALUES (1340, 6, 116, 1, '178');
INSERT INTO recordings (recording_id, task_inst_id, file_path) VALUES (1340, 1340, 'recordings/eval_24_mod_1_task_1340.wav');
INSERT INTO task_instances (task_inst_id, task_id, module_inst_id, status, task_completing_time) VALUES (1341, 7, 116, 1, '144');
INSERT INTO recordings (recording_id, task_inst_id, file_path) VALUES (1341, 1341, 'recordings/eval_24_mod_1_task_1341.wav');
INSERT INTO task_instances (task_inst_id, task_id, module_inst_id, status, task_completing_time) VALUES (1342, 8, 116, 1, '197');
INSERT INTO recordings (recording_id, task_inst_id, file_path) VALUES (1342, 1342, 'recordings/eval_24_mod_1_task_1342.wav');
INSERT INTO task_instances (task_inst_id, task_id, module_inst_id, status, task_completing_time) VALUES (1343, 9, 116, 1, '131');
INSERT INTO recordings (recording_id, task_inst_id, file_path) VALUES (1343, 1343, 'recordings/eval_24_mod_1_task_1343.wav');
INSERT INTO task_instances (task_inst_id, task_id, module_inst_id, status, task_completing_time) VALUES (1344, 10, 116, 1, '167');
INSERT INTO recordings (recording_id, task_inst_id, file_path) VALUES (1344, 1344, 'recordings/eval_24_mod_1_task_1344.wav');
INSERT INTO module_instances (module_inst_id, module_id, evaluation_id, status) VALUES (117, 2, 24, 3);
INSERT INTO task_instances (task_inst_id, task_id, module_inst_id, status, task_completing_time) VALUES (1345, 11, 117, 1, '48');
INSERT INTO recordings (recording_id, task_inst_id, file_path) VALUES (1345, 1345, 'recordings/eval_24_mod_2_task_1345.wav');
INSERT INTO task_instances (task_inst_id, task_id, module_inst_id, status, task_completing_time) VALUES (1346, 12, 117, 1, '98');
INSERT INTO recordings (recording_id, task_inst_id, file_path) VALUES (1346, 1346, 'recordings/eval_24_mod_2_task_1346.wav');
INSERT INTO task_instances (task_inst_id, task_id, module_inst_id, status, task_completing_time) VALUES (1347, 13, 117, 1, '147');
INSERT INTO recordings (recording_id, task_inst_id, file_path) VALUES (1347, 1347, 'recordings/eval_24_mod_2_task_1347.wav');
INSERT INTO task_instances (task_inst_id, task_id, module_inst_id, status, task_completing_time) VALUES (1348, 14, 117, 1, '123');
INSERT INTO recordings (recording_id, task_inst_id, file_path) VALUES (1348, 1348, 'recordings/eval_24_mod_2_task_1348.wav');
INSERT INTO task_instances (task_inst_id, task_id, module_inst_id, status, task_completing_time) VALUES (1349, 15, 117, 1, '175');
INSERT INTO recordings (recording_id, task_inst_id, file_path) VALUES (1349, 1349, 'recordings/eval_24_mod_2_task_1349.wav');
INSERT INTO task_instances (task_inst_id, task_id, module_inst_id, status, task_completing_time) VALUES (1350, 16, 117, 1, '158');
INSERT INTO recordings (recording_id, task_inst_id, file_path) VALUES (1350, 1350, 'recordings/eval_24_mod_2_task_1350.wav');
INSERT INTO task_instances (task_inst_id, task_id, module_inst_id, status, task_completing_time) VALUES (1351, 17, 117, 1, '61');
INSERT INTO recordings (recording_id, task_inst_id, file_path) VALUES (1351, 1351, 'recordings/eval_24_mod_2_task_1351.wav');
INSERT INTO task_instances (task_inst_id, task_id, module_inst_id, status, task_completing_time) VALUES (1352, 18, 117, 0, '77');
INSERT INTO recordings (recording_id, task_inst_id, file_path) VALUES (1352, 1352, 'recordings/eval_24_mod_2_task_1352.wav');
INSERT INTO task_instances (task_inst_id, task_id, module_inst_id, status, task_completing_time) VALUES (1353, 19, 117, 1, '294');
INSERT INTO recordings (recording_id, task_inst_id, file_path) VALUES (1353, 1353, 'recordings/eval_24_mod_2_task_1353.wav');
INSERT INTO task_instances (task_inst_id, task_id, module_inst_id, status, task_completing_time) VALUES (1354, 20, 117, 1, '68');
INSERT INTO recordings (recording_id, task_inst_id, file_path) VALUES (1354, 1354, 'recordings/eval_24_mod_2_task_1354.wav');
INSERT INTO task_instances (task_inst_id, task_id, module_inst_id, status, task_completing_time) VALUES (1355, 21, 117, 0, '47');
INSERT INTO recordings (recording_id, task_inst_id, file_path) VALUES (1355, 1355, 'recordings/eval_24_mod_2_task_1355.wav');
INSERT INTO task_instances (task_inst_id, task_id, module_inst_id, status, task_completing_time) VALUES (1356, 22, 117, 1, '144');
INSERT INTO recordings (recording_id, task_inst_id, file_path) VALUES (1356, 1356, 'recordings/eval_24_mod_2_task_1356.wav');
INSERT INTO task_instances (task_inst_id, task_id, module_inst_id, status, task_completing_time) VALUES (1357, 23, 117, 1, '19');
INSERT INTO recordings (recording_id, task_inst_id, file_path) VALUES (1357, 1357, 'recordings/eval_24_mod_2_task_1357.wav');
INSERT INTO task_instances (task_inst_id, task_id, module_inst_id, status, task_completing_time) VALUES (1358, 24, 117, 1, '240');
INSERT INTO recordings (recording_id, task_inst_id, file_path) VALUES (1358, 1358, 'recordings/eval_24_mod_2_task_1358.wav');
INSERT INTO task_instances (task_inst_id, task_id, module_inst_id, status, task_completing_time) VALUES (1359, 25, 117, 0, '33');
INSERT INTO recordings (recording_id, task_inst_id, file_path) VALUES (1359, 1359, 'recordings/eval_24_mod_2_task_1359.wav');
INSERT INTO task_instances (task_inst_id, task_id, module_inst_id, status, task_completing_time) VALUES (1360, 26, 117, 0, '33');
INSERT INTO recordings (recording_id, task_inst_id, file_path) VALUES (1360, 1360, 'recordings/eval_24_mod_2_task_1360.wav');
INSERT INTO task_instances (task_inst_id, task_id, module_inst_id, status, task_completing_time) VALUES (1361, 27, 117, 0, '214');
INSERT INTO recordings (recording_id, task_inst_id, file_path) VALUES (1361, 1361, 'recordings/eval_24_mod_2_task_1361.wav');
INSERT INTO task_instances (task_inst_id, task_id, module_inst_id, status, task_completing_time) VALUES (1362, 28, 117, 1, '87');
INSERT INTO recordings (recording_id, task_inst_id, file_path) VALUES (1362, 1362, 'recordings/eval_24_mod_2_task_1362.wav');
INSERT INTO task_instances (task_inst_id, task_id, module_inst_id, status, task_completing_time) VALUES (1363, 29, 117, 0, '298');
INSERT INTO recordings (recording_id, task_inst_id, file_path) VALUES (1363, 1363, 'recordings/eval_24_mod_2_task_1363.wav');
INSERT INTO task_instances (task_inst_id, task_id, module_inst_id, status, task_completing_time) VALUES (1364, 30, 117, 1, '55');
INSERT INTO recordings (recording_id, task_inst_id, file_path) VALUES (1364, 1364, 'recordings/eval_24_mod_2_task_1364.wav');
INSERT INTO task_instances (task_inst_id, task_id, module_inst_id, status, task_completing_time) VALUES (1365, 31, 117, 1, '23');
INSERT INTO recordings (recording_id, task_inst_id, file_path) VALUES (1365, 1365, 'recordings/eval_24_mod_2_task_1365.wav');
INSERT INTO task_instances (task_inst_id, task_id, module_inst_id, status, task_completing_time) VALUES (1366, 32, 117, 1, '167');
INSERT INTO recordings (recording_id, task_inst_id, file_path) VALUES (1366, 1366, 'recordings/eval_24_mod_2_task_1366.wav');
INSERT INTO task_instances (task_inst_id, task_id, module_inst_id, status, task_completing_time) VALUES (1367, 33, 117, 0, '83');
INSERT INTO recordings (recording_id, task_inst_id, file_path) VALUES (1367, 1367, 'recordings/eval_24_mod_2_task_1367.wav');
INSERT INTO task_instances (task_inst_id, task_id, module_inst_id, status, task_completing_time) VALUES (1368, 34, 117, 0, '285');
INSERT INTO recordings (recording_id, task_inst_id, file_path) VALUES (1368, 1368, 'recordings/eval_24_mod_2_task_1368.wav');
INSERT INTO task_instances (task_inst_id, task_id, module_inst_id, status, task_completing_time) VALUES (1369, 35, 117, 1, '50');
INSERT INTO recordings (recording_id, task_inst_id, file_path) VALUES (1369, 1369, 'recordings/eval_24_mod_2_task_1369.wav');
INSERT INTO task_instances (task_inst_id, task_id, module_inst_id, status, task_completing_time) VALUES (1370, 36, 117, 1, '159');
INSERT INTO recordings (recording_id, task_inst_id, file_path) VALUES (1370, 1370, 'recordings/eval_24_mod_2_task_1370.wav');
INSERT INTO task_instances (task_inst_id, task_id, module_inst_id, status, task_completing_time) VALUES (1371, 37, 117, 1, '120');
INSERT INTO recordings (recording_id, task_inst_id, file_path) VALUES (1371, 1371, 'recordings/eval_24_mod_2_task_1371.wav');
INSERT INTO module_instances (module_inst_id, module_id, evaluation_id, status) VALUES (118, 3, 24, 3);
INSERT INTO task_instances (task_inst_id, task_id, module_inst_id, status, task_completing_time) VALUES (1372, 38, 118, 0, '20');
INSERT INTO recordings (recording_id, task_inst_id, file_path) VALUES (1372, 1372, 'recordings/eval_24_mod_3_task_1372.wav');
INSERT INTO task_instances (task_inst_id, task_id, module_inst_id, status, task_completing_time) VALUES (1373, 39, 118, 1, '67');
INSERT INTO recordings (recording_id, task_inst_id, file_path) VALUES (1373, 1373, 'recordings/eval_24_mod_3_task_1373.wav');
INSERT INTO task_instances (task_inst_id, task_id, module_inst_id, status, task_completing_time) VALUES (1374, 40, 118, 1, '271');
INSERT INTO recordings (recording_id, task_inst_id, file_path) VALUES (1374, 1374, 'recordings/eval_24_mod_3_task_1374.wav');
INSERT INTO task_instances (task_inst_id, task_id, module_inst_id, status, task_completing_time) VALUES (1375, 41, 118, 1, '146');
INSERT INTO recordings (recording_id, task_inst_id, file_path) VALUES (1375, 1375, 'recordings/eval_24_mod_3_task_1375.wav');
INSERT INTO task_instances (task_inst_id, task_id, module_inst_id, status, task_completing_time) VALUES (1376, 42, 118, 1, '231');
INSERT INTO recordings (recording_id, task_inst_id, file_path) VALUES (1376, 1376, 'recordings/eval_24_mod_3_task_1376.wav');
INSERT INTO task_instances (task_inst_id, task_id, module_inst_id, status, task_completing_time) VALUES (1377, 43, 118, 1, '282');
INSERT INTO recordings (recording_id, task_inst_id, file_path) VALUES (1377, 1377, 'recordings/eval_24_mod_3_task_1377.wav');
INSERT INTO task_instances (task_inst_id, task_id, module_inst_id, status, task_completing_time) VALUES (1378, 44, 118, 1, '209');
INSERT INTO recordings (recording_id, task_inst_id, file_path) VALUES (1378, 1378, 'recordings/eval_24_mod_3_task_1378.wav');
INSERT INTO task_instances (task_inst_id, task_id, module_inst_id, status, task_completing_time) VALUES (1379, 45, 118, 1, '258');
INSERT INTO recordings (recording_id, task_inst_id, file_path) VALUES (1379, 1379, 'recordings/eval_24_mod_3_task_1379.wav');
INSERT INTO task_instances (task_inst_id, task_id, module_inst_id, status, task_completing_time) VALUES (1380, 46, 118, 1, '128');
INSERT INTO recordings (recording_id, task_inst_id, file_path) VALUES (1380, 1380, 'recordings/eval_24_mod_3_task_1380.wav');
INSERT INTO module_instances (module_inst_id, module_id, evaluation_id, status) VALUES (119, 4, 24, 3);
INSERT INTO task_instances (task_inst_id, task_id, module_inst_id, status, task_completing_time) VALUES (1381, 47, 119, 1, '21');
INSERT INTO recordings (recording_id, task_inst_id, file_path) VALUES (1381, 1381, 'recordings/eval_24_mod_4_task_1381.wav');
INSERT INTO task_instances (task_inst_id, task_id, module_inst_id, status, task_completing_time) VALUES (1382, 48, 119, 1, '204');
INSERT INTO recordings (recording_id, task_inst_id, file_path) VALUES (1382, 1382, 'recordings/eval_24_mod_4_task_1382.wav');
INSERT INTO task_instances (task_inst_id, task_id, module_inst_id, status, task_completing_time) VALUES (1383, 49, 119, 1, '68');
INSERT INTO recordings (recording_id, task_inst_id, file_path) VALUES (1383, 1383, 'recordings/eval_24_mod_4_task_1383.wav');
INSERT INTO task_instances (task_inst_id, task_id, module_inst_id, status, task_completing_time) VALUES (1384, 50, 119, 1, '61');
INSERT INTO recordings (recording_id, task_inst_id, file_path) VALUES (1384, 1384, 'recordings/eval_24_mod_4_task_1384.wav');
INSERT INTO task_instances (task_inst_id, task_id, module_inst_id, status, task_completing_time) VALUES (1385, 51, 119, 0, '86');
INSERT INTO recordings (recording_id, task_inst_id, file_path) VALUES (1385, 1385, 'recordings/eval_24_mod_4_task_1385.wav');
INSERT INTO task_instances (task_inst_id, task_id, module_inst_id, status, task_completing_time) VALUES (1386, 52, 119, 1, '25');
INSERT INTO recordings (recording_id, task_inst_id, file_path) VALUES (1386, 1386, 'recordings/eval_24_mod_4_task_1386.wav');
INSERT INTO task_instances (task_inst_id, task_id, module_inst_id, status, task_completing_time) VALUES (1387, 53, 119, 1, '197');
INSERT INTO recordings (recording_id, task_inst_id, file_path) VALUES (1387, 1387, 'recordings/eval_24_mod_4_task_1387.wav');
INSERT INTO task_instances (task_inst_id, task_id, module_inst_id, status, task_completing_time) VALUES (1388, 54, 119, 1, '34');
INSERT INTO recordings (recording_id, task_inst_id, file_path) VALUES (1388, 1388, 'recordings/eval_24_mod_4_task_1388.wav');
INSERT INTO task_instances (task_inst_id, task_id, module_inst_id, status, task_completing_time) VALUES (1389, 55, 119, 0, '105');
INSERT INTO recordings (recording_id, task_inst_id, file_path) VALUES (1389, 1389, 'recordings/eval_24_mod_4_task_1389.wav');
INSERT INTO task_instances (task_inst_id, task_id, module_inst_id, status, task_completing_time) VALUES (1390, 56, 119, 0, '56');
INSERT INTO recordings (recording_id, task_inst_id, file_path) VALUES (1390, 1390, 'recordings/eval_24_mod_4_task_1390.wav');
INSERT INTO module_instances (module_inst_id, module_id, evaluation_id, status) VALUES (120, 9001, 24, 3);
INSERT INTO task_instances (task_inst_id, task_id, module_inst_id, status, task_completing_time) VALUES (1391, 9001, 120, 0, '39');
INSERT INTO recordings (recording_id, task_inst_id, file_path) VALUES (1391, 1391, 'recordings/eval_24_mod_9001_task_1391.wav');
INSERT INTO task_instances (task_inst_id, task_id, module_inst_id, status, task_completing_time) VALUES (1392, 9002, 120, 1, '165');
INSERT INTO recordings (recording_id, task_inst_id, file_path) VALUES (1392, 1392, 'recordings/eval_24_mod_9001_task_1392.wav');
INSERT INTO participants (participant_id, name, surname, education_level, sex, birth_date, laterality) VALUES (25, 's8P369KHOoCjey4Lht0WCg==', 'vd/77MTgUIKheSwJhN8UCA==', 2, 2, '1960-05-06', 2);
INSERT INTO evaluations (evaluation_id, evaluation_date, evaluator_id, participant_id, status, language) VALUES (25, '2025-08-05 13:35:00', 4, 25, 3, 2);
INSERT INTO module_instances (module_inst_id, module_id, evaluation_id, status) VALUES (121, 1, 25, 3);
INSERT INTO task_instances (task_inst_id, task_id, module_inst_id, status, task_completing_time) VALUES (1393, 1, 121, 1, '16');
INSERT INTO recordings (recording_id, task_inst_id, file_path) VALUES (1393, 1393, 'recordings/eval_25_mod_1_task_1393.wav');
INSERT INTO task_instances (task_inst_id, task_id, module_inst_id, status, task_completing_time) VALUES (1394, 2, 121, 1, '188');
INSERT INTO recordings (recording_id, task_inst_id, file_path) VALUES (1394, 1394, 'recordings/eval_25_mod_1_task_1394.wav');
INSERT INTO task_instances (task_inst_id, task_id, module_inst_id, status, task_completing_time) VALUES (1395, 3, 121, 1, '271');
INSERT INTO recordings (recording_id, task_inst_id, file_path) VALUES (1395, 1395, 'recordings/eval_25_mod_1_task_1395.wav');
INSERT INTO task_instances (task_inst_id, task_id, module_inst_id, status, task_completing_time) VALUES (1396, 4, 121, 1, '200');
INSERT INTO recordings (recording_id, task_inst_id, file_path) VALUES (1396, 1396, 'recordings/eval_25_mod_1_task_1396.wav');
INSERT INTO task_instances (task_inst_id, task_id, module_inst_id, status, task_completing_time) VALUES (1397, 5, 121, 1, '24');
INSERT INTO recordings (recording_id, task_inst_id, file_path) VALUES (1397, 1397, 'recordings/eval_25_mod_1_task_1397.wav');
INSERT INTO task_instances (task_inst_id, task_id, module_inst_id, status, task_completing_time) VALUES (1398, 6, 121, 0, '204');
INSERT INTO recordings (recording_id, task_inst_id, file_path) VALUES (1398, 1398, 'recordings/eval_25_mod_1_task_1398.wav');
INSERT INTO task_instances (task_inst_id, task_id, module_inst_id, status, task_completing_time) VALUES (1399, 7, 121, 0, '58');
INSERT INTO recordings (recording_id, task_inst_id, file_path) VALUES (1399, 1399, 'recordings/eval_25_mod_1_task_1399.wav');
INSERT INTO task_instances (task_inst_id, task_id, module_inst_id, status, task_completing_time) VALUES (1400, 8, 121, 0, '106');
INSERT INTO recordings (recording_id, task_inst_id, file_path) VALUES (1400, 1400, 'recordings/eval_25_mod_1_task_1400.wav');
INSERT INTO task_instances (task_inst_id, task_id, module_inst_id, status, task_completing_time) VALUES (1401, 9, 121, 1, '217');
INSERT INTO recordings (recording_id, task_inst_id, file_path) VALUES (1401, 1401, 'recordings/eval_25_mod_1_task_1401.wav');
INSERT INTO task_instances (task_inst_id, task_id, module_inst_id, status, task_completing_time) VALUES (1402, 10, 121, 1, '169');
INSERT INTO recordings (recording_id, task_inst_id, file_path) VALUES (1402, 1402, 'recordings/eval_25_mod_1_task_1402.wav');
INSERT INTO module_instances (module_inst_id, module_id, evaluation_id, status) VALUES (122, 2, 25, 2);
INSERT INTO task_instances (task_inst_id, task_id, module_inst_id, status, task_completing_time) VALUES (1403, 11, 122, 1, '41');
INSERT INTO recordings (recording_id, task_inst_id, file_path) VALUES (1403, 1403, 'recordings/eval_25_mod_2_task_1403.wav');
INSERT INTO task_instances (task_inst_id, task_id, module_inst_id, status, task_completing_time) VALUES (1404, 12, 122, 1, '173');
INSERT INTO recordings (recording_id, task_inst_id, file_path) VALUES (1404, 1404, 'recordings/eval_25_mod_2_task_1404.wav');
INSERT INTO task_instances (task_inst_id, task_id, module_inst_id, status, task_completing_time) VALUES (1405, 13, 122, 1, '265');
INSERT INTO recordings (recording_id, task_inst_id, file_path) VALUES (1405, 1405, 'recordings/eval_25_mod_2_task_1405.wav');
INSERT INTO task_instances (task_inst_id, task_id, module_inst_id, status, task_completing_time) VALUES (1406, 14, 122, 1, '264');
INSERT INTO recordings (recording_id, task_inst_id, file_path) VALUES (1406, 1406, 'recordings/eval_25_mod_2_task_1406.wav');
INSERT INTO task_instances (task_inst_id, task_id, module_inst_id, status, task_completing_time) VALUES (1407, 15, 122, 1, '150');
INSERT INTO recordings (recording_id, task_inst_id, file_path) VALUES (1407, 1407, 'recordings/eval_25_mod_2_task_1407.wav');
INSERT INTO task_instances (task_inst_id, task_id, module_inst_id, status, task_completing_time) VALUES (1408, 16, 122, 1, '158');
INSERT INTO recordings (recording_id, task_inst_id, file_path) VALUES (1408, 1408, 'recordings/eval_25_mod_2_task_1408.wav');
INSERT INTO task_instances (task_inst_id, task_id, module_inst_id, status, task_completing_time) VALUES (1409, 17, 122, 1, '121');
INSERT INTO recordings (recording_id, task_inst_id, file_path) VALUES (1409, 1409, 'recordings/eval_25_mod_2_task_1409.wav');
INSERT INTO task_instances (task_inst_id, task_id, module_inst_id, status, task_completing_time) VALUES (1410, 18, 122, 1, '109');
INSERT INTO recordings (recording_id, task_inst_id, file_path) VALUES (1410, 1410, 'recordings/eval_25_mod_2_task_1410.wav');
INSERT INTO task_instances (task_inst_id, task_id, module_inst_id, status, task_completing_time) VALUES (1411, 19, 122, 1, '115');
INSERT INTO recordings (recording_id, task_inst_id, file_path) VALUES (1411, 1411, 'recordings/eval_25_mod_2_task_1411.wav');
INSERT INTO task_instances (task_inst_id, task_id, module_inst_id, status, task_completing_time) VALUES (1412, 20, 122, 1, '52');
INSERT INTO recordings (recording_id, task_inst_id, file_path) VALUES (1412, 1412, 'recordings/eval_25_mod_2_task_1412.wav');
INSERT INTO task_instances (task_inst_id, task_id, module_inst_id, status, task_completing_time) VALUES (1413, 21, 122, 1, '31');
INSERT INTO recordings (recording_id, task_inst_id, file_path) VALUES (1413, 1413, 'recordings/eval_25_mod_2_task_1413.wav');
INSERT INTO task_instances (task_inst_id, task_id, module_inst_id, status, task_completing_time) VALUES (1414, 22, 122, 1, '27');
INSERT INTO recordings (recording_id, task_inst_id, file_path) VALUES (1414, 1414, 'recordings/eval_25_mod_2_task_1414.wav');
INSERT INTO task_instances (task_inst_id, task_id, module_inst_id, status, task_completing_time) VALUES (1415, 23, 122, 1, '20');
INSERT INTO recordings (recording_id, task_inst_id, file_path) VALUES (1415, 1415, 'recordings/eval_25_mod_2_task_1415.wav');
INSERT INTO task_instances (task_inst_id, task_id, module_inst_id, status, task_completing_time) VALUES (1416, 24, 122, 1, '80');
INSERT INTO recordings (recording_id, task_inst_id, file_path) VALUES (1416, 1416, 'recordings/eval_25_mod_2_task_1416.wav');
INSERT INTO task_instances (task_inst_id, task_id, module_inst_id, status, task_completing_time) VALUES (1417, 25, 122, 0, '53');
INSERT INTO recordings (recording_id, task_inst_id, file_path) VALUES (1417, 1417, 'recordings/eval_25_mod_2_task_1417.wav');
INSERT INTO task_instances (task_inst_id, task_id, module_inst_id, status, task_completing_time) VALUES (1418, 26, 122, 1, '291');
INSERT INTO recordings (recording_id, task_inst_id, file_path) VALUES (1418, 1418, 'recordings/eval_25_mod_2_task_1418.wav');
INSERT INTO task_instances (task_inst_id, task_id, module_inst_id, status, task_completing_time) VALUES (1419, 27, 122, 0, '279');
INSERT INTO recordings (recording_id, task_inst_id, file_path) VALUES (1419, 1419, 'recordings/eval_25_mod_2_task_1419.wav');
INSERT INTO task_instances (task_inst_id, task_id, module_inst_id, status, task_completing_time) VALUES (1420, 28, 122, 1, '111');
INSERT INTO recordings (recording_id, task_inst_id, file_path) VALUES (1420, 1420, 'recordings/eval_25_mod_2_task_1420.wav');
INSERT INTO task_instances (task_inst_id, task_id, module_inst_id, status, task_completing_time) VALUES (1421, 29, 122, 1, '95');
INSERT INTO recordings (recording_id, task_inst_id, file_path) VALUES (1421, 1421, 'recordings/eval_25_mod_2_task_1421.wav');
INSERT INTO task_instances (task_inst_id, task_id, module_inst_id, status, task_completing_time) VALUES (1422, 30, 122, 0, '51');
INSERT INTO recordings (recording_id, task_inst_id, file_path) VALUES (1422, 1422, 'recordings/eval_25_mod_2_task_1422.wav');
INSERT INTO task_instances (task_inst_id, task_id, module_inst_id, status, task_completing_time) VALUES (1423, 31, 122, 1, '145');
INSERT INTO recordings (recording_id, task_inst_id, file_path) VALUES (1423, 1423, 'recordings/eval_25_mod_2_task_1423.wav');
INSERT INTO task_instances (task_inst_id, task_id, module_inst_id, status, task_completing_time) VALUES (1424, 32, 122, 1, '129');
INSERT INTO recordings (recording_id, task_inst_id, file_path) VALUES (1424, 1424, 'recordings/eval_25_mod_2_task_1424.wav');
INSERT INTO task_instances (task_inst_id, task_id, module_inst_id, status, task_completing_time) VALUES (1425, 33, 122, 1, '205');
INSERT INTO recordings (recording_id, task_inst_id, file_path) VALUES (1425, 1425, 'recordings/eval_25_mod_2_task_1425.wav');
INSERT INTO task_instances (task_inst_id, task_id, module_inst_id, status, task_completing_time) VALUES (1426, 34, 122, 1, '260');
INSERT INTO recordings (recording_id, task_inst_id, file_path) VALUES (1426, 1426, 'recordings/eval_25_mod_2_task_1426.wav');
INSERT INTO task_instances (task_inst_id, task_id, module_inst_id, status, task_completing_time) VALUES (1427, 35, 122, 1, '119');
INSERT INTO recordings (recording_id, task_inst_id, file_path) VALUES (1427, 1427, 'recordings/eval_25_mod_2_task_1427.wav');
INSERT INTO task_instances (task_inst_id, task_id, module_inst_id, status, task_completing_time) VALUES (1428, 36, 122, 0, '152');
INSERT INTO recordings (recording_id, task_inst_id, file_path) VALUES (1428, 1428, 'recordings/eval_25_mod_2_task_1428.wav');
INSERT INTO task_instances (task_inst_id, task_id, module_inst_id, status, task_completing_time) VALUES (1429, 37, 122, 0, '210');
INSERT INTO recordings (recording_id, task_inst_id, file_path) VALUES (1429, 1429, 'recordings/eval_25_mod_2_task_1429.wav');
INSERT INTO module_instances (module_inst_id, module_id, evaluation_id, status) VALUES (123, 3, 25, 3);
INSERT INTO task_instances (task_inst_id, task_id, module_inst_id, status, task_completing_time) VALUES (1430, 38, 123, 0, '59');
INSERT INTO recordings (recording_id, task_inst_id, file_path) VALUES (1430, 1430, 'recordings/eval_25_mod_3_task_1430.wav');
INSERT INTO task_instances (task_inst_id, task_id, module_inst_id, status, task_completing_time) VALUES (1431, 39, 123, 1, '121');
INSERT INTO recordings (recording_id, task_inst_id, file_path) VALUES (1431, 1431, 'recordings/eval_25_mod_3_task_1431.wav');
INSERT INTO task_instances (task_inst_id, task_id, module_inst_id, status, task_completing_time) VALUES (1432, 40, 123, 1, '230');
INSERT INTO recordings (recording_id, task_inst_id, file_path) VALUES (1432, 1432, 'recordings/eval_25_mod_3_task_1432.wav');
INSERT INTO task_instances (task_inst_id, task_id, module_inst_id, status, task_completing_time) VALUES (1433, 41, 123, 0, '129');
INSERT INTO recordings (recording_id, task_inst_id, file_path) VALUES (1433, 1433, 'recordings/eval_25_mod_3_task_1433.wav');
INSERT INTO task_instances (task_inst_id, task_id, module_inst_id, status, task_completing_time) VALUES (1434, 42, 123, 1, '288');
INSERT INTO recordings (recording_id, task_inst_id, file_path) VALUES (1434, 1434, 'recordings/eval_25_mod_3_task_1434.wav');
INSERT INTO task_instances (task_inst_id, task_id, module_inst_id, status, task_completing_time) VALUES (1435, 43, 123, 1, '267');
INSERT INTO recordings (recording_id, task_inst_id, file_path) VALUES (1435, 1435, 'recordings/eval_25_mod_3_task_1435.wav');
INSERT INTO task_instances (task_inst_id, task_id, module_inst_id, status, task_completing_time) VALUES (1436, 44, 123, 1, '56');
INSERT INTO recordings (recording_id, task_inst_id, file_path) VALUES (1436, 1436, 'recordings/eval_25_mod_3_task_1436.wav');
INSERT INTO task_instances (task_inst_id, task_id, module_inst_id, status, task_completing_time) VALUES (1437, 45, 123, 1, '213');
INSERT INTO recordings (recording_id, task_inst_id, file_path) VALUES (1437, 1437, 'recordings/eval_25_mod_3_task_1437.wav');
INSERT INTO task_instances (task_inst_id, task_id, module_inst_id, status, task_completing_time) VALUES (1438, 46, 123, 1, '248');
INSERT INTO recordings (recording_id, task_inst_id, file_path) VALUES (1438, 1438, 'recordings/eval_25_mod_3_task_1438.wav');
INSERT INTO module_instances (module_inst_id, module_id, evaluation_id, status) VALUES (124, 4, 25, 3);
INSERT INTO task_instances (task_inst_id, task_id, module_inst_id, status, task_completing_time) VALUES (1439, 47, 124, 1, '51');
INSERT INTO recordings (recording_id, task_inst_id, file_path) VALUES (1439, 1439, 'recordings/eval_25_mod_4_task_1439.wav');
INSERT INTO task_instances (task_inst_id, task_id, module_inst_id, status, task_completing_time) VALUES (1440, 48, 124, 1, '272');
INSERT INTO recordings (recording_id, task_inst_id, file_path) VALUES (1440, 1440, 'recordings/eval_25_mod_4_task_1440.wav');
INSERT INTO task_instances (task_inst_id, task_id, module_inst_id, status, task_completing_time) VALUES (1441, 49, 124, 0, '242');
INSERT INTO recordings (recording_id, task_inst_id, file_path) VALUES (1441, 1441, 'recordings/eval_25_mod_4_task_1441.wav');
INSERT INTO task_instances (task_inst_id, task_id, module_inst_id, status, task_completing_time) VALUES (1442, 50, 124, 1, '38');
INSERT INTO recordings (recording_id, task_inst_id, file_path) VALUES (1442, 1442, 'recordings/eval_25_mod_4_task_1442.wav');
INSERT INTO task_instances (task_inst_id, task_id, module_inst_id, status, task_completing_time) VALUES (1443, 51, 124, 1, '285');
INSERT INTO recordings (recording_id, task_inst_id, file_path) VALUES (1443, 1443, 'recordings/eval_25_mod_4_task_1443.wav');
INSERT INTO task_instances (task_inst_id, task_id, module_inst_id, status, task_completing_time) VALUES (1444, 52, 124, 1, '277');
INSERT INTO recordings (recording_id, task_inst_id, file_path) VALUES (1444, 1444, 'recordings/eval_25_mod_4_task_1444.wav');
INSERT INTO task_instances (task_inst_id, task_id, module_inst_id, status, task_completing_time) VALUES (1445, 53, 124, 1, '243');
INSERT INTO recordings (recording_id, task_inst_id, file_path) VALUES (1445, 1445, 'recordings/eval_25_mod_4_task_1445.wav');
INSERT INTO task_instances (task_inst_id, task_id, module_inst_id, status, task_completing_time) VALUES (1446, 54, 124, 1, '143');
INSERT INTO recordings (recording_id, task_inst_id, file_path) VALUES (1446, 1446, 'recordings/eval_25_mod_4_task_1446.wav');
INSERT INTO task_instances (task_inst_id, task_id, module_inst_id, status, task_completing_time) VALUES (1447, 55, 124, 1, '101');
INSERT INTO recordings (recording_id, task_inst_id, file_path) VALUES (1447, 1447, 'recordings/eval_25_mod_4_task_1447.wav');
INSERT INTO task_instances (task_inst_id, task_id, module_inst_id, status, task_completing_time) VALUES (1448, 56, 124, 1, '16');
INSERT INTO recordings (recording_id, task_inst_id, file_path) VALUES (1448, 1448, 'recordings/eval_25_mod_4_task_1448.wav');
INSERT INTO module_instances (module_inst_id, module_id, evaluation_id, status) VALUES (125, 9001, 25, 3);
INSERT INTO task_instances (task_inst_id, task_id, module_inst_id, status, task_completing_time) VALUES (1449, 9001, 125, 1, '54');
INSERT INTO recordings (recording_id, task_inst_id, file_path) VALUES (1449, 1449, 'recordings/eval_25_mod_9001_task_1449.wav');
INSERT INTO task_instances (task_inst_id, task_id, module_inst_id, status, task_completing_time) VALUES (1450, 9002, 125, 1, '194');
INSERT INTO recordings (recording_id, task_inst_id, file_path) VALUES (1450, 1450, 'recordings/eval_25_mod_9001_task_1450.wav');
INSERT INTO participants (participant_id, name, surname, education_level, sex, birth_date, laterality) VALUES (26, 'tsX16MTgUIKheSwJhN8UCA==', 'qdn6/9bgUIKheSwJhN8UCA==', 2, 2, '1948-08-16', 2);
INSERT INTO evaluations (evaluation_id, evaluation_date, evaluator_id, participant_id, status, language) VALUES (26, '2025-09-14 12:51:00', 5, 26, 2, 1);
INSERT INTO module_instances (module_inst_id, module_id, evaluation_id, status) VALUES (126, 1, 26, 3);
INSERT INTO task_instances (task_inst_id, task_id, module_inst_id, status, task_completing_time) VALUES (1451, 1, 126, 1, '34');
INSERT INTO recordings (recording_id, task_inst_id, file_path) VALUES (1451, 1451, 'recordings/eval_26_mod_1_task_1451.wav');
INSERT INTO task_instances (task_inst_id, task_id, module_inst_id, status, task_completing_time) VALUES (1452, 2, 126, 1, '224');
INSERT INTO recordings (recording_id, task_inst_id, file_path) VALUES (1452, 1452, 'recordings/eval_26_mod_1_task_1452.wav');
INSERT INTO task_instances (task_inst_id, task_id, module_inst_id, status, task_completing_time) VALUES (1453, 3, 126, 0, '234');
INSERT INTO recordings (recording_id, task_inst_id, file_path) VALUES (1453, 1453, 'recordings/eval_26_mod_1_task_1453.wav');
INSERT INTO task_instances (task_inst_id, task_id, module_inst_id, status, task_completing_time) VALUES (1454, 4, 126, 1, '92');
INSERT INTO recordings (recording_id, task_inst_id, file_path) VALUES (1454, 1454, 'recordings/eval_26_mod_1_task_1454.wav');
INSERT INTO task_instances (task_inst_id, task_id, module_inst_id, status, task_completing_time) VALUES (1455, 5, 126, 1, '92');
INSERT INTO recordings (recording_id, task_inst_id, file_path) VALUES (1455, 1455, 'recordings/eval_26_mod_1_task_1455.wav');
INSERT INTO task_instances (task_inst_id, task_id, module_inst_id, status, task_completing_time) VALUES (1456, 6, 126, 0, '215');
INSERT INTO recordings (recording_id, task_inst_id, file_path) VALUES (1456, 1456, 'recordings/eval_26_mod_1_task_1456.wav');
INSERT INTO task_instances (task_inst_id, task_id, module_inst_id, status, task_completing_time) VALUES (1457, 7, 126, 1, '126');
INSERT INTO recordings (recording_id, task_inst_id, file_path) VALUES (1457, 1457, 'recordings/eval_26_mod_1_task_1457.wav');
INSERT INTO task_instances (task_inst_id, task_id, module_inst_id, status, task_completing_time) VALUES (1458, 8, 126, 1, '153');
INSERT INTO recordings (recording_id, task_inst_id, file_path) VALUES (1458, 1458, 'recordings/eval_26_mod_1_task_1458.wav');
INSERT INTO task_instances (task_inst_id, task_id, module_inst_id, status, task_completing_time) VALUES (1459, 9, 126, 0, '220');
INSERT INTO recordings (recording_id, task_inst_id, file_path) VALUES (1459, 1459, 'recordings/eval_26_mod_1_task_1459.wav');
INSERT INTO task_instances (task_inst_id, task_id, module_inst_id, status, task_completing_time) VALUES (1460, 10, 126, 1, '46');
INSERT INTO recordings (recording_id, task_inst_id, file_path) VALUES (1460, 1460, 'recordings/eval_26_mod_1_task_1460.wav');
INSERT INTO module_instances (module_inst_id, module_id, evaluation_id, status) VALUES (127, 2, 26, 3);
INSERT INTO task_instances (task_inst_id, task_id, module_inst_id, status, task_completing_time) VALUES (1461, 11, 127, 1, '43');
INSERT INTO recordings (recording_id, task_inst_id, file_path) VALUES (1461, 1461, 'recordings/eval_26_mod_2_task_1461.wav');
INSERT INTO task_instances (task_inst_id, task_id, module_inst_id, status, task_completing_time) VALUES (1462, 12, 127, 1, '170');
INSERT INTO recordings (recording_id, task_inst_id, file_path) VALUES (1462, 1462, 'recordings/eval_26_mod_2_task_1462.wav');
INSERT INTO task_instances (task_inst_id, task_id, module_inst_id, status, task_completing_time) VALUES (1463, 13, 127, 0, '73');
INSERT INTO recordings (recording_id, task_inst_id, file_path) VALUES (1463, 1463, 'recordings/eval_26_mod_2_task_1463.wav');
INSERT INTO task_instances (task_inst_id, task_id, module_inst_id, status, task_completing_time) VALUES (1464, 14, 127, 1, '237');
INSERT INTO recordings (recording_id, task_inst_id, file_path) VALUES (1464, 1464, 'recordings/eval_26_mod_2_task_1464.wav');
INSERT INTO task_instances (task_inst_id, task_id, module_inst_id, status, task_completing_time) VALUES (1465, 15, 127, 1, '210');
INSERT INTO recordings (recording_id, task_inst_id, file_path) VALUES (1465, 1465, 'recordings/eval_26_mod_2_task_1465.wav');
INSERT INTO task_instances (task_inst_id, task_id, module_inst_id, status, task_completing_time) VALUES (1466, 16, 127, 1, '99');
INSERT INTO recordings (recording_id, task_inst_id, file_path) VALUES (1466, 1466, 'recordings/eval_26_mod_2_task_1466.wav');
INSERT INTO task_instances (task_inst_id, task_id, module_inst_id, status, task_completing_time) VALUES (1467, 17, 127, 1, '81');
INSERT INTO recordings (recording_id, task_inst_id, file_path) VALUES (1467, 1467, 'recordings/eval_26_mod_2_task_1467.wav');
INSERT INTO task_instances (task_inst_id, task_id, module_inst_id, status, task_completing_time) VALUES (1468, 18, 127, 1, '259');
INSERT INTO recordings (recording_id, task_inst_id, file_path) VALUES (1468, 1468, 'recordings/eval_26_mod_2_task_1468.wav');
INSERT INTO task_instances (task_inst_id, task_id, module_inst_id, status, task_completing_time) VALUES (1469, 19, 127, 0, '121');
INSERT INTO recordings (recording_id, task_inst_id, file_path) VALUES (1469, 1469, 'recordings/eval_26_mod_2_task_1469.wav');
INSERT INTO task_instances (task_inst_id, task_id, module_inst_id, status, task_completing_time) VALUES (1470, 20, 127, 1, '135');
INSERT INTO recordings (recording_id, task_inst_id, file_path) VALUES (1470, 1470, 'recordings/eval_26_mod_2_task_1470.wav');
INSERT INTO task_instances (task_inst_id, task_id, module_inst_id, status, task_completing_time) VALUES (1471, 21, 127, 1, '53');
INSERT INTO recordings (recording_id, task_inst_id, file_path) VALUES (1471, 1471, 'recordings/eval_26_mod_2_task_1471.wav');
INSERT INTO task_instances (task_inst_id, task_id, module_inst_id, status, task_completing_time) VALUES (1472, 22, 127, 1, '147');
INSERT INTO recordings (recording_id, task_inst_id, file_path) VALUES (1472, 1472, 'recordings/eval_26_mod_2_task_1472.wav');
INSERT INTO task_instances (task_inst_id, task_id, module_inst_id, status, task_completing_time) VALUES (1473, 23, 127, 1, '27');
INSERT INTO recordings (recording_id, task_inst_id, file_path) VALUES (1473, 1473, 'recordings/eval_26_mod_2_task_1473.wav');
INSERT INTO task_instances (task_inst_id, task_id, module_inst_id, status, task_completing_time) VALUES (1474, 24, 127, 1, '81');
INSERT INTO recordings (recording_id, task_inst_id, file_path) VALUES (1474, 1474, 'recordings/eval_26_mod_2_task_1474.wav');
INSERT INTO task_instances (task_inst_id, task_id, module_inst_id, status, task_completing_time) VALUES (1475, 25, 127, 0, '22');
INSERT INTO recordings (recording_id, task_inst_id, file_path) VALUES (1475, 1475, 'recordings/eval_26_mod_2_task_1475.wav');
INSERT INTO task_instances (task_inst_id, task_id, module_inst_id, status, task_completing_time) VALUES (1476, 26, 127, 1, '82');
INSERT INTO recordings (recording_id, task_inst_id, file_path) VALUES (1476, 1476, 'recordings/eval_26_mod_2_task_1476.wav');
INSERT INTO task_instances (task_inst_id, task_id, module_inst_id, status, task_completing_time) VALUES (1477, 27, 127, 1, '58');
INSERT INTO recordings (recording_id, task_inst_id, file_path) VALUES (1477, 1477, 'recordings/eval_26_mod_2_task_1477.wav');
INSERT INTO task_instances (task_inst_id, task_id, module_inst_id, status, task_completing_time) VALUES (1478, 28, 127, 1, '234');
INSERT INTO recordings (recording_id, task_inst_id, file_path) VALUES (1478, 1478, 'recordings/eval_26_mod_2_task_1478.wav');
INSERT INTO task_instances (task_inst_id, task_id, module_inst_id, status, task_completing_time) VALUES (1479, 29, 127, 1, '47');
INSERT INTO recordings (recording_id, task_inst_id, file_path) VALUES (1479, 1479, 'recordings/eval_26_mod_2_task_1479.wav');
INSERT INTO task_instances (task_inst_id, task_id, module_inst_id, status, task_completing_time) VALUES (1480, 30, 127, 1, '50');
INSERT INTO recordings (recording_id, task_inst_id, file_path) VALUES (1480, 1480, 'recordings/eval_26_mod_2_task_1480.wav');
INSERT INTO task_instances (task_inst_id, task_id, module_inst_id, status, task_completing_time) VALUES (1481, 31, 127, 1, '128');
INSERT INTO recordings (recording_id, task_inst_id, file_path) VALUES (1481, 1481, 'recordings/eval_26_mod_2_task_1481.wav');
INSERT INTO task_instances (task_inst_id, task_id, module_inst_id, status, task_completing_time) VALUES (1482, 32, 127, 1, '137');
INSERT INTO recordings (recording_id, task_inst_id, file_path) VALUES (1482, 1482, 'recordings/eval_26_mod_2_task_1482.wav');
INSERT INTO task_instances (task_inst_id, task_id, module_inst_id, status, task_completing_time) VALUES (1483, 33, 127, 1, '216');
INSERT INTO recordings (recording_id, task_inst_id, file_path) VALUES (1483, 1483, 'recordings/eval_26_mod_2_task_1483.wav');
INSERT INTO task_instances (task_inst_id, task_id, module_inst_id, status, task_completing_time) VALUES (1484, 34, 127, 1, '297');
INSERT INTO recordings (recording_id, task_inst_id, file_path) VALUES (1484, 1484, 'recordings/eval_26_mod_2_task_1484.wav');
INSERT INTO task_instances (task_inst_id, task_id, module_inst_id, status, task_completing_time) VALUES (1485, 35, 127, 1, '281');
INSERT INTO recordings (recording_id, task_inst_id, file_path) VALUES (1485, 1485, 'recordings/eval_26_mod_2_task_1485.wav');
INSERT INTO task_instances (task_inst_id, task_id, module_inst_id, status, task_completing_time) VALUES (1486, 36, 127, 1, '52');
INSERT INTO recordings (recording_id, task_inst_id, file_path) VALUES (1486, 1486, 'recordings/eval_26_mod_2_task_1486.wav');
INSERT INTO task_instances (task_inst_id, task_id, module_inst_id, status, task_completing_time) VALUES (1487, 37, 127, 1, '82');
INSERT INTO recordings (recording_id, task_inst_id, file_path) VALUES (1487, 1487, 'recordings/eval_26_mod_2_task_1487.wav');
INSERT INTO module_instances (module_inst_id, module_id, evaluation_id, status) VALUES (128, 3, 26, 3);
INSERT INTO task_instances (task_inst_id, task_id, module_inst_id, status, task_completing_time) VALUES (1488, 38, 128, 1, '10');
INSERT INTO recordings (recording_id, task_inst_id, file_path) VALUES (1488, 1488, 'recordings/eval_26_mod_3_task_1488.wav');
INSERT INTO task_instances (task_inst_id, task_id, module_inst_id, status, task_completing_time) VALUES (1489, 39, 128, 0, '174');
INSERT INTO recordings (recording_id, task_inst_id, file_path) VALUES (1489, 1489, 'recordings/eval_26_mod_3_task_1489.wav');
INSERT INTO task_instances (task_inst_id, task_id, module_inst_id, status, task_completing_time) VALUES (1490, 40, 128, 1, '277');
INSERT INTO recordings (recording_id, task_inst_id, file_path) VALUES (1490, 1490, 'recordings/eval_26_mod_3_task_1490.wav');
INSERT INTO task_instances (task_inst_id, task_id, module_inst_id, status, task_completing_time) VALUES (1491, 41, 128, 0, '201');
INSERT INTO recordings (recording_id, task_inst_id, file_path) VALUES (1491, 1491, 'recordings/eval_26_mod_3_task_1491.wav');
INSERT INTO task_instances (task_inst_id, task_id, module_inst_id, status, task_completing_time) VALUES (1492, 42, 128, 0, '264');
INSERT INTO recordings (recording_id, task_inst_id, file_path) VALUES (1492, 1492, 'recordings/eval_26_mod_3_task_1492.wav');
INSERT INTO task_instances (task_inst_id, task_id, module_inst_id, status, task_completing_time) VALUES (1493, 43, 128, 0, '99');
INSERT INTO recordings (recording_id, task_inst_id, file_path) VALUES (1493, 1493, 'recordings/eval_26_mod_3_task_1493.wav');
INSERT INTO task_instances (task_inst_id, task_id, module_inst_id, status, task_completing_time) VALUES (1494, 44, 128, 1, '21');
INSERT INTO recordings (recording_id, task_inst_id, file_path) VALUES (1494, 1494, 'recordings/eval_26_mod_3_task_1494.wav');
INSERT INTO task_instances (task_inst_id, task_id, module_inst_id, status, task_completing_time) VALUES (1495, 45, 128, 1, '253');
INSERT INTO recordings (recording_id, task_inst_id, file_path) VALUES (1495, 1495, 'recordings/eval_26_mod_3_task_1495.wav');
INSERT INTO task_instances (task_inst_id, task_id, module_inst_id, status, task_completing_time) VALUES (1496, 46, 128, 1, '234');
INSERT INTO recordings (recording_id, task_inst_id, file_path) VALUES (1496, 1496, 'recordings/eval_26_mod_3_task_1496.wav');
INSERT INTO module_instances (module_inst_id, module_id, evaluation_id, status) VALUES (129, 4, 26, 3);
INSERT INTO task_instances (task_inst_id, task_id, module_inst_id, status, task_completing_time) VALUES (1497, 47, 129, 1, '51');
INSERT INTO recordings (recording_id, task_inst_id, file_path) VALUES (1497, 1497, 'recordings/eval_26_mod_4_task_1497.wav');
INSERT INTO task_instances (task_inst_id, task_id, module_inst_id, status, task_completing_time) VALUES (1498, 48, 129, 1, '116');
INSERT INTO recordings (recording_id, task_inst_id, file_path) VALUES (1498, 1498, 'recordings/eval_26_mod_4_task_1498.wav');
INSERT INTO task_instances (task_inst_id, task_id, module_inst_id, status, task_completing_time) VALUES (1499, 49, 129, 1, '200');
INSERT INTO recordings (recording_id, task_inst_id, file_path) VALUES (1499, 1499, 'recordings/eval_26_mod_4_task_1499.wav');
INSERT INTO task_instances (task_inst_id, task_id, module_inst_id, status, task_completing_time) VALUES (1500, 50, 129, 1, '172');
INSERT INTO recordings (recording_id, task_inst_id, file_path) VALUES (1500, 1500, 'recordings/eval_26_mod_4_task_1500.wav');
INSERT INTO task_instances (task_inst_id, task_id, module_inst_id, status, task_completing_time) VALUES (1501, 51, 129, 1, '122');
INSERT INTO recordings (recording_id, task_inst_id, file_path) VALUES (1501, 1501, 'recordings/eval_26_mod_4_task_1501.wav');
INSERT INTO task_instances (task_inst_id, task_id, module_inst_id, status, task_completing_time) VALUES (1502, 52, 129, 1, '122');
INSERT INTO recordings (recording_id, task_inst_id, file_path) VALUES (1502, 1502, 'recordings/eval_26_mod_4_task_1502.wav');
INSERT INTO task_instances (task_inst_id, task_id, module_inst_id, status, task_completing_time) VALUES (1503, 53, 129, 1, '29');
INSERT INTO recordings (recording_id, task_inst_id, file_path) VALUES (1503, 1503, 'recordings/eval_26_mod_4_task_1503.wav');
INSERT INTO task_instances (task_inst_id, task_id, module_inst_id, status, task_completing_time) VALUES (1504, 54, 129, 1, '76');
INSERT INTO recordings (recording_id, task_inst_id, file_path) VALUES (1504, 1504, 'recordings/eval_26_mod_4_task_1504.wav');
INSERT INTO task_instances (task_inst_id, task_id, module_inst_id, status, task_completing_time) VALUES (1505, 55, 129, 1, '107');
INSERT INTO recordings (recording_id, task_inst_id, file_path) VALUES (1505, 1505, 'recordings/eval_26_mod_4_task_1505.wav');
INSERT INTO task_instances (task_inst_id, task_id, module_inst_id, status, task_completing_time) VALUES (1506, 56, 129, 1, '6');
INSERT INTO recordings (recording_id, task_inst_id, file_path) VALUES (1506, 1506, 'recordings/eval_26_mod_4_task_1506.wav');
INSERT INTO module_instances (module_inst_id, module_id, evaluation_id, status) VALUES (130, 9001, 26, 3);
INSERT INTO task_instances (task_inst_id, task_id, module_inst_id, status, task_completing_time) VALUES (1507, 9001, 130, 1, '6');
INSERT INTO recordings (recording_id, task_inst_id, file_path) VALUES (1507, 1507, 'recordings/eval_26_mod_9001_task_1507.wav');
INSERT INTO task_instances (task_inst_id, task_id, module_inst_id, status, task_completing_time) VALUES (1508, 9002, 130, 1, '140');
INSERT INTO recordings (recording_id, task_inst_id, file_path) VALUES (1508, 1508, 'recordings/eval_26_mod_9001_task_1508.wav');
INSERT INTO participants (participant_id, name, surname, education_level, sex, birth_date, laterality) VALUES (27, 'stX4+96aLuyiei8Kh9wXCw==', 'u9z77N6POoCjey4Lht0WCg==', 4, 1, '1972-04-14', 1);
INSERT INTO evaluations (evaluation_id, evaluation_date, evaluator_id, participant_id, status, language) VALUES (27, '2025-10-22 12:00:00', 5, 27, 3, 1);
INSERT INTO module_instances (module_inst_id, module_id, evaluation_id, status) VALUES (131, 1, 27, 2);
INSERT INTO task_instances (task_inst_id, task_id, module_inst_id, status, task_completing_time) VALUES (1509, 1, 131, 1, '38');
INSERT INTO recordings (recording_id, task_inst_id, file_path) VALUES (1509, 1509, 'recordings/eval_27_mod_1_task_1509.wav');
INSERT INTO task_instances (task_inst_id, task_id, module_inst_id, status, task_completing_time) VALUES (1510, 2, 131, 1, '197');
INSERT INTO recordings (recording_id, task_inst_id, file_path) VALUES (1510, 1510, 'recordings/eval_27_mod_1_task_1510.wav');
INSERT INTO task_instances (task_inst_id, task_id, module_inst_id, status, task_completing_time) VALUES (1511, 3, 131, 0, '254');
INSERT INTO recordings (recording_id, task_inst_id, file_path) VALUES (1511, 1511, 'recordings/eval_27_mod_1_task_1511.wav');
INSERT INTO task_instances (task_inst_id, task_id, module_inst_id, status, task_completing_time) VALUES (1512, 4, 131, 1, '242');
INSERT INTO recordings (recording_id, task_inst_id, file_path) VALUES (1512, 1512, 'recordings/eval_27_mod_1_task_1512.wav');
INSERT INTO task_instances (task_inst_id, task_id, module_inst_id, status, task_completing_time) VALUES (1513, 5, 131, 1, '76');
INSERT INTO recordings (recording_id, task_inst_id, file_path) VALUES (1513, 1513, 'recordings/eval_27_mod_1_task_1513.wav');
INSERT INTO task_instances (task_inst_id, task_id, module_inst_id, status, task_completing_time) VALUES (1514, 6, 131, 1, '171');
INSERT INTO recordings (recording_id, task_inst_id, file_path) VALUES (1514, 1514, 'recordings/eval_27_mod_1_task_1514.wav');
INSERT INTO task_instances (task_inst_id, task_id, module_inst_id, status, task_completing_time) VALUES (1515, 7, 131, 1, '48');
INSERT INTO recordings (recording_id, task_inst_id, file_path) VALUES (1515, 1515, 'recordings/eval_27_mod_1_task_1515.wav');
INSERT INTO task_instances (task_inst_id, task_id, module_inst_id, status, task_completing_time) VALUES (1516, 8, 131, 1, '155');
INSERT INTO recordings (recording_id, task_inst_id, file_path) VALUES (1516, 1516, 'recordings/eval_27_mod_1_task_1516.wav');
INSERT INTO task_instances (task_inst_id, task_id, module_inst_id, status, task_completing_time) VALUES (1517, 9, 131, 1, '285');
INSERT INTO recordings (recording_id, task_inst_id, file_path) VALUES (1517, 1517, 'recordings/eval_27_mod_1_task_1517.wav');
INSERT INTO task_instances (task_inst_id, task_id, module_inst_id, status, task_completing_time) VALUES (1518, 10, 131, 1, '53');
INSERT INTO recordings (recording_id, task_inst_id, file_path) VALUES (1518, 1518, 'recordings/eval_27_mod_1_task_1518.wav');
INSERT INTO module_instances (module_inst_id, module_id, evaluation_id, status) VALUES (132, 2, 27, 2);
INSERT INTO task_instances (task_inst_id, task_id, module_inst_id, status, task_completing_time) VALUES (1519, 11, 132, 1, '19');
INSERT INTO recordings (recording_id, task_inst_id, file_path) VALUES (1519, 1519, 'recordings/eval_27_mod_2_task_1519.wav');
INSERT INTO task_instances (task_inst_id, task_id, module_inst_id, status, task_completing_time) VALUES (1520, 12, 132, 1, '195');
INSERT INTO recordings (recording_id, task_inst_id, file_path) VALUES (1520, 1520, 'recordings/eval_27_mod_2_task_1520.wav');
INSERT INTO task_instances (task_inst_id, task_id, module_inst_id, status, task_completing_time) VALUES (1521, 13, 132, 0, '187');
INSERT INTO recordings (recording_id, task_inst_id, file_path) VALUES (1521, 1521, 'recordings/eval_27_mod_2_task_1521.wav');
INSERT INTO task_instances (task_inst_id, task_id, module_inst_id, status, task_completing_time) VALUES (1522, 14, 132, 0, '177');
INSERT INTO recordings (recording_id, task_inst_id, file_path) VALUES (1522, 1522, 'recordings/eval_27_mod_2_task_1522.wav');
INSERT INTO task_instances (task_inst_id, task_id, module_inst_id, status, task_completing_time) VALUES (1523, 15, 132, 1, '144');
INSERT INTO recordings (recording_id, task_inst_id, file_path) VALUES (1523, 1523, 'recordings/eval_27_mod_2_task_1523.wav');
INSERT INTO task_instances (task_inst_id, task_id, module_inst_id, status, task_completing_time) VALUES (1524, 16, 132, 0, '155');
INSERT INTO recordings (recording_id, task_inst_id, file_path) VALUES (1524, 1524, 'recordings/eval_27_mod_2_task_1524.wav');
INSERT INTO task_instances (task_inst_id, task_id, module_inst_id, status, task_completing_time) VALUES (1525, 17, 132, 1, '295');
INSERT INTO recordings (recording_id, task_inst_id, file_path) VALUES (1525, 1525, 'recordings/eval_27_mod_2_task_1525.wav');
INSERT INTO task_instances (task_inst_id, task_id, module_inst_id, status, task_completing_time) VALUES (1526, 18, 132, 1, '86');
INSERT INTO recordings (recording_id, task_inst_id, file_path) VALUES (1526, 1526, 'recordings/eval_27_mod_2_task_1526.wav');
INSERT INTO task_instances (task_inst_id, task_id, module_inst_id, status, task_completing_time) VALUES (1527, 19, 132, 1, '168');
INSERT INTO recordings (recording_id, task_inst_id, file_path) VALUES (1527, 1527, 'recordings/eval_27_mod_2_task_1527.wav');
INSERT INTO task_instances (task_inst_id, task_id, module_inst_id, status, task_completing_time) VALUES (1528, 20, 132, 0, '241');
INSERT INTO recordings (recording_id, task_inst_id, file_path) VALUES (1528, 1528, 'recordings/eval_27_mod_2_task_1528.wav');
INSERT INTO task_instances (task_inst_id, task_id, module_inst_id, status, task_completing_time) VALUES (1529, 21, 132, 1, '23');
INSERT INTO recordings (recording_id, task_inst_id, file_path) VALUES (1529, 1529, 'recordings/eval_27_mod_2_task_1529.wav');
INSERT INTO task_instances (task_inst_id, task_id, module_inst_id, status, task_completing_time) VALUES (1530, 22, 132, 1, '140');
INSERT INTO recordings (recording_id, task_inst_id, file_path) VALUES (1530, 1530, 'recordings/eval_27_mod_2_task_1530.wav');
INSERT INTO task_instances (task_inst_id, task_id, module_inst_id, status, task_completing_time) VALUES (1531, 23, 132, 1, '49');
INSERT INTO recordings (recording_id, task_inst_id, file_path) VALUES (1531, 1531, 'recordings/eval_27_mod_2_task_1531.wav');
INSERT INTO task_instances (task_inst_id, task_id, module_inst_id, status, task_completing_time) VALUES (1532, 24, 132, 0, '229');
INSERT INTO recordings (recording_id, task_inst_id, file_path) VALUES (1532, 1532, 'recordings/eval_27_mod_2_task_1532.wav');
INSERT INTO task_instances (task_inst_id, task_id, module_inst_id, status, task_completing_time) VALUES (1533, 25, 132, 1, '50');
INSERT INTO recordings (recording_id, task_inst_id, file_path) VALUES (1533, 1533, 'recordings/eval_27_mod_2_task_1533.wav');
INSERT INTO task_instances (task_inst_id, task_id, module_inst_id, status, task_completing_time) VALUES (1534, 26, 132, 0, '285');
INSERT INTO recordings (recording_id, task_inst_id, file_path) VALUES (1534, 1534, 'recordings/eval_27_mod_2_task_1534.wav');
INSERT INTO task_instances (task_inst_id, task_id, module_inst_id, status, task_completing_time) VALUES (1535, 27, 132, 1, '115');
INSERT INTO recordings (recording_id, task_inst_id, file_path) VALUES (1535, 1535, 'recordings/eval_27_mod_2_task_1535.wav');
INSERT INTO task_instances (task_inst_id, task_id, module_inst_id, status, task_completing_time) VALUES (1536, 28, 132, 1, '138');
INSERT INTO recordings (recording_id, task_inst_id, file_path) VALUES (1536, 1536, 'recordings/eval_27_mod_2_task_1536.wav');
INSERT INTO task_instances (task_inst_id, task_id, module_inst_id, status, task_completing_time) VALUES (1537, 29, 132, 1, '274');
INSERT INTO recordings (recording_id, task_inst_id, file_path) VALUES (1537, 1537, 'recordings/eval_27_mod_2_task_1537.wav');
INSERT INTO task_instances (task_inst_id, task_id, module_inst_id, status, task_completing_time) VALUES (1538, 30, 132, 1, '5');
INSERT INTO recordings (recording_id, task_inst_id, file_path) VALUES (1538, 1538, 'recordings/eval_27_mod_2_task_1538.wav');
INSERT INTO task_instances (task_inst_id, task_id, module_inst_id, status, task_completing_time) VALUES (1539, 31, 132, 1, '159');
INSERT INTO recordings (recording_id, task_inst_id, file_path) VALUES (1539, 1539, 'recordings/eval_27_mod_2_task_1539.wav');
INSERT INTO task_instances (task_inst_id, task_id, module_inst_id, status, task_completing_time) VALUES (1540, 32, 132, 1, '247');
INSERT INTO recordings (recording_id, task_inst_id, file_path) VALUES (1540, 1540, 'recordings/eval_27_mod_2_task_1540.wav');
INSERT INTO task_instances (task_inst_id, task_id, module_inst_id, status, task_completing_time) VALUES (1541, 33, 132, 1, '262');
INSERT INTO recordings (recording_id, task_inst_id, file_path) VALUES (1541, 1541, 'recordings/eval_27_mod_2_task_1541.wav');
INSERT INTO task_instances (task_inst_id, task_id, module_inst_id, status, task_completing_time) VALUES (1542, 34, 132, 1, '99');
INSERT INTO recordings (recording_id, task_inst_id, file_path) VALUES (1542, 1542, 'recordings/eval_27_mod_2_task_1542.wav');
INSERT INTO task_instances (task_inst_id, task_id, module_inst_id, status, task_completing_time) VALUES (1543, 35, 132, 1, '49');
INSERT INTO recordings (recording_id, task_inst_id, file_path) VALUES (1543, 1543, 'recordings/eval_27_mod_2_task_1543.wav');
INSERT INTO task_instances (task_inst_id, task_id, module_inst_id, status, task_completing_time) VALUES (1544, 36, 132, 1, '73');
INSERT INTO recordings (recording_id, task_inst_id, file_path) VALUES (1544, 1544, 'recordings/eval_27_mod_2_task_1544.wav');
INSERT INTO task_instances (task_inst_id, task_id, module_inst_id, status, task_completing_time) VALUES (1545, 37, 132, 1, '201');
INSERT INTO recordings (recording_id, task_inst_id, file_path) VALUES (1545, 1545, 'recordings/eval_27_mod_2_task_1545.wav');
INSERT INTO module_instances (module_inst_id, module_id, evaluation_id, status) VALUES (133, 3, 27, 1);
INSERT INTO task_instances (task_inst_id, task_id, module_inst_id, status, task_completing_time) VALUES (1546, 38, 133, 0, '36');
INSERT INTO recordings (recording_id, task_inst_id, file_path) VALUES (1546, 1546, 'recordings/eval_27_mod_3_task_1546.wav');
INSERT INTO task_instances (task_inst_id, task_id, module_inst_id, status, task_completing_time) VALUES (1547, 39, 133, 0, '174');
INSERT INTO recordings (recording_id, task_inst_id, file_path) VALUES (1547, 1547, 'recordings/eval_27_mod_3_task_1547.wav');
INSERT INTO task_instances (task_inst_id, task_id, module_inst_id, status, task_completing_time) VALUES (1548, 40, 133, 1, '227');
INSERT INTO recordings (recording_id, task_inst_id, file_path) VALUES (1548, 1548, 'recordings/eval_27_mod_3_task_1548.wav');
INSERT INTO task_instances (task_inst_id, task_id, module_inst_id, status, task_completing_time) VALUES (1549, 41, 133, 1, '81');
INSERT INTO recordings (recording_id, task_inst_id, file_path) VALUES (1549, 1549, 'recordings/eval_27_mod_3_task_1549.wav');
INSERT INTO task_instances (task_inst_id, task_id, module_inst_id, status, task_completing_time) VALUES (1550, 42, 133, 1, '76');
INSERT INTO recordings (recording_id, task_inst_id, file_path) VALUES (1550, 1550, 'recordings/eval_27_mod_3_task_1550.wav');
INSERT INTO task_instances (task_inst_id, task_id, module_inst_id, status, task_completing_time) VALUES (1551, 43, 133, 0, '174');
INSERT INTO recordings (recording_id, task_inst_id, file_path) VALUES (1551, 1551, 'recordings/eval_27_mod_3_task_1551.wav');
INSERT INTO task_instances (task_inst_id, task_id, module_inst_id, status, task_completing_time) VALUES (1552, 44, 133, 0, '212');
INSERT INTO recordings (recording_id, task_inst_id, file_path) VALUES (1552, 1552, 'recordings/eval_27_mod_3_task_1552.wav');
INSERT INTO task_instances (task_inst_id, task_id, module_inst_id, status, task_completing_time) VALUES (1553, 45, 133, 1, '129');
INSERT INTO recordings (recording_id, task_inst_id, file_path) VALUES (1553, 1553, 'recordings/eval_27_mod_3_task_1553.wav');
INSERT INTO task_instances (task_inst_id, task_id, module_inst_id, status, task_completing_time) VALUES (1554, 46, 133, 1, '298');
INSERT INTO recordings (recording_id, task_inst_id, file_path) VALUES (1554, 1554, 'recordings/eval_27_mod_3_task_1554.wav');
INSERT INTO module_instances (module_inst_id, module_id, evaluation_id, status) VALUES (134, 4, 27, 3);
INSERT INTO task_instances (task_inst_id, task_id, module_inst_id, status, task_completing_time) VALUES (1555, 47, 134, 0, '42');
INSERT INTO recordings (recording_id, task_inst_id, file_path) VALUES (1555, 1555, 'recordings/eval_27_mod_4_task_1555.wav');
INSERT INTO task_instances (task_inst_id, task_id, module_inst_id, status, task_completing_time) VALUES (1556, 48, 134, 1, '158');
INSERT INTO recordings (recording_id, task_inst_id, file_path) VALUES (1556, 1556, 'recordings/eval_27_mod_4_task_1556.wav');
INSERT INTO task_instances (task_inst_id, task_id, module_inst_id, status, task_completing_time) VALUES (1557, 49, 134, 1, '296');
INSERT INTO recordings (recording_id, task_inst_id, file_path) VALUES (1557, 1557, 'recordings/eval_27_mod_4_task_1557.wav');
INSERT INTO task_instances (task_inst_id, task_id, module_inst_id, status, task_completing_time) VALUES (1558, 50, 134, 0, '277');
INSERT INTO recordings (recording_id, task_inst_id, file_path) VALUES (1558, 1558, 'recordings/eval_27_mod_4_task_1558.wav');
INSERT INTO task_instances (task_inst_id, task_id, module_inst_id, status, task_completing_time) VALUES (1559, 51, 134, 1, '74');
INSERT INTO recordings (recording_id, task_inst_id, file_path) VALUES (1559, 1559, 'recordings/eval_27_mod_4_task_1559.wav');
INSERT INTO task_instances (task_inst_id, task_id, module_inst_id, status, task_completing_time) VALUES (1560, 52, 134, 1, '145');
INSERT INTO recordings (recording_id, task_inst_id, file_path) VALUES (1560, 1560, 'recordings/eval_27_mod_4_task_1560.wav');
INSERT INTO task_instances (task_inst_id, task_id, module_inst_id, status, task_completing_time) VALUES (1561, 53, 134, 0, '84');
INSERT INTO recordings (recording_id, task_inst_id, file_path) VALUES (1561, 1561, 'recordings/eval_27_mod_4_task_1561.wav');
INSERT INTO task_instances (task_inst_id, task_id, module_inst_id, status, task_completing_time) VALUES (1562, 54, 134, 1, '152');
INSERT INTO recordings (recording_id, task_inst_id, file_path) VALUES (1562, 1562, 'recordings/eval_27_mod_4_task_1562.wav');
INSERT INTO task_instances (task_inst_id, task_id, module_inst_id, status, task_completing_time) VALUES (1563, 55, 134, 0, '115');
INSERT INTO recordings (recording_id, task_inst_id, file_path) VALUES (1563, 1563, 'recordings/eval_27_mod_4_task_1563.wav');
INSERT INTO task_instances (task_inst_id, task_id, module_inst_id, status, task_completing_time) VALUES (1564, 56, 134, 1, '30');
INSERT INTO recordings (recording_id, task_inst_id, file_path) VALUES (1564, 1564, 'recordings/eval_27_mod_4_task_1564.wav');
INSERT INTO module_instances (module_inst_id, module_id, evaluation_id, status) VALUES (135, 9001, 27, 3);
INSERT INTO task_instances (task_inst_id, task_id, module_inst_id, status, task_completing_time) VALUES (1565, 9001, 135, 1, '21');
INSERT INTO recordings (recording_id, task_inst_id, file_path) VALUES (1565, 1565, 'recordings/eval_27_mod_9001_task_1565.wav');
INSERT INTO task_instances (task_inst_id, task_id, module_inst_id, status, task_completing_time) VALUES (1566, 9002, 135, 1, '62');
INSERT INTO recordings (recording_id, task_inst_id, file_path) VALUES (1566, 1566, 'recordings/eval_27_mod_9001_task_1566.wav');
INSERT INTO participants (participant_id, name, surname, education_level, sex, birth_date, laterality) VALUES (28, 'tNn15tuKKICjey4Lht0WCg==', 'qtXk7N6ZOoCjey4Lht0WCg==', 1, 2, '1974-10-09', 1);
INSERT INTO evaluations (evaluation_id, evaluation_date, evaluator_id, participant_id, status, language) VALUES (28, '2025-10-08 12:20:00', 5, 28, 3, 2);
INSERT INTO module_instances (module_inst_id, module_id, evaluation_id, status) VALUES (136, 1, 28, 3);
INSERT INTO task_instances (task_inst_id, task_id, module_inst_id, status, task_completing_time) VALUES (1567, 1, 136, 1, '46');
INSERT INTO recordings (recording_id, task_inst_id, file_path) VALUES (1567, 1567, 'recordings/eval_28_mod_1_task_1567.wav');
INSERT INTO task_instances (task_inst_id, task_id, module_inst_id, status, task_completing_time) VALUES (1568, 2, 136, 1, '75');
INSERT INTO recordings (recording_id, task_inst_id, file_path) VALUES (1568, 1568, 'recordings/eval_28_mod_1_task_1568.wav');
INSERT INTO task_instances (task_inst_id, task_id, module_inst_id, status, task_completing_time) VALUES (1569, 3, 136, 1, '74');
INSERT INTO recordings (recording_id, task_inst_id, file_path) VALUES (1569, 1569, 'recordings/eval_28_mod_1_task_1569.wav');
INSERT INTO task_instances (task_inst_id, task_id, module_inst_id, status, task_completing_time) VALUES (1570, 4, 136, 0, '115');
INSERT INTO recordings (recording_id, task_inst_id, file_path) VALUES (1570, 1570, 'recordings/eval_28_mod_1_task_1570.wav');
INSERT INTO task_instances (task_inst_id, task_id, module_inst_id, status, task_completing_time) VALUES (1571, 5, 136, 1, '83');
INSERT INTO recordings (recording_id, task_inst_id, file_path) VALUES (1571, 1571, 'recordings/eval_28_mod_1_task_1571.wav');
INSERT INTO task_instances (task_inst_id, task_id, module_inst_id, status, task_completing_time) VALUES (1572, 6, 136, 0, '129');
INSERT INTO recordings (recording_id, task_inst_id, file_path) VALUES (1572, 1572, 'recordings/eval_28_mod_1_task_1572.wav');
INSERT INTO task_instances (task_inst_id, task_id, module_inst_id, status, task_completing_time) VALUES (1573, 7, 136, 1, '103');
INSERT INTO recordings (recording_id, task_inst_id, file_path) VALUES (1573, 1573, 'recordings/eval_28_mod_1_task_1573.wav');
INSERT INTO task_instances (task_inst_id, task_id, module_inst_id, status, task_completing_time) VALUES (1574, 8, 136, 1, '34');
INSERT INTO recordings (recording_id, task_inst_id, file_path) VALUES (1574, 1574, 'recordings/eval_28_mod_1_task_1574.wav');
INSERT INTO task_instances (task_inst_id, task_id, module_inst_id, status, task_completing_time) VALUES (1575, 9, 136, 1, '171');
INSERT INTO recordings (recording_id, task_inst_id, file_path) VALUES (1575, 1575, 'recordings/eval_28_mod_1_task_1575.wav');
INSERT INTO task_instances (task_inst_id, task_id, module_inst_id, status, task_completing_time) VALUES (1576, 10, 136, 1, '116');
INSERT INTO recordings (recording_id, task_inst_id, file_path) VALUES (1576, 1576, 'recordings/eval_28_mod_1_task_1576.wav');
INSERT INTO module_instances (module_inst_id, module_id, evaluation_id, status) VALUES (137, 2, 28, 3);
INSERT INTO task_instances (task_inst_id, task_id, module_inst_id, status, task_completing_time) VALUES (1577, 11, 137, 1, '16');
INSERT INTO recordings (recording_id, task_inst_id, file_path) VALUES (1577, 1577, 'recordings/eval_28_mod_2_task_1577.wav');
INSERT INTO task_instances (task_inst_id, task_id, module_inst_id, status, task_completing_time) VALUES (1578, 12, 137, 1, '274');
INSERT INTO recordings (recording_id, task_inst_id, file_path) VALUES (1578, 1578, 'recordings/eval_28_mod_2_task_1578.wav');
INSERT INTO task_instances (task_inst_id, task_id, module_inst_id, status, task_completing_time) VALUES (1579, 13, 137, 1, '117');
INSERT INTO recordings (recording_id, task_inst_id, file_path) VALUES (1579, 1579, 'recordings/eval_28_mod_2_task_1579.wav');
INSERT INTO task_instances (task_inst_id, task_id, module_inst_id, status, task_completing_time) VALUES (1580, 14, 137, 1, '93');
INSERT INTO recordings (recording_id, task_inst_id, file_path) VALUES (1580, 1580, 'recordings/eval_28_mod_2_task_1580.wav');
INSERT INTO task_instances (task_inst_id, task_id, module_inst_id, status, task_completing_time) VALUES (1581, 15, 137, 1, '296');
INSERT INTO recordings (recording_id, task_inst_id, file_path) VALUES (1581, 1581, 'recordings/eval_28_mod_2_task_1581.wav');
INSERT INTO task_instances (task_inst_id, task_id, module_inst_id, status, task_completing_time) VALUES (1582, 16, 137, 1, '136');
INSERT INTO recordings (recording_id, task_inst_id, file_path) VALUES (1582, 1582, 'recordings/eval_28_mod_2_task_1582.wav');
INSERT INTO task_instances (task_inst_id, task_id, module_inst_id, status, task_completing_time) VALUES (1583, 17, 137, 1, '294');
INSERT INTO recordings (recording_id, task_inst_id, file_path) VALUES (1583, 1583, 'recordings/eval_28_mod_2_task_1583.wav');
INSERT INTO task_instances (task_inst_id, task_id, module_inst_id, status, task_completing_time) VALUES (1584, 18, 137, 1, '209');
INSERT INTO recordings (recording_id, task_inst_id, file_path) VALUES (1584, 1584, 'recordings/eval_28_mod_2_task_1584.wav');
INSERT INTO task_instances (task_inst_id, task_id, module_inst_id, status, task_completing_time) VALUES (1585, 19, 137, 0, '214');
INSERT INTO recordings (recording_id, task_inst_id, file_path) VALUES (1585, 1585, 'recordings/eval_28_mod_2_task_1585.wav');
INSERT INTO task_instances (task_inst_id, task_id, module_inst_id, status, task_completing_time) VALUES (1586, 20, 137, 1, '163');
INSERT INTO recordings (recording_id, task_inst_id, file_path) VALUES (1586, 1586, 'recordings/eval_28_mod_2_task_1586.wav');
INSERT INTO task_instances (task_inst_id, task_id, module_inst_id, status, task_completing_time) VALUES (1587, 21, 137, 1, '32');
INSERT INTO recordings (recording_id, task_inst_id, file_path) VALUES (1587, 1587, 'recordings/eval_28_mod_2_task_1587.wav');
INSERT INTO task_instances (task_inst_id, task_id, module_inst_id, status, task_completing_time) VALUES (1588, 22, 137, 0, '233');
INSERT INTO recordings (recording_id, task_inst_id, file_path) VALUES (1588, 1588, 'recordings/eval_28_mod_2_task_1588.wav');
INSERT INTO task_instances (task_inst_id, task_id, module_inst_id, status, task_completing_time) VALUES (1589, 23, 137, 1, '33');
INSERT INTO recordings (recording_id, task_inst_id, file_path) VALUES (1589, 1589, 'recordings/eval_28_mod_2_task_1589.wav');
INSERT INTO task_instances (task_inst_id, task_id, module_inst_id, status, task_completing_time) VALUES (1590, 24, 137, 0, '50');
INSERT INTO recordings (recording_id, task_inst_id, file_path) VALUES (1590, 1590, 'recordings/eval_28_mod_2_task_1590.wav');
INSERT INTO task_instances (task_inst_id, task_id, module_inst_id, status, task_completing_time) VALUES (1591, 25, 137, 1, '31');
INSERT INTO recordings (recording_id, task_inst_id, file_path) VALUES (1591, 1591, 'recordings/eval_28_mod_2_task_1591.wav');
INSERT INTO task_instances (task_inst_id, task_id, module_inst_id, status, task_completing_time) VALUES (1592, 26, 137, 1, '28');
INSERT INTO recordings (recording_id, task_inst_id, file_path) VALUES (1592, 1592, 'recordings/eval_28_mod_2_task_1592.wav');
INSERT INTO task_instances (task_inst_id, task_id, module_inst_id, status, task_completing_time) VALUES (1593, 27, 137, 0, '203');
INSERT INTO recordings (recording_id, task_inst_id, file_path) VALUES (1593, 1593, 'recordings/eval_28_mod_2_task_1593.wav');
INSERT INTO task_instances (task_inst_id, task_id, module_inst_id, status, task_completing_time) VALUES (1594, 28, 137, 1, '119');
INSERT INTO recordings (recording_id, task_inst_id, file_path) VALUES (1594, 1594, 'recordings/eval_28_mod_2_task_1594.wav');
INSERT INTO task_instances (task_inst_id, task_id, module_inst_id, status, task_completing_time) VALUES (1595, 29, 137, 1, '85');
INSERT INTO recordings (recording_id, task_inst_id, file_path) VALUES (1595, 1595, 'recordings/eval_28_mod_2_task_1595.wav');
INSERT INTO task_instances (task_inst_id, task_id, module_inst_id, status, task_completing_time) VALUES (1596, 30, 137, 1, '27');
INSERT INTO recordings (recording_id, task_inst_id, file_path) VALUES (1596, 1596, 'recordings/eval_28_mod_2_task_1596.wav');
INSERT INTO task_instances (task_inst_id, task_id, module_inst_id, status, task_completing_time) VALUES (1597, 31, 137, 1, '218');
INSERT INTO recordings (recording_id, task_inst_id, file_path) VALUES (1597, 1597, 'recordings/eval_28_mod_2_task_1597.wav');
INSERT INTO task_instances (task_inst_id, task_id, module_inst_id, status, task_completing_time) VALUES (1598, 32, 137, 0, '21');
INSERT INTO recordings (recording_id, task_inst_id, file_path) VALUES (1598, 1598, 'recordings/eval_28_mod_2_task_1598.wav');
INSERT INTO task_instances (task_inst_id, task_id, module_inst_id, status, task_completing_time) VALUES (1599, 33, 137, 0, '68');
INSERT INTO recordings (recording_id, task_inst_id, file_path) VALUES (1599, 1599, 'recordings/eval_28_mod_2_task_1599.wav');
INSERT INTO task_instances (task_inst_id, task_id, module_inst_id, status, task_completing_time) VALUES (1600, 34, 137, 0, '166');
INSERT INTO recordings (recording_id, task_inst_id, file_path) VALUES (1600, 1600, 'recordings/eval_28_mod_2_task_1600.wav');
INSERT INTO task_instances (task_inst_id, task_id, module_inst_id, status, task_completing_time) VALUES (1601, 35, 137, 1, '53');
INSERT INTO recordings (recording_id, task_inst_id, file_path) VALUES (1601, 1601, 'recordings/eval_28_mod_2_task_1601.wav');
INSERT INTO task_instances (task_inst_id, task_id, module_inst_id, status, task_completing_time) VALUES (1602, 36, 137, 1, '131');
INSERT INTO recordings (recording_id, task_inst_id, file_path) VALUES (1602, 1602, 'recordings/eval_28_mod_2_task_1602.wav');
INSERT INTO task_instances (task_inst_id, task_id, module_inst_id, status, task_completing_time) VALUES (1603, 37, 137, 0, '140');
INSERT INTO recordings (recording_id, task_inst_id, file_path) VALUES (1603, 1603, 'recordings/eval_28_mod_2_task_1603.wav');
INSERT INTO module_instances (module_inst_id, module_id, evaluation_id, status) VALUES (138, 3, 28, 3);
INSERT INTO task_instances (task_inst_id, task_id, module_inst_id, status, task_completing_time) VALUES (1604, 38, 138, 1, '30');
INSERT INTO recordings (recording_id, task_inst_id, file_path) VALUES (1604, 1604, 'recordings/eval_28_mod_3_task_1604.wav');
INSERT INTO task_instances (task_inst_id, task_id, module_inst_id, status, task_completing_time) VALUES (1605, 39, 138, 1, '71');
INSERT INTO recordings (recording_id, task_inst_id, file_path) VALUES (1605, 1605, 'recordings/eval_28_mod_3_task_1605.wav');
INSERT INTO task_instances (task_inst_id, task_id, module_inst_id, status, task_completing_time) VALUES (1606, 40, 138, 1, '199');
INSERT INTO recordings (recording_id, task_inst_id, file_path) VALUES (1606, 1606, 'recordings/eval_28_mod_3_task_1606.wav');
INSERT INTO task_instances (task_inst_id, task_id, module_inst_id, status, task_completing_time) VALUES (1607, 41, 138, 1, '127');
INSERT INTO recordings (recording_id, task_inst_id, file_path) VALUES (1607, 1607, 'recordings/eval_28_mod_3_task_1607.wav');
INSERT INTO task_instances (task_inst_id, task_id, module_inst_id, status, task_completing_time) VALUES (1608, 42, 138, 1, '136');
INSERT INTO recordings (recording_id, task_inst_id, file_path) VALUES (1608, 1608, 'recordings/eval_28_mod_3_task_1608.wav');
INSERT INTO task_instances (task_inst_id, task_id, module_inst_id, status, task_completing_time) VALUES (1609, 43, 138, 1, '78');
INSERT INTO recordings (recording_id, task_inst_id, file_path) VALUES (1609, 1609, 'recordings/eval_28_mod_3_task_1609.wav');
INSERT INTO task_instances (task_inst_id, task_id, module_inst_id, status, task_completing_time) VALUES (1610, 44, 138, 1, '151');
INSERT INTO recordings (recording_id, task_inst_id, file_path) VALUES (1610, 1610, 'recordings/eval_28_mod_3_task_1610.wav');
INSERT INTO task_instances (task_inst_id, task_id, module_inst_id, status, task_completing_time) VALUES (1611, 45, 138, 1, '201');
INSERT INTO recordings (recording_id, task_inst_id, file_path) VALUES (1611, 1611, 'recordings/eval_28_mod_3_task_1611.wav');
INSERT INTO task_instances (task_inst_id, task_id, module_inst_id, status, task_completing_time) VALUES (1612, 46, 138, 0, '270');
INSERT INTO recordings (recording_id, task_inst_id, file_path) VALUES (1612, 1612, 'recordings/eval_28_mod_3_task_1612.wav');
INSERT INTO module_instances (module_inst_id, module_id, evaluation_id, status) VALUES (139, 4, 28, 3);
INSERT INTO task_instances (task_inst_id, task_id, module_inst_id, status, task_completing_time) VALUES (1613, 47, 139, 1, '5');
INSERT INTO recordings (recording_id, task_inst_id, file_path) VALUES (1613, 1613, 'recordings/eval_28_mod_4_task_1613.wav');
INSERT INTO task_instances (task_inst_id, task_id, module_inst_id, status, task_completing_time) VALUES (1614, 48, 139, 1, '21');
INSERT INTO recordings (recording_id, task_inst_id, file_path) VALUES (1614, 1614, 'recordings/eval_28_mod_4_task_1614.wav');
INSERT INTO task_instances (task_inst_id, task_id, module_inst_id, status, task_completing_time) VALUES (1615, 49, 139, 0, '51');
INSERT INTO recordings (recording_id, task_inst_id, file_path) VALUES (1615, 1615, 'recordings/eval_28_mod_4_task_1615.wav');
INSERT INTO task_instances (task_inst_id, task_id, module_inst_id, status, task_completing_time) VALUES (1616, 50, 139, 1, '49');
INSERT INTO recordings (recording_id, task_inst_id, file_path) VALUES (1616, 1616, 'recordings/eval_28_mod_4_task_1616.wav');
INSERT INTO task_instances (task_inst_id, task_id, module_inst_id, status, task_completing_time) VALUES (1617, 51, 139, 0, '45');
INSERT INTO recordings (recording_id, task_inst_id, file_path) VALUES (1617, 1617, 'recordings/eval_28_mod_4_task_1617.wav');
INSERT INTO task_instances (task_inst_id, task_id, module_inst_id, status, task_completing_time) VALUES (1618, 52, 139, 1, '282');
INSERT INTO recordings (recording_id, task_inst_id, file_path) VALUES (1618, 1618, 'recordings/eval_28_mod_4_task_1618.wav');
INSERT INTO task_instances (task_inst_id, task_id, module_inst_id, status, task_completing_time) VALUES (1619, 53, 139, 1, '273');
INSERT INTO recordings (recording_id, task_inst_id, file_path) VALUES (1619, 1619, 'recordings/eval_28_mod_4_task_1619.wav');
INSERT INTO task_instances (task_inst_id, task_id, module_inst_id, status, task_completing_time) VALUES (1620, 54, 139, 1, '63');
INSERT INTO recordings (recording_id, task_inst_id, file_path) VALUES (1620, 1620, 'recordings/eval_28_mod_4_task_1620.wav');
INSERT INTO task_instances (task_inst_id, task_id, module_inst_id, status, task_completing_time) VALUES (1621, 55, 139, 0, '274');
INSERT INTO recordings (recording_id, task_inst_id, file_path) VALUES (1621, 1621, 'recordings/eval_28_mod_4_task_1621.wav');
INSERT INTO task_instances (task_inst_id, task_id, module_inst_id, status, task_completing_time) VALUES (1622, 56, 139, 1, '19');
INSERT INTO recordings (recording_id, task_inst_id, file_path) VALUES (1622, 1622, 'recordings/eval_28_mod_4_task_1622.wav');
INSERT INTO module_instances (module_inst_id, module_id, evaluation_id, status) VALUES (140, 9001, 28, 3);
INSERT INTO task_instances (task_inst_id, task_id, module_inst_id, status, task_completing_time) VALUES (1623, 9001, 140, 1, '33');
INSERT INTO recordings (recording_id, task_inst_id, file_path) VALUES (1623, 1623, 'recordings/eval_28_mod_9001_task_1623.wav');
INSERT INTO task_instances (task_inst_id, task_id, module_inst_id, status, task_completing_time) VALUES (1624, 9002, 140, 1, '284');
INSERT INTO recordings (recording_id, task_inst_id, file_path) VALUES (1624, 1624, 'recordings/eval_28_mod_9001_task_1624.wav');
INSERT INTO participants (participant_id, name, surname, education_level, sex, birth_date, laterality) VALUES (29, 'u973hLrmVoSnfyoPgtkSDg==', 'u9z77N6POoCjey4Lht0WCg==', 2, 2, '1984-09-18', 1);
INSERT INTO evaluations (evaluation_id, evaluation_date, evaluator_id, participant_id, status, language) VALUES (29, '2025-08-16 15:47:00', 5, 29, 1, 1);
INSERT INTO module_instances (module_inst_id, module_id, evaluation_id, status) VALUES (141, 1, 29, 3);
INSERT INTO task_instances (task_inst_id, task_id, module_inst_id, status, task_completing_time) VALUES (1625, 1, 141, 1, '34');
INSERT INTO recordings (recording_id, task_inst_id, file_path) VALUES (1625, 1625, 'recordings/eval_29_mod_1_task_1625.wav');
INSERT INTO task_instances (task_inst_id, task_id, module_inst_id, status, task_completing_time) VALUES (1626, 2, 141, 0, '154');
INSERT INTO recordings (recording_id, task_inst_id, file_path) VALUES (1626, 1626, 'recordings/eval_29_mod_1_task_1626.wav');
INSERT INTO task_instances (task_inst_id, task_id, module_inst_id, status, task_completing_time) VALUES (1627, 3, 141, 1, '47');
INSERT INTO recordings (recording_id, task_inst_id, file_path) VALUES (1627, 1627, 'recordings/eval_29_mod_1_task_1627.wav');
INSERT INTO task_instances (task_inst_id, task_id, module_inst_id, status, task_completing_time) VALUES (1628, 4, 141, 0, '96');
INSERT INTO recordings (recording_id, task_inst_id, file_path) VALUES (1628, 1628, 'recordings/eval_29_mod_1_task_1628.wav');
INSERT INTO task_instances (task_inst_id, task_id, module_inst_id, status, task_completing_time) VALUES (1629, 5, 141, 1, '36');
INSERT INTO recordings (recording_id, task_inst_id, file_path) VALUES (1629, 1629, 'recordings/eval_29_mod_1_task_1629.wav');
INSERT INTO task_instances (task_inst_id, task_id, module_inst_id, status, task_completing_time) VALUES (1630, 6, 141, 1, '291');
INSERT INTO recordings (recording_id, task_inst_id, file_path) VALUES (1630, 1630, 'recordings/eval_29_mod_1_task_1630.wav');
INSERT INTO task_instances (task_inst_id, task_id, module_inst_id, status, task_completing_time) VALUES (1631, 7, 141, 1, '136');
INSERT INTO recordings (recording_id, task_inst_id, file_path) VALUES (1631, 1631, 'recordings/eval_29_mod_1_task_1631.wav');
INSERT INTO task_instances (task_inst_id, task_id, module_inst_id, status, task_completing_time) VALUES (1632, 8, 141, 1, '103');
INSERT INTO recordings (recording_id, task_inst_id, file_path) VALUES (1632, 1632, 'recordings/eval_29_mod_1_task_1632.wav');
INSERT INTO task_instances (task_inst_id, task_id, module_inst_id, status, task_completing_time) VALUES (1633, 9, 141, 1, '216');
INSERT INTO recordings (recording_id, task_inst_id, file_path) VALUES (1633, 1633, 'recordings/eval_29_mod_1_task_1633.wav');
INSERT INTO task_instances (task_inst_id, task_id, module_inst_id, status, task_completing_time) VALUES (1634, 10, 141, 1, '44');
INSERT INTO recordings (recording_id, task_inst_id, file_path) VALUES (1634, 1634, 'recordings/eval_29_mod_1_task_1634.wav');
INSERT INTO module_instances (module_inst_id, module_id, evaluation_id, status) VALUES (142, 2, 29, 2);
INSERT INTO task_instances (task_inst_id, task_id, module_inst_id, status, task_completing_time) VALUES (1635, 11, 142, 1, '10');
INSERT INTO recordings (recording_id, task_inst_id, file_path) VALUES (1635, 1635, 'recordings/eval_29_mod_2_task_1635.wav');
INSERT INTO task_instances (task_inst_id, task_id, module_inst_id, status, task_completing_time) VALUES (1636, 12, 142, 0, '183');
INSERT INTO recordings (recording_id, task_inst_id, file_path) VALUES (1636, 1636, 'recordings/eval_29_mod_2_task_1636.wav');
INSERT INTO task_instances (task_inst_id, task_id, module_inst_id, status, task_completing_time) VALUES (1637, 13, 142, 1, '210');
INSERT INTO recordings (recording_id, task_inst_id, file_path) VALUES (1637, 1637, 'recordings/eval_29_mod_2_task_1637.wav');
INSERT INTO task_instances (task_inst_id, task_id, module_inst_id, status, task_completing_time) VALUES (1638, 14, 142, 0, '271');
INSERT INTO recordings (recording_id, task_inst_id, file_path) VALUES (1638, 1638, 'recordings/eval_29_mod_2_task_1638.wav');
INSERT INTO task_instances (task_inst_id, task_id, module_inst_id, status, task_completing_time) VALUES (1639, 15, 142, 1, '211');
INSERT INTO recordings (recording_id, task_inst_id, file_path) VALUES (1639, 1639, 'recordings/eval_29_mod_2_task_1639.wav');
INSERT INTO task_instances (task_inst_id, task_id, module_inst_id, status, task_completing_time) VALUES (1640, 16, 142, 1, '98');
INSERT INTO recordings (recording_id, task_inst_id, file_path) VALUES (1640, 1640, 'recordings/eval_29_mod_2_task_1640.wav');
INSERT INTO task_instances (task_inst_id, task_id, module_inst_id, status, task_completing_time) VALUES (1641, 17, 142, 1, '29');
INSERT INTO recordings (recording_id, task_inst_id, file_path) VALUES (1641, 1641, 'recordings/eval_29_mod_2_task_1641.wav');
INSERT INTO task_instances (task_inst_id, task_id, module_inst_id, status, task_completing_time) VALUES (1642, 18, 142, 0, '57');
INSERT INTO recordings (recording_id, task_inst_id, file_path) VALUES (1642, 1642, 'recordings/eval_29_mod_2_task_1642.wav');
INSERT INTO task_instances (task_inst_id, task_id, module_inst_id, status, task_completing_time) VALUES (1643, 19, 142, 1, '158');
INSERT INTO recordings (recording_id, task_inst_id, file_path) VALUES (1643, 1643, 'recordings/eval_29_mod_2_task_1643.wav');
INSERT INTO task_instances (task_inst_id, task_id, module_inst_id, status, task_completing_time) VALUES (1644, 20, 142, 1, '72');
INSERT INTO recordings (recording_id, task_inst_id, file_path) VALUES (1644, 1644, 'recordings/eval_29_mod_2_task_1644.wav');
INSERT INTO task_instances (task_inst_id, task_id, module_inst_id, status, task_completing_time) VALUES (1645, 21, 142, 1, '14');
INSERT INTO recordings (recording_id, task_inst_id, file_path) VALUES (1645, 1645, 'recordings/eval_29_mod_2_task_1645.wav');
INSERT INTO task_instances (task_inst_id, task_id, module_inst_id, status, task_completing_time) VALUES (1646, 22, 142, 0, '164');
INSERT INTO recordings (recording_id, task_inst_id, file_path) VALUES (1646, 1646, 'recordings/eval_29_mod_2_task_1646.wav');
INSERT INTO task_instances (task_inst_id, task_id, module_inst_id, status, task_completing_time) VALUES (1647, 23, 142, 0, '47');
INSERT INTO recordings (recording_id, task_inst_id, file_path) VALUES (1647, 1647, 'recordings/eval_29_mod_2_task_1647.wav');
INSERT INTO task_instances (task_inst_id, task_id, module_inst_id, status, task_completing_time) VALUES (1648, 24, 142, 1, '137');
INSERT INTO recordings (recording_id, task_inst_id, file_path) VALUES (1648, 1648, 'recordings/eval_29_mod_2_task_1648.wav');
INSERT INTO task_instances (task_inst_id, task_id, module_inst_id, status, task_completing_time) VALUES (1649, 25, 142, 0, '58');
INSERT INTO recordings (recording_id, task_inst_id, file_path) VALUES (1649, 1649, 'recordings/eval_29_mod_2_task_1649.wav');
INSERT INTO task_instances (task_inst_id, task_id, module_inst_id, status, task_completing_time) VALUES (1650, 26, 142, 0, '95');
INSERT INTO recordings (recording_id, task_inst_id, file_path) VALUES (1650, 1650, 'recordings/eval_29_mod_2_task_1650.wav');
INSERT INTO task_instances (task_inst_id, task_id, module_inst_id, status, task_completing_time) VALUES (1651, 27, 142, 1, '113');
INSERT INTO recordings (recording_id, task_inst_id, file_path) VALUES (1651, 1651, 'recordings/eval_29_mod_2_task_1651.wav');
INSERT INTO task_instances (task_inst_id, task_id, module_inst_id, status, task_completing_time) VALUES (1652, 28, 142, 1, '250');
INSERT INTO recordings (recording_id, task_inst_id, file_path) VALUES (1652, 1652, 'recordings/eval_29_mod_2_task_1652.wav');
INSERT INTO task_instances (task_inst_id, task_id, module_inst_id, status, task_completing_time) VALUES (1653, 29, 142, 1, '286');
INSERT INTO recordings (recording_id, task_inst_id, file_path) VALUES (1653, 1653, 'recordings/eval_29_mod_2_task_1653.wav');
INSERT INTO task_instances (task_inst_id, task_id, module_inst_id, status, task_completing_time) VALUES (1654, 30, 142, 1, '27');
INSERT INTO recordings (recording_id, task_inst_id, file_path) VALUES (1654, 1654, 'recordings/eval_29_mod_2_task_1654.wav');
INSERT INTO task_instances (task_inst_id, task_id, module_inst_id, status, task_completing_time) VALUES (1655, 31, 142, 1, '114');
INSERT INTO recordings (recording_id, task_inst_id, file_path) VALUES (1655, 1655, 'recordings/eval_29_mod_2_task_1655.wav');
INSERT INTO task_instances (task_inst_id, task_id, module_inst_id, status, task_completing_time) VALUES (1656, 32, 142, 1, '49');
INSERT INTO recordings (recording_id, task_inst_id, file_path) VALUES (1656, 1656, 'recordings/eval_29_mod_2_task_1656.wav');
INSERT INTO task_instances (task_inst_id, task_id, module_inst_id, status, task_completing_time) VALUES (1657, 33, 142, 1, '96');
INSERT INTO recordings (recording_id, task_inst_id, file_path) VALUES (1657, 1657, 'recordings/eval_29_mod_2_task_1657.wav');
INSERT INTO task_instances (task_inst_id, task_id, module_inst_id, status, task_completing_time) VALUES (1658, 34, 142, 1, '107');
INSERT INTO recordings (recording_id, task_inst_id, file_path) VALUES (1658, 1658, 'recordings/eval_29_mod_2_task_1658.wav');
INSERT INTO task_instances (task_inst_id, task_id, module_inst_id, status, task_completing_time) VALUES (1659, 35, 142, 1, '196');
INSERT INTO recordings (recording_id, task_inst_id, file_path) VALUES (1659, 1659, 'recordings/eval_29_mod_2_task_1659.wav');
INSERT INTO task_instances (task_inst_id, task_id, module_inst_id, status, task_completing_time) VALUES (1660, 36, 142, 1, '221');
INSERT INTO recordings (recording_id, task_inst_id, file_path) VALUES (1660, 1660, 'recordings/eval_29_mod_2_task_1660.wav');
INSERT INTO task_instances (task_inst_id, task_id, module_inst_id, status, task_completing_time) VALUES (1661, 37, 142, 0, '76');
INSERT INTO recordings (recording_id, task_inst_id, file_path) VALUES (1661, 1661, 'recordings/eval_29_mod_2_task_1661.wav');
INSERT INTO module_instances (module_inst_id, module_id, evaluation_id, status) VALUES (143, 3, 29, 2);
INSERT INTO task_instances (task_inst_id, task_id, module_inst_id, status, task_completing_time) VALUES (1662, 38, 143, 1, '57');
INSERT INTO recordings (recording_id, task_inst_id, file_path) VALUES (1662, 1662, 'recordings/eval_29_mod_3_task_1662.wav');
INSERT INTO task_instances (task_inst_id, task_id, module_inst_id, status, task_completing_time) VALUES (1663, 39, 143, 1, '195');
INSERT INTO recordings (recording_id, task_inst_id, file_path) VALUES (1663, 1663, 'recordings/eval_29_mod_3_task_1663.wav');
INSERT INTO task_instances (task_inst_id, task_id, module_inst_id, status, task_completing_time) VALUES (1664, 40, 143, 1, '24');
INSERT INTO recordings (recording_id, task_inst_id, file_path) VALUES (1664, 1664, 'recordings/eval_29_mod_3_task_1664.wav');
INSERT INTO task_instances (task_inst_id, task_id, module_inst_id, status, task_completing_time) VALUES (1665, 41, 143, 1, '258');
INSERT INTO recordings (recording_id, task_inst_id, file_path) VALUES (1665, 1665, 'recordings/eval_29_mod_3_task_1665.wav');
INSERT INTO task_instances (task_inst_id, task_id, module_inst_id, status, task_completing_time) VALUES (1666, 42, 143, 1, '232');
INSERT INTO recordings (recording_id, task_inst_id, file_path) VALUES (1666, 1666, 'recordings/eval_29_mod_3_task_1666.wav');
INSERT INTO task_instances (task_inst_id, task_id, module_inst_id, status, task_completing_time) VALUES (1667, 43, 143, 1, '233');
INSERT INTO recordings (recording_id, task_inst_id, file_path) VALUES (1667, 1667, 'recordings/eval_29_mod_3_task_1667.wav');
INSERT INTO task_instances (task_inst_id, task_id, module_inst_id, status, task_completing_time) VALUES (1668, 44, 143, 1, '226');
INSERT INTO recordings (recording_id, task_inst_id, file_path) VALUES (1668, 1668, 'recordings/eval_29_mod_3_task_1668.wav');
INSERT INTO task_instances (task_inst_id, task_id, module_inst_id, status, task_completing_time) VALUES (1669, 45, 143, 1, '262');
INSERT INTO recordings (recording_id, task_inst_id, file_path) VALUES (1669, 1669, 'recordings/eval_29_mod_3_task_1669.wav');
INSERT INTO task_instances (task_inst_id, task_id, module_inst_id, status, task_completing_time) VALUES (1670, 46, 143, 0, '240');
INSERT INTO recordings (recording_id, task_inst_id, file_path) VALUES (1670, 1670, 'recordings/eval_29_mod_3_task_1670.wav');
INSERT INTO module_instances (module_inst_id, module_id, evaluation_id, status) VALUES (144, 4, 29, 3);
INSERT INTO task_instances (task_inst_id, task_id, module_inst_id, status, task_completing_time) VALUES (1671, 47, 144, 1, '27');
INSERT INTO recordings (recording_id, task_inst_id, file_path) VALUES (1671, 1671, 'recordings/eval_29_mod_4_task_1671.wav');
INSERT INTO task_instances (task_inst_id, task_id, module_inst_id, status, task_completing_time) VALUES (1672, 48, 144, 0, '82');
INSERT INTO recordings (recording_id, task_inst_id, file_path) VALUES (1672, 1672, 'recordings/eval_29_mod_4_task_1672.wav');
INSERT INTO task_instances (task_inst_id, task_id, module_inst_id, status, task_completing_time) VALUES (1673, 49, 144, 1, '197');
INSERT INTO recordings (recording_id, task_inst_id, file_path) VALUES (1673, 1673, 'recordings/eval_29_mod_4_task_1673.wav');
INSERT INTO task_instances (task_inst_id, task_id, module_inst_id, status, task_completing_time) VALUES (1674, 50, 144, 1, '279');
INSERT INTO recordings (recording_id, task_inst_id, file_path) VALUES (1674, 1674, 'recordings/eval_29_mod_4_task_1674.wav');
INSERT INTO task_instances (task_inst_id, task_id, module_inst_id, status, task_completing_time) VALUES (1675, 51, 144, 1, '91');
INSERT INTO recordings (recording_id, task_inst_id, file_path) VALUES (1675, 1675, 'recordings/eval_29_mod_4_task_1675.wav');
INSERT INTO task_instances (task_inst_id, task_id, module_inst_id, status, task_completing_time) VALUES (1676, 52, 144, 1, '63');
INSERT INTO recordings (recording_id, task_inst_id, file_path) VALUES (1676, 1676, 'recordings/eval_29_mod_4_task_1676.wav');
INSERT INTO task_instances (task_inst_id, task_id, module_inst_id, status, task_completing_time) VALUES (1677, 53, 144, 1, '223');
INSERT INTO recordings (recording_id, task_inst_id, file_path) VALUES (1677, 1677, 'recordings/eval_29_mod_4_task_1677.wav');
INSERT INTO task_instances (task_inst_id, task_id, module_inst_id, status, task_completing_time) VALUES (1678, 54, 144, 1, '29');
INSERT INTO recordings (recording_id, task_inst_id, file_path) VALUES (1678, 1678, 'recordings/eval_29_mod_4_task_1678.wav');
INSERT INTO task_instances (task_inst_id, task_id, module_inst_id, status, task_completing_time) VALUES (1679, 55, 144, 1, '222');
INSERT INTO recordings (recording_id, task_inst_id, file_path) VALUES (1679, 1679, 'recordings/eval_29_mod_4_task_1679.wav');
INSERT INTO task_instances (task_inst_id, task_id, module_inst_id, status, task_completing_time) VALUES (1680, 56, 144, 1, '34');
INSERT INTO recordings (recording_id, task_inst_id, file_path) VALUES (1680, 1680, 'recordings/eval_29_mod_4_task_1680.wav');
INSERT INTO module_instances (module_inst_id, module_id, evaluation_id, status) VALUES (145, 9001, 29, 3);
INSERT INTO task_instances (task_inst_id, task_id, module_inst_id, status, task_completing_time) VALUES (1681, 9001, 145, 1, '51');
INSERT INTO recordings (recording_id, task_inst_id, file_path) VALUES (1681, 1681, 'recordings/eval_29_mod_9001_task_1681.wav');
INSERT INTO task_instances (task_inst_id, task_id, module_inst_id, status, task_completing_time) VALUES (1682, 9002, 145, 1, '75');
INSERT INTO recordings (recording_id, task_inst_id, file_path) VALUES (1682, 1682, 'recordings/eval_29_mod_9001_task_1682.wav');
INSERT INTO participants (participant_id, name, surname, education_level, sex, birth_date, laterality) VALUES (30, 'qdHk6LvnV4WmfisOg9gTDw==', 'ud/l/dbgUIKheSwJhN8UCA==', 3, 1, '1955-07-04', 2);
INSERT INTO evaluations (evaluation_id, evaluation_date, evaluator_id, participant_id, status, language) VALUES (30, '2025-11-11 16:34:00', 5, 30, 2, 2);
INSERT INTO module_instances (module_inst_id, module_id, evaluation_id, status) VALUES (146, 1, 30, 2);
INSERT INTO task_instances (task_inst_id, task_id, module_inst_id, status, task_completing_time) VALUES (1683, 1, 146, 1, '43');
INSERT INTO recordings (recording_id, task_inst_id, file_path) VALUES (1683, 1683, 'recordings/eval_30_mod_1_task_1683.wav');
INSERT INTO task_instances (task_inst_id, task_id, module_inst_id, status, task_completing_time) VALUES (1684, 2, 146, 0, '160');
INSERT INTO recordings (recording_id, task_inst_id, file_path) VALUES (1684, 1684, 'recordings/eval_30_mod_1_task_1684.wav');
INSERT INTO task_instances (task_inst_id, task_id, module_inst_id, status, task_completing_time) VALUES (1685, 3, 146, 1, '271');
INSERT INTO recordings (recording_id, task_inst_id, file_path) VALUES (1685, 1685, 'recordings/eval_30_mod_1_task_1685.wav');
INSERT INTO task_instances (task_inst_id, task_id, module_inst_id, status, task_completing_time) VALUES (1686, 4, 146, 0, '56');
INSERT INTO recordings (recording_id, task_inst_id, file_path) VALUES (1686, 1686, 'recordings/eval_30_mod_1_task_1686.wav');
INSERT INTO task_instances (task_inst_id, task_id, module_inst_id, status, task_completing_time) VALUES (1687, 5, 146, 1, '163');
INSERT INTO recordings (recording_id, task_inst_id, file_path) VALUES (1687, 1687, 'recordings/eval_30_mod_1_task_1687.wav');
INSERT INTO task_instances (task_inst_id, task_id, module_inst_id, status, task_completing_time) VALUES (1688, 6, 146, 1, '53');
INSERT INTO recordings (recording_id, task_inst_id, file_path) VALUES (1688, 1688, 'recordings/eval_30_mod_1_task_1688.wav');
INSERT INTO task_instances (task_inst_id, task_id, module_inst_id, status, task_completing_time) VALUES (1689, 7, 146, 1, '89');
INSERT INTO recordings (recording_id, task_inst_id, file_path) VALUES (1689, 1689, 'recordings/eval_30_mod_1_task_1689.wav');
INSERT INTO task_instances (task_inst_id, task_id, module_inst_id, status, task_completing_time) VALUES (1690, 8, 146, 1, '86');
INSERT INTO recordings (recording_id, task_inst_id, file_path) VALUES (1690, 1690, 'recordings/eval_30_mod_1_task_1690.wav');
INSERT INTO task_instances (task_inst_id, task_id, module_inst_id, status, task_completing_time) VALUES (1691, 9, 146, 1, '89');
INSERT INTO recordings (recording_id, task_inst_id, file_path) VALUES (1691, 1691, 'recordings/eval_30_mod_1_task_1691.wav');
INSERT INTO task_instances (task_inst_id, task_id, module_inst_id, status, task_completing_time) VALUES (1692, 10, 146, 1, '212');
INSERT INTO recordings (recording_id, task_inst_id, file_path) VALUES (1692, 1692, 'recordings/eval_30_mod_1_task_1692.wav');
INSERT INTO module_instances (module_inst_id, module_id, evaluation_id, status) VALUES (147, 2, 30, 3);
INSERT INTO task_instances (task_inst_id, task_id, module_inst_id, status, task_completing_time) VALUES (1693, 11, 147, 1, '11');
INSERT INTO recordings (recording_id, task_inst_id, file_path) VALUES (1693, 1693, 'recordings/eval_30_mod_2_task_1693.wav');
INSERT INTO task_instances (task_inst_id, task_id, module_inst_id, status, task_completing_time) VALUES (1694, 12, 147, 1, '82');
INSERT INTO recordings (recording_id, task_inst_id, file_path) VALUES (1694, 1694, 'recordings/eval_30_mod_2_task_1694.wav');
INSERT INTO task_instances (task_inst_id, task_id, module_inst_id, status, task_completing_time) VALUES (1695, 13, 147, 0, '241');
INSERT INTO recordings (recording_id, task_inst_id, file_path) VALUES (1695, 1695, 'recordings/eval_30_mod_2_task_1695.wav');
INSERT INTO task_instances (task_inst_id, task_id, module_inst_id, status, task_completing_time) VALUES (1696, 14, 147, 0, '46');
INSERT INTO recordings (recording_id, task_inst_id, file_path) VALUES (1696, 1696, 'recordings/eval_30_mod_2_task_1696.wav');
INSERT INTO task_instances (task_inst_id, task_id, module_inst_id, status, task_completing_time) VALUES (1697, 15, 147, 1, '134');
INSERT INTO recordings (recording_id, task_inst_id, file_path) VALUES (1697, 1697, 'recordings/eval_30_mod_2_task_1697.wav');
INSERT INTO task_instances (task_inst_id, task_id, module_inst_id, status, task_completing_time) VALUES (1698, 16, 147, 1, '134');
INSERT INTO recordings (recording_id, task_inst_id, file_path) VALUES (1698, 1698, 'recordings/eval_30_mod_2_task_1698.wav');
INSERT INTO task_instances (task_inst_id, task_id, module_inst_id, status, task_completing_time) VALUES (1699, 17, 147, 0, '162');
INSERT INTO recordings (recording_id, task_inst_id, file_path) VALUES (1699, 1699, 'recordings/eval_30_mod_2_task_1699.wav');
INSERT INTO task_instances (task_inst_id, task_id, module_inst_id, status, task_completing_time) VALUES (1700, 18, 147, 1, '170');
INSERT INTO recordings (recording_id, task_inst_id, file_path) VALUES (1700, 1700, 'recordings/eval_30_mod_2_task_1700.wav');
INSERT INTO task_instances (task_inst_id, task_id, module_inst_id, status, task_completing_time) VALUES (1701, 19, 147, 1, '171');
INSERT INTO recordings (recording_id, task_inst_id, file_path) VALUES (1701, 1701, 'recordings/eval_30_mod_2_task_1701.wav');
INSERT INTO task_instances (task_inst_id, task_id, module_inst_id, status, task_completing_time) VALUES (1702, 20, 147, 1, '136');
INSERT INTO recordings (recording_id, task_inst_id, file_path) VALUES (1702, 1702, 'recordings/eval_30_mod_2_task_1702.wav');
INSERT INTO task_instances (task_inst_id, task_id, module_inst_id, status, task_completing_time) VALUES (1703, 21, 147, 1, '12');
INSERT INTO recordings (recording_id, task_inst_id, file_path) VALUES (1703, 1703, 'recordings/eval_30_mod_2_task_1703.wav');
INSERT INTO task_instances (task_inst_id, task_id, module_inst_id, status, task_completing_time) VALUES (1704, 22, 147, 1, '102');
INSERT INTO recordings (recording_id, task_inst_id, file_path) VALUES (1704, 1704, 'recordings/eval_30_mod_2_task_1704.wav');
INSERT INTO task_instances (task_inst_id, task_id, module_inst_id, status, task_completing_time) VALUES (1705, 23, 147, 0, '56');
INSERT INTO recordings (recording_id, task_inst_id, file_path) VALUES (1705, 1705, 'recordings/eval_30_mod_2_task_1705.wav');
INSERT INTO task_instances (task_inst_id, task_id, module_inst_id, status, task_completing_time) VALUES (1706, 24, 147, 1, '112');
INSERT INTO recordings (recording_id, task_inst_id, file_path) VALUES (1706, 1706, 'recordings/eval_30_mod_2_task_1706.wav');
INSERT INTO task_instances (task_inst_id, task_id, module_inst_id, status, task_completing_time) VALUES (1707, 25, 147, 1, '44');
INSERT INTO recordings (recording_id, task_inst_id, file_path) VALUES (1707, 1707, 'recordings/eval_30_mod_2_task_1707.wav');
INSERT INTO task_instances (task_inst_id, task_id, module_inst_id, status, task_completing_time) VALUES (1708, 26, 147, 1, '142');
INSERT INTO recordings (recording_id, task_inst_id, file_path) VALUES (1708, 1708, 'recordings/eval_30_mod_2_task_1708.wav');
INSERT INTO task_instances (task_inst_id, task_id, module_inst_id, status, task_completing_time) VALUES (1709, 27, 147, 1, '198');
INSERT INTO recordings (recording_id, task_inst_id, file_path) VALUES (1709, 1709, 'recordings/eval_30_mod_2_task_1709.wav');
INSERT INTO task_instances (task_inst_id, task_id, module_inst_id, status, task_completing_time) VALUES (1710, 28, 147, 1, '28');
INSERT INTO recordings (recording_id, task_inst_id, file_path) VALUES (1710, 1710, 'recordings/eval_30_mod_2_task_1710.wav');
INSERT INTO task_instances (task_inst_id, task_id, module_inst_id, status, task_completing_time) VALUES (1711, 29, 147, 1, '251');
INSERT INTO recordings (recording_id, task_inst_id, file_path) VALUES (1711, 1711, 'recordings/eval_30_mod_2_task_1711.wav');
INSERT INTO task_instances (task_inst_id, task_id, module_inst_id, status, task_completing_time) VALUES (1712, 30, 147, 0, '46');
INSERT INTO recordings (recording_id, task_inst_id, file_path) VALUES (1712, 1712, 'recordings/eval_30_mod_2_task_1712.wav');
INSERT INTO task_instances (task_inst_id, task_id, module_inst_id, status, task_completing_time) VALUES (1713, 31, 147, 0, '283');
INSERT INTO recordings (recording_id, task_inst_id, file_path) VALUES (1713, 1713, 'recordings/eval_30_mod_2_task_1713.wav');
INSERT INTO task_instances (task_inst_id, task_id, module_inst_id, status, task_completing_time) VALUES (1714, 32, 147, 1, '243');
INSERT INTO recordings (recording_id, task_inst_id, file_path) VALUES (1714, 1714, 'recordings/eval_30_mod_2_task_1714.wav');
INSERT INTO task_instances (task_inst_id, task_id, module_inst_id, status, task_completing_time) VALUES (1715, 33, 147, 1, '26');
INSERT INTO recordings (recording_id, task_inst_id, file_path) VALUES (1715, 1715, 'recordings/eval_30_mod_2_task_1715.wav');
INSERT INTO task_instances (task_inst_id, task_id, module_inst_id, status, task_completing_time) VALUES (1716, 34, 147, 0, '140');
INSERT INTO recordings (recording_id, task_inst_id, file_path) VALUES (1716, 1716, 'recordings/eval_30_mod_2_task_1716.wav');
INSERT INTO task_instances (task_inst_id, task_id, module_inst_id, status, task_completing_time) VALUES (1717, 35, 147, 1, '278');
INSERT INTO recordings (recording_id, task_inst_id, file_path) VALUES (1717, 1717, 'recordings/eval_30_mod_2_task_1717.wav');
INSERT INTO task_instances (task_inst_id, task_id, module_inst_id, status, task_completing_time) VALUES (1718, 36, 147, 1, '252');
INSERT INTO recordings (recording_id, task_inst_id, file_path) VALUES (1718, 1718, 'recordings/eval_30_mod_2_task_1718.wav');
INSERT INTO task_instances (task_inst_id, task_id, module_inst_id, status, task_completing_time) VALUES (1719, 37, 147, 1, '138');
INSERT INTO recordings (recording_id, task_inst_id, file_path) VALUES (1719, 1719, 'recordings/eval_30_mod_2_task_1719.wav');
INSERT INTO module_instances (module_inst_id, module_id, evaluation_id, status) VALUES (148, 3, 30, 2);
INSERT INTO task_instances (task_inst_id, task_id, module_inst_id, status, task_completing_time) VALUES (1720, 38, 148, 1, '30');
INSERT INTO recordings (recording_id, task_inst_id, file_path) VALUES (1720, 1720, 'recordings/eval_30_mod_3_task_1720.wav');
INSERT INTO task_instances (task_inst_id, task_id, module_inst_id, status, task_completing_time) VALUES (1721, 39, 148, 1, '76');
INSERT INTO recordings (recording_id, task_inst_id, file_path) VALUES (1721, 1721, 'recordings/eval_30_mod_3_task_1721.wav');
INSERT INTO task_instances (task_inst_id, task_id, module_inst_id, status, task_completing_time) VALUES (1722, 40, 148, 1, '231');
INSERT INTO recordings (recording_id, task_inst_id, file_path) VALUES (1722, 1722, 'recordings/eval_30_mod_3_task_1722.wav');
INSERT INTO task_instances (task_inst_id, task_id, module_inst_id, status, task_completing_time) VALUES (1723, 41, 148, 1, '55');
INSERT INTO recordings (recording_id, task_inst_id, file_path) VALUES (1723, 1723, 'recordings/eval_30_mod_3_task_1723.wav');
INSERT INTO task_instances (task_inst_id, task_id, module_inst_id, status, task_completing_time) VALUES (1724, 42, 148, 1, '48');
INSERT INTO recordings (recording_id, task_inst_id, file_path) VALUES (1724, 1724, 'recordings/eval_30_mod_3_task_1724.wav');
INSERT INTO task_instances (task_inst_id, task_id, module_inst_id, status, task_completing_time) VALUES (1725, 43, 148, 1, '224');
INSERT INTO recordings (recording_id, task_inst_id, file_path) VALUES (1725, 1725, 'recordings/eval_30_mod_3_task_1725.wav');
INSERT INTO task_instances (task_inst_id, task_id, module_inst_id, status, task_completing_time) VALUES (1726, 44, 148, 1, '199');
INSERT INTO recordings (recording_id, task_inst_id, file_path) VALUES (1726, 1726, 'recordings/eval_30_mod_3_task_1726.wav');
INSERT INTO task_instances (task_inst_id, task_id, module_inst_id, status, task_completing_time) VALUES (1727, 45, 148, 1, '35');
INSERT INTO recordings (recording_id, task_inst_id, file_path) VALUES (1727, 1727, 'recordings/eval_30_mod_3_task_1727.wav');
INSERT INTO task_instances (task_inst_id, task_id, module_inst_id, status, task_completing_time) VALUES (1728, 46, 148, 1, '20');
INSERT INTO recordings (recording_id, task_inst_id, file_path) VALUES (1728, 1728, 'recordings/eval_30_mod_3_task_1728.wav');
INSERT INTO module_instances (module_inst_id, module_id, evaluation_id, status) VALUES (149, 4, 30, 3);
INSERT INTO task_instances (task_inst_id, task_id, module_inst_id, status, task_completing_time) VALUES (1729, 47, 149, 0, '43');
INSERT INTO recordings (recording_id, task_inst_id, file_path) VALUES (1729, 1729, 'recordings/eval_30_mod_4_task_1729.wav');
INSERT INTO task_instances (task_inst_id, task_id, module_inst_id, status, task_completing_time) VALUES (1730, 48, 149, 1, '46');
INSERT INTO recordings (recording_id, task_inst_id, file_path) VALUES (1730, 1730, 'recordings/eval_30_mod_4_task_1730.wav');
INSERT INTO task_instances (task_inst_id, task_id, module_inst_id, status, task_completing_time) VALUES (1731, 49, 149, 1, '73');
INSERT INTO recordings (recording_id, task_inst_id, file_path) VALUES (1731, 1731, 'recordings/eval_30_mod_4_task_1731.wav');
INSERT INTO task_instances (task_inst_id, task_id, module_inst_id, status, task_completing_time) VALUES (1732, 50, 149, 1, '116');
INSERT INTO recordings (recording_id, task_inst_id, file_path) VALUES (1732, 1732, 'recordings/eval_30_mod_4_task_1732.wav');
INSERT INTO task_instances (task_inst_id, task_id, module_inst_id, status, task_completing_time) VALUES (1733, 51, 149, 1, '167');
INSERT INTO recordings (recording_id, task_inst_id, file_path) VALUES (1733, 1733, 'recordings/eval_30_mod_4_task_1733.wav');
INSERT INTO task_instances (task_inst_id, task_id, module_inst_id, status, task_completing_time) VALUES (1734, 52, 149, 1, '142');
INSERT INTO recordings (recording_id, task_inst_id, file_path) VALUES (1734, 1734, 'recordings/eval_30_mod_4_task_1734.wav');
INSERT INTO task_instances (task_inst_id, task_id, module_inst_id, status, task_completing_time) VALUES (1735, 53, 149, 1, '100');
INSERT INTO recordings (recording_id, task_inst_id, file_path) VALUES (1735, 1735, 'recordings/eval_30_mod_4_task_1735.wav');
INSERT INTO task_instances (task_inst_id, task_id, module_inst_id, status, task_completing_time) VALUES (1736, 54, 149, 1, '222');
INSERT INTO recordings (recording_id, task_inst_id, file_path) VALUES (1736, 1736, 'recordings/eval_30_mod_4_task_1736.wav');
INSERT INTO task_instances (task_inst_id, task_id, module_inst_id, status, task_completing_time) VALUES (1737, 55, 149, 0, '130');
INSERT INTO recordings (recording_id, task_inst_id, file_path) VALUES (1737, 1737, 'recordings/eval_30_mod_4_task_1737.wav');
INSERT INTO task_instances (task_inst_id, task_id, module_inst_id, status, task_completing_time) VALUES (1738, 56, 149, 1, '53');
INSERT INTO recordings (recording_id, task_inst_id, file_path) VALUES (1738, 1738, 'recordings/eval_30_mod_4_task_1738.wav');
INSERT INTO module_instances (module_inst_id, module_id, evaluation_id, status) VALUES (150, 9001, 30, 2);
INSERT INTO task_instances (task_inst_id, task_id, module_inst_id, status, task_completing_time) VALUES (1739, 9001, 150, 1, '53');
INSERT INTO recordings (recording_id, task_inst_id, file_path) VALUES (1739, 1739, 'recordings/eval_30_mod_9001_task_1739.wav');
INSERT INTO task_instances (task_inst_id, task_id, module_inst_id, status, task_completing_time) VALUES (1740, 9002, 150, 1, '169');
INSERT INTO recordings (recording_id, task_inst_id, file_path) VALUES (1740, 1740, 'recordings/eval_30_mod_9001_task_1740.wav');
INSERT INTO participants (participant_id, name, surname, education_level, sex, birth_date, laterality) VALUES (31, 'stX4+96aLuyiei8Kh9wXCw==', 'u9z77N6POoCjey4Lht0WCg==', 5, 2, '1940-05-25', 1);
INSERT INTO evaluations (evaluation_id, evaluation_date, evaluator_id, participant_id, status, language) VALUES (31, '2025-08-07 16:00:00', 5, 31, 2, 2);
INSERT INTO module_instances (module_inst_id, module_id, evaluation_id, status) VALUES (151, 1, 31, 2);
INSERT INTO task_instances (task_inst_id, task_id, module_inst_id, status, task_completing_time) VALUES (1741, 1, 151, 1, '25');
INSERT INTO recordings (recording_id, task_inst_id, file_path) VALUES (1741, 1741, 'recordings/eval_31_mod_1_task_1741.wav');
INSERT INTO task_instances (task_inst_id, task_id, module_inst_id, status, task_completing_time) VALUES (1742, 2, 151, 1, '112');
INSERT INTO recordings (recording_id, task_inst_id, file_path) VALUES (1742, 1742, 'recordings/eval_31_mod_1_task_1742.wav');
INSERT INTO task_instances (task_inst_id, task_id, module_inst_id, status, task_completing_time) VALUES (1743, 3, 151, 0, '295');
INSERT INTO recordings (recording_id, task_inst_id, file_path) VALUES (1743, 1743, 'recordings/eval_31_mod_1_task_1743.wav');
INSERT INTO task_instances (task_inst_id, task_id, module_inst_id, status, task_completing_time) VALUES (1744, 4, 151, 0, '180');
INSERT INTO recordings (recording_id, task_inst_id, file_path) VALUES (1744, 1744, 'recordings/eval_31_mod_1_task_1744.wav');
INSERT INTO task_instances (task_inst_id, task_id, module_inst_id, status, task_completing_time) VALUES (1745, 5, 151, 1, '207');
INSERT INTO recordings (recording_id, task_inst_id, file_path) VALUES (1745, 1745, 'recordings/eval_31_mod_1_task_1745.wav');
INSERT INTO task_instances (task_inst_id, task_id, module_inst_id, status, task_completing_time) VALUES (1746, 6, 151, 0, '252');
INSERT INTO recordings (recording_id, task_inst_id, file_path) VALUES (1746, 1746, 'recordings/eval_31_mod_1_task_1746.wav');
INSERT INTO task_instances (task_inst_id, task_id, module_inst_id, status, task_completing_time) VALUES (1747, 7, 151, 1, '48');
INSERT INTO recordings (recording_id, task_inst_id, file_path) VALUES (1747, 1747, 'recordings/eval_31_mod_1_task_1747.wav');
INSERT INTO task_instances (task_inst_id, task_id, module_inst_id, status, task_completing_time) VALUES (1748, 8, 151, 1, '255');
INSERT INTO recordings (recording_id, task_inst_id, file_path) VALUES (1748, 1748, 'recordings/eval_31_mod_1_task_1748.wav');
INSERT INTO task_instances (task_inst_id, task_id, module_inst_id, status, task_completing_time) VALUES (1749, 9, 151, 1, '98');
INSERT INTO recordings (recording_id, task_inst_id, file_path) VALUES (1749, 1749, 'recordings/eval_31_mod_1_task_1749.wav');
INSERT INTO task_instances (task_inst_id, task_id, module_inst_id, status, task_completing_time) VALUES (1750, 10, 151, 1, '64');
INSERT INTO recordings (recording_id, task_inst_id, file_path) VALUES (1750, 1750, 'recordings/eval_31_mod_1_task_1750.wav');
INSERT INTO module_instances (module_inst_id, module_id, evaluation_id, status) VALUES (152, 2, 31, 3);
INSERT INTO task_instances (task_inst_id, task_id, module_inst_id, status, task_completing_time) VALUES (1751, 11, 152, 1, '20');
INSERT INTO recordings (recording_id, task_inst_id, file_path) VALUES (1751, 1751, 'recordings/eval_31_mod_2_task_1751.wav');
INSERT INTO task_instances (task_inst_id, task_id, module_inst_id, status, task_completing_time) VALUES (1752, 12, 152, 1, '71');
INSERT INTO recordings (recording_id, task_inst_id, file_path) VALUES (1752, 1752, 'recordings/eval_31_mod_2_task_1752.wav');
INSERT INTO task_instances (task_inst_id, task_id, module_inst_id, status, task_completing_time) VALUES (1753, 13, 152, 1, '269');
INSERT INTO recordings (recording_id, task_inst_id, file_path) VALUES (1753, 1753, 'recordings/eval_31_mod_2_task_1753.wav');
INSERT INTO task_instances (task_inst_id, task_id, module_inst_id, status, task_completing_time) VALUES (1754, 14, 152, 1, '247');
INSERT INTO recordings (recording_id, task_inst_id, file_path) VALUES (1754, 1754, 'recordings/eval_31_mod_2_task_1754.wav');
INSERT INTO task_instances (task_inst_id, task_id, module_inst_id, status, task_completing_time) VALUES (1755, 15, 152, 1, '130');
INSERT INTO recordings (recording_id, task_inst_id, file_path) VALUES (1755, 1755, 'recordings/eval_31_mod_2_task_1755.wav');
INSERT INTO task_instances (task_inst_id, task_id, module_inst_id, status, task_completing_time) VALUES (1756, 16, 152, 0, '253');
INSERT INTO recordings (recording_id, task_inst_id, file_path) VALUES (1756, 1756, 'recordings/eval_31_mod_2_task_1756.wav');
INSERT INTO task_instances (task_inst_id, task_id, module_inst_id, status, task_completing_time) VALUES (1757, 17, 152, 1, '252');
INSERT INTO recordings (recording_id, task_inst_id, file_path) VALUES (1757, 1757, 'recordings/eval_31_mod_2_task_1757.wav');
INSERT INTO task_instances (task_inst_id, task_id, module_inst_id, status, task_completing_time) VALUES (1758, 18, 152, 1, '172');
INSERT INTO recordings (recording_id, task_inst_id, file_path) VALUES (1758, 1758, 'recordings/eval_31_mod_2_task_1758.wav');
INSERT INTO task_instances (task_inst_id, task_id, module_inst_id, status, task_completing_time) VALUES (1759, 19, 152, 1, '214');
INSERT INTO recordings (recording_id, task_inst_id, file_path) VALUES (1759, 1759, 'recordings/eval_31_mod_2_task_1759.wav');
INSERT INTO task_instances (task_inst_id, task_id, module_inst_id, status, task_completing_time) VALUES (1760, 20, 152, 1, '210');
INSERT INTO recordings (recording_id, task_inst_id, file_path) VALUES (1760, 1760, 'recordings/eval_31_mod_2_task_1760.wav');
INSERT INTO task_instances (task_inst_id, task_id, module_inst_id, status, task_completing_time) VALUES (1761, 21, 152, 1, '25');
INSERT INTO recordings (recording_id, task_inst_id, file_path) VALUES (1761, 1761, 'recordings/eval_31_mod_2_task_1761.wav');
INSERT INTO task_instances (task_inst_id, task_id, module_inst_id, status, task_completing_time) VALUES (1762, 22, 152, 1, '218');
INSERT INTO recordings (recording_id, task_inst_id, file_path) VALUES (1762, 1762, 'recordings/eval_31_mod_2_task_1762.wav');
INSERT INTO task_instances (task_inst_id, task_id, module_inst_id, status, task_completing_time) VALUES (1763, 23, 152, 1, '44');
INSERT INTO recordings (recording_id, task_inst_id, file_path) VALUES (1763, 1763, 'recordings/eval_31_mod_2_task_1763.wav');
INSERT INTO task_instances (task_inst_id, task_id, module_inst_id, status, task_completing_time) VALUES (1764, 24, 152, 1, '39');
INSERT INTO recordings (recording_id, task_inst_id, file_path) VALUES (1764, 1764, 'recordings/eval_31_mod_2_task_1764.wav');
INSERT INTO task_instances (task_inst_id, task_id, module_inst_id, status, task_completing_time) VALUES (1765, 25, 152, 0, '10');
INSERT INTO recordings (recording_id, task_inst_id, file_path) VALUES (1765, 1765, 'recordings/eval_31_mod_2_task_1765.wav');
INSERT INTO task_instances (task_inst_id, task_id, module_inst_id, status, task_completing_time) VALUES (1766, 26, 152, 1, '246');
INSERT INTO recordings (recording_id, task_inst_id, file_path) VALUES (1766, 1766, 'recordings/eval_31_mod_2_task_1766.wav');
INSERT INTO task_instances (task_inst_id, task_id, module_inst_id, status, task_completing_time) VALUES (1767, 27, 152, 1, '182');
INSERT INTO recordings (recording_id, task_inst_id, file_path) VALUES (1767, 1767, 'recordings/eval_31_mod_2_task_1767.wav');
INSERT INTO task_instances (task_inst_id, task_id, module_inst_id, status, task_completing_time) VALUES (1768, 28, 152, 1, '168');
INSERT INTO recordings (recording_id, task_inst_id, file_path) VALUES (1768, 1768, 'recordings/eval_31_mod_2_task_1768.wav');
INSERT INTO task_instances (task_inst_id, task_id, module_inst_id, status, task_completing_time) VALUES (1769, 29, 152, 1, '180');
INSERT INTO recordings (recording_id, task_inst_id, file_path) VALUES (1769, 1769, 'recordings/eval_31_mod_2_task_1769.wav');
INSERT INTO task_instances (task_inst_id, task_id, module_inst_id, status, task_completing_time) VALUES (1770, 30, 152, 1, '59');
INSERT INTO recordings (recording_id, task_inst_id, file_path) VALUES (1770, 1770, 'recordings/eval_31_mod_2_task_1770.wav');
INSERT INTO task_instances (task_inst_id, task_id, module_inst_id, status, task_completing_time) VALUES (1771, 31, 152, 1, '266');
INSERT INTO recordings (recording_id, task_inst_id, file_path) VALUES (1771, 1771, 'recordings/eval_31_mod_2_task_1771.wav');
INSERT INTO task_instances (task_inst_id, task_id, module_inst_id, status, task_completing_time) VALUES (1772, 32, 152, 1, '266');
INSERT INTO recordings (recording_id, task_inst_id, file_path) VALUES (1772, 1772, 'recordings/eval_31_mod_2_task_1772.wav');
INSERT INTO task_instances (task_inst_id, task_id, module_inst_id, status, task_completing_time) VALUES (1773, 33, 152, 1, '270');
INSERT INTO recordings (recording_id, task_inst_id, file_path) VALUES (1773, 1773, 'recordings/eval_31_mod_2_task_1773.wav');
INSERT INTO task_instances (task_inst_id, task_id, module_inst_id, status, task_completing_time) VALUES (1774, 34, 152, 1, '160');
INSERT INTO recordings (recording_id, task_inst_id, file_path) VALUES (1774, 1774, 'recordings/eval_31_mod_2_task_1774.wav');
INSERT INTO task_instances (task_inst_id, task_id, module_inst_id, status, task_completing_time) VALUES (1775, 35, 152, 1, '164');
INSERT INTO recordings (recording_id, task_inst_id, file_path) VALUES (1775, 1775, 'recordings/eval_31_mod_2_task_1775.wav');
INSERT INTO task_instances (task_inst_id, task_id, module_inst_id, status, task_completing_time) VALUES (1776, 36, 152, 1, '231');
INSERT INTO recordings (recording_id, task_inst_id, file_path) VALUES (1776, 1776, 'recordings/eval_31_mod_2_task_1776.wav');
INSERT INTO task_instances (task_inst_id, task_id, module_inst_id, status, task_completing_time) VALUES (1777, 37, 152, 1, '150');
INSERT INTO recordings (recording_id, task_inst_id, file_path) VALUES (1777, 1777, 'recordings/eval_31_mod_2_task_1777.wav');
INSERT INTO module_instances (module_inst_id, module_id, evaluation_id, status) VALUES (153, 3, 31, 3);
INSERT INTO task_instances (task_inst_id, task_id, module_inst_id, status, task_completing_time) VALUES (1778, 38, 153, 1, '42');
INSERT INTO recordings (recording_id, task_inst_id, file_path) VALUES (1778, 1778, 'recordings/eval_31_mod_3_task_1778.wav');
INSERT INTO task_instances (task_inst_id, task_id, module_inst_id, status, task_completing_time) VALUES (1779, 39, 153, 1, '77');
INSERT INTO recordings (recording_id, task_inst_id, file_path) VALUES (1779, 1779, 'recordings/eval_31_mod_3_task_1779.wav');
INSERT INTO task_instances (task_inst_id, task_id, module_inst_id, status, task_completing_time) VALUES (1780, 40, 153, 1, '48');
INSERT INTO recordings (recording_id, task_inst_id, file_path) VALUES (1780, 1780, 'recordings/eval_31_mod_3_task_1780.wav');
INSERT INTO task_instances (task_inst_id, task_id, module_inst_id, status, task_completing_time) VALUES (1781, 41, 153, 0, '58');
INSERT INTO recordings (recording_id, task_inst_id, file_path) VALUES (1781, 1781, 'recordings/eval_31_mod_3_task_1781.wav');
INSERT INTO task_instances (task_inst_id, task_id, module_inst_id, status, task_completing_time) VALUES (1782, 42, 153, 1, '76');
INSERT INTO recordings (recording_id, task_inst_id, file_path) VALUES (1782, 1782, 'recordings/eval_31_mod_3_task_1782.wav');
INSERT INTO task_instances (task_inst_id, task_id, module_inst_id, status, task_completing_time) VALUES (1783, 43, 153, 0, '104');
INSERT INTO recordings (recording_id, task_inst_id, file_path) VALUES (1783, 1783, 'recordings/eval_31_mod_3_task_1783.wav');
INSERT INTO task_instances (task_inst_id, task_id, module_inst_id, status, task_completing_time) VALUES (1784, 44, 153, 1, '55');
INSERT INTO recordings (recording_id, task_inst_id, file_path) VALUES (1784, 1784, 'recordings/eval_31_mod_3_task_1784.wav');
INSERT INTO task_instances (task_inst_id, task_id, module_inst_id, status, task_completing_time) VALUES (1785, 45, 153, 1, '71');
INSERT INTO recordings (recording_id, task_inst_id, file_path) VALUES (1785, 1785, 'recordings/eval_31_mod_3_task_1785.wav');
INSERT INTO task_instances (task_inst_id, task_id, module_inst_id, status, task_completing_time) VALUES (1786, 46, 153, 1, '183');
INSERT INTO recordings (recording_id, task_inst_id, file_path) VALUES (1786, 1786, 'recordings/eval_31_mod_3_task_1786.wav');
INSERT INTO module_instances (module_inst_id, module_id, evaluation_id, status) VALUES (154, 4, 31, 3);
INSERT INTO task_instances (task_inst_id, task_id, module_inst_id, status, task_completing_time) VALUES (1787, 47, 154, 1, '45');
INSERT INTO recordings (recording_id, task_inst_id, file_path) VALUES (1787, 1787, 'recordings/eval_31_mod_4_task_1787.wav');
INSERT INTO task_instances (task_inst_id, task_id, module_inst_id, status, task_completing_time) VALUES (1788, 48, 154, 1, '42');
INSERT INTO recordings (recording_id, task_inst_id, file_path) VALUES (1788, 1788, 'recordings/eval_31_mod_4_task_1788.wav');
INSERT INTO task_instances (task_inst_id, task_id, module_inst_id, status, task_completing_time) VALUES (1789, 49, 154, 0, '54');
INSERT INTO recordings (recording_id, task_inst_id, file_path) VALUES (1789, 1789, 'recordings/eval_31_mod_4_task_1789.wav');
INSERT INTO task_instances (task_inst_id, task_id, module_inst_id, status, task_completing_time) VALUES (1790, 50, 154, 0, '234');
INSERT INTO recordings (recording_id, task_inst_id, file_path) VALUES (1790, 1790, 'recordings/eval_31_mod_4_task_1790.wav');
INSERT INTO task_instances (task_inst_id, task_id, module_inst_id, status, task_completing_time) VALUES (1791, 51, 154, 1, '145');
INSERT INTO recordings (recording_id, task_inst_id, file_path) VALUES (1791, 1791, 'recordings/eval_31_mod_4_task_1791.wav');
INSERT INTO task_instances (task_inst_id, task_id, module_inst_id, status, task_completing_time) VALUES (1792, 52, 154, 1, '81');
INSERT INTO recordings (recording_id, task_inst_id, file_path) VALUES (1792, 1792, 'recordings/eval_31_mod_4_task_1792.wav');
INSERT INTO task_instances (task_inst_id, task_id, module_inst_id, status, task_completing_time) VALUES (1793, 53, 154, 0, '147');
INSERT INTO recordings (recording_id, task_inst_id, file_path) VALUES (1793, 1793, 'recordings/eval_31_mod_4_task_1793.wav');
INSERT INTO task_instances (task_inst_id, task_id, module_inst_id, status, task_completing_time) VALUES (1794, 54, 154, 1, '39');
INSERT INTO recordings (recording_id, task_inst_id, file_path) VALUES (1794, 1794, 'recordings/eval_31_mod_4_task_1794.wav');
INSERT INTO task_instances (task_inst_id, task_id, module_inst_id, status, task_completing_time) VALUES (1795, 55, 154, 1, '203');
INSERT INTO recordings (recording_id, task_inst_id, file_path) VALUES (1795, 1795, 'recordings/eval_31_mod_4_task_1795.wav');
INSERT INTO task_instances (task_inst_id, task_id, module_inst_id, status, task_completing_time) VALUES (1796, 56, 154, 1, '5');
INSERT INTO recordings (recording_id, task_inst_id, file_path) VALUES (1796, 1796, 'recordings/eval_31_mod_4_task_1796.wav');
INSERT INTO module_instances (module_inst_id, module_id, evaluation_id, status) VALUES (155, 9001, 31, 2);
INSERT INTO task_instances (task_inst_id, task_id, module_inst_id, status, task_completing_time) VALUES (1797, 9001, 155, 1, '57');
INSERT INTO recordings (recording_id, task_inst_id, file_path) VALUES (1797, 1797, 'recordings/eval_31_mod_9001_task_1797.wav');
INSERT INTO task_instances (task_inst_id, task_id, module_inst_id, status, task_completing_time) VALUES (1798, 9002, 155, 1, '90');
INSERT INTO recordings (recording_id, task_inst_id, file_path) VALUES (1798, 1798, 'recordings/eval_31_mod_9001_task_1798.wav');
INSERT INTO participants (participant_id, name, surname, education_level, sex, birth_date, laterality) VALUES (32, 'qdHk6LvnV4WmfisOg9gTDw==', 'u9z77N6POoCjey4Lht0WCg==', 1, 1, '1966-12-21', 2);
INSERT INTO evaluations (evaluation_id, evaluation_date, evaluator_id, participant_id, status, language) VALUES (32, '2025-09-21 15:46:00', 5, 32, 3, 2);
INSERT INTO module_instances (module_inst_id, module_id, evaluation_id, status) VALUES (156, 1, 32, 3);
INSERT INTO task_instances (task_inst_id, task_id, module_inst_id, status, task_completing_time) VALUES (1799, 1, 156, 1, '40');
INSERT INTO recordings (recording_id, task_inst_id, file_path) VALUES (1799, 1799, 'recordings/eval_32_mod_1_task_1799.wav');
INSERT INTO task_instances (task_inst_id, task_id, module_inst_id, status, task_completing_time) VALUES (1800, 2, 156, 1, '96');
INSERT INTO recordings (recording_id, task_inst_id, file_path) VALUES (1800, 1800, 'recordings/eval_32_mod_1_task_1800.wav');
INSERT INTO task_instances (task_inst_id, task_id, module_inst_id, status, task_completing_time) VALUES (1801, 3, 156, 1, '264');
INSERT INTO recordings (recording_id, task_inst_id, file_path) VALUES (1801, 1801, 'recordings/eval_32_mod_1_task_1801.wav');
INSERT INTO task_instances (task_inst_id, task_id, module_inst_id, status, task_completing_time) VALUES (1802, 4, 156, 1, '198');
INSERT INTO recordings (recording_id, task_inst_id, file_path) VALUES (1802, 1802, 'recordings/eval_32_mod_1_task_1802.wav');
INSERT INTO task_instances (task_inst_id, task_id, module_inst_id, status, task_completing_time) VALUES (1803, 5, 156, 1, '86');
INSERT INTO recordings (recording_id, task_inst_id, file_path) VALUES (1803, 1803, 'recordings/eval_32_mod_1_task_1803.wav');
INSERT INTO task_instances (task_inst_id, task_id, module_inst_id, status, task_completing_time) VALUES (1804, 6, 156, 1, '250');
INSERT INTO recordings (recording_id, task_inst_id, file_path) VALUES (1804, 1804, 'recordings/eval_32_mod_1_task_1804.wav');
INSERT INTO task_instances (task_inst_id, task_id, module_inst_id, status, task_completing_time) VALUES (1805, 7, 156, 0, '91');
INSERT INTO recordings (recording_id, task_inst_id, file_path) VALUES (1805, 1805, 'recordings/eval_32_mod_1_task_1805.wav');
INSERT INTO task_instances (task_inst_id, task_id, module_inst_id, status, task_completing_time) VALUES (1806, 8, 156, 1, '25');
INSERT INTO recordings (recording_id, task_inst_id, file_path) VALUES (1806, 1806, 'recordings/eval_32_mod_1_task_1806.wav');
INSERT INTO task_instances (task_inst_id, task_id, module_inst_id, status, task_completing_time) VALUES (1807, 9, 156, 1, '38');
INSERT INTO recordings (recording_id, task_inst_id, file_path) VALUES (1807, 1807, 'recordings/eval_32_mod_1_task_1807.wav');
INSERT INTO task_instances (task_inst_id, task_id, module_inst_id, status, task_completing_time) VALUES (1808, 10, 156, 1, '237');
INSERT INTO recordings (recording_id, task_inst_id, file_path) VALUES (1808, 1808, 'recordings/eval_32_mod_1_task_1808.wav');
INSERT INTO module_instances (module_inst_id, module_id, evaluation_id, status) VALUES (157, 2, 32, 3);
INSERT INTO task_instances (task_inst_id, task_id, module_inst_id, status, task_completing_time) VALUES (1809, 11, 157, 1, '19');
INSERT INTO recordings (recording_id, task_inst_id, file_path) VALUES (1809, 1809, 'recordings/eval_32_mod_2_task_1809.wav');
INSERT INTO task_instances (task_inst_id, task_id, module_inst_id, status, task_completing_time) VALUES (1810, 12, 157, 0, '210');
INSERT INTO recordings (recording_id, task_inst_id, file_path) VALUES (1810, 1810, 'recordings/eval_32_mod_2_task_1810.wav');
INSERT INTO task_instances (task_inst_id, task_id, module_inst_id, status, task_completing_time) VALUES (1811, 13, 157, 1, '178');
INSERT INTO recordings (recording_id, task_inst_id, file_path) VALUES (1811, 1811, 'recordings/eval_32_mod_2_task_1811.wav');
INSERT INTO task_instances (task_inst_id, task_id, module_inst_id, status, task_completing_time) VALUES (1812, 14, 157, 1, '280');
INSERT INTO recordings (recording_id, task_inst_id, file_path) VALUES (1812, 1812, 'recordings/eval_32_mod_2_task_1812.wav');
INSERT INTO task_instances (task_inst_id, task_id, module_inst_id, status, task_completing_time) VALUES (1813, 15, 157, 1, '68');
INSERT INTO recordings (recording_id, task_inst_id, file_path) VALUES (1813, 1813, 'recordings/eval_32_mod_2_task_1813.wav');
INSERT INTO task_instances (task_inst_id, task_id, module_inst_id, status, task_completing_time) VALUES (1814, 16, 157, 1, '136');
INSERT INTO recordings (recording_id, task_inst_id, file_path) VALUES (1814, 1814, 'recordings/eval_32_mod_2_task_1814.wav');
INSERT INTO task_instances (task_inst_id, task_id, module_inst_id, status, task_completing_time) VALUES (1815, 17, 157, 1, '286');
INSERT INTO recordings (recording_id, task_inst_id, file_path) VALUES (1815, 1815, 'recordings/eval_32_mod_2_task_1815.wav');
INSERT INTO task_instances (task_inst_id, task_id, module_inst_id, status, task_completing_time) VALUES (1816, 18, 157, 1, '257');
INSERT INTO recordings (recording_id, task_inst_id, file_path) VALUES (1816, 1816, 'recordings/eval_32_mod_2_task_1816.wav');
INSERT INTO task_instances (task_inst_id, task_id, module_inst_id, status, task_completing_time) VALUES (1817, 19, 157, 1, '293');
INSERT INTO recordings (recording_id, task_inst_id, file_path) VALUES (1817, 1817, 'recordings/eval_32_mod_2_task_1817.wav');
INSERT INTO task_instances (task_inst_id, task_id, module_inst_id, status, task_completing_time) VALUES (1818, 20, 157, 0, '203');
INSERT INTO recordings (recording_id, task_inst_id, file_path) VALUES (1818, 1818, 'recordings/eval_32_mod_2_task_1818.wav');
INSERT INTO task_instances (task_inst_id, task_id, module_inst_id, status, task_completing_time) VALUES (1819, 21, 157, 1, '32');
INSERT INTO recordings (recording_id, task_inst_id, file_path) VALUES (1819, 1819, 'recordings/eval_32_mod_2_task_1819.wav');
INSERT INTO task_instances (task_inst_id, task_id, module_inst_id, status, task_completing_time) VALUES (1820, 22, 157, 1, '173');
INSERT INTO recordings (recording_id, task_inst_id, file_path) VALUES (1820, 1820, 'recordings/eval_32_mod_2_task_1820.wav');
INSERT INTO task_instances (task_inst_id, task_id, module_inst_id, status, task_completing_time) VALUES (1821, 23, 157, 1, '11');
INSERT INTO recordings (recording_id, task_inst_id, file_path) VALUES (1821, 1821, 'recordings/eval_32_mod_2_task_1821.wav');
INSERT INTO task_instances (task_inst_id, task_id, module_inst_id, status, task_completing_time) VALUES (1822, 24, 157, 1, '95');
INSERT INTO recordings (recording_id, task_inst_id, file_path) VALUES (1822, 1822, 'recordings/eval_32_mod_2_task_1822.wav');
INSERT INTO task_instances (task_inst_id, task_id, module_inst_id, status, task_completing_time) VALUES (1823, 25, 157, 1, '23');
INSERT INTO recordings (recording_id, task_inst_id, file_path) VALUES (1823, 1823, 'recordings/eval_32_mod_2_task_1823.wav');
INSERT INTO task_instances (task_inst_id, task_id, module_inst_id, status, task_completing_time) VALUES (1824, 26, 157, 1, '66');
INSERT INTO recordings (recording_id, task_inst_id, file_path) VALUES (1824, 1824, 'recordings/eval_32_mod_2_task_1824.wav');
INSERT INTO task_instances (task_inst_id, task_id, module_inst_id, status, task_completing_time) VALUES (1825, 27, 157, 1, '228');
INSERT INTO recordings (recording_id, task_inst_id, file_path) VALUES (1825, 1825, 'recordings/eval_32_mod_2_task_1825.wav');
INSERT INTO task_instances (task_inst_id, task_id, module_inst_id, status, task_completing_time) VALUES (1826, 28, 157, 1, '189');
INSERT INTO recordings (recording_id, task_inst_id, file_path) VALUES (1826, 1826, 'recordings/eval_32_mod_2_task_1826.wav');
INSERT INTO task_instances (task_inst_id, task_id, module_inst_id, status, task_completing_time) VALUES (1827, 29, 157, 0, '294');
INSERT INTO recordings (recording_id, task_inst_id, file_path) VALUES (1827, 1827, 'recordings/eval_32_mod_2_task_1827.wav');
INSERT INTO task_instances (task_inst_id, task_id, module_inst_id, status, task_completing_time) VALUES (1828, 30, 157, 1, '36');
INSERT INTO recordings (recording_id, task_inst_id, file_path) VALUES (1828, 1828, 'recordings/eval_32_mod_2_task_1828.wav');
INSERT INTO task_instances (task_inst_id, task_id, module_inst_id, status, task_completing_time) VALUES (1829, 31, 157, 1, '275');
INSERT INTO recordings (recording_id, task_inst_id, file_path) VALUES (1829, 1829, 'recordings/eval_32_mod_2_task_1829.wav');
INSERT INTO task_instances (task_inst_id, task_id, module_inst_id, status, task_completing_time) VALUES (1830, 32, 157, 1, '32');
INSERT INTO recordings (recording_id, task_inst_id, file_path) VALUES (1830, 1830, 'recordings/eval_32_mod_2_task_1830.wav');
INSERT INTO task_instances (task_inst_id, task_id, module_inst_id, status, task_completing_time) VALUES (1831, 33, 157, 1, '20');
INSERT INTO recordings (recording_id, task_inst_id, file_path) VALUES (1831, 1831, 'recordings/eval_32_mod_2_task_1831.wav');
INSERT INTO task_instances (task_inst_id, task_id, module_inst_id, status, task_completing_time) VALUES (1832, 34, 157, 0, '188');
INSERT INTO recordings (recording_id, task_inst_id, file_path) VALUES (1832, 1832, 'recordings/eval_32_mod_2_task_1832.wav');
INSERT INTO task_instances (task_inst_id, task_id, module_inst_id, status, task_completing_time) VALUES (1833, 35, 157, 0, '102');
INSERT INTO recordings (recording_id, task_inst_id, file_path) VALUES (1833, 1833, 'recordings/eval_32_mod_2_task_1833.wav');
INSERT INTO task_instances (task_inst_id, task_id, module_inst_id, status, task_completing_time) VALUES (1834, 36, 157, 1, '45');
INSERT INTO recordings (recording_id, task_inst_id, file_path) VALUES (1834, 1834, 'recordings/eval_32_mod_2_task_1834.wav');
INSERT INTO task_instances (task_inst_id, task_id, module_inst_id, status, task_completing_time) VALUES (1835, 37, 157, 0, '49');
INSERT INTO recordings (recording_id, task_inst_id, file_path) VALUES (1835, 1835, 'recordings/eval_32_mod_2_task_1835.wav');
INSERT INTO module_instances (module_inst_id, module_id, evaluation_id, status) VALUES (158, 3, 32, 3);
INSERT INTO task_instances (task_inst_id, task_id, module_inst_id, status, task_completing_time) VALUES (1836, 38, 158, 1, '46');
INSERT INTO recordings (recording_id, task_inst_id, file_path) VALUES (1836, 1836, 'recordings/eval_32_mod_3_task_1836.wav');
INSERT INTO task_instances (task_inst_id, task_id, module_inst_id, status, task_completing_time) VALUES (1837, 39, 158, 1, '180');
INSERT INTO recordings (recording_id, task_inst_id, file_path) VALUES (1837, 1837, 'recordings/eval_32_mod_3_task_1837.wav');
INSERT INTO task_instances (task_inst_id, task_id, module_inst_id, status, task_completing_time) VALUES (1838, 40, 158, 0, '242');
INSERT INTO recordings (recording_id, task_inst_id, file_path) VALUES (1838, 1838, 'recordings/eval_32_mod_3_task_1838.wav');
INSERT INTO task_instances (task_inst_id, task_id, module_inst_id, status, task_completing_time) VALUES (1839, 41, 158, 1, '71');
INSERT INTO recordings (recording_id, task_inst_id, file_path) VALUES (1839, 1839, 'recordings/eval_32_mod_3_task_1839.wav');
INSERT INTO task_instances (task_inst_id, task_id, module_inst_id, status, task_completing_time) VALUES (1840, 42, 158, 1, '262');
INSERT INTO recordings (recording_id, task_inst_id, file_path) VALUES (1840, 1840, 'recordings/eval_32_mod_3_task_1840.wav');
INSERT INTO task_instances (task_inst_id, task_id, module_inst_id, status, task_completing_time) VALUES (1841, 43, 158, 1, '46');
INSERT INTO recordings (recording_id, task_inst_id, file_path) VALUES (1841, 1841, 'recordings/eval_32_mod_3_task_1841.wav');
INSERT INTO task_instances (task_inst_id, task_id, module_inst_id, status, task_completing_time) VALUES (1842, 44, 158, 1, '118');
INSERT INTO recordings (recording_id, task_inst_id, file_path) VALUES (1842, 1842, 'recordings/eval_32_mod_3_task_1842.wav');
INSERT INTO task_instances (task_inst_id, task_id, module_inst_id, status, task_completing_time) VALUES (1843, 45, 158, 1, '48');
INSERT INTO recordings (recording_id, task_inst_id, file_path) VALUES (1843, 1843, 'recordings/eval_32_mod_3_task_1843.wav');
INSERT INTO task_instances (task_inst_id, task_id, module_inst_id, status, task_completing_time) VALUES (1844, 46, 158, 0, '56');
INSERT INTO recordings (recording_id, task_inst_id, file_path) VALUES (1844, 1844, 'recordings/eval_32_mod_3_task_1844.wav');
INSERT INTO module_instances (module_inst_id, module_id, evaluation_id, status) VALUES (159, 4, 32, 3);
INSERT INTO task_instances (task_inst_id, task_id, module_inst_id, status, task_completing_time) VALUES (1845, 47, 159, 1, '59');
INSERT INTO recordings (recording_id, task_inst_id, file_path) VALUES (1845, 1845, 'recordings/eval_32_mod_4_task_1845.wav');
INSERT INTO task_instances (task_inst_id, task_id, module_inst_id, status, task_completing_time) VALUES (1846, 48, 159, 1, '241');
INSERT INTO recordings (recording_id, task_inst_id, file_path) VALUES (1846, 1846, 'recordings/eval_32_mod_4_task_1846.wav');
INSERT INTO task_instances (task_inst_id, task_id, module_inst_id, status, task_completing_time) VALUES (1847, 49, 159, 1, '198');
INSERT INTO recordings (recording_id, task_inst_id, file_path) VALUES (1847, 1847, 'recordings/eval_32_mod_4_task_1847.wav');
INSERT INTO task_instances (task_inst_id, task_id, module_inst_id, status, task_completing_time) VALUES (1848, 50, 159, 1, '296');
INSERT INTO recordings (recording_id, task_inst_id, file_path) VALUES (1848, 1848, 'recordings/eval_32_mod_4_task_1848.wav');
INSERT INTO task_instances (task_inst_id, task_id, module_inst_id, status, task_completing_time) VALUES (1849, 51, 159, 1, '233');
INSERT INTO recordings (recording_id, task_inst_id, file_path) VALUES (1849, 1849, 'recordings/eval_32_mod_4_task_1849.wav');
INSERT INTO task_instances (task_inst_id, task_id, module_inst_id, status, task_completing_time) VALUES (1850, 52, 159, 1, '36');
INSERT INTO recordings (recording_id, task_inst_id, file_path) VALUES (1850, 1850, 'recordings/eval_32_mod_4_task_1850.wav');
INSERT INTO task_instances (task_inst_id, task_id, module_inst_id, status, task_completing_time) VALUES (1851, 53, 159, 1, '247');
INSERT INTO recordings (recording_id, task_inst_id, file_path) VALUES (1851, 1851, 'recordings/eval_32_mod_4_task_1851.wav');
INSERT INTO task_instances (task_inst_id, task_id, module_inst_id, status, task_completing_time) VALUES (1852, 54, 159, 0, '46');
INSERT INTO recordings (recording_id, task_inst_id, file_path) VALUES (1852, 1852, 'recordings/eval_32_mod_4_task_1852.wav');
INSERT INTO task_instances (task_inst_id, task_id, module_inst_id, status, task_completing_time) VALUES (1853, 55, 159, 1, '250');
INSERT INTO recordings (recording_id, task_inst_id, file_path) VALUES (1853, 1853, 'recordings/eval_32_mod_4_task_1853.wav');
INSERT INTO task_instances (task_inst_id, task_id, module_inst_id, status, task_completing_time) VALUES (1854, 56, 159, 1, '7');
INSERT INTO recordings (recording_id, task_inst_id, file_path) VALUES (1854, 1854, 'recordings/eval_32_mod_4_task_1854.wav');
INSERT INTO module_instances (module_inst_id, module_id, evaluation_id, status) VALUES (160, 9001, 32, 3);
INSERT INTO task_instances (task_inst_id, task_id, module_inst_id, status, task_completing_time) VALUES (1855, 9001, 160, 0, '49');
INSERT INTO recordings (recording_id, task_inst_id, file_path) VALUES (1855, 1855, 'recordings/eval_32_mod_9001_task_1855.wav');
INSERT INTO task_instances (task_inst_id, task_id, module_inst_id, status, task_completing_time) VALUES (1856, 9002, 160, 1, '146');
INSERT INTO recordings (recording_id, task_inst_id, file_path) VALUES (1856, 1856, 'recordings/eval_32_mod_9001_task_1856.wav');
INSERT INTO participants (participant_id, name, surname, education_level, sex, birth_date, laterality) VALUES (33, 'u973hLrmVoSnfyoPgtkSDg==', 'qd/j89bgUIKheSwJhN8UCA==', 3, 2, '1948-12-05', 1);
INSERT INTO evaluations (evaluation_id, evaluation_date, evaluator_id, participant_id, status, language) VALUES (33, '2025-07-31 12:33:00', 5, 33, 2, 2);
INSERT INTO module_instances (module_inst_id, module_id, evaluation_id, status) VALUES (161, 1, 33, 3);
INSERT INTO task_instances (task_inst_id, task_id, module_inst_id, status, task_completing_time) VALUES (1857, 1, 161, 0, '5');
INSERT INTO recordings (recording_id, task_inst_id, file_path) VALUES (1857, 1857, 'recordings/eval_33_mod_1_task_1857.wav');
INSERT INTO task_instances (task_inst_id, task_id, module_inst_id, status, task_completing_time) VALUES (1858, 2, 161, 1, '60');
INSERT INTO recordings (recording_id, task_inst_id, file_path) VALUES (1858, 1858, 'recordings/eval_33_mod_1_task_1858.wav');
INSERT INTO task_instances (task_inst_id, task_id, module_inst_id, status, task_completing_time) VALUES (1859, 3, 161, 0, '112');
INSERT INTO recordings (recording_id, task_inst_id, file_path) VALUES (1859, 1859, 'recordings/eval_33_mod_1_task_1859.wav');
INSERT INTO task_instances (task_inst_id, task_id, module_inst_id, status, task_completing_time) VALUES (1860, 4, 161, 1, '286');
INSERT INTO recordings (recording_id, task_inst_id, file_path) VALUES (1860, 1860, 'recordings/eval_33_mod_1_task_1860.wav');
INSERT INTO task_instances (task_inst_id, task_id, module_inst_id, status, task_completing_time) VALUES (1861, 5, 161, 1, '132');
INSERT INTO recordings (recording_id, task_inst_id, file_path) VALUES (1861, 1861, 'recordings/eval_33_mod_1_task_1861.wav');
INSERT INTO task_instances (task_inst_id, task_id, module_inst_id, status, task_completing_time) VALUES (1862, 6, 161, 1, '204');
INSERT INTO recordings (recording_id, task_inst_id, file_path) VALUES (1862, 1862, 'recordings/eval_33_mod_1_task_1862.wav');
INSERT INTO task_instances (task_inst_id, task_id, module_inst_id, status, task_completing_time) VALUES (1863, 7, 161, 1, '215');
INSERT INTO recordings (recording_id, task_inst_id, file_path) VALUES (1863, 1863, 'recordings/eval_33_mod_1_task_1863.wav');
INSERT INTO task_instances (task_inst_id, task_id, module_inst_id, status, task_completing_time) VALUES (1864, 8, 161, 1, '115');
INSERT INTO recordings (recording_id, task_inst_id, file_path) VALUES (1864, 1864, 'recordings/eval_33_mod_1_task_1864.wav');
INSERT INTO task_instances (task_inst_id, task_id, module_inst_id, status, task_completing_time) VALUES (1865, 9, 161, 1, '216');
INSERT INTO recordings (recording_id, task_inst_id, file_path) VALUES (1865, 1865, 'recordings/eval_33_mod_1_task_1865.wav');
INSERT INTO task_instances (task_inst_id, task_id, module_inst_id, status, task_completing_time) VALUES (1866, 10, 161, 1, '278');
INSERT INTO recordings (recording_id, task_inst_id, file_path) VALUES (1866, 1866, 'recordings/eval_33_mod_1_task_1866.wav');
INSERT INTO module_instances (module_inst_id, module_id, evaluation_id, status) VALUES (162, 2, 33, 3);
INSERT INTO task_instances (task_inst_id, task_id, module_inst_id, status, task_completing_time) VALUES (1867, 11, 162, 1, '55');
INSERT INTO recordings (recording_id, task_inst_id, file_path) VALUES (1867, 1867, 'recordings/eval_33_mod_2_task_1867.wav');
INSERT INTO task_instances (task_inst_id, task_id, module_inst_id, status, task_completing_time) VALUES (1868, 12, 162, 0, '135');
INSERT INTO recordings (recording_id, task_inst_id, file_path) VALUES (1868, 1868, 'recordings/eval_33_mod_2_task_1868.wav');
INSERT INTO task_instances (task_inst_id, task_id, module_inst_id, status, task_completing_time) VALUES (1869, 13, 162, 0, '48');
INSERT INTO recordings (recording_id, task_inst_id, file_path) VALUES (1869, 1869, 'recordings/eval_33_mod_2_task_1869.wav');
INSERT INTO task_instances (task_inst_id, task_id, module_inst_id, status, task_completing_time) VALUES (1870, 14, 162, 0, '114');
INSERT INTO recordings (recording_id, task_inst_id, file_path) VALUES (1870, 1870, 'recordings/eval_33_mod_2_task_1870.wav');
INSERT INTO task_instances (task_inst_id, task_id, module_inst_id, status, task_completing_time) VALUES (1871, 15, 162, 1, '69');
INSERT INTO recordings (recording_id, task_inst_id, file_path) VALUES (1871, 1871, 'recordings/eval_33_mod_2_task_1871.wav');
INSERT INTO task_instances (task_inst_id, task_id, module_inst_id, status, task_completing_time) VALUES (1872, 16, 162, 1, '186');
INSERT INTO recordings (recording_id, task_inst_id, file_path) VALUES (1872, 1872, 'recordings/eval_33_mod_2_task_1872.wav');
INSERT INTO task_instances (task_inst_id, task_id, module_inst_id, status, task_completing_time) VALUES (1873, 17, 162, 0, '277');
INSERT INTO recordings (recording_id, task_inst_id, file_path) VALUES (1873, 1873, 'recordings/eval_33_mod_2_task_1873.wav');
INSERT INTO task_instances (task_inst_id, task_id, module_inst_id, status, task_completing_time) VALUES (1874, 18, 162, 1, '175');
INSERT INTO recordings (recording_id, task_inst_id, file_path) VALUES (1874, 1874, 'recordings/eval_33_mod_2_task_1874.wav');
INSERT INTO task_instances (task_inst_id, task_id, module_inst_id, status, task_completing_time) VALUES (1875, 19, 162, 1, '152');
INSERT INTO recordings (recording_id, task_inst_id, file_path) VALUES (1875, 1875, 'recordings/eval_33_mod_2_task_1875.wav');
INSERT INTO task_instances (task_inst_id, task_id, module_inst_id, status, task_completing_time) VALUES (1876, 20, 162, 0, '298');
INSERT INTO recordings (recording_id, task_inst_id, file_path) VALUES (1876, 1876, 'recordings/eval_33_mod_2_task_1876.wav');
INSERT INTO task_instances (task_inst_id, task_id, module_inst_id, status, task_completing_time) VALUES (1877, 21, 162, 0, '36');
INSERT INTO recordings (recording_id, task_inst_id, file_path) VALUES (1877, 1877, 'recordings/eval_33_mod_2_task_1877.wav');
INSERT INTO task_instances (task_inst_id, task_id, module_inst_id, status, task_completing_time) VALUES (1878, 22, 162, 1, '208');
INSERT INTO recordings (recording_id, task_inst_id, file_path) VALUES (1878, 1878, 'recordings/eval_33_mod_2_task_1878.wav');
INSERT INTO task_instances (task_inst_id, task_id, module_inst_id, status, task_completing_time) VALUES (1879, 23, 162, 1, '29');
INSERT INTO recordings (recording_id, task_inst_id, file_path) VALUES (1879, 1879, 'recordings/eval_33_mod_2_task_1879.wav');
INSERT INTO task_instances (task_inst_id, task_id, module_inst_id, status, task_completing_time) VALUES (1880, 24, 162, 0, '182');
INSERT INTO recordings (recording_id, task_inst_id, file_path) VALUES (1880, 1880, 'recordings/eval_33_mod_2_task_1880.wav');
INSERT INTO task_instances (task_inst_id, task_id, module_inst_id, status, task_completing_time) VALUES (1881, 25, 162, 1, '53');
INSERT INTO recordings (recording_id, task_inst_id, file_path) VALUES (1881, 1881, 'recordings/eval_33_mod_2_task_1881.wav');
INSERT INTO task_instances (task_inst_id, task_id, module_inst_id, status, task_completing_time) VALUES (1882, 26, 162, 1, '247');
INSERT INTO recordings (recording_id, task_inst_id, file_path) VALUES (1882, 1882, 'recordings/eval_33_mod_2_task_1882.wav');
INSERT INTO task_instances (task_inst_id, task_id, module_inst_id, status, task_completing_time) VALUES (1883, 27, 162, 1, '141');
INSERT INTO recordings (recording_id, task_inst_id, file_path) VALUES (1883, 1883, 'recordings/eval_33_mod_2_task_1883.wav');
INSERT INTO task_instances (task_inst_id, task_id, module_inst_id, status, task_completing_time) VALUES (1884, 28, 162, 1, '112');
INSERT INTO recordings (recording_id, task_inst_id, file_path) VALUES (1884, 1884, 'recordings/eval_33_mod_2_task_1884.wav');
INSERT INTO task_instances (task_inst_id, task_id, module_inst_id, status, task_completing_time) VALUES (1885, 29, 162, 1, '20');
INSERT INTO recordings (recording_id, task_inst_id, file_path) VALUES (1885, 1885, 'recordings/eval_33_mod_2_task_1885.wav');
INSERT INTO task_instances (task_inst_id, task_id, module_inst_id, status, task_completing_time) VALUES (1886, 30, 162, 0, '6');
INSERT INTO recordings (recording_id, task_inst_id, file_path) VALUES (1886, 1886, 'recordings/eval_33_mod_2_task_1886.wav');
INSERT INTO task_instances (task_inst_id, task_id, module_inst_id, status, task_completing_time) VALUES (1887, 31, 162, 1, '299');
INSERT INTO recordings (recording_id, task_inst_id, file_path) VALUES (1887, 1887, 'recordings/eval_33_mod_2_task_1887.wav');
INSERT INTO task_instances (task_inst_id, task_id, module_inst_id, status, task_completing_time) VALUES (1888, 32, 162, 1, '56');
INSERT INTO recordings (recording_id, task_inst_id, file_path) VALUES (1888, 1888, 'recordings/eval_33_mod_2_task_1888.wav');
INSERT INTO task_instances (task_inst_id, task_id, module_inst_id, status, task_completing_time) VALUES (1889, 33, 162, 1, '87');
INSERT INTO recordings (recording_id, task_inst_id, file_path) VALUES (1889, 1889, 'recordings/eval_33_mod_2_task_1889.wav');
INSERT INTO task_instances (task_inst_id, task_id, module_inst_id, status, task_completing_time) VALUES (1890, 34, 162, 1, '199');
INSERT INTO recordings (recording_id, task_inst_id, file_path) VALUES (1890, 1890, 'recordings/eval_33_mod_2_task_1890.wav');
INSERT INTO task_instances (task_inst_id, task_id, module_inst_id, status, task_completing_time) VALUES (1891, 35, 162, 1, '27');
INSERT INTO recordings (recording_id, task_inst_id, file_path) VALUES (1891, 1891, 'recordings/eval_33_mod_2_task_1891.wav');
INSERT INTO task_instances (task_inst_id, task_id, module_inst_id, status, task_completing_time) VALUES (1892, 36, 162, 1, '155');
INSERT INTO recordings (recording_id, task_inst_id, file_path) VALUES (1892, 1892, 'recordings/eval_33_mod_2_task_1892.wav');
INSERT INTO task_instances (task_inst_id, task_id, module_inst_id, status, task_completing_time) VALUES (1893, 37, 162, 0, '60');
INSERT INTO recordings (recording_id, task_inst_id, file_path) VALUES (1893, 1893, 'recordings/eval_33_mod_2_task_1893.wav');
INSERT INTO module_instances (module_inst_id, module_id, evaluation_id, status) VALUES (163, 3, 33, 3);
INSERT INTO task_instances (task_inst_id, task_id, module_inst_id, status, task_completing_time) VALUES (1894, 38, 163, 1, '27');
INSERT INTO recordings (recording_id, task_inst_id, file_path) VALUES (1894, 1894, 'recordings/eval_33_mod_3_task_1894.wav');
INSERT INTO task_instances (task_inst_id, task_id, module_inst_id, status, task_completing_time) VALUES (1895, 39, 163, 1, '94');
INSERT INTO recordings (recording_id, task_inst_id, file_path) VALUES (1895, 1895, 'recordings/eval_33_mod_3_task_1895.wav');
INSERT INTO task_instances (task_inst_id, task_id, module_inst_id, status, task_completing_time) VALUES (1896, 40, 163, 1, '25');
INSERT INTO recordings (recording_id, task_inst_id, file_path) VALUES (1896, 1896, 'recordings/eval_33_mod_3_task_1896.wav');
INSERT INTO task_instances (task_inst_id, task_id, module_inst_id, status, task_completing_time) VALUES (1897, 41, 163, 1, '251');
INSERT INTO recordings (recording_id, task_inst_id, file_path) VALUES (1897, 1897, 'recordings/eval_33_mod_3_task_1897.wav');
INSERT INTO task_instances (task_inst_id, task_id, module_inst_id, status, task_completing_time) VALUES (1898, 42, 163, 1, '65');
INSERT INTO recordings (recording_id, task_inst_id, file_path) VALUES (1898, 1898, 'recordings/eval_33_mod_3_task_1898.wav');
INSERT INTO task_instances (task_inst_id, task_id, module_inst_id, status, task_completing_time) VALUES (1899, 43, 163, 0, '76');
INSERT INTO recordings (recording_id, task_inst_id, file_path) VALUES (1899, 1899, 'recordings/eval_33_mod_3_task_1899.wav');
INSERT INTO task_instances (task_inst_id, task_id, module_inst_id, status, task_completing_time) VALUES (1900, 44, 163, 1, '72');
INSERT INTO recordings (recording_id, task_inst_id, file_path) VALUES (1900, 1900, 'recordings/eval_33_mod_3_task_1900.wav');
INSERT INTO task_instances (task_inst_id, task_id, module_inst_id, status, task_completing_time) VALUES (1901, 45, 163, 1, '228');
INSERT INTO recordings (recording_id, task_inst_id, file_path) VALUES (1901, 1901, 'recordings/eval_33_mod_3_task_1901.wav');
INSERT INTO task_instances (task_inst_id, task_id, module_inst_id, status, task_completing_time) VALUES (1902, 46, 163, 0, '204');
INSERT INTO recordings (recording_id, task_inst_id, file_path) VALUES (1902, 1902, 'recordings/eval_33_mod_3_task_1902.wav');
INSERT INTO module_instances (module_inst_id, module_id, evaluation_id, status) VALUES (164, 4, 33, 3);
INSERT INTO task_instances (task_inst_id, task_id, module_inst_id, status, task_completing_time) VALUES (1903, 47, 164, 1, '41');
INSERT INTO recordings (recording_id, task_inst_id, file_path) VALUES (1903, 1903, 'recordings/eval_33_mod_4_task_1903.wav');
INSERT INTO task_instances (task_inst_id, task_id, module_inst_id, status, task_completing_time) VALUES (1904, 48, 164, 1, '180');
INSERT INTO recordings (recording_id, task_inst_id, file_path) VALUES (1904, 1904, 'recordings/eval_33_mod_4_task_1904.wav');
INSERT INTO task_instances (task_inst_id, task_id, module_inst_id, status, task_completing_time) VALUES (1905, 49, 164, 0, '90');
INSERT INTO recordings (recording_id, task_inst_id, file_path) VALUES (1905, 1905, 'recordings/eval_33_mod_4_task_1905.wav');
INSERT INTO task_instances (task_inst_id, task_id, module_inst_id, status, task_completing_time) VALUES (1906, 50, 164, 1, '206');
INSERT INTO recordings (recording_id, task_inst_id, file_path) VALUES (1906, 1906, 'recordings/eval_33_mod_4_task_1906.wav');
INSERT INTO task_instances (task_inst_id, task_id, module_inst_id, status, task_completing_time) VALUES (1907, 51, 164, 1, '291');
INSERT INTO recordings (recording_id, task_inst_id, file_path) VALUES (1907, 1907, 'recordings/eval_33_mod_4_task_1907.wav');
INSERT INTO task_instances (task_inst_id, task_id, module_inst_id, status, task_completing_time) VALUES (1908, 52, 164, 1, '146');
INSERT INTO recordings (recording_id, task_inst_id, file_path) VALUES (1908, 1908, 'recordings/eval_33_mod_4_task_1908.wav');
INSERT INTO task_instances (task_inst_id, task_id, module_inst_id, status, task_completing_time) VALUES (1909, 53, 164, 1, '72');
INSERT INTO recordings (recording_id, task_inst_id, file_path) VALUES (1909, 1909, 'recordings/eval_33_mod_4_task_1909.wav');
INSERT INTO task_instances (task_inst_id, task_id, module_inst_id, status, task_completing_time) VALUES (1910, 54, 164, 1, '129');
INSERT INTO recordings (recording_id, task_inst_id, file_path) VALUES (1910, 1910, 'recordings/eval_33_mod_4_task_1910.wav');
INSERT INTO task_instances (task_inst_id, task_id, module_inst_id, status, task_completing_time) VALUES (1911, 55, 164, 0, '143');
INSERT INTO recordings (recording_id, task_inst_id, file_path) VALUES (1911, 1911, 'recordings/eval_33_mod_4_task_1911.wav');
INSERT INTO task_instances (task_inst_id, task_id, module_inst_id, status, task_completing_time) VALUES (1912, 56, 164, 1, '24');
INSERT INTO recordings (recording_id, task_inst_id, file_path) VALUES (1912, 1912, 'recordings/eval_33_mod_4_task_1912.wav');
INSERT INTO module_instances (module_inst_id, module_id, evaluation_id, status) VALUES (165, 9001, 33, 3);
INSERT INTO task_instances (task_inst_id, task_id, module_inst_id, status, task_completing_time) VALUES (1913, 9001, 165, 1, '20');
INSERT INTO recordings (recording_id, task_inst_id, file_path) VALUES (1913, 1913, 'recordings/eval_33_mod_9001_task_1913.wav');
INSERT INTO task_instances (task_inst_id, task_id, module_inst_id, status, task_completing_time) VALUES (1914, 9002, 165, 1, '24');
INSERT INTO recordings (recording_id, task_inst_id, file_path) VALUES (1914, 1914, 'recordings/eval_33_mod_9001_task_1914.wav');
INSERT INTO participants (participant_id, name, surname, education_level, sex, birth_date, laterality) VALUES (34, 'vdH0+96ON+iiei8Kh9wXCw==', 'u9z77N6POoCjey4Lht0WCg==', 4, 2, '1957-03-18', 1);
INSERT INTO evaluations (evaluation_id, evaluation_date, evaluator_id, participant_id, status, language) VALUES (34, '2025-10-21 12:30:00', 5, 34, 3, 1);
INSERT INTO module_instances (module_inst_id, module_id, evaluation_id, status) VALUES (166, 1, 34, 1);
INSERT INTO task_instances (task_inst_id, task_id, module_inst_id, status, task_completing_time) VALUES (1915, 1, 166, 1, '34');
INSERT INTO recordings (recording_id, task_inst_id, file_path) VALUES (1915, 1915, 'recordings/eval_34_mod_1_task_1915.wav');
INSERT INTO task_instances (task_inst_id, task_id, module_inst_id, status, task_completing_time) VALUES (1916, 2, 166, 1, '106');
INSERT INTO recordings (recording_id, task_inst_id, file_path) VALUES (1916, 1916, 'recordings/eval_34_mod_1_task_1916.wav');
INSERT INTO task_instances (task_inst_id, task_id, module_inst_id, status, task_completing_time) VALUES (1917, 3, 166, 1, '272');
INSERT INTO recordings (recording_id, task_inst_id, file_path) VALUES (1917, 1917, 'recordings/eval_34_mod_1_task_1917.wav');
INSERT INTO task_instances (task_inst_id, task_id, module_inst_id, status, task_completing_time) VALUES (1918, 4, 166, 1, '208');
INSERT INTO recordings (recording_id, task_inst_id, file_path) VALUES (1918, 1918, 'recordings/eval_34_mod_1_task_1918.wav');
INSERT INTO task_instances (task_inst_id, task_id, module_inst_id, status, task_completing_time) VALUES (1919, 5, 166, 1, '256');
INSERT INTO recordings (recording_id, task_inst_id, file_path) VALUES (1919, 1919, 'recordings/eval_34_mod_1_task_1919.wav');
INSERT INTO task_instances (task_inst_id, task_id, module_inst_id, status, task_completing_time) VALUES (1920, 6, 166, 1, '167');
INSERT INTO recordings (recording_id, task_inst_id, file_path) VALUES (1920, 1920, 'recordings/eval_34_mod_1_task_1920.wav');
INSERT INTO task_instances (task_inst_id, task_id, module_inst_id, status, task_completing_time) VALUES (1921, 7, 166, 0, '212');
INSERT INTO recordings (recording_id, task_inst_id, file_path) VALUES (1921, 1921, 'recordings/eval_34_mod_1_task_1921.wav');
INSERT INTO task_instances (task_inst_id, task_id, module_inst_id, status, task_completing_time) VALUES (1922, 8, 166, 1, '128');
INSERT INTO recordings (recording_id, task_inst_id, file_path) VALUES (1922, 1922, 'recordings/eval_34_mod_1_task_1922.wav');
INSERT INTO task_instances (task_inst_id, task_id, module_inst_id, status, task_completing_time) VALUES (1923, 9, 166, 0, '95');
INSERT INTO recordings (recording_id, task_inst_id, file_path) VALUES (1923, 1923, 'recordings/eval_34_mod_1_task_1923.wav');
INSERT INTO task_instances (task_inst_id, task_id, module_inst_id, status, task_completing_time) VALUES (1924, 10, 166, 1, '224');
INSERT INTO recordings (recording_id, task_inst_id, file_path) VALUES (1924, 1924, 'recordings/eval_34_mod_1_task_1924.wav');
INSERT INTO module_instances (module_inst_id, module_id, evaluation_id, status) VALUES (167, 2, 34, 2);
INSERT INTO task_instances (task_inst_id, task_id, module_inst_id, status, task_completing_time) VALUES (1925, 11, 167, 0, '10');
INSERT INTO recordings (recording_id, task_inst_id, file_path) VALUES (1925, 1925, 'recordings/eval_34_mod_2_task_1925.wav');
INSERT INTO task_instances (task_inst_id, task_id, module_inst_id, status, task_completing_time) VALUES (1926, 12, 167, 1, '253');
INSERT INTO recordings (recording_id, task_inst_id, file_path) VALUES (1926, 1926, 'recordings/eval_34_mod_2_task_1926.wav');
INSERT INTO task_instances (task_inst_id, task_id, module_inst_id, status, task_completing_time) VALUES (1927, 13, 167, 0, '105');
INSERT INTO recordings (recording_id, task_inst_id, file_path) VALUES (1927, 1927, 'recordings/eval_34_mod_2_task_1927.wav');
INSERT INTO task_instances (task_inst_id, task_id, module_inst_id, status, task_completing_time) VALUES (1928, 14, 167, 0, '50');
INSERT INTO recordings (recording_id, task_inst_id, file_path) VALUES (1928, 1928, 'recordings/eval_34_mod_2_task_1928.wav');
INSERT INTO task_instances (task_inst_id, task_id, module_inst_id, status, task_completing_time) VALUES (1929, 15, 167, 1, '54');
INSERT INTO recordings (recording_id, task_inst_id, file_path) VALUES (1929, 1929, 'recordings/eval_34_mod_2_task_1929.wav');
INSERT INTO task_instances (task_inst_id, task_id, module_inst_id, status, task_completing_time) VALUES (1930, 16, 167, 1, '77');
INSERT INTO recordings (recording_id, task_inst_id, file_path) VALUES (1930, 1930, 'recordings/eval_34_mod_2_task_1930.wav');
INSERT INTO task_instances (task_inst_id, task_id, module_inst_id, status, task_completing_time) VALUES (1931, 17, 167, 1, '279');
INSERT INTO recordings (recording_id, task_inst_id, file_path) VALUES (1931, 1931, 'recordings/eval_34_mod_2_task_1931.wav');
INSERT INTO task_instances (task_inst_id, task_id, module_inst_id, status, task_completing_time) VALUES (1932, 18, 167, 1, '229');
INSERT INTO recordings (recording_id, task_inst_id, file_path) VALUES (1932, 1932, 'recordings/eval_34_mod_2_task_1932.wav');
INSERT INTO task_instances (task_inst_id, task_id, module_inst_id, status, task_completing_time) VALUES (1933, 19, 167, 1, '192');
INSERT INTO recordings (recording_id, task_inst_id, file_path) VALUES (1933, 1933, 'recordings/eval_34_mod_2_task_1933.wav');
INSERT INTO task_instances (task_inst_id, task_id, module_inst_id, status, task_completing_time) VALUES (1934, 20, 167, 0, '158');
INSERT INTO recordings (recording_id, task_inst_id, file_path) VALUES (1934, 1934, 'recordings/eval_34_mod_2_task_1934.wav');
INSERT INTO task_instances (task_inst_id, task_id, module_inst_id, status, task_completing_time) VALUES (1935, 21, 167, 1, '11');
INSERT INTO recordings (recording_id, task_inst_id, file_path) VALUES (1935, 1935, 'recordings/eval_34_mod_2_task_1935.wav');
INSERT INTO task_instances (task_inst_id, task_id, module_inst_id, status, task_completing_time) VALUES (1936, 22, 167, 1, '132');
INSERT INTO recordings (recording_id, task_inst_id, file_path) VALUES (1936, 1936, 'recordings/eval_34_mod_2_task_1936.wav');
INSERT INTO task_instances (task_inst_id, task_id, module_inst_id, status, task_completing_time) VALUES (1937, 23, 167, 1, '43');
INSERT INTO recordings (recording_id, task_inst_id, file_path) VALUES (1937, 1937, 'recordings/eval_34_mod_2_task_1937.wav');
INSERT INTO task_instances (task_inst_id, task_id, module_inst_id, status, task_completing_time) VALUES (1938, 24, 167, 1, '101');
INSERT INTO recordings (recording_id, task_inst_id, file_path) VALUES (1938, 1938, 'recordings/eval_34_mod_2_task_1938.wav');
INSERT INTO task_instances (task_inst_id, task_id, module_inst_id, status, task_completing_time) VALUES (1939, 25, 167, 0, '43');
INSERT INTO recordings (recording_id, task_inst_id, file_path) VALUES (1939, 1939, 'recordings/eval_34_mod_2_task_1939.wav');
INSERT INTO task_instances (task_inst_id, task_id, module_inst_id, status, task_completing_time) VALUES (1940, 26, 167, 1, '290');
INSERT INTO recordings (recording_id, task_inst_id, file_path) VALUES (1940, 1940, 'recordings/eval_34_mod_2_task_1940.wav');
INSERT INTO task_instances (task_inst_id, task_id, module_inst_id, status, task_completing_time) VALUES (1941, 27, 167, 1, '53');
INSERT INTO recordings (recording_id, task_inst_id, file_path) VALUES (1941, 1941, 'recordings/eval_34_mod_2_task_1941.wav');
INSERT INTO task_instances (task_inst_id, task_id, module_inst_id, status, task_completing_time) VALUES (1942, 28, 167, 1, '203');
INSERT INTO recordings (recording_id, task_inst_id, file_path) VALUES (1942, 1942, 'recordings/eval_34_mod_2_task_1942.wav');
INSERT INTO task_instances (task_inst_id, task_id, module_inst_id, status, task_completing_time) VALUES (1943, 29, 167, 1, '32');
INSERT INTO recordings (recording_id, task_inst_id, file_path) VALUES (1943, 1943, 'recordings/eval_34_mod_2_task_1943.wav');
INSERT INTO task_instances (task_inst_id, task_id, module_inst_id, status, task_completing_time) VALUES (1944, 30, 167, 1, '10');
INSERT INTO recordings (recording_id, task_inst_id, file_path) VALUES (1944, 1944, 'recordings/eval_34_mod_2_task_1944.wav');
INSERT INTO task_instances (task_inst_id, task_id, module_inst_id, status, task_completing_time) VALUES (1945, 31, 167, 0, '115');
INSERT INTO recordings (recording_id, task_inst_id, file_path) VALUES (1945, 1945, 'recordings/eval_34_mod_2_task_1945.wav');
INSERT INTO task_instances (task_inst_id, task_id, module_inst_id, status, task_completing_time) VALUES (1946, 32, 167, 1, '166');
INSERT INTO recordings (recording_id, task_inst_id, file_path) VALUES (1946, 1946, 'recordings/eval_34_mod_2_task_1946.wav');
INSERT INTO task_instances (task_inst_id, task_id, module_inst_id, status, task_completing_time) VALUES (1947, 33, 167, 1, '234');
INSERT INTO recordings (recording_id, task_inst_id, file_path) VALUES (1947, 1947, 'recordings/eval_34_mod_2_task_1947.wav');
INSERT INTO task_instances (task_inst_id, task_id, module_inst_id, status, task_completing_time) VALUES (1948, 34, 167, 1, '154');
INSERT INTO recordings (recording_id, task_inst_id, file_path) VALUES (1948, 1948, 'recordings/eval_34_mod_2_task_1948.wav');
INSERT INTO task_instances (task_inst_id, task_id, module_inst_id, status, task_completing_time) VALUES (1949, 35, 167, 1, '261');
INSERT INTO recordings (recording_id, task_inst_id, file_path) VALUES (1949, 1949, 'recordings/eval_34_mod_2_task_1949.wav');
INSERT INTO task_instances (task_inst_id, task_id, module_inst_id, status, task_completing_time) VALUES (1950, 36, 167, 1, '24');
INSERT INTO recordings (recording_id, task_inst_id, file_path) VALUES (1950, 1950, 'recordings/eval_34_mod_2_task_1950.wav');
INSERT INTO task_instances (task_inst_id, task_id, module_inst_id, status, task_completing_time) VALUES (1951, 37, 167, 1, '266');
INSERT INTO recordings (recording_id, task_inst_id, file_path) VALUES (1951, 1951, 'recordings/eval_34_mod_2_task_1951.wav');
INSERT INTO module_instances (module_inst_id, module_id, evaluation_id, status) VALUES (168, 3, 34, 3);
INSERT INTO task_instances (task_inst_id, task_id, module_inst_id, status, task_completing_time) VALUES (1952, 38, 168, 1, '46');
INSERT INTO recordings (recording_id, task_inst_id, file_path) VALUES (1952, 1952, 'recordings/eval_34_mod_3_task_1952.wav');
INSERT INTO task_instances (task_inst_id, task_id, module_inst_id, status, task_completing_time) VALUES (1953, 39, 168, 0, '26');
INSERT INTO recordings (recording_id, task_inst_id, file_path) VALUES (1953, 1953, 'recordings/eval_34_mod_3_task_1953.wav');
INSERT INTO task_instances (task_inst_id, task_id, module_inst_id, status, task_completing_time) VALUES (1954, 40, 168, 1, '179');
INSERT INTO recordings (recording_id, task_inst_id, file_path) VALUES (1954, 1954, 'recordings/eval_34_mod_3_task_1954.wav');
INSERT INTO task_instances (task_inst_id, task_id, module_inst_id, status, task_completing_time) VALUES (1955, 41, 168, 1, '156');
INSERT INTO recordings (recording_id, task_inst_id, file_path) VALUES (1955, 1955, 'recordings/eval_34_mod_3_task_1955.wav');
INSERT INTO task_instances (task_inst_id, task_id, module_inst_id, status, task_completing_time) VALUES (1956, 42, 168, 0, '232');
INSERT INTO recordings (recording_id, task_inst_id, file_path) VALUES (1956, 1956, 'recordings/eval_34_mod_3_task_1956.wav');
INSERT INTO task_instances (task_inst_id, task_id, module_inst_id, status, task_completing_time) VALUES (1957, 43, 168, 1, '162');
INSERT INTO recordings (recording_id, task_inst_id, file_path) VALUES (1957, 1957, 'recordings/eval_34_mod_3_task_1957.wav');
INSERT INTO task_instances (task_inst_id, task_id, module_inst_id, status, task_completing_time) VALUES (1958, 44, 168, 0, '104');
INSERT INTO recordings (recording_id, task_inst_id, file_path) VALUES (1958, 1958, 'recordings/eval_34_mod_3_task_1958.wav');
INSERT INTO task_instances (task_inst_id, task_id, module_inst_id, status, task_completing_time) VALUES (1959, 45, 168, 1, '156');
INSERT INTO recordings (recording_id, task_inst_id, file_path) VALUES (1959, 1959, 'recordings/eval_34_mod_3_task_1959.wav');
INSERT INTO task_instances (task_inst_id, task_id, module_inst_id, status, task_completing_time) VALUES (1960, 46, 168, 1, '168');
INSERT INTO recordings (recording_id, task_inst_id, file_path) VALUES (1960, 1960, 'recordings/eval_34_mod_3_task_1960.wav');
INSERT INTO module_instances (module_inst_id, module_id, evaluation_id, status) VALUES (169, 4, 34, 1);
INSERT INTO task_instances (task_inst_id, task_id, module_inst_id, status, task_completing_time) VALUES (1961, 47, 169, 1, '30');
INSERT INTO recordings (recording_id, task_inst_id, file_path) VALUES (1961, 1961, 'recordings/eval_34_mod_4_task_1961.wav');
INSERT INTO task_instances (task_inst_id, task_id, module_inst_id, status, task_completing_time) VALUES (1962, 48, 169, 1, '187');
INSERT INTO recordings (recording_id, task_inst_id, file_path) VALUES (1962, 1962, 'recordings/eval_34_mod_4_task_1962.wav');
INSERT INTO task_instances (task_inst_id, task_id, module_inst_id, status, task_completing_time) VALUES (1963, 49, 169, 1, '176');
INSERT INTO recordings (recording_id, task_inst_id, file_path) VALUES (1963, 1963, 'recordings/eval_34_mod_4_task_1963.wav');
INSERT INTO task_instances (task_inst_id, task_id, module_inst_id, status, task_completing_time) VALUES (1964, 50, 169, 1, '56');
INSERT INTO recordings (recording_id, task_inst_id, file_path) VALUES (1964, 1964, 'recordings/eval_34_mod_4_task_1964.wav');
INSERT INTO task_instances (task_inst_id, task_id, module_inst_id, status, task_completing_time) VALUES (1965, 51, 169, 1, '103');
INSERT INTO recordings (recording_id, task_inst_id, file_path) VALUES (1965, 1965, 'recordings/eval_34_mod_4_task_1965.wav');
INSERT INTO task_instances (task_inst_id, task_id, module_inst_id, status, task_completing_time) VALUES (1966, 52, 169, 0, '224');
INSERT INTO recordings (recording_id, task_inst_id, file_path) VALUES (1966, 1966, 'recordings/eval_34_mod_4_task_1966.wav');
INSERT INTO task_instances (task_inst_id, task_id, module_inst_id, status, task_completing_time) VALUES (1967, 53, 169, 1, '89');
INSERT INTO recordings (recording_id, task_inst_id, file_path) VALUES (1967, 1967, 'recordings/eval_34_mod_4_task_1967.wav');
INSERT INTO task_instances (task_inst_id, task_id, module_inst_id, status, task_completing_time) VALUES (1968, 54, 169, 1, '105');
INSERT INTO recordings (recording_id, task_inst_id, file_path) VALUES (1968, 1968, 'recordings/eval_34_mod_4_task_1968.wav');
INSERT INTO task_instances (task_inst_id, task_id, module_inst_id, status, task_completing_time) VALUES (1969, 55, 169, 1, '234');
INSERT INTO recordings (recording_id, task_inst_id, file_path) VALUES (1969, 1969, 'recordings/eval_34_mod_4_task_1969.wav');
INSERT INTO task_instances (task_inst_id, task_id, module_inst_id, status, task_completing_time) VALUES (1970, 56, 169, 1, '23');
INSERT INTO recordings (recording_id, task_inst_id, file_path) VALUES (1970, 1970, 'recordings/eval_34_mod_4_task_1970.wav');
INSERT INTO module_instances (module_inst_id, module_id, evaluation_id, status) VALUES (170, 9001, 34, 3);
INSERT INTO task_instances (task_inst_id, task_id, module_inst_id, status, task_completing_time) VALUES (1971, 9001, 170, 1, '30');
INSERT INTO recordings (recording_id, task_inst_id, file_path) VALUES (1971, 1971, 'recordings/eval_34_mod_9001_task_1971.wav');
INSERT INTO task_instances (task_inst_id, task_id, module_inst_id, status, task_completing_time) VALUES (1972, 9002, 170, 1, '86');
INSERT INTO recordings (recording_id, task_inst_id, file_path) VALUES (1972, 1972, 'recordings/eval_34_mod_9001_task_1972.wav');
INSERT INTO participants (participant_id, name, surname, education_level, sex, birth_date, laterality) VALUES (35, 'tsX16MTgUIKheSwJhN8UCA==', 'qtXk7N6ZOoCjey4Lht0WCg==', 2, 2, '1973-01-12', 1);
INSERT INTO evaluations (evaluation_id, evaluation_date, evaluator_id, participant_id, status, language) VALUES (35, '2025-10-17 14:47:00', 5, 35, 3, 1);
INSERT INTO module_instances (module_inst_id, module_id, evaluation_id, status) VALUES (171, 1, 35, 1);
INSERT INTO task_instances (task_inst_id, task_id, module_inst_id, status, task_completing_time) VALUES (1973, 1, 171, 1, '6');
INSERT INTO recordings (recording_id, task_inst_id, file_path) VALUES (1973, 1973, 'recordings/eval_35_mod_1_task_1973.wav');
INSERT INTO task_instances (task_inst_id, task_id, module_inst_id, status, task_completing_time) VALUES (1974, 2, 171, 1, '121');
INSERT INTO recordings (recording_id, task_inst_id, file_path) VALUES (1974, 1974, 'recordings/eval_35_mod_1_task_1974.wav');
INSERT INTO task_instances (task_inst_id, task_id, module_inst_id, status, task_completing_time) VALUES (1975, 3, 171, 1, '27');
INSERT INTO recordings (recording_id, task_inst_id, file_path) VALUES (1975, 1975, 'recordings/eval_35_mod_1_task_1975.wav');
INSERT INTO task_instances (task_inst_id, task_id, module_inst_id, status, task_completing_time) VALUES (1976, 4, 171, 1, '181');
INSERT INTO recordings (recording_id, task_inst_id, file_path) VALUES (1976, 1976, 'recordings/eval_35_mod_1_task_1976.wav');
INSERT INTO task_instances (task_inst_id, task_id, module_inst_id, status, task_completing_time) VALUES (1977, 5, 171, 1, '101');
INSERT INTO recordings (recording_id, task_inst_id, file_path) VALUES (1977, 1977, 'recordings/eval_35_mod_1_task_1977.wav');
INSERT INTO task_instances (task_inst_id, task_id, module_inst_id, status, task_completing_time) VALUES (1978, 6, 171, 1, '154');
INSERT INTO recordings (recording_id, task_inst_id, file_path) VALUES (1978, 1978, 'recordings/eval_35_mod_1_task_1978.wav');
INSERT INTO task_instances (task_inst_id, task_id, module_inst_id, status, task_completing_time) VALUES (1979, 7, 171, 1, '201');
INSERT INTO recordings (recording_id, task_inst_id, file_path) VALUES (1979, 1979, 'recordings/eval_35_mod_1_task_1979.wav');
INSERT INTO task_instances (task_inst_id, task_id, module_inst_id, status, task_completing_time) VALUES (1980, 8, 171, 1, '63');
INSERT INTO recordings (recording_id, task_inst_id, file_path) VALUES (1980, 1980, 'recordings/eval_35_mod_1_task_1980.wav');
INSERT INTO task_instances (task_inst_id, task_id, module_inst_id, status, task_completing_time) VALUES (1981, 9, 171, 1, '271');
INSERT INTO recordings (recording_id, task_inst_id, file_path) VALUES (1981, 1981, 'recordings/eval_35_mod_1_task_1981.wav');
INSERT INTO task_instances (task_inst_id, task_id, module_inst_id, status, task_completing_time) VALUES (1982, 10, 171, 1, '227');
INSERT INTO recordings (recording_id, task_inst_id, file_path) VALUES (1982, 1982, 'recordings/eval_35_mod_1_task_1982.wav');
INSERT INTO module_instances (module_inst_id, module_id, evaluation_id, status) VALUES (172, 2, 35, 3);
INSERT INTO task_instances (task_inst_id, task_id, module_inst_id, status, task_completing_time) VALUES (1983, 11, 172, 1, '11');
INSERT INTO recordings (recording_id, task_inst_id, file_path) VALUES (1983, 1983, 'recordings/eval_35_mod_2_task_1983.wav');
INSERT INTO task_instances (task_inst_id, task_id, module_inst_id, status, task_completing_time) VALUES (1984, 12, 172, 1, '112');
INSERT INTO recordings (recording_id, task_inst_id, file_path) VALUES (1984, 1984, 'recordings/eval_35_mod_2_task_1984.wav');
INSERT INTO task_instances (task_inst_id, task_id, module_inst_id, status, task_completing_time) VALUES (1985, 13, 172, 1, '297');
INSERT INTO recordings (recording_id, task_inst_id, file_path) VALUES (1985, 1985, 'recordings/eval_35_mod_2_task_1985.wav');
INSERT INTO task_instances (task_inst_id, task_id, module_inst_id, status, task_completing_time) VALUES (1986, 14, 172, 0, '171');
INSERT INTO recordings (recording_id, task_inst_id, file_path) VALUES (1986, 1986, 'recordings/eval_35_mod_2_task_1986.wav');
INSERT INTO task_instances (task_inst_id, task_id, module_inst_id, status, task_completing_time) VALUES (1987, 15, 172, 1, '27');
INSERT INTO recordings (recording_id, task_inst_id, file_path) VALUES (1987, 1987, 'recordings/eval_35_mod_2_task_1987.wav');
INSERT INTO task_instances (task_inst_id, task_id, module_inst_id, status, task_completing_time) VALUES (1988, 16, 172, 0, '249');
INSERT INTO recordings (recording_id, task_inst_id, file_path) VALUES (1988, 1988, 'recordings/eval_35_mod_2_task_1988.wav');
INSERT INTO task_instances (task_inst_id, task_id, module_inst_id, status, task_completing_time) VALUES (1989, 17, 172, 1, '20');
INSERT INTO recordings (recording_id, task_inst_id, file_path) VALUES (1989, 1989, 'recordings/eval_35_mod_2_task_1989.wav');
INSERT INTO task_instances (task_inst_id, task_id, module_inst_id, status, task_completing_time) VALUES (1990, 18, 172, 1, '44');
INSERT INTO recordings (recording_id, task_inst_id, file_path) VALUES (1990, 1990, 'recordings/eval_35_mod_2_task_1990.wav');
INSERT INTO task_instances (task_inst_id, task_id, module_inst_id, status, task_completing_time) VALUES (1991, 19, 172, 1, '23');
INSERT INTO recordings (recording_id, task_inst_id, file_path) VALUES (1991, 1991, 'recordings/eval_35_mod_2_task_1991.wav');
INSERT INTO task_instances (task_inst_id, task_id, module_inst_id, status, task_completing_time) VALUES (1992, 20, 172, 1, '142');
INSERT INTO recordings (recording_id, task_inst_id, file_path) VALUES (1992, 1992, 'recordings/eval_35_mod_2_task_1992.wav');
INSERT INTO task_instances (task_inst_id, task_id, module_inst_id, status, task_completing_time) VALUES (1993, 21, 172, 1, '28');
INSERT INTO recordings (recording_id, task_inst_id, file_path) VALUES (1993, 1993, 'recordings/eval_35_mod_2_task_1993.wav');
INSERT INTO task_instances (task_inst_id, task_id, module_inst_id, status, task_completing_time) VALUES (1994, 22, 172, 0, '72');
INSERT INTO recordings (recording_id, task_inst_id, file_path) VALUES (1994, 1994, 'recordings/eval_35_mod_2_task_1994.wav');
INSERT INTO task_instances (task_inst_id, task_id, module_inst_id, status, task_completing_time) VALUES (1995, 23, 172, 1, '23');
INSERT INTO recordings (recording_id, task_inst_id, file_path) VALUES (1995, 1995, 'recordings/eval_35_mod_2_task_1995.wav');
INSERT INTO task_instances (task_inst_id, task_id, module_inst_id, status, task_completing_time) VALUES (1996, 24, 172, 1, '254');
INSERT INTO recordings (recording_id, task_inst_id, file_path) VALUES (1996, 1996, 'recordings/eval_35_mod_2_task_1996.wav');
INSERT INTO task_instances (task_inst_id, task_id, module_inst_id, status, task_completing_time) VALUES (1997, 25, 172, 1, '48');
INSERT INTO recordings (recording_id, task_inst_id, file_path) VALUES (1997, 1997, 'recordings/eval_35_mod_2_task_1997.wav');
INSERT INTO task_instances (task_inst_id, task_id, module_inst_id, status, task_completing_time) VALUES (1998, 26, 172, 1, '81');
INSERT INTO recordings (recording_id, task_inst_id, file_path) VALUES (1998, 1998, 'recordings/eval_35_mod_2_task_1998.wav');
INSERT INTO task_instances (task_inst_id, task_id, module_inst_id, status, task_completing_time) VALUES (1999, 27, 172, 1, '50');
INSERT INTO recordings (recording_id, task_inst_id, file_path) VALUES (1999, 1999, 'recordings/eval_35_mod_2_task_1999.wav');
INSERT INTO task_instances (task_inst_id, task_id, module_inst_id, status, task_completing_time) VALUES (2000, 28, 172, 1, '270');
INSERT INTO recordings (recording_id, task_inst_id, file_path) VALUES (2000, 2000, 'recordings/eval_35_mod_2_task_2000.wav');
INSERT INTO task_instances (task_inst_id, task_id, module_inst_id, status, task_completing_time) VALUES (2001, 29, 172, 1, '245');
INSERT INTO recordings (recording_id, task_inst_id, file_path) VALUES (2001, 2001, 'recordings/eval_35_mod_2_task_2001.wav');
INSERT INTO task_instances (task_inst_id, task_id, module_inst_id, status, task_completing_time) VALUES (2002, 30, 172, 0, '42');
INSERT INTO recordings (recording_id, task_inst_id, file_path) VALUES (2002, 2002, 'recordings/eval_35_mod_2_task_2002.wav');
INSERT INTO task_instances (task_inst_id, task_id, module_inst_id, status, task_completing_time) VALUES (2003, 31, 172, 1, '34');
INSERT INTO recordings (recording_id, task_inst_id, file_path) VALUES (2003, 2003, 'recordings/eval_35_mod_2_task_2003.wav');
INSERT INTO task_instances (task_inst_id, task_id, module_inst_id, status, task_completing_time) VALUES (2004, 32, 172, 1, '276');
INSERT INTO recordings (recording_id, task_inst_id, file_path) VALUES (2004, 2004, 'recordings/eval_35_mod_2_task_2004.wav');
INSERT INTO task_instances (task_inst_id, task_id, module_inst_id, status, task_completing_time) VALUES (2005, 33, 172, 1, '298');
INSERT INTO recordings (recording_id, task_inst_id, file_path) VALUES (2005, 2005, 'recordings/eval_35_mod_2_task_2005.wav');
INSERT INTO task_instances (task_inst_id, task_id, module_inst_id, status, task_completing_time) VALUES (2006, 34, 172, 1, '182');
INSERT INTO recordings (recording_id, task_inst_id, file_path) VALUES (2006, 2006, 'recordings/eval_35_mod_2_task_2006.wav');
INSERT INTO task_instances (task_inst_id, task_id, module_inst_id, status, task_completing_time) VALUES (2007, 35, 172, 0, '41');
INSERT INTO recordings (recording_id, task_inst_id, file_path) VALUES (2007, 2007, 'recordings/eval_35_mod_2_task_2007.wav');
INSERT INTO task_instances (task_inst_id, task_id, module_inst_id, status, task_completing_time) VALUES (2008, 36, 172, 1, '191');
INSERT INTO recordings (recording_id, task_inst_id, file_path) VALUES (2008, 2008, 'recordings/eval_35_mod_2_task_2008.wav');
INSERT INTO task_instances (task_inst_id, task_id, module_inst_id, status, task_completing_time) VALUES (2009, 37, 172, 1, '161');
INSERT INTO recordings (recording_id, task_inst_id, file_path) VALUES (2009, 2009, 'recordings/eval_35_mod_2_task_2009.wav');
INSERT INTO module_instances (module_inst_id, module_id, evaluation_id, status) VALUES (173, 3, 35, 3);
INSERT INTO task_instances (task_inst_id, task_id, module_inst_id, status, task_completing_time) VALUES (2010, 38, 173, 1, '39');
INSERT INTO recordings (recording_id, task_inst_id, file_path) VALUES (2010, 2010, 'recordings/eval_35_mod_3_task_2010.wav');
INSERT INTO task_instances (task_inst_id, task_id, module_inst_id, status, task_completing_time) VALUES (2011, 39, 173, 1, '42');
INSERT INTO recordings (recording_id, task_inst_id, file_path) VALUES (2011, 2011, 'recordings/eval_35_mod_3_task_2011.wav');
INSERT INTO task_instances (task_inst_id, task_id, module_inst_id, status, task_completing_time) VALUES (2012, 40, 173, 1, '143');
INSERT INTO recordings (recording_id, task_inst_id, file_path) VALUES (2012, 2012, 'recordings/eval_35_mod_3_task_2012.wav');
INSERT INTO task_instances (task_inst_id, task_id, module_inst_id, status, task_completing_time) VALUES (2013, 41, 173, 1, '97');
INSERT INTO recordings (recording_id, task_inst_id, file_path) VALUES (2013, 2013, 'recordings/eval_35_mod_3_task_2013.wav');
INSERT INTO task_instances (task_inst_id, task_id, module_inst_id, status, task_completing_time) VALUES (2014, 42, 173, 0, '157');
INSERT INTO recordings (recording_id, task_inst_id, file_path) VALUES (2014, 2014, 'recordings/eval_35_mod_3_task_2014.wav');
INSERT INTO task_instances (task_inst_id, task_id, module_inst_id, status, task_completing_time) VALUES (2015, 43, 173, 0, '133');
INSERT INTO recordings (recording_id, task_inst_id, file_path) VALUES (2015, 2015, 'recordings/eval_35_mod_3_task_2015.wav');
INSERT INTO task_instances (task_inst_id, task_id, module_inst_id, status, task_completing_time) VALUES (2016, 44, 173, 0, '123');
INSERT INTO recordings (recording_id, task_inst_id, file_path) VALUES (2016, 2016, 'recordings/eval_35_mod_3_task_2016.wav');
INSERT INTO task_instances (task_inst_id, task_id, module_inst_id, status, task_completing_time) VALUES (2017, 45, 173, 1, '270');
INSERT INTO recordings (recording_id, task_inst_id, file_path) VALUES (2017, 2017, 'recordings/eval_35_mod_3_task_2017.wav');
INSERT INTO task_instances (task_inst_id, task_id, module_inst_id, status, task_completing_time) VALUES (2018, 46, 173, 1, '243');
INSERT INTO recordings (recording_id, task_inst_id, file_path) VALUES (2018, 2018, 'recordings/eval_35_mod_3_task_2018.wav');
INSERT INTO module_instances (module_inst_id, module_id, evaluation_id, status) VALUES (174, 4, 35, 3);
INSERT INTO task_instances (task_inst_id, task_id, module_inst_id, status, task_completing_time) VALUES (2019, 47, 174, 1, '28');
INSERT INTO recordings (recording_id, task_inst_id, file_path) VALUES (2019, 2019, 'recordings/eval_35_mod_4_task_2019.wav');
INSERT INTO task_instances (task_inst_id, task_id, module_inst_id, status, task_completing_time) VALUES (2020, 48, 174, 1, '210');
INSERT INTO recordings (recording_id, task_inst_id, file_path) VALUES (2020, 2020, 'recordings/eval_35_mod_4_task_2020.wav');
INSERT INTO task_instances (task_inst_id, task_id, module_inst_id, status, task_completing_time) VALUES (2021, 49, 174, 0, '279');
INSERT INTO recordings (recording_id, task_inst_id, file_path) VALUES (2021, 2021, 'recordings/eval_35_mod_4_task_2021.wav');
INSERT INTO task_instances (task_inst_id, task_id, module_inst_id, status, task_completing_time) VALUES (2022, 50, 174, 0, '230');
INSERT INTO recordings (recording_id, task_inst_id, file_path) VALUES (2022, 2022, 'recordings/eval_35_mod_4_task_2022.wav');
INSERT INTO task_instances (task_inst_id, task_id, module_inst_id, status, task_completing_time) VALUES (2023, 51, 174, 0, '253');
INSERT INTO recordings (recording_id, task_inst_id, file_path) VALUES (2023, 2023, 'recordings/eval_35_mod_4_task_2023.wav');
INSERT INTO task_instances (task_inst_id, task_id, module_inst_id, status, task_completing_time) VALUES (2024, 52, 174, 0, '103');
INSERT INTO recordings (recording_id, task_inst_id, file_path) VALUES (2024, 2024, 'recordings/eval_35_mod_4_task_2024.wav');
INSERT INTO task_instances (task_inst_id, task_id, module_inst_id, status, task_completing_time) VALUES (2025, 53, 174, 1, '32');
INSERT INTO recordings (recording_id, task_inst_id, file_path) VALUES (2025, 2025, 'recordings/eval_35_mod_4_task_2025.wav');
INSERT INTO task_instances (task_inst_id, task_id, module_inst_id, status, task_completing_time) VALUES (2026, 54, 174, 1, '169');
INSERT INTO recordings (recording_id, task_inst_id, file_path) VALUES (2026, 2026, 'recordings/eval_35_mod_4_task_2026.wav');
INSERT INTO task_instances (task_inst_id, task_id, module_inst_id, status, task_completing_time) VALUES (2027, 55, 174, 1, '128');
INSERT INTO recordings (recording_id, task_inst_id, file_path) VALUES (2027, 2027, 'recordings/eval_35_mod_4_task_2027.wav');
INSERT INTO task_instances (task_inst_id, task_id, module_inst_id, status, task_completing_time) VALUES (2028, 56, 174, 1, '28');
INSERT INTO recordings (recording_id, task_inst_id, file_path) VALUES (2028, 2028, 'recordings/eval_35_mod_4_task_2028.wav');
INSERT INTO module_instances (module_inst_id, module_id, evaluation_id, status) VALUES (175, 9001, 35, 3);
INSERT INTO task_instances (task_inst_id, task_id, module_inst_id, status, task_completing_time) VALUES (2029, 9001, 175, 1, '6');
INSERT INTO recordings (recording_id, task_inst_id, file_path) VALUES (2029, 2029, 'recordings/eval_35_mod_9001_task_2029.wav');
INSERT INTO task_instances (task_inst_id, task_id, module_inst_id, status, task_completing_time) VALUES (2030, 9002, 175, 1, '197');
INSERT INTO recordings (recording_id, task_inst_id, file_path) VALUES (2030, 2030, 'recordings/eval_35_mod_9001_task_2030.wav');
INSERT INTO participants (participant_id, name, surname, education_level, sex, birth_date, laterality) VALUES (36, 'sdHk7NngUIKheSwJhN8UCA==', 'ttn76LvnV4WmfisOg9gTDw==', 5, 1, '1959-07-06', 2);
INSERT INTO evaluations (evaluation_id, evaluation_date, evaluator_id, participant_id, status, language) VALUES (36, '2025-10-26 10:01:00', 6, 36, 2, 2);
INSERT INTO module_instances (module_inst_id, module_id, evaluation_id, status) VALUES (176, 1, 36, 3);
INSERT INTO task_instances (task_inst_id, task_id, module_inst_id, status, task_completing_time) VALUES (2031, 1, 176, 1, '56');
INSERT INTO recordings (recording_id, task_inst_id, file_path) VALUES (2031, 2031, 'recordings/eval_36_mod_1_task_2031.wav');
INSERT INTO task_instances (task_inst_id, task_id, module_inst_id, status, task_completing_time) VALUES (2032, 2, 176, 0, '164');
INSERT INTO recordings (recording_id, task_inst_id, file_path) VALUES (2032, 2032, 'recordings/eval_36_mod_1_task_2032.wav');
INSERT INTO task_instances (task_inst_id, task_id, module_inst_id, status, task_completing_time) VALUES (2033, 3, 176, 1, '141');
INSERT INTO recordings (recording_id, task_inst_id, file_path) VALUES (2033, 2033, 'recordings/eval_36_mod_1_task_2033.wav');
INSERT INTO task_instances (task_inst_id, task_id, module_inst_id, status, task_completing_time) VALUES (2034, 4, 176, 1, '187');
INSERT INTO recordings (recording_id, task_inst_id, file_path) VALUES (2034, 2034, 'recordings/eval_36_mod_1_task_2034.wav');
INSERT INTO task_instances (task_inst_id, task_id, module_inst_id, status, task_completing_time) VALUES (2035, 5, 176, 1, '249');
INSERT INTO recordings (recording_id, task_inst_id, file_path) VALUES (2035, 2035, 'recordings/eval_36_mod_1_task_2035.wav');
INSERT INTO task_instances (task_inst_id, task_id, module_inst_id, status, task_completing_time) VALUES (2036, 6, 176, 0, '297');
INSERT INTO recordings (recording_id, task_inst_id, file_path) VALUES (2036, 2036, 'recordings/eval_36_mod_1_task_2036.wav');
INSERT INTO task_instances (task_inst_id, task_id, module_inst_id, status, task_completing_time) VALUES (2037, 7, 176, 1, '147');
INSERT INTO recordings (recording_id, task_inst_id, file_path) VALUES (2037, 2037, 'recordings/eval_36_mod_1_task_2037.wav');
INSERT INTO task_instances (task_inst_id, task_id, module_inst_id, status, task_completing_time) VALUES (2038, 8, 176, 1, '200');
INSERT INTO recordings (recording_id, task_inst_id, file_path) VALUES (2038, 2038, 'recordings/eval_36_mod_1_task_2038.wav');
INSERT INTO task_instances (task_inst_id, task_id, module_inst_id, status, task_completing_time) VALUES (2039, 9, 176, 1, '108');
INSERT INTO recordings (recording_id, task_inst_id, file_path) VALUES (2039, 2039, 'recordings/eval_36_mod_1_task_2039.wav');
INSERT INTO task_instances (task_inst_id, task_id, module_inst_id, status, task_completing_time) VALUES (2040, 10, 176, 1, '220');
INSERT INTO recordings (recording_id, task_inst_id, file_path) VALUES (2040, 2040, 'recordings/eval_36_mod_1_task_2040.wav');
INSERT INTO module_instances (module_inst_id, module_id, evaluation_id, status) VALUES (177, 2, 36, 3);
INSERT INTO task_instances (task_inst_id, task_id, module_inst_id, status, task_completing_time) VALUES (2041, 11, 177, 0, '14');
INSERT INTO recordings (recording_id, task_inst_id, file_path) VALUES (2041, 2041, 'recordings/eval_36_mod_2_task_2041.wav');
INSERT INTO task_instances (task_inst_id, task_id, module_inst_id, status, task_completing_time) VALUES (2042, 12, 177, 0, '29');
INSERT INTO recordings (recording_id, task_inst_id, file_path) VALUES (2042, 2042, 'recordings/eval_36_mod_2_task_2042.wav');
INSERT INTO task_instances (task_inst_id, task_id, module_inst_id, status, task_completing_time) VALUES (2043, 13, 177, 1, '219');
INSERT INTO recordings (recording_id, task_inst_id, file_path) VALUES (2043, 2043, 'recordings/eval_36_mod_2_task_2043.wav');
INSERT INTO task_instances (task_inst_id, task_id, module_inst_id, status, task_completing_time) VALUES (2044, 14, 177, 1, '254');
INSERT INTO recordings (recording_id, task_inst_id, file_path) VALUES (2044, 2044, 'recordings/eval_36_mod_2_task_2044.wav');
INSERT INTO task_instances (task_inst_id, task_id, module_inst_id, status, task_completing_time) VALUES (2045, 15, 177, 0, '83');
INSERT INTO recordings (recording_id, task_inst_id, file_path) VALUES (2045, 2045, 'recordings/eval_36_mod_2_task_2045.wav');
INSERT INTO task_instances (task_inst_id, task_id, module_inst_id, status, task_completing_time) VALUES (2046, 16, 177, 1, '163');
INSERT INTO recordings (recording_id, task_inst_id, file_path) VALUES (2046, 2046, 'recordings/eval_36_mod_2_task_2046.wav');
INSERT INTO task_instances (task_inst_id, task_id, module_inst_id, status, task_completing_time) VALUES (2047, 17, 177, 1, '31');
INSERT INTO recordings (recording_id, task_inst_id, file_path) VALUES (2047, 2047, 'recordings/eval_36_mod_2_task_2047.wav');
INSERT INTO task_instances (task_inst_id, task_id, module_inst_id, status, task_completing_time) VALUES (2048, 18, 177, 1, '128');
INSERT INTO recordings (recording_id, task_inst_id, file_path) VALUES (2048, 2048, 'recordings/eval_36_mod_2_task_2048.wav');
INSERT INTO task_instances (task_inst_id, task_id, module_inst_id, status, task_completing_time) VALUES (2049, 19, 177, 1, '78');
INSERT INTO recordings (recording_id, task_inst_id, file_path) VALUES (2049, 2049, 'recordings/eval_36_mod_2_task_2049.wav');
INSERT INTO task_instances (task_inst_id, task_id, module_inst_id, status, task_completing_time) VALUES (2050, 20, 177, 0, '279');
INSERT INTO recordings (recording_id, task_inst_id, file_path) VALUES (2050, 2050, 'recordings/eval_36_mod_2_task_2050.wav');
INSERT INTO task_instances (task_inst_id, task_id, module_inst_id, status, task_completing_time) VALUES (2051, 21, 177, 0, '18');
INSERT INTO recordings (recording_id, task_inst_id, file_path) VALUES (2051, 2051, 'recordings/eval_36_mod_2_task_2051.wav');
INSERT INTO task_instances (task_inst_id, task_id, module_inst_id, status, task_completing_time) VALUES (2052, 22, 177, 1, '261');
INSERT INTO recordings (recording_id, task_inst_id, file_path) VALUES (2052, 2052, 'recordings/eval_36_mod_2_task_2052.wav');
INSERT INTO task_instances (task_inst_id, task_id, module_inst_id, status, task_completing_time) VALUES (2053, 23, 177, 0, '31');
INSERT INTO recordings (recording_id, task_inst_id, file_path) VALUES (2053, 2053, 'recordings/eval_36_mod_2_task_2053.wav');
INSERT INTO task_instances (task_inst_id, task_id, module_inst_id, status, task_completing_time) VALUES (2054, 24, 177, 0, '220');
INSERT INTO recordings (recording_id, task_inst_id, file_path) VALUES (2054, 2054, 'recordings/eval_36_mod_2_task_2054.wav');
INSERT INTO task_instances (task_inst_id, task_id, module_inst_id, status, task_completing_time) VALUES (2055, 25, 177, 1, '28');
INSERT INTO recordings (recording_id, task_inst_id, file_path) VALUES (2055, 2055, 'recordings/eval_36_mod_2_task_2055.wav');
INSERT INTO task_instances (task_inst_id, task_id, module_inst_id, status, task_completing_time) VALUES (2056, 26, 177, 1, '31');
INSERT INTO recordings (recording_id, task_inst_id, file_path) VALUES (2056, 2056, 'recordings/eval_36_mod_2_task_2056.wav');
INSERT INTO task_instances (task_inst_id, task_id, module_inst_id, status, task_completing_time) VALUES (2057, 27, 177, 1, '156');
INSERT INTO recordings (recording_id, task_inst_id, file_path) VALUES (2057, 2057, 'recordings/eval_36_mod_2_task_2057.wav');
INSERT INTO task_instances (task_inst_id, task_id, module_inst_id, status, task_completing_time) VALUES (2058, 28, 177, 0, '285');
INSERT INTO recordings (recording_id, task_inst_id, file_path) VALUES (2058, 2058, 'recordings/eval_36_mod_2_task_2058.wav');
INSERT INTO task_instances (task_inst_id, task_id, module_inst_id, status, task_completing_time) VALUES (2059, 29, 177, 1, '20');
INSERT INTO recordings (recording_id, task_inst_id, file_path) VALUES (2059, 2059, 'recordings/eval_36_mod_2_task_2059.wav');
INSERT INTO task_instances (task_inst_id, task_id, module_inst_id, status, task_completing_time) VALUES (2060, 30, 177, 1, '42');
INSERT INTO recordings (recording_id, task_inst_id, file_path) VALUES (2060, 2060, 'recordings/eval_36_mod_2_task_2060.wav');
INSERT INTO task_instances (task_inst_id, task_id, module_inst_id, status, task_completing_time) VALUES (2061, 31, 177, 1, '267');
INSERT INTO recordings (recording_id, task_inst_id, file_path) VALUES (2061, 2061, 'recordings/eval_36_mod_2_task_2061.wav');
INSERT INTO task_instances (task_inst_id, task_id, module_inst_id, status, task_completing_time) VALUES (2062, 32, 177, 1, '288');
INSERT INTO recordings (recording_id, task_inst_id, file_path) VALUES (2062, 2062, 'recordings/eval_36_mod_2_task_2062.wav');
INSERT INTO task_instances (task_inst_id, task_id, module_inst_id, status, task_completing_time) VALUES (2063, 33, 177, 1, '88');
INSERT INTO recordings (recording_id, task_inst_id, file_path) VALUES (2063, 2063, 'recordings/eval_36_mod_2_task_2063.wav');
INSERT INTO task_instances (task_inst_id, task_id, module_inst_id, status, task_completing_time) VALUES (2064, 34, 177, 1, '252');
INSERT INTO recordings (recording_id, task_inst_id, file_path) VALUES (2064, 2064, 'recordings/eval_36_mod_2_task_2064.wav');
INSERT INTO task_instances (task_inst_id, task_id, module_inst_id, status, task_completing_time) VALUES (2065, 35, 177, 1, '73');
INSERT INTO recordings (recording_id, task_inst_id, file_path) VALUES (2065, 2065, 'recordings/eval_36_mod_2_task_2065.wav');
INSERT INTO task_instances (task_inst_id, task_id, module_inst_id, status, task_completing_time) VALUES (2066, 36, 177, 1, '260');
INSERT INTO recordings (recording_id, task_inst_id, file_path) VALUES (2066, 2066, 'recordings/eval_36_mod_2_task_2066.wav');
INSERT INTO task_instances (task_inst_id, task_id, module_inst_id, status, task_completing_time) VALUES (2067, 37, 177, 1, '122');
INSERT INTO recordings (recording_id, task_inst_id, file_path) VALUES (2067, 2067, 'recordings/eval_36_mod_2_task_2067.wav');
INSERT INTO module_instances (module_inst_id, module_id, evaluation_id, status) VALUES (178, 3, 36, 3);
INSERT INTO task_instances (task_inst_id, task_id, module_inst_id, status, task_completing_time) VALUES (2068, 38, 178, 1, '55');
INSERT INTO recordings (recording_id, task_inst_id, file_path) VALUES (2068, 2068, 'recordings/eval_36_mod_3_task_2068.wav');
INSERT INTO task_instances (task_inst_id, task_id, module_inst_id, status, task_completing_time) VALUES (2069, 39, 178, 1, '190');
INSERT INTO recordings (recording_id, task_inst_id, file_path) VALUES (2069, 2069, 'recordings/eval_36_mod_3_task_2069.wav');
INSERT INTO task_instances (task_inst_id, task_id, module_inst_id, status, task_completing_time) VALUES (2070, 40, 178, 0, '43');
INSERT INTO recordings (recording_id, task_inst_id, file_path) VALUES (2070, 2070, 'recordings/eval_36_mod_3_task_2070.wav');
INSERT INTO task_instances (task_inst_id, task_id, module_inst_id, status, task_completing_time) VALUES (2071, 41, 178, 1, '252');
INSERT INTO recordings (recording_id, task_inst_id, file_path) VALUES (2071, 2071, 'recordings/eval_36_mod_3_task_2071.wav');
INSERT INTO task_instances (task_inst_id, task_id, module_inst_id, status, task_completing_time) VALUES (2072, 42, 178, 1, '59');
INSERT INTO recordings (recording_id, task_inst_id, file_path) VALUES (2072, 2072, 'recordings/eval_36_mod_3_task_2072.wav');
INSERT INTO task_instances (task_inst_id, task_id, module_inst_id, status, task_completing_time) VALUES (2073, 43, 178, 0, '178');
INSERT INTO recordings (recording_id, task_inst_id, file_path) VALUES (2073, 2073, 'recordings/eval_36_mod_3_task_2073.wav');
INSERT INTO task_instances (task_inst_id, task_id, module_inst_id, status, task_completing_time) VALUES (2074, 44, 178, 1, '105');
INSERT INTO recordings (recording_id, task_inst_id, file_path) VALUES (2074, 2074, 'recordings/eval_36_mod_3_task_2074.wav');
INSERT INTO task_instances (task_inst_id, task_id, module_inst_id, status, task_completing_time) VALUES (2075, 45, 178, 0, '131');
INSERT INTO recordings (recording_id, task_inst_id, file_path) VALUES (2075, 2075, 'recordings/eval_36_mod_3_task_2075.wav');
INSERT INTO task_instances (task_inst_id, task_id, module_inst_id, status, task_completing_time) VALUES (2076, 46, 178, 1, '88');
INSERT INTO recordings (recording_id, task_inst_id, file_path) VALUES (2076, 2076, 'recordings/eval_36_mod_3_task_2076.wav');
INSERT INTO module_instances (module_inst_id, module_id, evaluation_id, status) VALUES (179, 4, 36, 3);
INSERT INTO task_instances (task_inst_id, task_id, module_inst_id, status, task_completing_time) VALUES (2077, 47, 179, 1, '38');
INSERT INTO recordings (recording_id, task_inst_id, file_path) VALUES (2077, 2077, 'recordings/eval_36_mod_4_task_2077.wav');
INSERT INTO task_instances (task_inst_id, task_id, module_inst_id, status, task_completing_time) VALUES (2078, 48, 179, 1, '32');
INSERT INTO recordings (recording_id, task_inst_id, file_path) VALUES (2078, 2078, 'recordings/eval_36_mod_4_task_2078.wav');
INSERT INTO task_instances (task_inst_id, task_id, module_inst_id, status, task_completing_time) VALUES (2079, 49, 179, 1, '63');
INSERT INTO recordings (recording_id, task_inst_id, file_path) VALUES (2079, 2079, 'recordings/eval_36_mod_4_task_2079.wav');
INSERT INTO task_instances (task_inst_id, task_id, module_inst_id, status, task_completing_time) VALUES (2080, 50, 179, 1, '100');
INSERT INTO recordings (recording_id, task_inst_id, file_path) VALUES (2080, 2080, 'recordings/eval_36_mod_4_task_2080.wav');
INSERT INTO task_instances (task_inst_id, task_id, module_inst_id, status, task_completing_time) VALUES (2081, 51, 179, 1, '102');
INSERT INTO recordings (recording_id, task_inst_id, file_path) VALUES (2081, 2081, 'recordings/eval_36_mod_4_task_2081.wav');
INSERT INTO task_instances (task_inst_id, task_id, module_inst_id, status, task_completing_time) VALUES (2082, 52, 179, 1, '28');
INSERT INTO recordings (recording_id, task_inst_id, file_path) VALUES (2082, 2082, 'recordings/eval_36_mod_4_task_2082.wav');
INSERT INTO task_instances (task_inst_id, task_id, module_inst_id, status, task_completing_time) VALUES (2083, 53, 179, 1, '142');
INSERT INTO recordings (recording_id, task_inst_id, file_path) VALUES (2083, 2083, 'recordings/eval_36_mod_4_task_2083.wav');
INSERT INTO task_instances (task_inst_id, task_id, module_inst_id, status, task_completing_time) VALUES (2084, 54, 179, 1, '131');
INSERT INTO recordings (recording_id, task_inst_id, file_path) VALUES (2084, 2084, 'recordings/eval_36_mod_4_task_2084.wav');
INSERT INTO task_instances (task_inst_id, task_id, module_inst_id, status, task_completing_time) VALUES (2085, 55, 179, 1, '170');
INSERT INTO recordings (recording_id, task_inst_id, file_path) VALUES (2085, 2085, 'recordings/eval_36_mod_4_task_2085.wav');
INSERT INTO task_instances (task_inst_id, task_id, module_inst_id, status, task_completing_time) VALUES (2086, 56, 179, 1, '36');
INSERT INTO recordings (recording_id, task_inst_id, file_path) VALUES (2086, 2086, 'recordings/eval_36_mod_4_task_2086.wav');
INSERT INTO module_instances (module_inst_id, module_id, evaluation_id, status) VALUES (180, 9001, 36, 3);
INSERT INTO task_instances (task_inst_id, task_id, module_inst_id, status, task_completing_time) VALUES (2087, 9001, 180, 0, '43');
INSERT INTO recordings (recording_id, task_inst_id, file_path) VALUES (2087, 2087, 'recordings/eval_36_mod_9001_task_2087.wav');
INSERT INTO task_instances (task_inst_id, task_id, module_inst_id, status, task_completing_time) VALUES (2088, 9002, 180, 1, '255');
INSERT INTO recordings (recording_id, task_inst_id, file_path) VALUES (2088, 2088, 'recordings/eval_36_mod_9001_task_2088.wav');
INSERT INTO participants (participant_id, name, surname, education_level, sex, birth_date, laterality) VALUES (37, 'tsX16MTgUIKheSwJhN8UCA==', 'u9z77N6POoCjey4Lht0WCg==', 1, 2, '1978-10-12', 2);
INSERT INTO evaluations (evaluation_id, evaluation_date, evaluator_id, participant_id, status, language) VALUES (37, '2025-10-22 11:25:00', 6, 37, 3, 1);
INSERT INTO module_instances (module_inst_id, module_id, evaluation_id, status) VALUES (181, 1, 37, 3);
INSERT INTO task_instances (task_inst_id, task_id, module_inst_id, status, task_completing_time) VALUES (2089, 1, 181, 1, '27');
INSERT INTO recordings (recording_id, task_inst_id, file_path) VALUES (2089, 2089, 'recordings/eval_37_mod_1_task_2089.wav');
INSERT INTO task_instances (task_inst_id, task_id, module_inst_id, status, task_completing_time) VALUES (2090, 2, 181, 1, '295');
INSERT INTO recordings (recording_id, task_inst_id, file_path) VALUES (2090, 2090, 'recordings/eval_37_mod_1_task_2090.wav');
INSERT INTO task_instances (task_inst_id, task_id, module_inst_id, status, task_completing_time) VALUES (2091, 3, 181, 1, '291');
INSERT INTO recordings (recording_id, task_inst_id, file_path) VALUES (2091, 2091, 'recordings/eval_37_mod_1_task_2091.wav');
INSERT INTO task_instances (task_inst_id, task_id, module_inst_id, status, task_completing_time) VALUES (2092, 4, 181, 1, '191');
INSERT INTO recordings (recording_id, task_inst_id, file_path) VALUES (2092, 2092, 'recordings/eval_37_mod_1_task_2092.wav');
INSERT INTO task_instances (task_inst_id, task_id, module_inst_id, status, task_completing_time) VALUES (2093, 5, 181, 1, '20');
INSERT INTO recordings (recording_id, task_inst_id, file_path) VALUES (2093, 2093, 'recordings/eval_37_mod_1_task_2093.wav');
INSERT INTO task_instances (task_inst_id, task_id, module_inst_id, status, task_completing_time) VALUES (2094, 6, 181, 1, '42');
INSERT INTO recordings (recording_id, task_inst_id, file_path) VALUES (2094, 2094, 'recordings/eval_37_mod_1_task_2094.wav');
INSERT INTO task_instances (task_inst_id, task_id, module_inst_id, status, task_completing_time) VALUES (2095, 7, 181, 0, '135');
INSERT INTO recordings (recording_id, task_inst_id, file_path) VALUES (2095, 2095, 'recordings/eval_37_mod_1_task_2095.wav');
INSERT INTO task_instances (task_inst_id, task_id, module_inst_id, status, task_completing_time) VALUES (2096, 8, 181, 1, '183');
INSERT INTO recordings (recording_id, task_inst_id, file_path) VALUES (2096, 2096, 'recordings/eval_37_mod_1_task_2096.wav');
INSERT INTO task_instances (task_inst_id, task_id, module_inst_id, status, task_completing_time) VALUES (2097, 9, 181, 1, '92');
INSERT INTO recordings (recording_id, task_inst_id, file_path) VALUES (2097, 2097, 'recordings/eval_37_mod_1_task_2097.wav');
INSERT INTO task_instances (task_inst_id, task_id, module_inst_id, status, task_completing_time) VALUES (2098, 10, 181, 1, '125');
INSERT INTO recordings (recording_id, task_inst_id, file_path) VALUES (2098, 2098, 'recordings/eval_37_mod_1_task_2098.wav');
INSERT INTO module_instances (module_inst_id, module_id, evaluation_id, status) VALUES (182, 2, 37, 3);
INSERT INTO task_instances (task_inst_id, task_id, module_inst_id, status, task_completing_time) VALUES (2099, 11, 182, 0, '54');
INSERT INTO recordings (recording_id, task_inst_id, file_path) VALUES (2099, 2099, 'recordings/eval_37_mod_2_task_2099.wav');
INSERT INTO task_instances (task_inst_id, task_id, module_inst_id, status, task_completing_time) VALUES (2100, 12, 182, 1, '68');
INSERT INTO recordings (recording_id, task_inst_id, file_path) VALUES (2100, 2100, 'recordings/eval_37_mod_2_task_2100.wav');
INSERT INTO task_instances (task_inst_id, task_id, module_inst_id, status, task_completing_time) VALUES (2101, 13, 182, 1, '182');
INSERT INTO recordings (recording_id, task_inst_id, file_path) VALUES (2101, 2101, 'recordings/eval_37_mod_2_task_2101.wav');
INSERT INTO task_instances (task_inst_id, task_id, module_inst_id, status, task_completing_time) VALUES (2102, 14, 182, 1, '180');
INSERT INTO recordings (recording_id, task_inst_id, file_path) VALUES (2102, 2102, 'recordings/eval_37_mod_2_task_2102.wav');
INSERT INTO task_instances (task_inst_id, task_id, module_inst_id, status, task_completing_time) VALUES (2103, 15, 182, 1, '44');
INSERT INTO recordings (recording_id, task_inst_id, file_path) VALUES (2103, 2103, 'recordings/eval_37_mod_2_task_2103.wav');
INSERT INTO task_instances (task_inst_id, task_id, module_inst_id, status, task_completing_time) VALUES (2104, 16, 182, 1, '162');
INSERT INTO recordings (recording_id, task_inst_id, file_path) VALUES (2104, 2104, 'recordings/eval_37_mod_2_task_2104.wav');
INSERT INTO task_instances (task_inst_id, task_id, module_inst_id, status, task_completing_time) VALUES (2105, 17, 182, 1, '286');
INSERT INTO recordings (recording_id, task_inst_id, file_path) VALUES (2105, 2105, 'recordings/eval_37_mod_2_task_2105.wav');
INSERT INTO task_instances (task_inst_id, task_id, module_inst_id, status, task_completing_time) VALUES (2106, 18, 182, 1, '162');
INSERT INTO recordings (recording_id, task_inst_id, file_path) VALUES (2106, 2106, 'recordings/eval_37_mod_2_task_2106.wav');
INSERT INTO task_instances (task_inst_id, task_id, module_inst_id, status, task_completing_time) VALUES (2107, 19, 182, 0, '43');
INSERT INTO recordings (recording_id, task_inst_id, file_path) VALUES (2107, 2107, 'recordings/eval_37_mod_2_task_2107.wav');
INSERT INTO task_instances (task_inst_id, task_id, module_inst_id, status, task_completing_time) VALUES (2108, 20, 182, 0, '231');
INSERT INTO recordings (recording_id, task_inst_id, file_path) VALUES (2108, 2108, 'recordings/eval_37_mod_2_task_2108.wav');
INSERT INTO task_instances (task_inst_id, task_id, module_inst_id, status, task_completing_time) VALUES (2109, 21, 182, 0, '19');
INSERT INTO recordings (recording_id, task_inst_id, file_path) VALUES (2109, 2109, 'recordings/eval_37_mod_2_task_2109.wav');
INSERT INTO task_instances (task_inst_id, task_id, module_inst_id, status, task_completing_time) VALUES (2110, 22, 182, 0, '164');
INSERT INTO recordings (recording_id, task_inst_id, file_path) VALUES (2110, 2110, 'recordings/eval_37_mod_2_task_2110.wav');
INSERT INTO task_instances (task_inst_id, task_id, module_inst_id, status, task_completing_time) VALUES (2111, 23, 182, 1, '51');
INSERT INTO recordings (recording_id, task_inst_id, file_path) VALUES (2111, 2111, 'recordings/eval_37_mod_2_task_2111.wav');
INSERT INTO task_instances (task_inst_id, task_id, module_inst_id, status, task_completing_time) VALUES (2112, 24, 182, 0, '119');
INSERT INTO recordings (recording_id, task_inst_id, file_path) VALUES (2112, 2112, 'recordings/eval_37_mod_2_task_2112.wav');
INSERT INTO task_instances (task_inst_id, task_id, module_inst_id, status, task_completing_time) VALUES (2113, 25, 182, 1, '24');
INSERT INTO recordings (recording_id, task_inst_id, file_path) VALUES (2113, 2113, 'recordings/eval_37_mod_2_task_2113.wav');
INSERT INTO task_instances (task_inst_id, task_id, module_inst_id, status, task_completing_time) VALUES (2114, 26, 182, 1, '243');
INSERT INTO recordings (recording_id, task_inst_id, file_path) VALUES (2114, 2114, 'recordings/eval_37_mod_2_task_2114.wav');
INSERT INTO task_instances (task_inst_id, task_id, module_inst_id, status, task_completing_time) VALUES (2115, 27, 182, 1, '198');
INSERT INTO recordings (recording_id, task_inst_id, file_path) VALUES (2115, 2115, 'recordings/eval_37_mod_2_task_2115.wav');
INSERT INTO task_instances (task_inst_id, task_id, module_inst_id, status, task_completing_time) VALUES (2116, 28, 182, 1, '170');
INSERT INTO recordings (recording_id, task_inst_id, file_path) VALUES (2116, 2116, 'recordings/eval_37_mod_2_task_2116.wav');
INSERT INTO task_instances (task_inst_id, task_id, module_inst_id, status, task_completing_time) VALUES (2117, 29, 182, 1, '72');
INSERT INTO recordings (recording_id, task_inst_id, file_path) VALUES (2117, 2117, 'recordings/eval_37_mod_2_task_2117.wav');
INSERT INTO task_instances (task_inst_id, task_id, module_inst_id, status, task_completing_time) VALUES (2118, 30, 182, 1, '42');
INSERT INTO recordings (recording_id, task_inst_id, file_path) VALUES (2118, 2118, 'recordings/eval_37_mod_2_task_2118.wav');
INSERT INTO task_instances (task_inst_id, task_id, module_inst_id, status, task_completing_time) VALUES (2119, 31, 182, 0, '222');
INSERT INTO recordings (recording_id, task_inst_id, file_path) VALUES (2119, 2119, 'recordings/eval_37_mod_2_task_2119.wav');
INSERT INTO task_instances (task_inst_id, task_id, module_inst_id, status, task_completing_time) VALUES (2120, 32, 182, 0, '263');
INSERT INTO recordings (recording_id, task_inst_id, file_path) VALUES (2120, 2120, 'recordings/eval_37_mod_2_task_2120.wav');
INSERT INTO task_instances (task_inst_id, task_id, module_inst_id, status, task_completing_time) VALUES (2121, 33, 182, 1, '215');
INSERT INTO recordings (recording_id, task_inst_id, file_path) VALUES (2121, 2121, 'recordings/eval_37_mod_2_task_2121.wav');
INSERT INTO task_instances (task_inst_id, task_id, module_inst_id, status, task_completing_time) VALUES (2122, 34, 182, 1, '279');
INSERT INTO recordings (recording_id, task_inst_id, file_path) VALUES (2122, 2122, 'recordings/eval_37_mod_2_task_2122.wav');
INSERT INTO task_instances (task_inst_id, task_id, module_inst_id, status, task_completing_time) VALUES (2123, 35, 182, 1, '128');
INSERT INTO recordings (recording_id, task_inst_id, file_path) VALUES (2123, 2123, 'recordings/eval_37_mod_2_task_2123.wav');
INSERT INTO task_instances (task_inst_id, task_id, module_inst_id, status, task_completing_time) VALUES (2124, 36, 182, 1, '232');
INSERT INTO recordings (recording_id, task_inst_id, file_path) VALUES (2124, 2124, 'recordings/eval_37_mod_2_task_2124.wav');
INSERT INTO task_instances (task_inst_id, task_id, module_inst_id, status, task_completing_time) VALUES (2125, 37, 182, 1, '251');
INSERT INTO recordings (recording_id, task_inst_id, file_path) VALUES (2125, 2125, 'recordings/eval_37_mod_2_task_2125.wav');
INSERT INTO module_instances (module_inst_id, module_id, evaluation_id, status) VALUES (183, 3, 37, 2);
INSERT INTO task_instances (task_inst_id, task_id, module_inst_id, status, task_completing_time) VALUES (2126, 38, 183, 1, '31');
INSERT INTO recordings (recording_id, task_inst_id, file_path) VALUES (2126, 2126, 'recordings/eval_37_mod_3_task_2126.wav');
INSERT INTO task_instances (task_inst_id, task_id, module_inst_id, status, task_completing_time) VALUES (2127, 39, 183, 1, '253');
INSERT INTO recordings (recording_id, task_inst_id, file_path) VALUES (2127, 2127, 'recordings/eval_37_mod_3_task_2127.wav');
INSERT INTO task_instances (task_inst_id, task_id, module_inst_id, status, task_completing_time) VALUES (2128, 40, 183, 1, '63');
INSERT INTO recordings (recording_id, task_inst_id, file_path) VALUES (2128, 2128, 'recordings/eval_37_mod_3_task_2128.wav');
INSERT INTO task_instances (task_inst_id, task_id, module_inst_id, status, task_completing_time) VALUES (2129, 41, 183, 1, '48');
INSERT INTO recordings (recording_id, task_inst_id, file_path) VALUES (2129, 2129, 'recordings/eval_37_mod_3_task_2129.wav');
INSERT INTO task_instances (task_inst_id, task_id, module_inst_id, status, task_completing_time) VALUES (2130, 42, 183, 0, '238');
INSERT INTO recordings (recording_id, task_inst_id, file_path) VALUES (2130, 2130, 'recordings/eval_37_mod_3_task_2130.wav');
INSERT INTO task_instances (task_inst_id, task_id, module_inst_id, status, task_completing_time) VALUES (2131, 43, 183, 1, '164');
INSERT INTO recordings (recording_id, task_inst_id, file_path) VALUES (2131, 2131, 'recordings/eval_37_mod_3_task_2131.wav');
INSERT INTO task_instances (task_inst_id, task_id, module_inst_id, status, task_completing_time) VALUES (2132, 44, 183, 1, '199');
INSERT INTO recordings (recording_id, task_inst_id, file_path) VALUES (2132, 2132, 'recordings/eval_37_mod_3_task_2132.wav');
INSERT INTO task_instances (task_inst_id, task_id, module_inst_id, status, task_completing_time) VALUES (2133, 45, 183, 1, '225');
INSERT INTO recordings (recording_id, task_inst_id, file_path) VALUES (2133, 2133, 'recordings/eval_37_mod_3_task_2133.wav');
INSERT INTO task_instances (task_inst_id, task_id, module_inst_id, status, task_completing_time) VALUES (2134, 46, 183, 1, '73');
INSERT INTO recordings (recording_id, task_inst_id, file_path) VALUES (2134, 2134, 'recordings/eval_37_mod_3_task_2134.wav');
INSERT INTO module_instances (module_inst_id, module_id, evaluation_id, status) VALUES (184, 4, 37, 2);
INSERT INTO task_instances (task_inst_id, task_id, module_inst_id, status, task_completing_time) VALUES (2135, 47, 184, 0, '8');
INSERT INTO recordings (recording_id, task_inst_id, file_path) VALUES (2135, 2135, 'recordings/eval_37_mod_4_task_2135.wav');
INSERT INTO task_instances (task_inst_id, task_id, module_inst_id, status, task_completing_time) VALUES (2136, 48, 184, 0, '183');
INSERT INTO recordings (recording_id, task_inst_id, file_path) VALUES (2136, 2136, 'recordings/eval_37_mod_4_task_2136.wav');
INSERT INTO task_instances (task_inst_id, task_id, module_inst_id, status, task_completing_time) VALUES (2137, 49, 184, 1, '201');
INSERT INTO recordings (recording_id, task_inst_id, file_path) VALUES (2137, 2137, 'recordings/eval_37_mod_4_task_2137.wav');
INSERT INTO task_instances (task_inst_id, task_id, module_inst_id, status, task_completing_time) VALUES (2138, 50, 184, 0, '275');
INSERT INTO recordings (recording_id, task_inst_id, file_path) VALUES (2138, 2138, 'recordings/eval_37_mod_4_task_2138.wav');
INSERT INTO task_instances (task_inst_id, task_id, module_inst_id, status, task_completing_time) VALUES (2139, 51, 184, 1, '289');
INSERT INTO recordings (recording_id, task_inst_id, file_path) VALUES (2139, 2139, 'recordings/eval_37_mod_4_task_2139.wav');
INSERT INTO task_instances (task_inst_id, task_id, module_inst_id, status, task_completing_time) VALUES (2140, 52, 184, 1, '241');
INSERT INTO recordings (recording_id, task_inst_id, file_path) VALUES (2140, 2140, 'recordings/eval_37_mod_4_task_2140.wav');
INSERT INTO task_instances (task_inst_id, task_id, module_inst_id, status, task_completing_time) VALUES (2141, 53, 184, 1, '168');
INSERT INTO recordings (recording_id, task_inst_id, file_path) VALUES (2141, 2141, 'recordings/eval_37_mod_4_task_2141.wav');
INSERT INTO task_instances (task_inst_id, task_id, module_inst_id, status, task_completing_time) VALUES (2142, 54, 184, 1, '275');
INSERT INTO recordings (recording_id, task_inst_id, file_path) VALUES (2142, 2142, 'recordings/eval_37_mod_4_task_2142.wav');
INSERT INTO task_instances (task_inst_id, task_id, module_inst_id, status, task_completing_time) VALUES (2143, 55, 184, 1, '82');
INSERT INTO recordings (recording_id, task_inst_id, file_path) VALUES (2143, 2143, 'recordings/eval_37_mod_4_task_2143.wav');
INSERT INTO task_instances (task_inst_id, task_id, module_inst_id, status, task_completing_time) VALUES (2144, 56, 184, 1, '20');
INSERT INTO recordings (recording_id, task_inst_id, file_path) VALUES (2144, 2144, 'recordings/eval_37_mod_4_task_2144.wav');
INSERT INTO module_instances (module_inst_id, module_id, evaluation_id, status) VALUES (185, 9001, 37, 3);
INSERT INTO task_instances (task_inst_id, task_id, module_inst_id, status, task_completing_time) VALUES (2145, 9001, 185, 0, '16');
INSERT INTO recordings (recording_id, task_inst_id, file_path) VALUES (2145, 2145, 'recordings/eval_37_mod_9001_task_2145.wav');
INSERT INTO task_instances (task_inst_id, task_id, module_inst_id, status, task_completing_time) VALUES (2146, 9002, 185, 1, '125');
INSERT INTO recordings (recording_id, task_inst_id, file_path) VALUES (2146, 2146, 'recordings/eval_37_mod_9001_task_2146.wav');
INSERT INTO participants (participant_id, name, surname, education_level, sex, birth_date, laterality) VALUES (38, 'v9Tj6MWPOoCjey4Lht0WCg==', 'u9z77N6POoCjey4Lht0WCg==', 1, 2, '1978-05-21', 1);
INSERT INTO evaluations (evaluation_id, evaluation_date, evaluator_id, participant_id, status, language) VALUES (38, '2025-11-07 14:56:00', 6, 38, 2, 2);
INSERT INTO module_instances (module_inst_id, module_id, evaluation_id, status) VALUES (186, 1, 38, 3);
INSERT INTO task_instances (task_inst_id, task_id, module_inst_id, status, task_completing_time) VALUES (2147, 1, 186, 1, '7');
INSERT INTO recordings (recording_id, task_inst_id, file_path) VALUES (2147, 2147, 'recordings/eval_38_mod_1_task_2147.wav');
INSERT INTO task_instances (task_inst_id, task_id, module_inst_id, status, task_completing_time) VALUES (2148, 2, 186, 1, '274');
INSERT INTO recordings (recording_id, task_inst_id, file_path) VALUES (2148, 2148, 'recordings/eval_38_mod_1_task_2148.wav');
INSERT INTO task_instances (task_inst_id, task_id, module_inst_id, status, task_completing_time) VALUES (2149, 3, 186, 1, '256');
INSERT INTO recordings (recording_id, task_inst_id, file_path) VALUES (2149, 2149, 'recordings/eval_38_mod_1_task_2149.wav');
INSERT INTO task_instances (task_inst_id, task_id, module_inst_id, status, task_completing_time) VALUES (2150, 4, 186, 1, '56');
INSERT INTO recordings (recording_id, task_inst_id, file_path) VALUES (2150, 2150, 'recordings/eval_38_mod_1_task_2150.wav');
INSERT INTO task_instances (task_inst_id, task_id, module_inst_id, status, task_completing_time) VALUES (2151, 5, 186, 1, '234');
INSERT INTO recordings (recording_id, task_inst_id, file_path) VALUES (2151, 2151, 'recordings/eval_38_mod_1_task_2151.wav');
INSERT INTO task_instances (task_inst_id, task_id, module_inst_id, status, task_completing_time) VALUES (2152, 6, 186, 1, '117');
INSERT INTO recordings (recording_id, task_inst_id, file_path) VALUES (2152, 2152, 'recordings/eval_38_mod_1_task_2152.wav');
INSERT INTO task_instances (task_inst_id, task_id, module_inst_id, status, task_completing_time) VALUES (2153, 7, 186, 0, '86');
INSERT INTO recordings (recording_id, task_inst_id, file_path) VALUES (2153, 2153, 'recordings/eval_38_mod_1_task_2153.wav');
INSERT INTO task_instances (task_inst_id, task_id, module_inst_id, status, task_completing_time) VALUES (2154, 8, 186, 1, '107');
INSERT INTO recordings (recording_id, task_inst_id, file_path) VALUES (2154, 2154, 'recordings/eval_38_mod_1_task_2154.wav');
INSERT INTO task_instances (task_inst_id, task_id, module_inst_id, status, task_completing_time) VALUES (2155, 9, 186, 1, '153');
INSERT INTO recordings (recording_id, task_inst_id, file_path) VALUES (2155, 2155, 'recordings/eval_38_mod_1_task_2155.wav');
INSERT INTO task_instances (task_inst_id, task_id, module_inst_id, status, task_completing_time) VALUES (2156, 10, 186, 1, '215');
INSERT INTO recordings (recording_id, task_inst_id, file_path) VALUES (2156, 2156, 'recordings/eval_38_mod_1_task_2156.wav');
INSERT INTO module_instances (module_inst_id, module_id, evaluation_id, status) VALUES (187, 2, 38, 3);
INSERT INTO task_instances (task_inst_id, task_id, module_inst_id, status, task_completing_time) VALUES (2157, 11, 187, 1, '27');
INSERT INTO recordings (recording_id, task_inst_id, file_path) VALUES (2157, 2157, 'recordings/eval_38_mod_2_task_2157.wav');
INSERT INTO task_instances (task_inst_id, task_id, module_inst_id, status, task_completing_time) VALUES (2158, 12, 187, 1, '288');
INSERT INTO recordings (recording_id, task_inst_id, file_path) VALUES (2158, 2158, 'recordings/eval_38_mod_2_task_2158.wav');
INSERT INTO task_instances (task_inst_id, task_id, module_inst_id, status, task_completing_time) VALUES (2159, 13, 187, 1, '21');
INSERT INTO recordings (recording_id, task_inst_id, file_path) VALUES (2159, 2159, 'recordings/eval_38_mod_2_task_2159.wav');
INSERT INTO task_instances (task_inst_id, task_id, module_inst_id, status, task_completing_time) VALUES (2160, 14, 187, 1, '223');
INSERT INTO recordings (recording_id, task_inst_id, file_path) VALUES (2160, 2160, 'recordings/eval_38_mod_2_task_2160.wav');
INSERT INTO task_instances (task_inst_id, task_id, module_inst_id, status, task_completing_time) VALUES (2161, 15, 187, 0, '274');
INSERT INTO recordings (recording_id, task_inst_id, file_path) VALUES (2161, 2161, 'recordings/eval_38_mod_2_task_2161.wav');
INSERT INTO task_instances (task_inst_id, task_id, module_inst_id, status, task_completing_time) VALUES (2162, 16, 187, 1, '258');
INSERT INTO recordings (recording_id, task_inst_id, file_path) VALUES (2162, 2162, 'recordings/eval_38_mod_2_task_2162.wav');
INSERT INTO task_instances (task_inst_id, task_id, module_inst_id, status, task_completing_time) VALUES (2163, 17, 187, 1, '145');
INSERT INTO recordings (recording_id, task_inst_id, file_path) VALUES (2163, 2163, 'recordings/eval_38_mod_2_task_2163.wav');
INSERT INTO task_instances (task_inst_id, task_id, module_inst_id, status, task_completing_time) VALUES (2164, 18, 187, 1, '182');
INSERT INTO recordings (recording_id, task_inst_id, file_path) VALUES (2164, 2164, 'recordings/eval_38_mod_2_task_2164.wav');
INSERT INTO task_instances (task_inst_id, task_id, module_inst_id, status, task_completing_time) VALUES (2165, 19, 187, 1, '157');
INSERT INTO recordings (recording_id, task_inst_id, file_path) VALUES (2165, 2165, 'recordings/eval_38_mod_2_task_2165.wav');
INSERT INTO task_instances (task_inst_id, task_id, module_inst_id, status, task_completing_time) VALUES (2166, 20, 187, 1, '279');
INSERT INTO recordings (recording_id, task_inst_id, file_path) VALUES (2166, 2166, 'recordings/eval_38_mod_2_task_2166.wav');
INSERT INTO task_instances (task_inst_id, task_id, module_inst_id, status, task_completing_time) VALUES (2167, 21, 187, 1, '7');
INSERT INTO recordings (recording_id, task_inst_id, file_path) VALUES (2167, 2167, 'recordings/eval_38_mod_2_task_2167.wav');
INSERT INTO task_instances (task_inst_id, task_id, module_inst_id, status, task_completing_time) VALUES (2168, 22, 187, 1, '180');
INSERT INTO recordings (recording_id, task_inst_id, file_path) VALUES (2168, 2168, 'recordings/eval_38_mod_2_task_2168.wav');
INSERT INTO task_instances (task_inst_id, task_id, module_inst_id, status, task_completing_time) VALUES (2169, 23, 187, 1, '34');
INSERT INTO recordings (recording_id, task_inst_id, file_path) VALUES (2169, 2169, 'recordings/eval_38_mod_2_task_2169.wav');
INSERT INTO task_instances (task_inst_id, task_id, module_inst_id, status, task_completing_time) VALUES (2170, 24, 187, 1, '177');
INSERT INTO recordings (recording_id, task_inst_id, file_path) VALUES (2170, 2170, 'recordings/eval_38_mod_2_task_2170.wav');
INSERT INTO task_instances (task_inst_id, task_id, module_inst_id, status, task_completing_time) VALUES (2171, 25, 187, 1, '24');
INSERT INTO recordings (recording_id, task_inst_id, file_path) VALUES (2171, 2171, 'recordings/eval_38_mod_2_task_2171.wav');
INSERT INTO task_instances (task_inst_id, task_id, module_inst_id, status, task_completing_time) VALUES (2172, 26, 187, 1, '257');
INSERT INTO recordings (recording_id, task_inst_id, file_path) VALUES (2172, 2172, 'recordings/eval_38_mod_2_task_2172.wav');
INSERT INTO task_instances (task_inst_id, task_id, module_inst_id, status, task_completing_time) VALUES (2173, 27, 187, 1, '250');
INSERT INTO recordings (recording_id, task_inst_id, file_path) VALUES (2173, 2173, 'recordings/eval_38_mod_2_task_2173.wav');
INSERT INTO task_instances (task_inst_id, task_id, module_inst_id, status, task_completing_time) VALUES (2174, 28, 187, 1, '149');
INSERT INTO recordings (recording_id, task_inst_id, file_path) VALUES (2174, 2174, 'recordings/eval_38_mod_2_task_2174.wav');
INSERT INTO task_instances (task_inst_id, task_id, module_inst_id, status, task_completing_time) VALUES (2175, 29, 187, 1, '291');
INSERT INTO recordings (recording_id, task_inst_id, file_path) VALUES (2175, 2175, 'recordings/eval_38_mod_2_task_2175.wav');
INSERT INTO task_instances (task_inst_id, task_id, module_inst_id, status, task_completing_time) VALUES (2176, 30, 187, 1, '24');
INSERT INTO recordings (recording_id, task_inst_id, file_path) VALUES (2176, 2176, 'recordings/eval_38_mod_2_task_2176.wav');
INSERT INTO task_instances (task_inst_id, task_id, module_inst_id, status, task_completing_time) VALUES (2177, 31, 187, 1, '262');
INSERT INTO recordings (recording_id, task_inst_id, file_path) VALUES (2177, 2177, 'recordings/eval_38_mod_2_task_2177.wav');
INSERT INTO task_instances (task_inst_id, task_id, module_inst_id, status, task_completing_time) VALUES (2178, 32, 187, 1, '159');
INSERT INTO recordings (recording_id, task_inst_id, file_path) VALUES (2178, 2178, 'recordings/eval_38_mod_2_task_2178.wav');
INSERT INTO task_instances (task_inst_id, task_id, module_inst_id, status, task_completing_time) VALUES (2179, 33, 187, 1, '216');
INSERT INTO recordings (recording_id, task_inst_id, file_path) VALUES (2179, 2179, 'recordings/eval_38_mod_2_task_2179.wav');
INSERT INTO task_instances (task_inst_id, task_id, module_inst_id, status, task_completing_time) VALUES (2180, 34, 187, 0, '246');
INSERT INTO recordings (recording_id, task_inst_id, file_path) VALUES (2180, 2180, 'recordings/eval_38_mod_2_task_2180.wav');
INSERT INTO task_instances (task_inst_id, task_id, module_inst_id, status, task_completing_time) VALUES (2181, 35, 187, 0, '25');
INSERT INTO recordings (recording_id, task_inst_id, file_path) VALUES (2181, 2181, 'recordings/eval_38_mod_2_task_2181.wav');
INSERT INTO task_instances (task_inst_id, task_id, module_inst_id, status, task_completing_time) VALUES (2182, 36, 187, 1, '285');
INSERT INTO recordings (recording_id, task_inst_id, file_path) VALUES (2182, 2182, 'recordings/eval_38_mod_2_task_2182.wav');
INSERT INTO task_instances (task_inst_id, task_id, module_inst_id, status, task_completing_time) VALUES (2183, 37, 187, 0, '289');
INSERT INTO recordings (recording_id, task_inst_id, file_path) VALUES (2183, 2183, 'recordings/eval_38_mod_2_task_2183.wav');
INSERT INTO module_instances (module_inst_id, module_id, evaluation_id, status) VALUES (188, 3, 38, 3);
INSERT INTO task_instances (task_inst_id, task_id, module_inst_id, status, task_completing_time) VALUES (2184, 38, 188, 0, '45');
INSERT INTO recordings (recording_id, task_inst_id, file_path) VALUES (2184, 2184, 'recordings/eval_38_mod_3_task_2184.wav');
INSERT INTO task_instances (task_inst_id, task_id, module_inst_id, status, task_completing_time) VALUES (2185, 39, 188, 1, '235');
INSERT INTO recordings (recording_id, task_inst_id, file_path) VALUES (2185, 2185, 'recordings/eval_38_mod_3_task_2185.wav');
INSERT INTO task_instances (task_inst_id, task_id, module_inst_id, status, task_completing_time) VALUES (2186, 40, 188, 1, '264');
INSERT INTO recordings (recording_id, task_inst_id, file_path) VALUES (2186, 2186, 'recordings/eval_38_mod_3_task_2186.wav');
INSERT INTO task_instances (task_inst_id, task_id, module_inst_id, status, task_completing_time) VALUES (2187, 41, 188, 1, '272');
INSERT INTO recordings (recording_id, task_inst_id, file_path) VALUES (2187, 2187, 'recordings/eval_38_mod_3_task_2187.wav');
INSERT INTO task_instances (task_inst_id, task_id, module_inst_id, status, task_completing_time) VALUES (2188, 42, 188, 1, '170');
INSERT INTO recordings (recording_id, task_inst_id, file_path) VALUES (2188, 2188, 'recordings/eval_38_mod_3_task_2188.wav');
INSERT INTO task_instances (task_inst_id, task_id, module_inst_id, status, task_completing_time) VALUES (2189, 43, 188, 1, '44');
INSERT INTO recordings (recording_id, task_inst_id, file_path) VALUES (2189, 2189, 'recordings/eval_38_mod_3_task_2189.wav');
INSERT INTO task_instances (task_inst_id, task_id, module_inst_id, status, task_completing_time) VALUES (2190, 44, 188, 1, '133');
INSERT INTO recordings (recording_id, task_inst_id, file_path) VALUES (2190, 2190, 'recordings/eval_38_mod_3_task_2190.wav');
INSERT INTO task_instances (task_inst_id, task_id, module_inst_id, status, task_completing_time) VALUES (2191, 45, 188, 1, '65');
INSERT INTO recordings (recording_id, task_inst_id, file_path) VALUES (2191, 2191, 'recordings/eval_38_mod_3_task_2191.wav');
INSERT INTO task_instances (task_inst_id, task_id, module_inst_id, status, task_completing_time) VALUES (2192, 46, 188, 1, '251');
INSERT INTO recordings (recording_id, task_inst_id, file_path) VALUES (2192, 2192, 'recordings/eval_38_mod_3_task_2192.wav');
INSERT INTO module_instances (module_inst_id, module_id, evaluation_id, status) VALUES (189, 4, 38, 3);
INSERT INTO task_instances (task_inst_id, task_id, module_inst_id, status, task_completing_time) VALUES (2193, 47, 189, 1, '21');
INSERT INTO recordings (recording_id, task_inst_id, file_path) VALUES (2193, 2193, 'recordings/eval_38_mod_4_task_2193.wav');
INSERT INTO task_instances (task_inst_id, task_id, module_inst_id, status, task_completing_time) VALUES (2194, 48, 189, 1, '191');
INSERT INTO recordings (recording_id, task_inst_id, file_path) VALUES (2194, 2194, 'recordings/eval_38_mod_4_task_2194.wav');
INSERT INTO task_instances (task_inst_id, task_id, module_inst_id, status, task_completing_time) VALUES (2195, 49, 189, 0, '155');
INSERT INTO recordings (recording_id, task_inst_id, file_path) VALUES (2195, 2195, 'recordings/eval_38_mod_4_task_2195.wav');
INSERT INTO task_instances (task_inst_id, task_id, module_inst_id, status, task_completing_time) VALUES (2196, 50, 189, 1, '211');
INSERT INTO recordings (recording_id, task_inst_id, file_path) VALUES (2196, 2196, 'recordings/eval_38_mod_4_task_2196.wav');
INSERT INTO task_instances (task_inst_id, task_id, module_inst_id, status, task_completing_time) VALUES (2197, 51, 189, 1, '42');
INSERT INTO recordings (recording_id, task_inst_id, file_path) VALUES (2197, 2197, 'recordings/eval_38_mod_4_task_2197.wav');
INSERT INTO task_instances (task_inst_id, task_id, module_inst_id, status, task_completing_time) VALUES (2198, 52, 189, 0, '191');
INSERT INTO recordings (recording_id, task_inst_id, file_path) VALUES (2198, 2198, 'recordings/eval_38_mod_4_task_2198.wav');
INSERT INTO task_instances (task_inst_id, task_id, module_inst_id, status, task_completing_time) VALUES (2199, 53, 189, 1, '173');
INSERT INTO recordings (recording_id, task_inst_id, file_path) VALUES (2199, 2199, 'recordings/eval_38_mod_4_task_2199.wav');
INSERT INTO task_instances (task_inst_id, task_id, module_inst_id, status, task_completing_time) VALUES (2200, 54, 189, 1, '289');
INSERT INTO recordings (recording_id, task_inst_id, file_path) VALUES (2200, 2200, 'recordings/eval_38_mod_4_task_2200.wav');
INSERT INTO task_instances (task_inst_id, task_id, module_inst_id, status, task_completing_time) VALUES (2201, 55, 189, 1, '26');
INSERT INTO recordings (recording_id, task_inst_id, file_path) VALUES (2201, 2201, 'recordings/eval_38_mod_4_task_2201.wav');
INSERT INTO task_instances (task_inst_id, task_id, module_inst_id, status, task_completing_time) VALUES (2202, 56, 189, 1, '38');
INSERT INTO recordings (recording_id, task_inst_id, file_path) VALUES (2202, 2202, 'recordings/eval_38_mod_4_task_2202.wav');
INSERT INTO module_instances (module_inst_id, module_id, evaluation_id, status) VALUES (190, 9001, 38, 2);
INSERT INTO task_instances (task_inst_id, task_id, module_inst_id, status, task_completing_time) VALUES (2203, 9001, 190, 0, '37');
INSERT INTO recordings (recording_id, task_inst_id, file_path) VALUES (2203, 2203, 'recordings/eval_38_mod_9001_task_2203.wav');
INSERT INTO task_instances (task_inst_id, task_id, module_inst_id, status, task_completing_time) VALUES (2204, 9002, 190, 1, '238');
INSERT INTO recordings (recording_id, task_inst_id, file_path) VALUES (2204, 2204, 'recordings/eval_38_mod_9001_task_2204.wav');
INSERT INTO participants (participant_id, name, surname, education_level, sex, birth_date, laterality) VALUES (39, 'v9Tj6MWPOoCjey4Lht0WCg==', 'vd/77MTgUIKheSwJhN8UCA==', 2, 1, '1965-06-18', 2);
INSERT INTO evaluations (evaluation_id, evaluation_date, evaluator_id, participant_id, status, language) VALUES (39, '2025-10-26 12:58:00', 6, 39, 3, 2);
INSERT INTO module_instances (module_inst_id, module_id, evaluation_id, status) VALUES (191, 1, 39, 3);
INSERT INTO task_instances (task_inst_id, task_id, module_inst_id, status, task_completing_time) VALUES (2205, 1, 191, 0, '52');
INSERT INTO recordings (recording_id, task_inst_id, file_path) VALUES (2205, 2205, 'recordings/eval_39_mod_1_task_2205.wav');
INSERT INTO task_instances (task_inst_id, task_id, module_inst_id, status, task_completing_time) VALUES (2206, 2, 191, 1, '84');
INSERT INTO recordings (recording_id, task_inst_id, file_path) VALUES (2206, 2206, 'recordings/eval_39_mod_1_task_2206.wav');
INSERT INTO task_instances (task_inst_id, task_id, module_inst_id, status, task_completing_time) VALUES (2207, 3, 191, 0, '157');
INSERT INTO recordings (recording_id, task_inst_id, file_path) VALUES (2207, 2207, 'recordings/eval_39_mod_1_task_2207.wav');
INSERT INTO task_instances (task_inst_id, task_id, module_inst_id, status, task_completing_time) VALUES (2208, 4, 191, 0, '79');
INSERT INTO recordings (recording_id, task_inst_id, file_path) VALUES (2208, 2208, 'recordings/eval_39_mod_1_task_2208.wav');
INSERT INTO task_instances (task_inst_id, task_id, module_inst_id, status, task_completing_time) VALUES (2209, 5, 191, 0, '280');
INSERT INTO recordings (recording_id, task_inst_id, file_path) VALUES (2209, 2209, 'recordings/eval_39_mod_1_task_2209.wav');
INSERT INTO task_instances (task_inst_id, task_id, module_inst_id, status, task_completing_time) VALUES (2210, 6, 191, 1, '282');
INSERT INTO recordings (recording_id, task_inst_id, file_path) VALUES (2210, 2210, 'recordings/eval_39_mod_1_task_2210.wav');
INSERT INTO task_instances (task_inst_id, task_id, module_inst_id, status, task_completing_time) VALUES (2211, 7, 191, 1, '39');
INSERT INTO recordings (recording_id, task_inst_id, file_path) VALUES (2211, 2211, 'recordings/eval_39_mod_1_task_2211.wav');
INSERT INTO task_instances (task_inst_id, task_id, module_inst_id, status, task_completing_time) VALUES (2212, 8, 191, 1, '149');
INSERT INTO recordings (recording_id, task_inst_id, file_path) VALUES (2212, 2212, 'recordings/eval_39_mod_1_task_2212.wav');
INSERT INTO task_instances (task_inst_id, task_id, module_inst_id, status, task_completing_time) VALUES (2213, 9, 191, 1, '48');
INSERT INTO recordings (recording_id, task_inst_id, file_path) VALUES (2213, 2213, 'recordings/eval_39_mod_1_task_2213.wav');
INSERT INTO task_instances (task_inst_id, task_id, module_inst_id, status, task_completing_time) VALUES (2214, 10, 191, 0, '227');
INSERT INTO recordings (recording_id, task_inst_id, file_path) VALUES (2214, 2214, 'recordings/eval_39_mod_1_task_2214.wav');
INSERT INTO module_instances (module_inst_id, module_id, evaluation_id, status) VALUES (192, 2, 39, 3);
INSERT INTO task_instances (task_inst_id, task_id, module_inst_id, status, task_completing_time) VALUES (2215, 11, 192, 1, '37');
INSERT INTO recordings (recording_id, task_inst_id, file_path) VALUES (2215, 2215, 'recordings/eval_39_mod_2_task_2215.wav');
INSERT INTO task_instances (task_inst_id, task_id, module_inst_id, status, task_completing_time) VALUES (2216, 12, 192, 1, '243');
INSERT INTO recordings (recording_id, task_inst_id, file_path) VALUES (2216, 2216, 'recordings/eval_39_mod_2_task_2216.wav');
INSERT INTO task_instances (task_inst_id, task_id, module_inst_id, status, task_completing_time) VALUES (2217, 13, 192, 0, '120');
INSERT INTO recordings (recording_id, task_inst_id, file_path) VALUES (2217, 2217, 'recordings/eval_39_mod_2_task_2217.wav');
INSERT INTO task_instances (task_inst_id, task_id, module_inst_id, status, task_completing_time) VALUES (2218, 14, 192, 0, '293');
INSERT INTO recordings (recording_id, task_inst_id, file_path) VALUES (2218, 2218, 'recordings/eval_39_mod_2_task_2218.wav');
INSERT INTO task_instances (task_inst_id, task_id, module_inst_id, status, task_completing_time) VALUES (2219, 15, 192, 1, '26');
INSERT INTO recordings (recording_id, task_inst_id, file_path) VALUES (2219, 2219, 'recordings/eval_39_mod_2_task_2219.wav');
INSERT INTO task_instances (task_inst_id, task_id, module_inst_id, status, task_completing_time) VALUES (2220, 16, 192, 0, '175');
INSERT INTO recordings (recording_id, task_inst_id, file_path) VALUES (2220, 2220, 'recordings/eval_39_mod_2_task_2220.wav');
INSERT INTO task_instances (task_inst_id, task_id, module_inst_id, status, task_completing_time) VALUES (2221, 17, 192, 0, '180');
INSERT INTO recordings (recording_id, task_inst_id, file_path) VALUES (2221, 2221, 'recordings/eval_39_mod_2_task_2221.wav');
INSERT INTO task_instances (task_inst_id, task_id, module_inst_id, status, task_completing_time) VALUES (2222, 18, 192, 1, '124');
INSERT INTO recordings (recording_id, task_inst_id, file_path) VALUES (2222, 2222, 'recordings/eval_39_mod_2_task_2222.wav');
INSERT INTO task_instances (task_inst_id, task_id, module_inst_id, status, task_completing_time) VALUES (2223, 19, 192, 0, '38');
INSERT INTO recordings (recording_id, task_inst_id, file_path) VALUES (2223, 2223, 'recordings/eval_39_mod_2_task_2223.wav');
INSERT INTO task_instances (task_inst_id, task_id, module_inst_id, status, task_completing_time) VALUES (2224, 20, 192, 1, '220');
INSERT INTO recordings (recording_id, task_inst_id, file_path) VALUES (2224, 2224, 'recordings/eval_39_mod_2_task_2224.wav');
INSERT INTO task_instances (task_inst_id, task_id, module_inst_id, status, task_completing_time) VALUES (2225, 21, 192, 0, '6');
INSERT INTO recordings (recording_id, task_inst_id, file_path) VALUES (2225, 2225, 'recordings/eval_39_mod_2_task_2225.wav');
INSERT INTO task_instances (task_inst_id, task_id, module_inst_id, status, task_completing_time) VALUES (2226, 22, 192, 0, '169');
INSERT INTO recordings (recording_id, task_inst_id, file_path) VALUES (2226, 2226, 'recordings/eval_39_mod_2_task_2226.wav');
INSERT INTO task_instances (task_inst_id, task_id, module_inst_id, status, task_completing_time) VALUES (2227, 23, 192, 1, '32');
INSERT INTO recordings (recording_id, task_inst_id, file_path) VALUES (2227, 2227, 'recordings/eval_39_mod_2_task_2227.wav');
INSERT INTO task_instances (task_inst_id, task_id, module_inst_id, status, task_completing_time) VALUES (2228, 24, 192, 0, '262');
INSERT INTO recordings (recording_id, task_inst_id, file_path) VALUES (2228, 2228, 'recordings/eval_39_mod_2_task_2228.wav');
INSERT INTO task_instances (task_inst_id, task_id, module_inst_id, status, task_completing_time) VALUES (2229, 25, 192, 1, '36');
INSERT INTO recordings (recording_id, task_inst_id, file_path) VALUES (2229, 2229, 'recordings/eval_39_mod_2_task_2229.wav');
INSERT INTO task_instances (task_inst_id, task_id, module_inst_id, status, task_completing_time) VALUES (2230, 26, 192, 1, '287');
INSERT INTO recordings (recording_id, task_inst_id, file_path) VALUES (2230, 2230, 'recordings/eval_39_mod_2_task_2230.wav');
INSERT INTO task_instances (task_inst_id, task_id, module_inst_id, status, task_completing_time) VALUES (2231, 27, 192, 1, '173');
INSERT INTO recordings (recording_id, task_inst_id, file_path) VALUES (2231, 2231, 'recordings/eval_39_mod_2_task_2231.wav');
INSERT INTO task_instances (task_inst_id, task_id, module_inst_id, status, task_completing_time) VALUES (2232, 28, 192, 1, '136');
INSERT INTO recordings (recording_id, task_inst_id, file_path) VALUES (2232, 2232, 'recordings/eval_39_mod_2_task_2232.wav');
INSERT INTO task_instances (task_inst_id, task_id, module_inst_id, status, task_completing_time) VALUES (2233, 29, 192, 1, '126');
INSERT INTO recordings (recording_id, task_inst_id, file_path) VALUES (2233, 2233, 'recordings/eval_39_mod_2_task_2233.wav');
INSERT INTO task_instances (task_inst_id, task_id, module_inst_id, status, task_completing_time) VALUES (2234, 30, 192, 1, '5');
INSERT INTO recordings (recording_id, task_inst_id, file_path) VALUES (2234, 2234, 'recordings/eval_39_mod_2_task_2234.wav');
INSERT INTO task_instances (task_inst_id, task_id, module_inst_id, status, task_completing_time) VALUES (2235, 31, 192, 1, '43');
INSERT INTO recordings (recording_id, task_inst_id, file_path) VALUES (2235, 2235, 'recordings/eval_39_mod_2_task_2235.wav');
INSERT INTO task_instances (task_inst_id, task_id, module_inst_id, status, task_completing_time) VALUES (2236, 32, 192, 1, '68');
INSERT INTO recordings (recording_id, task_inst_id, file_path) VALUES (2236, 2236, 'recordings/eval_39_mod_2_task_2236.wav');
INSERT INTO task_instances (task_inst_id, task_id, module_inst_id, status, task_completing_time) VALUES (2237, 33, 192, 1, '222');
INSERT INTO recordings (recording_id, task_inst_id, file_path) VALUES (2237, 2237, 'recordings/eval_39_mod_2_task_2237.wav');
INSERT INTO task_instances (task_inst_id, task_id, module_inst_id, status, task_completing_time) VALUES (2238, 34, 192, 1, '35');
INSERT INTO recordings (recording_id, task_inst_id, file_path) VALUES (2238, 2238, 'recordings/eval_39_mod_2_task_2238.wav');
INSERT INTO task_instances (task_inst_id, task_id, module_inst_id, status, task_completing_time) VALUES (2239, 35, 192, 0, '93');
INSERT INTO recordings (recording_id, task_inst_id, file_path) VALUES (2239, 2239, 'recordings/eval_39_mod_2_task_2239.wav');
INSERT INTO task_instances (task_inst_id, task_id, module_inst_id, status, task_completing_time) VALUES (2240, 36, 192, 1, '247');
INSERT INTO recordings (recording_id, task_inst_id, file_path) VALUES (2240, 2240, 'recordings/eval_39_mod_2_task_2240.wav');
INSERT INTO task_instances (task_inst_id, task_id, module_inst_id, status, task_completing_time) VALUES (2241, 37, 192, 1, '161');
INSERT INTO recordings (recording_id, task_inst_id, file_path) VALUES (2241, 2241, 'recordings/eval_39_mod_2_task_2241.wav');
INSERT INTO module_instances (module_inst_id, module_id, evaluation_id, status) VALUES (193, 3, 39, 1);
INSERT INTO task_instances (task_inst_id, task_id, module_inst_id, status, task_completing_time) VALUES (2242, 38, 193, 0, '59');
INSERT INTO recordings (recording_id, task_inst_id, file_path) VALUES (2242, 2242, 'recordings/eval_39_mod_3_task_2242.wav');
INSERT INTO task_instances (task_inst_id, task_id, module_inst_id, status, task_completing_time) VALUES (2243, 39, 193, 0, '37');
INSERT INTO recordings (recording_id, task_inst_id, file_path) VALUES (2243, 2243, 'recordings/eval_39_mod_3_task_2243.wav');
INSERT INTO task_instances (task_inst_id, task_id, module_inst_id, status, task_completing_time) VALUES (2244, 40, 193, 1, '291');
INSERT INTO recordings (recording_id, task_inst_id, file_path) VALUES (2244, 2244, 'recordings/eval_39_mod_3_task_2244.wav');
INSERT INTO task_instances (task_inst_id, task_id, module_inst_id, status, task_completing_time) VALUES (2245, 41, 193, 1, '223');
INSERT INTO recordings (recording_id, task_inst_id, file_path) VALUES (2245, 2245, 'recordings/eval_39_mod_3_task_2245.wav');
INSERT INTO task_instances (task_inst_id, task_id, module_inst_id, status, task_completing_time) VALUES (2246, 42, 193, 1, '164');
INSERT INTO recordings (recording_id, task_inst_id, file_path) VALUES (2246, 2246, 'recordings/eval_39_mod_3_task_2246.wav');
INSERT INTO task_instances (task_inst_id, task_id, module_inst_id, status, task_completing_time) VALUES (2247, 43, 193, 1, '273');
INSERT INTO recordings (recording_id, task_inst_id, file_path) VALUES (2247, 2247, 'recordings/eval_39_mod_3_task_2247.wav');
INSERT INTO task_instances (task_inst_id, task_id, module_inst_id, status, task_completing_time) VALUES (2248, 44, 193, 1, '192');
INSERT INTO recordings (recording_id, task_inst_id, file_path) VALUES (2248, 2248, 'recordings/eval_39_mod_3_task_2248.wav');
INSERT INTO task_instances (task_inst_id, task_id, module_inst_id, status, task_completing_time) VALUES (2249, 45, 193, 0, '275');
INSERT INTO recordings (recording_id, task_inst_id, file_path) VALUES (2249, 2249, 'recordings/eval_39_mod_3_task_2249.wav');
INSERT INTO task_instances (task_inst_id, task_id, module_inst_id, status, task_completing_time) VALUES (2250, 46, 193, 1, '111');
INSERT INTO recordings (recording_id, task_inst_id, file_path) VALUES (2250, 2250, 'recordings/eval_39_mod_3_task_2250.wav');
INSERT INTO module_instances (module_inst_id, module_id, evaluation_id, status) VALUES (194, 4, 39, 3);
INSERT INTO task_instances (task_inst_id, task_id, module_inst_id, status, task_completing_time) VALUES (2251, 47, 194, 1, '6');
INSERT INTO recordings (recording_id, task_inst_id, file_path) VALUES (2251, 2251, 'recordings/eval_39_mod_4_task_2251.wav');
INSERT INTO task_instances (task_inst_id, task_id, module_inst_id, status, task_completing_time) VALUES (2252, 48, 194, 1, '123');
INSERT INTO recordings (recording_id, task_inst_id, file_path) VALUES (2252, 2252, 'recordings/eval_39_mod_4_task_2252.wav');
INSERT INTO task_instances (task_inst_id, task_id, module_inst_id, status, task_completing_time) VALUES (2253, 49, 194, 1, '157');
INSERT INTO recordings (recording_id, task_inst_id, file_path) VALUES (2253, 2253, 'recordings/eval_39_mod_4_task_2253.wav');
INSERT INTO task_instances (task_inst_id, task_id, module_inst_id, status, task_completing_time) VALUES (2254, 50, 194, 1, '110');
INSERT INTO recordings (recording_id, task_inst_id, file_path) VALUES (2254, 2254, 'recordings/eval_39_mod_4_task_2254.wav');
INSERT INTO task_instances (task_inst_id, task_id, module_inst_id, status, task_completing_time) VALUES (2255, 51, 194, 1, '23');
INSERT INTO recordings (recording_id, task_inst_id, file_path) VALUES (2255, 2255, 'recordings/eval_39_mod_4_task_2255.wav');
INSERT INTO task_instances (task_inst_id, task_id, module_inst_id, status, task_completing_time) VALUES (2256, 52, 194, 0, '35');
INSERT INTO recordings (recording_id, task_inst_id, file_path) VALUES (2256, 2256, 'recordings/eval_39_mod_4_task_2256.wav');
INSERT INTO task_instances (task_inst_id, task_id, module_inst_id, status, task_completing_time) VALUES (2257, 53, 194, 1, '197');
INSERT INTO recordings (recording_id, task_inst_id, file_path) VALUES (2257, 2257, 'recordings/eval_39_mod_4_task_2257.wav');
INSERT INTO task_instances (task_inst_id, task_id, module_inst_id, status, task_completing_time) VALUES (2258, 54, 194, 0, '226');
INSERT INTO recordings (recording_id, task_inst_id, file_path) VALUES (2258, 2258, 'recordings/eval_39_mod_4_task_2258.wav');
INSERT INTO task_instances (task_inst_id, task_id, module_inst_id, status, task_completing_time) VALUES (2259, 55, 194, 1, '57');
INSERT INTO recordings (recording_id, task_inst_id, file_path) VALUES (2259, 2259, 'recordings/eval_39_mod_4_task_2259.wav');
INSERT INTO task_instances (task_inst_id, task_id, module_inst_id, status, task_completing_time) VALUES (2260, 56, 194, 1, '10');
INSERT INTO recordings (recording_id, task_inst_id, file_path) VALUES (2260, 2260, 'recordings/eval_39_mod_4_task_2260.wav');
INSERT INTO module_instances (module_inst_id, module_id, evaluation_id, status) VALUES (195, 9001, 39, 2);
INSERT INTO task_instances (task_inst_id, task_id, module_inst_id, status, task_completing_time) VALUES (2261, 9001, 195, 0, '6');
INSERT INTO recordings (recording_id, task_inst_id, file_path) VALUES (2261, 2261, 'recordings/eval_39_mod_9001_task_2261.wav');
INSERT INTO task_instances (task_inst_id, task_id, module_inst_id, status, task_completing_time) VALUES (2262, 9002, 195, 1, '161');
INSERT INTO recordings (recording_id, task_inst_id, file_path) VALUES (2262, 2262, 'recordings/eval_39_mod_9001_task_2262.wav');
INSERT INTO participants (participant_id, name, surname, education_level, sex, birth_date, laterality) VALUES (40, 'u973hLrmVoSnfyoPgtkSDg==', 'ud/l/dbgUIKheSwJhN8UCA==', 4, 2, '1969-09-11', 2);
INSERT INTO evaluations (evaluation_id, evaluation_date, evaluator_id, participant_id, status, language) VALUES (40, '2025-09-09 11:36:00', 6, 40, 3, 1);
INSERT INTO module_instances (module_inst_id, module_id, evaluation_id, status) VALUES (196, 1, 40, 3);
INSERT INTO task_instances (task_inst_id, task_id, module_inst_id, status, task_completing_time) VALUES (2263, 1, 196, 0, '44');
INSERT INTO recordings (recording_id, task_inst_id, file_path) VALUES (2263, 2263, 'recordings/eval_40_mod_1_task_2263.wav');
INSERT INTO task_instances (task_inst_id, task_id, module_inst_id, status, task_completing_time) VALUES (2264, 2, 196, 1, '82');
INSERT INTO recordings (recording_id, task_inst_id, file_path) VALUES (2264, 2264, 'recordings/eval_40_mod_1_task_2264.wav');
INSERT INTO task_instances (task_inst_id, task_id, module_inst_id, status, task_completing_time) VALUES (2265, 3, 196, 1, '71');
INSERT INTO recordings (recording_id, task_inst_id, file_path) VALUES (2265, 2265, 'recordings/eval_40_mod_1_task_2265.wav');
INSERT INTO task_instances (task_inst_id, task_id, module_inst_id, status, task_completing_time) VALUES (2266, 4, 196, 0, '155');
INSERT INTO recordings (recording_id, task_inst_id, file_path) VALUES (2266, 2266, 'recordings/eval_40_mod_1_task_2266.wav');
INSERT INTO task_instances (task_inst_id, task_id, module_inst_id, status, task_completing_time) VALUES (2267, 5, 196, 0, '297');
INSERT INTO recordings (recording_id, task_inst_id, file_path) VALUES (2267, 2267, 'recordings/eval_40_mod_1_task_2267.wav');
INSERT INTO task_instances (task_inst_id, task_id, module_inst_id, status, task_completing_time) VALUES (2268, 6, 196, 1, '115');
INSERT INTO recordings (recording_id, task_inst_id, file_path) VALUES (2268, 2268, 'recordings/eval_40_mod_1_task_2268.wav');
INSERT INTO task_instances (task_inst_id, task_id, module_inst_id, status, task_completing_time) VALUES (2269, 7, 196, 1, '20');
INSERT INTO recordings (recording_id, task_inst_id, file_path) VALUES (2269, 2269, 'recordings/eval_40_mod_1_task_2269.wav');
INSERT INTO task_instances (task_inst_id, task_id, module_inst_id, status, task_completing_time) VALUES (2270, 8, 196, 1, '272');
INSERT INTO recordings (recording_id, task_inst_id, file_path) VALUES (2270, 2270, 'recordings/eval_40_mod_1_task_2270.wav');
INSERT INTO task_instances (task_inst_id, task_id, module_inst_id, status, task_completing_time) VALUES (2271, 9, 196, 1, '227');
INSERT INTO recordings (recording_id, task_inst_id, file_path) VALUES (2271, 2271, 'recordings/eval_40_mod_1_task_2271.wav');
INSERT INTO task_instances (task_inst_id, task_id, module_inst_id, status, task_completing_time) VALUES (2272, 10, 196, 1, '254');
INSERT INTO recordings (recording_id, task_inst_id, file_path) VALUES (2272, 2272, 'recordings/eval_40_mod_1_task_2272.wav');
INSERT INTO module_instances (module_inst_id, module_id, evaluation_id, status) VALUES (197, 2, 40, 3);
INSERT INTO task_instances (task_inst_id, task_id, module_inst_id, status, task_completing_time) VALUES (2273, 11, 197, 0, '49');
INSERT INTO recordings (recording_id, task_inst_id, file_path) VALUES (2273, 2273, 'recordings/eval_40_mod_2_task_2273.wav');
INSERT INTO task_instances (task_inst_id, task_id, module_inst_id, status, task_completing_time) VALUES (2274, 12, 197, 1, '187');
INSERT INTO recordings (recording_id, task_inst_id, file_path) VALUES (2274, 2274, 'recordings/eval_40_mod_2_task_2274.wav');
INSERT INTO task_instances (task_inst_id, task_id, module_inst_id, status, task_completing_time) VALUES (2275, 13, 197, 0, '138');
INSERT INTO recordings (recording_id, task_inst_id, file_path) VALUES (2275, 2275, 'recordings/eval_40_mod_2_task_2275.wav');
INSERT INTO task_instances (task_inst_id, task_id, module_inst_id, status, task_completing_time) VALUES (2276, 14, 197, 1, '145');
INSERT INTO recordings (recording_id, task_inst_id, file_path) VALUES (2276, 2276, 'recordings/eval_40_mod_2_task_2276.wav');
INSERT INTO task_instances (task_inst_id, task_id, module_inst_id, status, task_completing_time) VALUES (2277, 15, 197, 1, '276');
INSERT INTO recordings (recording_id, task_inst_id, file_path) VALUES (2277, 2277, 'recordings/eval_40_mod_2_task_2277.wav');
INSERT INTO task_instances (task_inst_id, task_id, module_inst_id, status, task_completing_time) VALUES (2278, 16, 197, 0, '81');
INSERT INTO recordings (recording_id, task_inst_id, file_path) VALUES (2278, 2278, 'recordings/eval_40_mod_2_task_2278.wav');
INSERT INTO task_instances (task_inst_id, task_id, module_inst_id, status, task_completing_time) VALUES (2279, 17, 197, 1, '221');
INSERT INTO recordings (recording_id, task_inst_id, file_path) VALUES (2279, 2279, 'recordings/eval_40_mod_2_task_2279.wav');
INSERT INTO task_instances (task_inst_id, task_id, module_inst_id, status, task_completing_time) VALUES (2280, 18, 197, 0, '268');
INSERT INTO recordings (recording_id, task_inst_id, file_path) VALUES (2280, 2280, 'recordings/eval_40_mod_2_task_2280.wav');
INSERT INTO task_instances (task_inst_id, task_id, module_inst_id, status, task_completing_time) VALUES (2281, 19, 197, 1, '224');
INSERT INTO recordings (recording_id, task_inst_id, file_path) VALUES (2281, 2281, 'recordings/eval_40_mod_2_task_2281.wav');
INSERT INTO task_instances (task_inst_id, task_id, module_inst_id, status, task_completing_time) VALUES (2282, 20, 197, 1, '263');
INSERT INTO recordings (recording_id, task_inst_id, file_path) VALUES (2282, 2282, 'recordings/eval_40_mod_2_task_2282.wav');
INSERT INTO task_instances (task_inst_id, task_id, module_inst_id, status, task_completing_time) VALUES (2283, 21, 197, 1, '46');
INSERT INTO recordings (recording_id, task_inst_id, file_path) VALUES (2283, 2283, 'recordings/eval_40_mod_2_task_2283.wav');
INSERT INTO task_instances (task_inst_id, task_id, module_inst_id, status, task_completing_time) VALUES (2284, 22, 197, 1, '36');
INSERT INTO recordings (recording_id, task_inst_id, file_path) VALUES (2284, 2284, 'recordings/eval_40_mod_2_task_2284.wav');
INSERT INTO task_instances (task_inst_id, task_id, module_inst_id, status, task_completing_time) VALUES (2285, 23, 197, 1, '46');
INSERT INTO recordings (recording_id, task_inst_id, file_path) VALUES (2285, 2285, 'recordings/eval_40_mod_2_task_2285.wav');
INSERT INTO task_instances (task_inst_id, task_id, module_inst_id, status, task_completing_time) VALUES (2286, 24, 197, 1, '142');
INSERT INTO recordings (recording_id, task_inst_id, file_path) VALUES (2286, 2286, 'recordings/eval_40_mod_2_task_2286.wav');
INSERT INTO task_instances (task_inst_id, task_id, module_inst_id, status, task_completing_time) VALUES (2287, 25, 197, 1, '23');
INSERT INTO recordings (recording_id, task_inst_id, file_path) VALUES (2287, 2287, 'recordings/eval_40_mod_2_task_2287.wav');
INSERT INTO task_instances (task_inst_id, task_id, module_inst_id, status, task_completing_time) VALUES (2288, 26, 197, 1, '147');
INSERT INTO recordings (recording_id, task_inst_id, file_path) VALUES (2288, 2288, 'recordings/eval_40_mod_2_task_2288.wav');
INSERT INTO task_instances (task_inst_id, task_id, module_inst_id, status, task_completing_time) VALUES (2289, 27, 197, 1, '60');
INSERT INTO recordings (recording_id, task_inst_id, file_path) VALUES (2289, 2289, 'recordings/eval_40_mod_2_task_2289.wav');
INSERT INTO task_instances (task_inst_id, task_id, module_inst_id, status, task_completing_time) VALUES (2290, 28, 197, 1, '273');
INSERT INTO recordings (recording_id, task_inst_id, file_path) VALUES (2290, 2290, 'recordings/eval_40_mod_2_task_2290.wav');
INSERT INTO task_instances (task_inst_id, task_id, module_inst_id, status, task_completing_time) VALUES (2291, 29, 197, 0, '298');
INSERT INTO recordings (recording_id, task_inst_id, file_path) VALUES (2291, 2291, 'recordings/eval_40_mod_2_task_2291.wav');
INSERT INTO task_instances (task_inst_id, task_id, module_inst_id, status, task_completing_time) VALUES (2292, 30, 197, 1, '18');
INSERT INTO recordings (recording_id, task_inst_id, file_path) VALUES (2292, 2292, 'recordings/eval_40_mod_2_task_2292.wav');
INSERT INTO task_instances (task_inst_id, task_id, module_inst_id, status, task_completing_time) VALUES (2293, 31, 197, 1, '111');
INSERT INTO recordings (recording_id, task_inst_id, file_path) VALUES (2293, 2293, 'recordings/eval_40_mod_2_task_2293.wav');
INSERT INTO task_instances (task_inst_id, task_id, module_inst_id, status, task_completing_time) VALUES (2294, 32, 197, 1, '269');
INSERT INTO recordings (recording_id, task_inst_id, file_path) VALUES (2294, 2294, 'recordings/eval_40_mod_2_task_2294.wav');
INSERT INTO task_instances (task_inst_id, task_id, module_inst_id, status, task_completing_time) VALUES (2295, 33, 197, 1, '227');
INSERT INTO recordings (recording_id, task_inst_id, file_path) VALUES (2295, 2295, 'recordings/eval_40_mod_2_task_2295.wav');
INSERT INTO task_instances (task_inst_id, task_id, module_inst_id, status, task_completing_time) VALUES (2296, 34, 197, 0, '186');
INSERT INTO recordings (recording_id, task_inst_id, file_path) VALUES (2296, 2296, 'recordings/eval_40_mod_2_task_2296.wav');
INSERT INTO task_instances (task_inst_id, task_id, module_inst_id, status, task_completing_time) VALUES (2297, 35, 197, 1, '193');
INSERT INTO recordings (recording_id, task_inst_id, file_path) VALUES (2297, 2297, 'recordings/eval_40_mod_2_task_2297.wav');
INSERT INTO task_instances (task_inst_id, task_id, module_inst_id, status, task_completing_time) VALUES (2298, 36, 197, 1, '171');
INSERT INTO recordings (recording_id, task_inst_id, file_path) VALUES (2298, 2298, 'recordings/eval_40_mod_2_task_2298.wav');
INSERT INTO task_instances (task_inst_id, task_id, module_inst_id, status, task_completing_time) VALUES (2299, 37, 197, 1, '145');
INSERT INTO recordings (recording_id, task_inst_id, file_path) VALUES (2299, 2299, 'recordings/eval_40_mod_2_task_2299.wav');
INSERT INTO module_instances (module_inst_id, module_id, evaluation_id, status) VALUES (198, 3, 40, 3);
INSERT INTO task_instances (task_inst_id, task_id, module_inst_id, status, task_completing_time) VALUES (2300, 38, 198, 1, '29');
INSERT INTO recordings (recording_id, task_inst_id, file_path) VALUES (2300, 2300, 'recordings/eval_40_mod_3_task_2300.wav');
INSERT INTO task_instances (task_inst_id, task_id, module_inst_id, status, task_completing_time) VALUES (2301, 39, 198, 1, '232');
INSERT INTO recordings (recording_id, task_inst_id, file_path) VALUES (2301, 2301, 'recordings/eval_40_mod_3_task_2301.wav');
INSERT INTO task_instances (task_inst_id, task_id, module_inst_id, status, task_completing_time) VALUES (2302, 40, 198, 1, '199');
INSERT INTO recordings (recording_id, task_inst_id, file_path) VALUES (2302, 2302, 'recordings/eval_40_mod_3_task_2302.wav');
INSERT INTO task_instances (task_inst_id, task_id, module_inst_id, status, task_completing_time) VALUES (2303, 41, 198, 1, '187');
INSERT INTO recordings (recording_id, task_inst_id, file_path) VALUES (2303, 2303, 'recordings/eval_40_mod_3_task_2303.wav');
INSERT INTO task_instances (task_inst_id, task_id, module_inst_id, status, task_completing_time) VALUES (2304, 42, 198, 1, '286');
INSERT INTO recordings (recording_id, task_inst_id, file_path) VALUES (2304, 2304, 'recordings/eval_40_mod_3_task_2304.wav');
INSERT INTO task_instances (task_inst_id, task_id, module_inst_id, status, task_completing_time) VALUES (2305, 43, 198, 1, '173');
INSERT INTO recordings (recording_id, task_inst_id, file_path) VALUES (2305, 2305, 'recordings/eval_40_mod_3_task_2305.wav');
INSERT INTO task_instances (task_inst_id, task_id, module_inst_id, status, task_completing_time) VALUES (2306, 44, 198, 1, '74');
INSERT INTO recordings (recording_id, task_inst_id, file_path) VALUES (2306, 2306, 'recordings/eval_40_mod_3_task_2306.wav');
INSERT INTO task_instances (task_inst_id, task_id, module_inst_id, status, task_completing_time) VALUES (2307, 45, 198, 1, '153');
INSERT INTO recordings (recording_id, task_inst_id, file_path) VALUES (2307, 2307, 'recordings/eval_40_mod_3_task_2307.wav');
INSERT INTO task_instances (task_inst_id, task_id, module_inst_id, status, task_completing_time) VALUES (2308, 46, 198, 1, '79');
INSERT INTO recordings (recording_id, task_inst_id, file_path) VALUES (2308, 2308, 'recordings/eval_40_mod_3_task_2308.wav');
INSERT INTO module_instances (module_inst_id, module_id, evaluation_id, status) VALUES (199, 4, 40, 2);
INSERT INTO task_instances (task_inst_id, task_id, module_inst_id, status, task_completing_time) VALUES (2309, 47, 199, 0, '55');
INSERT INTO recordings (recording_id, task_inst_id, file_path) VALUES (2309, 2309, 'recordings/eval_40_mod_4_task_2309.wav');
INSERT INTO task_instances (task_inst_id, task_id, module_inst_id, status, task_completing_time) VALUES (2310, 48, 199, 1, '185');
INSERT INTO recordings (recording_id, task_inst_id, file_path) VALUES (2310, 2310, 'recordings/eval_40_mod_4_task_2310.wav');
INSERT INTO task_instances (task_inst_id, task_id, module_inst_id, status, task_completing_time) VALUES (2311, 49, 199, 0, '45');
INSERT INTO recordings (recording_id, task_inst_id, file_path) VALUES (2311, 2311, 'recordings/eval_40_mod_4_task_2311.wav');
INSERT INTO task_instances (task_inst_id, task_id, module_inst_id, status, task_completing_time) VALUES (2312, 50, 199, 0, '84');
INSERT INTO recordings (recording_id, task_inst_id, file_path) VALUES (2312, 2312, 'recordings/eval_40_mod_4_task_2312.wav');
INSERT INTO task_instances (task_inst_id, task_id, module_inst_id, status, task_completing_time) VALUES (2313, 51, 199, 1, '104');
INSERT INTO recordings (recording_id, task_inst_id, file_path) VALUES (2313, 2313, 'recordings/eval_40_mod_4_task_2313.wav');
INSERT INTO task_instances (task_inst_id, task_id, module_inst_id, status, task_completing_time) VALUES (2314, 52, 199, 0, '241');
INSERT INTO recordings (recording_id, task_inst_id, file_path) VALUES (2314, 2314, 'recordings/eval_40_mod_4_task_2314.wav');
INSERT INTO task_instances (task_inst_id, task_id, module_inst_id, status, task_completing_time) VALUES (2315, 53, 199, 1, '272');
INSERT INTO recordings (recording_id, task_inst_id, file_path) VALUES (2315, 2315, 'recordings/eval_40_mod_4_task_2315.wav');
INSERT INTO task_instances (task_inst_id, task_id, module_inst_id, status, task_completing_time) VALUES (2316, 54, 199, 1, '108');
INSERT INTO recordings (recording_id, task_inst_id, file_path) VALUES (2316, 2316, 'recordings/eval_40_mod_4_task_2316.wav');
INSERT INTO task_instances (task_inst_id, task_id, module_inst_id, status, task_completing_time) VALUES (2317, 55, 199, 1, '231');
INSERT INTO recordings (recording_id, task_inst_id, file_path) VALUES (2317, 2317, 'recordings/eval_40_mod_4_task_2317.wav');
INSERT INTO task_instances (task_inst_id, task_id, module_inst_id, status, task_completing_time) VALUES (2318, 56, 199, 1, '6');
INSERT INTO recordings (recording_id, task_inst_id, file_path) VALUES (2318, 2318, 'recordings/eval_40_mod_4_task_2318.wav');
INSERT INTO module_instances (module_inst_id, module_id, evaluation_id, status) VALUES (200, 9001, 40, 3);
INSERT INTO task_instances (task_inst_id, task_id, module_inst_id, status, task_completing_time) VALUES (2319, 9001, 200, 1, '32');
INSERT INTO recordings (recording_id, task_inst_id, file_path) VALUES (2319, 2319, 'recordings/eval_40_mod_9001_task_2319.wav');
INSERT INTO task_instances (task_inst_id, task_id, module_inst_id, status, task_completing_time) VALUES (2320, 9002, 200, 0, '191');
INSERT INTO recordings (recording_id, task_inst_id, file_path) VALUES (2320, 2320, 'recordings/eval_40_mod_9001_task_2320.wav');
INSERT INTO participants (participant_id, name, surname, education_level, sex, birth_date, laterality) VALUES (41, 'tNn15tuKKICjey4Lht0WCg==', 'qdn6/9bgUIKheSwJhN8UCA==', 1, 2, '1947-03-18', 2);
INSERT INTO evaluations (evaluation_id, evaluation_date, evaluator_id, participant_id, status, language) VALUES (41, '2025-09-21 13:10:00', 6, 41, 3, 2);
INSERT INTO module_instances (module_inst_id, module_id, evaluation_id, status) VALUES (201, 1, 41, 3);
INSERT INTO task_instances (task_inst_id, task_id, module_inst_id, status, task_completing_time) VALUES (2321, 1, 201, 0, '49');
INSERT INTO recordings (recording_id, task_inst_id, file_path) VALUES (2321, 2321, 'recordings/eval_41_mod_1_task_2321.wav');
INSERT INTO task_instances (task_inst_id, task_id, module_inst_id, status, task_completing_time) VALUES (2322, 2, 201, 1, '152');
INSERT INTO recordings (recording_id, task_inst_id, file_path) VALUES (2322, 2322, 'recordings/eval_41_mod_1_task_2322.wav');
INSERT INTO task_instances (task_inst_id, task_id, module_inst_id, status, task_completing_time) VALUES (2323, 3, 201, 1, '75');
INSERT INTO recordings (recording_id, task_inst_id, file_path) VALUES (2323, 2323, 'recordings/eval_41_mod_1_task_2323.wav');
INSERT INTO task_instances (task_inst_id, task_id, module_inst_id, status, task_completing_time) VALUES (2324, 4, 201, 1, '190');
INSERT INTO recordings (recording_id, task_inst_id, file_path) VALUES (2324, 2324, 'recordings/eval_41_mod_1_task_2324.wav');
INSERT INTO task_instances (task_inst_id, task_id, module_inst_id, status, task_completing_time) VALUES (2325, 5, 201, 1, '229');
INSERT INTO recordings (recording_id, task_inst_id, file_path) VALUES (2325, 2325, 'recordings/eval_41_mod_1_task_2325.wav');
INSERT INTO task_instances (task_inst_id, task_id, module_inst_id, status, task_completing_time) VALUES (2326, 6, 201, 1, '110');
INSERT INTO recordings (recording_id, task_inst_id, file_path) VALUES (2326, 2326, 'recordings/eval_41_mod_1_task_2326.wav');
INSERT INTO task_instances (task_inst_id, task_id, module_inst_id, status, task_completing_time) VALUES (2327, 7, 201, 1, '164');
INSERT INTO recordings (recording_id, task_inst_id, file_path) VALUES (2327, 2327, 'recordings/eval_41_mod_1_task_2327.wav');
INSERT INTO task_instances (task_inst_id, task_id, module_inst_id, status, task_completing_time) VALUES (2328, 8, 201, 1, '84');
INSERT INTO recordings (recording_id, task_inst_id, file_path) VALUES (2328, 2328, 'recordings/eval_41_mod_1_task_2328.wav');
INSERT INTO task_instances (task_inst_id, task_id, module_inst_id, status, task_completing_time) VALUES (2329, 9, 201, 1, '146');
INSERT INTO recordings (recording_id, task_inst_id, file_path) VALUES (2329, 2329, 'recordings/eval_41_mod_1_task_2329.wav');
INSERT INTO task_instances (task_inst_id, task_id, module_inst_id, status, task_completing_time) VALUES (2330, 10, 201, 1, '105');
INSERT INTO recordings (recording_id, task_inst_id, file_path) VALUES (2330, 2330, 'recordings/eval_41_mod_1_task_2330.wav');
INSERT INTO module_instances (module_inst_id, module_id, evaluation_id, status) VALUES (202, 2, 41, 2);
INSERT INTO task_instances (task_inst_id, task_id, module_inst_id, status, task_completing_time) VALUES (2331, 11, 202, 1, '46');
INSERT INTO recordings (recording_id, task_inst_id, file_path) VALUES (2331, 2331, 'recordings/eval_41_mod_2_task_2331.wav');
INSERT INTO task_instances (task_inst_id, task_id, module_inst_id, status, task_completing_time) VALUES (2332, 12, 202, 1, '38');
INSERT INTO recordings (recording_id, task_inst_id, file_path) VALUES (2332, 2332, 'recordings/eval_41_mod_2_task_2332.wav');
INSERT INTO task_instances (task_inst_id, task_id, module_inst_id, status, task_completing_time) VALUES (2333, 13, 202, 1, '190');
INSERT INTO recordings (recording_id, task_inst_id, file_path) VALUES (2333, 2333, 'recordings/eval_41_mod_2_task_2333.wav');
INSERT INTO task_instances (task_inst_id, task_id, module_inst_id, status, task_completing_time) VALUES (2334, 14, 202, 1, '34');
INSERT INTO recordings (recording_id, task_inst_id, file_path) VALUES (2334, 2334, 'recordings/eval_41_mod_2_task_2334.wav');
INSERT INTO task_instances (task_inst_id, task_id, module_inst_id, status, task_completing_time) VALUES (2335, 15, 202, 1, '113');
INSERT INTO recordings (recording_id, task_inst_id, file_path) VALUES (2335, 2335, 'recordings/eval_41_mod_2_task_2335.wav');
INSERT INTO task_instances (task_inst_id, task_id, module_inst_id, status, task_completing_time) VALUES (2336, 16, 202, 1, '146');
INSERT INTO recordings (recording_id, task_inst_id, file_path) VALUES (2336, 2336, 'recordings/eval_41_mod_2_task_2336.wav');
INSERT INTO task_instances (task_inst_id, task_id, module_inst_id, status, task_completing_time) VALUES (2337, 17, 202, 1, '159');
INSERT INTO recordings (recording_id, task_inst_id, file_path) VALUES (2337, 2337, 'recordings/eval_41_mod_2_task_2337.wav');
INSERT INTO task_instances (task_inst_id, task_id, module_inst_id, status, task_completing_time) VALUES (2338, 18, 202, 1, '31');
INSERT INTO recordings (recording_id, task_inst_id, file_path) VALUES (2338, 2338, 'recordings/eval_41_mod_2_task_2338.wav');
INSERT INTO task_instances (task_inst_id, task_id, module_inst_id, status, task_completing_time) VALUES (2339, 19, 202, 1, '261');
INSERT INTO recordings (recording_id, task_inst_id, file_path) VALUES (2339, 2339, 'recordings/eval_41_mod_2_task_2339.wav');
INSERT INTO task_instances (task_inst_id, task_id, module_inst_id, status, task_completing_time) VALUES (2340, 20, 202, 1, '109');
INSERT INTO recordings (recording_id, task_inst_id, file_path) VALUES (2340, 2340, 'recordings/eval_41_mod_2_task_2340.wav');
INSERT INTO task_instances (task_inst_id, task_id, module_inst_id, status, task_completing_time) VALUES (2341, 21, 202, 1, '6');
INSERT INTO recordings (recording_id, task_inst_id, file_path) VALUES (2341, 2341, 'recordings/eval_41_mod_2_task_2341.wav');
INSERT INTO task_instances (task_inst_id, task_id, module_inst_id, status, task_completing_time) VALUES (2342, 22, 202, 1, '90');
INSERT INTO recordings (recording_id, task_inst_id, file_path) VALUES (2342, 2342, 'recordings/eval_41_mod_2_task_2342.wav');
INSERT INTO task_instances (task_inst_id, task_id, module_inst_id, status, task_completing_time) VALUES (2343, 23, 202, 0, '31');
INSERT INTO recordings (recording_id, task_inst_id, file_path) VALUES (2343, 2343, 'recordings/eval_41_mod_2_task_2343.wav');
INSERT INTO task_instances (task_inst_id, task_id, module_inst_id, status, task_completing_time) VALUES (2344, 24, 202, 1, '71');
INSERT INTO recordings (recording_id, task_inst_id, file_path) VALUES (2344, 2344, 'recordings/eval_41_mod_2_task_2344.wav');
INSERT INTO task_instances (task_inst_id, task_id, module_inst_id, status, task_completing_time) VALUES (2345, 25, 202, 1, '37');
INSERT INTO recordings (recording_id, task_inst_id, file_path) VALUES (2345, 2345, 'recordings/eval_41_mod_2_task_2345.wav');
INSERT INTO task_instances (task_inst_id, task_id, module_inst_id, status, task_completing_time) VALUES (2346, 26, 202, 1, '202');
INSERT INTO recordings (recording_id, task_inst_id, file_path) VALUES (2346, 2346, 'recordings/eval_41_mod_2_task_2346.wav');
INSERT INTO task_instances (task_inst_id, task_id, module_inst_id, status, task_completing_time) VALUES (2347, 27, 202, 0, '292');
INSERT INTO recordings (recording_id, task_inst_id, file_path) VALUES (2347, 2347, 'recordings/eval_41_mod_2_task_2347.wav');
INSERT INTO task_instances (task_inst_id, task_id, module_inst_id, status, task_completing_time) VALUES (2348, 28, 202, 1, '209');
INSERT INTO recordings (recording_id, task_inst_id, file_path) VALUES (2348, 2348, 'recordings/eval_41_mod_2_task_2348.wav');
INSERT INTO task_instances (task_inst_id, task_id, module_inst_id, status, task_completing_time) VALUES (2349, 29, 202, 1, '37');
INSERT INTO recordings (recording_id, task_inst_id, file_path) VALUES (2349, 2349, 'recordings/eval_41_mod_2_task_2349.wav');
INSERT INTO task_instances (task_inst_id, task_id, module_inst_id, status, task_completing_time) VALUES (2350, 30, 202, 1, '25');
INSERT INTO recordings (recording_id, task_inst_id, file_path) VALUES (2350, 2350, 'recordings/eval_41_mod_2_task_2350.wav');
INSERT INTO task_instances (task_inst_id, task_id, module_inst_id, status, task_completing_time) VALUES (2351, 31, 202, 0, '205');
INSERT INTO recordings (recording_id, task_inst_id, file_path) VALUES (2351, 2351, 'recordings/eval_41_mod_2_task_2351.wav');
INSERT INTO task_instances (task_inst_id, task_id, module_inst_id, status, task_completing_time) VALUES (2352, 32, 202, 0, '82');
INSERT INTO recordings (recording_id, task_inst_id, file_path) VALUES (2352, 2352, 'recordings/eval_41_mod_2_task_2352.wav');
INSERT INTO task_instances (task_inst_id, task_id, module_inst_id, status, task_completing_time) VALUES (2353, 33, 202, 1, '111');
INSERT INTO recordings (recording_id, task_inst_id, file_path) VALUES (2353, 2353, 'recordings/eval_41_mod_2_task_2353.wav');
INSERT INTO task_instances (task_inst_id, task_id, module_inst_id, status, task_completing_time) VALUES (2354, 34, 202, 1, '134');
INSERT INTO recordings (recording_id, task_inst_id, file_path) VALUES (2354, 2354, 'recordings/eval_41_mod_2_task_2354.wav');
INSERT INTO task_instances (task_inst_id, task_id, module_inst_id, status, task_completing_time) VALUES (2355, 35, 202, 1, '48');
INSERT INTO recordings (recording_id, task_inst_id, file_path) VALUES (2355, 2355, 'recordings/eval_41_mod_2_task_2355.wav');
INSERT INTO task_instances (task_inst_id, task_id, module_inst_id, status, task_completing_time) VALUES (2356, 36, 202, 0, '88');
INSERT INTO recordings (recording_id, task_inst_id, file_path) VALUES (2356, 2356, 'recordings/eval_41_mod_2_task_2356.wav');
INSERT INTO task_instances (task_inst_id, task_id, module_inst_id, status, task_completing_time) VALUES (2357, 37, 202, 1, '122');
INSERT INTO recordings (recording_id, task_inst_id, file_path) VALUES (2357, 2357, 'recordings/eval_41_mod_2_task_2357.wav');
INSERT INTO module_instances (module_inst_id, module_id, evaluation_id, status) VALUES (203, 3, 41, 2);
INSERT INTO task_instances (task_inst_id, task_id, module_inst_id, status, task_completing_time) VALUES (2358, 38, 203, 1, '17');
INSERT INTO recordings (recording_id, task_inst_id, file_path) VALUES (2358, 2358, 'recordings/eval_41_mod_3_task_2358.wav');
INSERT INTO task_instances (task_inst_id, task_id, module_inst_id, status, task_completing_time) VALUES (2359, 39, 203, 1, '253');
INSERT INTO recordings (recording_id, task_inst_id, file_path) VALUES (2359, 2359, 'recordings/eval_41_mod_3_task_2359.wav');
INSERT INTO task_instances (task_inst_id, task_id, module_inst_id, status, task_completing_time) VALUES (2360, 40, 203, 1, '239');
INSERT INTO recordings (recording_id, task_inst_id, file_path) VALUES (2360, 2360, 'recordings/eval_41_mod_3_task_2360.wav');
INSERT INTO task_instances (task_inst_id, task_id, module_inst_id, status, task_completing_time) VALUES (2361, 41, 203, 1, '73');
INSERT INTO recordings (recording_id, task_inst_id, file_path) VALUES (2361, 2361, 'recordings/eval_41_mod_3_task_2361.wav');
INSERT INTO task_instances (task_inst_id, task_id, module_inst_id, status, task_completing_time) VALUES (2362, 42, 203, 1, '49');
INSERT INTO recordings (recording_id, task_inst_id, file_path) VALUES (2362, 2362, 'recordings/eval_41_mod_3_task_2362.wav');
INSERT INTO task_instances (task_inst_id, task_id, module_inst_id, status, task_completing_time) VALUES (2363, 43, 203, 1, '45');
INSERT INTO recordings (recording_id, task_inst_id, file_path) VALUES (2363, 2363, 'recordings/eval_41_mod_3_task_2363.wav');
INSERT INTO task_instances (task_inst_id, task_id, module_inst_id, status, task_completing_time) VALUES (2364, 44, 203, 0, '275');
INSERT INTO recordings (recording_id, task_inst_id, file_path) VALUES (2364, 2364, 'recordings/eval_41_mod_3_task_2364.wav');
INSERT INTO task_instances (task_inst_id, task_id, module_inst_id, status, task_completing_time) VALUES (2365, 45, 203, 0, '51');
INSERT INTO recordings (recording_id, task_inst_id, file_path) VALUES (2365, 2365, 'recordings/eval_41_mod_3_task_2365.wav');
INSERT INTO task_instances (task_inst_id, task_id, module_inst_id, status, task_completing_time) VALUES (2366, 46, 203, 1, '195');
INSERT INTO recordings (recording_id, task_inst_id, file_path) VALUES (2366, 2366, 'recordings/eval_41_mod_3_task_2366.wav');
INSERT INTO module_instances (module_inst_id, module_id, evaluation_id, status) VALUES (204, 4, 41, 3);
INSERT INTO task_instances (task_inst_id, task_id, module_inst_id, status, task_completing_time) VALUES (2367, 47, 204, 1, '50');
INSERT INTO recordings (recording_id, task_inst_id, file_path) VALUES (2367, 2367, 'recordings/eval_41_mod_4_task_2367.wav');
INSERT INTO task_instances (task_inst_id, task_id, module_inst_id, status, task_completing_time) VALUES (2368, 48, 204, 1, '62');
INSERT INTO recordings (recording_id, task_inst_id, file_path) VALUES (2368, 2368, 'recordings/eval_41_mod_4_task_2368.wav');
INSERT INTO task_instances (task_inst_id, task_id, module_inst_id, status, task_completing_time) VALUES (2369, 49, 204, 1, '268');
INSERT INTO recordings (recording_id, task_inst_id, file_path) VALUES (2369, 2369, 'recordings/eval_41_mod_4_task_2369.wav');
INSERT INTO task_instances (task_inst_id, task_id, module_inst_id, status, task_completing_time) VALUES (2370, 50, 204, 1, '228');
INSERT INTO recordings (recording_id, task_inst_id, file_path) VALUES (2370, 2370, 'recordings/eval_41_mod_4_task_2370.wav');
INSERT INTO task_instances (task_inst_id, task_id, module_inst_id, status, task_completing_time) VALUES (2371, 51, 204, 0, '40');
INSERT INTO recordings (recording_id, task_inst_id, file_path) VALUES (2371, 2371, 'recordings/eval_41_mod_4_task_2371.wav');
INSERT INTO task_instances (task_inst_id, task_id, module_inst_id, status, task_completing_time) VALUES (2372, 52, 204, 0, '222');
INSERT INTO recordings (recording_id, task_inst_id, file_path) VALUES (2372, 2372, 'recordings/eval_41_mod_4_task_2372.wav');
INSERT INTO task_instances (task_inst_id, task_id, module_inst_id, status, task_completing_time) VALUES (2373, 53, 204, 1, '239');
INSERT INTO recordings (recording_id, task_inst_id, file_path) VALUES (2373, 2373, 'recordings/eval_41_mod_4_task_2373.wav');
INSERT INTO task_instances (task_inst_id, task_id, module_inst_id, status, task_completing_time) VALUES (2374, 54, 204, 1, '248');
INSERT INTO recordings (recording_id, task_inst_id, file_path) VALUES (2374, 2374, 'recordings/eval_41_mod_4_task_2374.wav');
INSERT INTO task_instances (task_inst_id, task_id, module_inst_id, status, task_completing_time) VALUES (2375, 55, 204, 1, '110');
INSERT INTO recordings (recording_id, task_inst_id, file_path) VALUES (2375, 2375, 'recordings/eval_41_mod_4_task_2375.wav');
INSERT INTO task_instances (task_inst_id, task_id, module_inst_id, status, task_completing_time) VALUES (2376, 56, 204, 1, '34');
INSERT INTO recordings (recording_id, task_inst_id, file_path) VALUES (2376, 2376, 'recordings/eval_41_mod_4_task_2376.wav');
INSERT INTO module_instances (module_inst_id, module_id, evaluation_id, status) VALUES (205, 9001, 41, 3);
INSERT INTO task_instances (task_inst_id, task_id, module_inst_id, status, task_completing_time) VALUES (2377, 9001, 205, 1, '17');
INSERT INTO recordings (recording_id, task_inst_id, file_path) VALUES (2377, 2377, 'recordings/eval_41_mod_9001_task_2377.wav');
INSERT INTO task_instances (task_inst_id, task_id, module_inst_id, status, task_completing_time) VALUES (2378, 9002, 205, 1, '251');
INSERT INTO recordings (recording_id, task_inst_id, file_path) VALUES (2378, 2378, 'recordings/eval_41_mod_9001_task_2378.wav');
INSERT INTO participants (participant_id, name, surname, education_level, sex, birth_date, laterality) VALUES (42, 'tcRVKMGCNICjey4Lht0WCg==', 'ud/l/dbgUIKheSwJhN8UCA==', 5, 2, '1959-07-15', 2);
INSERT INTO evaluations (evaluation_id, evaluation_date, evaluator_id, participant_id, status, language) VALUES (42, '2025-10-21 15:24:00', 6, 42, 3, 2);
INSERT INTO module_instances (module_inst_id, module_id, evaluation_id, status) VALUES (206, 1, 42, 3);
INSERT INTO task_instances (task_inst_id, task_id, module_inst_id, status, task_completing_time) VALUES (2379, 1, 206, 1, '21');
INSERT INTO recordings (recording_id, task_inst_id, file_path) VALUES (2379, 2379, 'recordings/eval_42_mod_1_task_2379.wav');
INSERT INTO task_instances (task_inst_id, task_id, module_inst_id, status, task_completing_time) VALUES (2380, 2, 206, 1, '295');
INSERT INTO recordings (recording_id, task_inst_id, file_path) VALUES (2380, 2380, 'recordings/eval_42_mod_1_task_2380.wav');
INSERT INTO task_instances (task_inst_id, task_id, module_inst_id, status, task_completing_time) VALUES (2381, 3, 206, 1, '230');
INSERT INTO recordings (recording_id, task_inst_id, file_path) VALUES (2381, 2381, 'recordings/eval_42_mod_1_task_2381.wav');
INSERT INTO task_instances (task_inst_id, task_id, module_inst_id, status, task_completing_time) VALUES (2382, 4, 206, 1, '290');
INSERT INTO recordings (recording_id, task_inst_id, file_path) VALUES (2382, 2382, 'recordings/eval_42_mod_1_task_2382.wav');
INSERT INTO task_instances (task_inst_id, task_id, module_inst_id, status, task_completing_time) VALUES (2383, 5, 206, 1, '172');
INSERT INTO recordings (recording_id, task_inst_id, file_path) VALUES (2383, 2383, 'recordings/eval_42_mod_1_task_2383.wav');
INSERT INTO task_instances (task_inst_id, task_id, module_inst_id, status, task_completing_time) VALUES (2384, 6, 206, 1, '277');
INSERT INTO recordings (recording_id, task_inst_id, file_path) VALUES (2384, 2384, 'recordings/eval_42_mod_1_task_2384.wav');
INSERT INTO task_instances (task_inst_id, task_id, module_inst_id, status, task_completing_time) VALUES (2385, 7, 206, 1, '245');
INSERT INTO recordings (recording_id, task_inst_id, file_path) VALUES (2385, 2385, 'recordings/eval_42_mod_1_task_2385.wav');
INSERT INTO task_instances (task_inst_id, task_id, module_inst_id, status, task_completing_time) VALUES (2386, 8, 206, 1, '155');
INSERT INTO recordings (recording_id, task_inst_id, file_path) VALUES (2386, 2386, 'recordings/eval_42_mod_1_task_2386.wav');
INSERT INTO task_instances (task_inst_id, task_id, module_inst_id, status, task_completing_time) VALUES (2387, 9, 206, 1, '132');
INSERT INTO recordings (recording_id, task_inst_id, file_path) VALUES (2387, 2387, 'recordings/eval_42_mod_1_task_2387.wav');
INSERT INTO task_instances (task_inst_id, task_id, module_inst_id, status, task_completing_time) VALUES (2388, 10, 206, 1, '193');
INSERT INTO recordings (recording_id, task_inst_id, file_path) VALUES (2388, 2388, 'recordings/eval_42_mod_1_task_2388.wav');
INSERT INTO module_instances (module_inst_id, module_id, evaluation_id, status) VALUES (207, 2, 42, 3);
INSERT INTO task_instances (task_inst_id, task_id, module_inst_id, status, task_completing_time) VALUES (2389, 11, 207, 1, '33');
INSERT INTO recordings (recording_id, task_inst_id, file_path) VALUES (2389, 2389, 'recordings/eval_42_mod_2_task_2389.wav');
INSERT INTO task_instances (task_inst_id, task_id, module_inst_id, status, task_completing_time) VALUES (2390, 12, 207, 1, '110');
INSERT INTO recordings (recording_id, task_inst_id, file_path) VALUES (2390, 2390, 'recordings/eval_42_mod_2_task_2390.wav');
INSERT INTO task_instances (task_inst_id, task_id, module_inst_id, status, task_completing_time) VALUES (2391, 13, 207, 0, '208');
INSERT INTO recordings (recording_id, task_inst_id, file_path) VALUES (2391, 2391, 'recordings/eval_42_mod_2_task_2391.wav');
INSERT INTO task_instances (task_inst_id, task_id, module_inst_id, status, task_completing_time) VALUES (2392, 14, 207, 1, '130');
INSERT INTO recordings (recording_id, task_inst_id, file_path) VALUES (2392, 2392, 'recordings/eval_42_mod_2_task_2392.wav');
INSERT INTO task_instances (task_inst_id, task_id, module_inst_id, status, task_completing_time) VALUES (2393, 15, 207, 1, '67');
INSERT INTO recordings (recording_id, task_inst_id, file_path) VALUES (2393, 2393, 'recordings/eval_42_mod_2_task_2393.wav');
INSERT INTO task_instances (task_inst_id, task_id, module_inst_id, status, task_completing_time) VALUES (2394, 16, 207, 1, '79');
INSERT INTO recordings (recording_id, task_inst_id, file_path) VALUES (2394, 2394, 'recordings/eval_42_mod_2_task_2394.wav');
INSERT INTO task_instances (task_inst_id, task_id, module_inst_id, status, task_completing_time) VALUES (2395, 17, 207, 1, '129');
INSERT INTO recordings (recording_id, task_inst_id, file_path) VALUES (2395, 2395, 'recordings/eval_42_mod_2_task_2395.wav');
INSERT INTO task_instances (task_inst_id, task_id, module_inst_id, status, task_completing_time) VALUES (2396, 18, 207, 1, '268');
INSERT INTO recordings (recording_id, task_inst_id, file_path) VALUES (2396, 2396, 'recordings/eval_42_mod_2_task_2396.wav');
INSERT INTO task_instances (task_inst_id, task_id, module_inst_id, status, task_completing_time) VALUES (2397, 19, 207, 0, '44');
INSERT INTO recordings (recording_id, task_inst_id, file_path) VALUES (2397, 2397, 'recordings/eval_42_mod_2_task_2397.wav');
INSERT INTO task_instances (task_inst_id, task_id, module_inst_id, status, task_completing_time) VALUES (2398, 20, 207, 1, '129');
INSERT INTO recordings (recording_id, task_inst_id, file_path) VALUES (2398, 2398, 'recordings/eval_42_mod_2_task_2398.wav');
INSERT INTO task_instances (task_inst_id, task_id, module_inst_id, status, task_completing_time) VALUES (2399, 21, 207, 1, '7');
INSERT INTO recordings (recording_id, task_inst_id, file_path) VALUES (2399, 2399, 'recordings/eval_42_mod_2_task_2399.wav');
INSERT INTO task_instances (task_inst_id, task_id, module_inst_id, status, task_completing_time) VALUES (2400, 22, 207, 1, '64');
INSERT INTO recordings (recording_id, task_inst_id, file_path) VALUES (2400, 2400, 'recordings/eval_42_mod_2_task_2400.wav');
INSERT INTO task_instances (task_inst_id, task_id, module_inst_id, status, task_completing_time) VALUES (2401, 23, 207, 1, '16');
INSERT INTO recordings (recording_id, task_inst_id, file_path) VALUES (2401, 2401, 'recordings/eval_42_mod_2_task_2401.wav');
INSERT INTO task_instances (task_inst_id, task_id, module_inst_id, status, task_completing_time) VALUES (2402, 24, 207, 1, '177');
INSERT INTO recordings (recording_id, task_inst_id, file_path) VALUES (2402, 2402, 'recordings/eval_42_mod_2_task_2402.wav');
INSERT INTO task_instances (task_inst_id, task_id, module_inst_id, status, task_completing_time) VALUES (2403, 25, 207, 1, '48');
INSERT INTO recordings (recording_id, task_inst_id, file_path) VALUES (2403, 2403, 'recordings/eval_42_mod_2_task_2403.wav');
INSERT INTO task_instances (task_inst_id, task_id, module_inst_id, status, task_completing_time) VALUES (2404, 26, 207, 1, '27');
INSERT INTO recordings (recording_id, task_inst_id, file_path) VALUES (2404, 2404, 'recordings/eval_42_mod_2_task_2404.wav');
INSERT INTO task_instances (task_inst_id, task_id, module_inst_id, status, task_completing_time) VALUES (2405, 27, 207, 1, '238');
INSERT INTO recordings (recording_id, task_inst_id, file_path) VALUES (2405, 2405, 'recordings/eval_42_mod_2_task_2405.wav');
INSERT INTO task_instances (task_inst_id, task_id, module_inst_id, status, task_completing_time) VALUES (2406, 28, 207, 1, '203');
INSERT INTO recordings (recording_id, task_inst_id, file_path) VALUES (2406, 2406, 'recordings/eval_42_mod_2_task_2406.wav');
INSERT INTO task_instances (task_inst_id, task_id, module_inst_id, status, task_completing_time) VALUES (2407, 29, 207, 1, '218');
INSERT INTO recordings (recording_id, task_inst_id, file_path) VALUES (2407, 2407, 'recordings/eval_42_mod_2_task_2407.wav');
INSERT INTO task_instances (task_inst_id, task_id, module_inst_id, status, task_completing_time) VALUES (2408, 30, 207, 1, '9');
INSERT INTO recordings (recording_id, task_inst_id, file_path) VALUES (2408, 2408, 'recordings/eval_42_mod_2_task_2408.wav');
INSERT INTO task_instances (task_inst_id, task_id, module_inst_id, status, task_completing_time) VALUES (2409, 31, 207, 1, '188');
INSERT INTO recordings (recording_id, task_inst_id, file_path) VALUES (2409, 2409, 'recordings/eval_42_mod_2_task_2409.wav');
INSERT INTO task_instances (task_inst_id, task_id, module_inst_id, status, task_completing_time) VALUES (2410, 32, 207, 1, '64');
INSERT INTO recordings (recording_id, task_inst_id, file_path) VALUES (2410, 2410, 'recordings/eval_42_mod_2_task_2410.wav');
INSERT INTO task_instances (task_inst_id, task_id, module_inst_id, status, task_completing_time) VALUES (2411, 33, 207, 1, '54');
INSERT INTO recordings (recording_id, task_inst_id, file_path) VALUES (2411, 2411, 'recordings/eval_42_mod_2_task_2411.wav');
INSERT INTO task_instances (task_inst_id, task_id, module_inst_id, status, task_completing_time) VALUES (2412, 34, 207, 0, '184');
INSERT INTO recordings (recording_id, task_inst_id, file_path) VALUES (2412, 2412, 'recordings/eval_42_mod_2_task_2412.wav');
INSERT INTO task_instances (task_inst_id, task_id, module_inst_id, status, task_completing_time) VALUES (2413, 35, 207, 1, '192');
INSERT INTO recordings (recording_id, task_inst_id, file_path) VALUES (2413, 2413, 'recordings/eval_42_mod_2_task_2413.wav');
INSERT INTO task_instances (task_inst_id, task_id, module_inst_id, status, task_completing_time) VALUES (2414, 36, 207, 0, '31');
INSERT INTO recordings (recording_id, task_inst_id, file_path) VALUES (2414, 2414, 'recordings/eval_42_mod_2_task_2414.wav');
INSERT INTO task_instances (task_inst_id, task_id, module_inst_id, status, task_completing_time) VALUES (2415, 37, 207, 1, '71');
INSERT INTO recordings (recording_id, task_inst_id, file_path) VALUES (2415, 2415, 'recordings/eval_42_mod_2_task_2415.wav');
INSERT INTO module_instances (module_inst_id, module_id, evaluation_id, status) VALUES (208, 3, 42, 2);
INSERT INTO task_instances (task_inst_id, task_id, module_inst_id, status, task_completing_time) VALUES (2416, 38, 208, 0, '12');
INSERT INTO recordings (recording_id, task_inst_id, file_path) VALUES (2416, 2416, 'recordings/eval_42_mod_3_task_2416.wav');
INSERT INTO task_instances (task_inst_id, task_id, module_inst_id, status, task_completing_time) VALUES (2417, 39, 208, 1, '125');
INSERT INTO recordings (recording_id, task_inst_id, file_path) VALUES (2417, 2417, 'recordings/eval_42_mod_3_task_2417.wav');
INSERT INTO task_instances (task_inst_id, task_id, module_inst_id, status, task_completing_time) VALUES (2418, 40, 208, 0, '224');
INSERT INTO recordings (recording_id, task_inst_id, file_path) VALUES (2418, 2418, 'recordings/eval_42_mod_3_task_2418.wav');
INSERT INTO task_instances (task_inst_id, task_id, module_inst_id, status, task_completing_time) VALUES (2419, 41, 208, 1, '64');
INSERT INTO recordings (recording_id, task_inst_id, file_path) VALUES (2419, 2419, 'recordings/eval_42_mod_3_task_2419.wav');
INSERT INTO task_instances (task_inst_id, task_id, module_inst_id, status, task_completing_time) VALUES (2420, 42, 208, 1, '286');
INSERT INTO recordings (recording_id, task_inst_id, file_path) VALUES (2420, 2420, 'recordings/eval_42_mod_3_task_2420.wav');
INSERT INTO task_instances (task_inst_id, task_id, module_inst_id, status, task_completing_time) VALUES (2421, 43, 208, 1, '233');
INSERT INTO recordings (recording_id, task_inst_id, file_path) VALUES (2421, 2421, 'recordings/eval_42_mod_3_task_2421.wav');
INSERT INTO task_instances (task_inst_id, task_id, module_inst_id, status, task_completing_time) VALUES (2422, 44, 208, 0, '285');
INSERT INTO recordings (recording_id, task_inst_id, file_path) VALUES (2422, 2422, 'recordings/eval_42_mod_3_task_2422.wav');
INSERT INTO task_instances (task_inst_id, task_id, module_inst_id, status, task_completing_time) VALUES (2423, 45, 208, 1, '229');
INSERT INTO recordings (recording_id, task_inst_id, file_path) VALUES (2423, 2423, 'recordings/eval_42_mod_3_task_2423.wav');
INSERT INTO task_instances (task_inst_id, task_id, module_inst_id, status, task_completing_time) VALUES (2424, 46, 208, 1, '167');
INSERT INTO recordings (recording_id, task_inst_id, file_path) VALUES (2424, 2424, 'recordings/eval_42_mod_3_task_2424.wav');
INSERT INTO module_instances (module_inst_id, module_id, evaluation_id, status) VALUES (209, 4, 42, 3);
INSERT INTO task_instances (task_inst_id, task_id, module_inst_id, status, task_completing_time) VALUES (2425, 47, 209, 1, '27');
INSERT INTO recordings (recording_id, task_inst_id, file_path) VALUES (2425, 2425, 'recordings/eval_42_mod_4_task_2425.wav');
INSERT INTO task_instances (task_inst_id, task_id, module_inst_id, status, task_completing_time) VALUES (2426, 48, 209, 1, '295');
INSERT INTO recordings (recording_id, task_inst_id, file_path) VALUES (2426, 2426, 'recordings/eval_42_mod_4_task_2426.wav');
INSERT INTO task_instances (task_inst_id, task_id, module_inst_id, status, task_completing_time) VALUES (2427, 49, 209, 1, '98');
INSERT INTO recordings (recording_id, task_inst_id, file_path) VALUES (2427, 2427, 'recordings/eval_42_mod_4_task_2427.wav');
INSERT INTO task_instances (task_inst_id, task_id, module_inst_id, status, task_completing_time) VALUES (2428, 50, 209, 1, '114');
INSERT INTO recordings (recording_id, task_inst_id, file_path) VALUES (2428, 2428, 'recordings/eval_42_mod_4_task_2428.wav');
INSERT INTO task_instances (task_inst_id, task_id, module_inst_id, status, task_completing_time) VALUES (2429, 51, 209, 1, '251');
INSERT INTO recordings (recording_id, task_inst_id, file_path) VALUES (2429, 2429, 'recordings/eval_42_mod_4_task_2429.wav');
INSERT INTO task_instances (task_inst_id, task_id, module_inst_id, status, task_completing_time) VALUES (2430, 52, 209, 0, '275');
INSERT INTO recordings (recording_id, task_inst_id, file_path) VALUES (2430, 2430, 'recordings/eval_42_mod_4_task_2430.wav');
INSERT INTO task_instances (task_inst_id, task_id, module_inst_id, status, task_completing_time) VALUES (2431, 53, 209, 1, '182');
INSERT INTO recordings (recording_id, task_inst_id, file_path) VALUES (2431, 2431, 'recordings/eval_42_mod_4_task_2431.wav');
INSERT INTO task_instances (task_inst_id, task_id, module_inst_id, status, task_completing_time) VALUES (2432, 54, 209, 1, '212');
INSERT INTO recordings (recording_id, task_inst_id, file_path) VALUES (2432, 2432, 'recordings/eval_42_mod_4_task_2432.wav');
INSERT INTO task_instances (task_inst_id, task_id, module_inst_id, status, task_completing_time) VALUES (2433, 55, 209, 1, '123');
INSERT INTO recordings (recording_id, task_inst_id, file_path) VALUES (2433, 2433, 'recordings/eval_42_mod_4_task_2433.wav');
INSERT INTO task_instances (task_inst_id, task_id, module_inst_id, status, task_completing_time) VALUES (2434, 56, 209, 0, '11');
INSERT INTO recordings (recording_id, task_inst_id, file_path) VALUES (2434, 2434, 'recordings/eval_42_mod_4_task_2434.wav');
INSERT INTO module_instances (module_inst_id, module_id, evaluation_id, status) VALUES (210, 9001, 42, 3);
INSERT INTO task_instances (task_inst_id, task_id, module_inst_id, status, task_completing_time) VALUES (2435, 9001, 210, 1, '37');
INSERT INTO recordings (recording_id, task_inst_id, file_path) VALUES (2435, 2435, 'recordings/eval_42_mod_9001_task_2435.wav');
INSERT INTO task_instances (task_inst_id, task_id, module_inst_id, status, task_completing_time) VALUES (2436, 9002, 210, 1, '33');
INSERT INTO recordings (recording_id, task_inst_id, file_path) VALUES (2436, 2436, 'recordings/eval_42_mod_9001_task_2436.wav');
INSERT INTO participants (participant_id, name, surname, education_level, sex, birth_date, laterality) VALUES (43, 'qNHw6NKHUYOgeC0Ihd4VCQ==', 'u9z77N6POoCjey4Lht0WCg==', 1, 1, '1943-06-15', 1);
INSERT INTO evaluations (evaluation_id, evaluation_date, evaluator_id, participant_id, status, language) VALUES (43, '2025-08-10 09:53:00', 6, 43, 3, 2);
INSERT INTO module_instances (module_inst_id, module_id, evaluation_id, status) VALUES (211, 1, 43, 3);
INSERT INTO task_instances (task_inst_id, task_id, module_inst_id, status, task_completing_time) VALUES (2437, 1, 211, 1, '28');
INSERT INTO recordings (recording_id, task_inst_id, file_path) VALUES (2437, 2437, 'recordings/eval_43_mod_1_task_2437.wav');
INSERT INTO task_instances (task_inst_id, task_id, module_inst_id, status, task_completing_time) VALUES (2438, 2, 211, 0, '298');
INSERT INTO recordings (recording_id, task_inst_id, file_path) VALUES (2438, 2438, 'recordings/eval_43_mod_1_task_2438.wav');
INSERT INTO task_instances (task_inst_id, task_id, module_inst_id, status, task_completing_time) VALUES (2439, 3, 211, 0, '140');
INSERT INTO recordings (recording_id, task_inst_id, file_path) VALUES (2439, 2439, 'recordings/eval_43_mod_1_task_2439.wav');
INSERT INTO task_instances (task_inst_id, task_id, module_inst_id, status, task_completing_time) VALUES (2440, 4, 211, 1, '145');
INSERT INTO recordings (recording_id, task_inst_id, file_path) VALUES (2440, 2440, 'recordings/eval_43_mod_1_task_2440.wav');
INSERT INTO task_instances (task_inst_id, task_id, module_inst_id, status, task_completing_time) VALUES (2441, 5, 211, 0, '47');
INSERT INTO recordings (recording_id, task_inst_id, file_path) VALUES (2441, 2441, 'recordings/eval_43_mod_1_task_2441.wav');
INSERT INTO task_instances (task_inst_id, task_id, module_inst_id, status, task_completing_time) VALUES (2442, 6, 211, 1, '29');
INSERT INTO recordings (recording_id, task_inst_id, file_path) VALUES (2442, 2442, 'recordings/eval_43_mod_1_task_2442.wav');
INSERT INTO task_instances (task_inst_id, task_id, module_inst_id, status, task_completing_time) VALUES (2443, 7, 211, 1, '271');
INSERT INTO recordings (recording_id, task_inst_id, file_path) VALUES (2443, 2443, 'recordings/eval_43_mod_1_task_2443.wav');
INSERT INTO task_instances (task_inst_id, task_id, module_inst_id, status, task_completing_time) VALUES (2444, 8, 211, 1, '259');
INSERT INTO recordings (recording_id, task_inst_id, file_path) VALUES (2444, 2444, 'recordings/eval_43_mod_1_task_2444.wav');
INSERT INTO task_instances (task_inst_id, task_id, module_inst_id, status, task_completing_time) VALUES (2445, 9, 211, 1, '163');
INSERT INTO recordings (recording_id, task_inst_id, file_path) VALUES (2445, 2445, 'recordings/eval_43_mod_1_task_2445.wav');
INSERT INTO task_instances (task_inst_id, task_id, module_inst_id, status, task_completing_time) VALUES (2446, 10, 211, 1, '238');
INSERT INTO recordings (recording_id, task_inst_id, file_path) VALUES (2446, 2446, 'recordings/eval_43_mod_1_task_2446.wav');
INSERT INTO module_instances (module_inst_id, module_id, evaluation_id, status) VALUES (212, 2, 43, 3);
INSERT INTO task_instances (task_inst_id, task_id, module_inst_id, status, task_completing_time) VALUES (2447, 11, 212, 1, '41');
INSERT INTO recordings (recording_id, task_inst_id, file_path) VALUES (2447, 2447, 'recordings/eval_43_mod_2_task_2447.wav');
INSERT INTO task_instances (task_inst_id, task_id, module_inst_id, status, task_completing_time) VALUES (2448, 12, 212, 0, '137');
INSERT INTO recordings (recording_id, task_inst_id, file_path) VALUES (2448, 2448, 'recordings/eval_43_mod_2_task_2448.wav');
INSERT INTO task_instances (task_inst_id, task_id, module_inst_id, status, task_completing_time) VALUES (2449, 13, 212, 1, '193');
INSERT INTO recordings (recording_id, task_inst_id, file_path) VALUES (2449, 2449, 'recordings/eval_43_mod_2_task_2449.wav');
INSERT INTO task_instances (task_inst_id, task_id, module_inst_id, status, task_completing_time) VALUES (2450, 14, 212, 1, '166');
INSERT INTO recordings (recording_id, task_inst_id, file_path) VALUES (2450, 2450, 'recordings/eval_43_mod_2_task_2450.wav');
INSERT INTO task_instances (task_inst_id, task_id, module_inst_id, status, task_completing_time) VALUES (2451, 15, 212, 1, '132');
INSERT INTO recordings (recording_id, task_inst_id, file_path) VALUES (2451, 2451, 'recordings/eval_43_mod_2_task_2451.wav');
INSERT INTO task_instances (task_inst_id, task_id, module_inst_id, status, task_completing_time) VALUES (2452, 16, 212, 0, '209');
INSERT INTO recordings (recording_id, task_inst_id, file_path) VALUES (2452, 2452, 'recordings/eval_43_mod_2_task_2452.wav');
INSERT INTO task_instances (task_inst_id, task_id, module_inst_id, status, task_completing_time) VALUES (2453, 17, 212, 1, '234');
INSERT INTO recordings (recording_id, task_inst_id, file_path) VALUES (2453, 2453, 'recordings/eval_43_mod_2_task_2453.wav');
INSERT INTO task_instances (task_inst_id, task_id, module_inst_id, status, task_completing_time) VALUES (2454, 18, 212, 1, '49');
INSERT INTO recordings (recording_id, task_inst_id, file_path) VALUES (2454, 2454, 'recordings/eval_43_mod_2_task_2454.wav');
INSERT INTO task_instances (task_inst_id, task_id, module_inst_id, status, task_completing_time) VALUES (2455, 19, 212, 0, '73');
INSERT INTO recordings (recording_id, task_inst_id, file_path) VALUES (2455, 2455, 'recordings/eval_43_mod_2_task_2455.wav');
INSERT INTO task_instances (task_inst_id, task_id, module_inst_id, status, task_completing_time) VALUES (2456, 20, 212, 1, '248');
INSERT INTO recordings (recording_id, task_inst_id, file_path) VALUES (2456, 2456, 'recordings/eval_43_mod_2_task_2456.wav');
INSERT INTO task_instances (task_inst_id, task_id, module_inst_id, status, task_completing_time) VALUES (2457, 21, 212, 1, '42');
INSERT INTO recordings (recording_id, task_inst_id, file_path) VALUES (2457, 2457, 'recordings/eval_43_mod_2_task_2457.wav');
INSERT INTO task_instances (task_inst_id, task_id, module_inst_id, status, task_completing_time) VALUES (2458, 22, 212, 1, '65');
INSERT INTO recordings (recording_id, task_inst_id, file_path) VALUES (2458, 2458, 'recordings/eval_43_mod_2_task_2458.wav');
INSERT INTO task_instances (task_inst_id, task_id, module_inst_id, status, task_completing_time) VALUES (2459, 23, 212, 0, '45');
INSERT INTO recordings (recording_id, task_inst_id, file_path) VALUES (2459, 2459, 'recordings/eval_43_mod_2_task_2459.wav');
INSERT INTO task_instances (task_inst_id, task_id, module_inst_id, status, task_completing_time) VALUES (2460, 24, 212, 1, '122');
INSERT INTO recordings (recording_id, task_inst_id, file_path) VALUES (2460, 2460, 'recordings/eval_43_mod_2_task_2460.wav');
INSERT INTO task_instances (task_inst_id, task_id, module_inst_id, status, task_completing_time) VALUES (2461, 25, 212, 1, '44');
INSERT INTO recordings (recording_id, task_inst_id, file_path) VALUES (2461, 2461, 'recordings/eval_43_mod_2_task_2461.wav');
INSERT INTO task_instances (task_inst_id, task_id, module_inst_id, status, task_completing_time) VALUES (2462, 26, 212, 1, '260');
INSERT INTO recordings (recording_id, task_inst_id, file_path) VALUES (2462, 2462, 'recordings/eval_43_mod_2_task_2462.wav');
INSERT INTO task_instances (task_inst_id, task_id, module_inst_id, status, task_completing_time) VALUES (2463, 27, 212, 1, '171');
INSERT INTO recordings (recording_id, task_inst_id, file_path) VALUES (2463, 2463, 'recordings/eval_43_mod_2_task_2463.wav');
INSERT INTO task_instances (task_inst_id, task_id, module_inst_id, status, task_completing_time) VALUES (2464, 28, 212, 1, '110');
INSERT INTO recordings (recording_id, task_inst_id, file_path) VALUES (2464, 2464, 'recordings/eval_43_mod_2_task_2464.wav');
INSERT INTO task_instances (task_inst_id, task_id, module_inst_id, status, task_completing_time) VALUES (2465, 29, 212, 1, '198');
INSERT INTO recordings (recording_id, task_inst_id, file_path) VALUES (2465, 2465, 'recordings/eval_43_mod_2_task_2465.wav');
INSERT INTO task_instances (task_inst_id, task_id, module_inst_id, status, task_completing_time) VALUES (2466, 30, 212, 1, '44');
INSERT INTO recordings (recording_id, task_inst_id, file_path) VALUES (2466, 2466, 'recordings/eval_43_mod_2_task_2466.wav');
INSERT INTO task_instances (task_inst_id, task_id, module_inst_id, status, task_completing_time) VALUES (2467, 31, 212, 1, '170');
INSERT INTO recordings (recording_id, task_inst_id, file_path) VALUES (2467, 2467, 'recordings/eval_43_mod_2_task_2467.wav');
INSERT INTO task_instances (task_inst_id, task_id, module_inst_id, status, task_completing_time) VALUES (2468, 32, 212, 1, '104');
INSERT INTO recordings (recording_id, task_inst_id, file_path) VALUES (2468, 2468, 'recordings/eval_43_mod_2_task_2468.wav');
INSERT INTO task_instances (task_inst_id, task_id, module_inst_id, status, task_completing_time) VALUES (2469, 33, 212, 0, '29');
INSERT INTO recordings (recording_id, task_inst_id, file_path) VALUES (2469, 2469, 'recordings/eval_43_mod_2_task_2469.wav');
INSERT INTO task_instances (task_inst_id, task_id, module_inst_id, status, task_completing_time) VALUES (2470, 34, 212, 1, '229');
INSERT INTO recordings (recording_id, task_inst_id, file_path) VALUES (2470, 2470, 'recordings/eval_43_mod_2_task_2470.wav');
INSERT INTO task_instances (task_inst_id, task_id, module_inst_id, status, task_completing_time) VALUES (2471, 35, 212, 1, '257');
INSERT INTO recordings (recording_id, task_inst_id, file_path) VALUES (2471, 2471, 'recordings/eval_43_mod_2_task_2471.wav');
INSERT INTO task_instances (task_inst_id, task_id, module_inst_id, status, task_completing_time) VALUES (2472, 36, 212, 1, '27');
INSERT INTO recordings (recording_id, task_inst_id, file_path) VALUES (2472, 2472, 'recordings/eval_43_mod_2_task_2472.wav');
INSERT INTO task_instances (task_inst_id, task_id, module_inst_id, status, task_completing_time) VALUES (2473, 37, 212, 1, '71');
INSERT INTO recordings (recording_id, task_inst_id, file_path) VALUES (2473, 2473, 'recordings/eval_43_mod_2_task_2473.wav');
INSERT INTO module_instances (module_inst_id, module_id, evaluation_id, status) VALUES (213, 3, 43, 3);
INSERT INTO task_instances (task_inst_id, task_id, module_inst_id, status, task_completing_time) VALUES (2474, 38, 213, 0, '44');
INSERT INTO recordings (recording_id, task_inst_id, file_path) VALUES (2474, 2474, 'recordings/eval_43_mod_3_task_2474.wav');
INSERT INTO task_instances (task_inst_id, task_id, module_inst_id, status, task_completing_time) VALUES (2475, 39, 213, 0, '212');
INSERT INTO recordings (recording_id, task_inst_id, file_path) VALUES (2475, 2475, 'recordings/eval_43_mod_3_task_2475.wav');
INSERT INTO task_instances (task_inst_id, task_id, module_inst_id, status, task_completing_time) VALUES (2476, 40, 213, 1, '232');
INSERT INTO recordings (recording_id, task_inst_id, file_path) VALUES (2476, 2476, 'recordings/eval_43_mod_3_task_2476.wav');
INSERT INTO task_instances (task_inst_id, task_id, module_inst_id, status, task_completing_time) VALUES (2477, 41, 213, 1, '84');
INSERT INTO recordings (recording_id, task_inst_id, file_path) VALUES (2477, 2477, 'recordings/eval_43_mod_3_task_2477.wav');
INSERT INTO task_instances (task_inst_id, task_id, module_inst_id, status, task_completing_time) VALUES (2478, 42, 213, 1, '197');
INSERT INTO recordings (recording_id, task_inst_id, file_path) VALUES (2478, 2478, 'recordings/eval_43_mod_3_task_2478.wav');
INSERT INTO task_instances (task_inst_id, task_id, module_inst_id, status, task_completing_time) VALUES (2479, 43, 213, 1, '51');
INSERT INTO recordings (recording_id, task_inst_id, file_path) VALUES (2479, 2479, 'recordings/eval_43_mod_3_task_2479.wav');
INSERT INTO task_instances (task_inst_id, task_id, module_inst_id, status, task_completing_time) VALUES (2480, 44, 213, 0, '71');
INSERT INTO recordings (recording_id, task_inst_id, file_path) VALUES (2480, 2480, 'recordings/eval_43_mod_3_task_2480.wav');
INSERT INTO task_instances (task_inst_id, task_id, module_inst_id, status, task_completing_time) VALUES (2481, 45, 213, 0, '295');
INSERT INTO recordings (recording_id, task_inst_id, file_path) VALUES (2481, 2481, 'recordings/eval_43_mod_3_task_2481.wav');
INSERT INTO task_instances (task_inst_id, task_id, module_inst_id, status, task_completing_time) VALUES (2482, 46, 213, 1, '290');
INSERT INTO recordings (recording_id, task_inst_id, file_path) VALUES (2482, 2482, 'recordings/eval_43_mod_3_task_2482.wav');
INSERT INTO module_instances (module_inst_id, module_id, evaluation_id, status) VALUES (214, 4, 43, 2);
INSERT INTO task_instances (task_inst_id, task_id, module_inst_id, status, task_completing_time) VALUES (2483, 47, 214, 1, '32');
INSERT INTO recordings (recording_id, task_inst_id, file_path) VALUES (2483, 2483, 'recordings/eval_43_mod_4_task_2483.wav');
INSERT INTO task_instances (task_inst_id, task_id, module_inst_id, status, task_completing_time) VALUES (2484, 48, 214, 1, '266');
INSERT INTO recordings (recording_id, task_inst_id, file_path) VALUES (2484, 2484, 'recordings/eval_43_mod_4_task_2484.wav');
INSERT INTO task_instances (task_inst_id, task_id, module_inst_id, status, task_completing_time) VALUES (2485, 49, 214, 0, '137');
INSERT INTO recordings (recording_id, task_inst_id, file_path) VALUES (2485, 2485, 'recordings/eval_43_mod_4_task_2485.wav');
INSERT INTO task_instances (task_inst_id, task_id, module_inst_id, status, task_completing_time) VALUES (2486, 50, 214, 1, '298');
INSERT INTO recordings (recording_id, task_inst_id, file_path) VALUES (2486, 2486, 'recordings/eval_43_mod_4_task_2486.wav');
INSERT INTO task_instances (task_inst_id, task_id, module_inst_id, status, task_completing_time) VALUES (2487, 51, 214, 0, '201');
INSERT INTO recordings (recording_id, task_inst_id, file_path) VALUES (2487, 2487, 'recordings/eval_43_mod_4_task_2487.wav');
INSERT INTO task_instances (task_inst_id, task_id, module_inst_id, status, task_completing_time) VALUES (2488, 52, 214, 0, '252');
INSERT INTO recordings (recording_id, task_inst_id, file_path) VALUES (2488, 2488, 'recordings/eval_43_mod_4_task_2488.wav');
INSERT INTO task_instances (task_inst_id, task_id, module_inst_id, status, task_completing_time) VALUES (2489, 53, 214, 1, '216');
INSERT INTO recordings (recording_id, task_inst_id, file_path) VALUES (2489, 2489, 'recordings/eval_43_mod_4_task_2489.wav');
INSERT INTO task_instances (task_inst_id, task_id, module_inst_id, status, task_completing_time) VALUES (2490, 54, 214, 1, '178');
INSERT INTO recordings (recording_id, task_inst_id, file_path) VALUES (2490, 2490, 'recordings/eval_43_mod_4_task_2490.wav');
INSERT INTO task_instances (task_inst_id, task_id, module_inst_id, status, task_completing_time) VALUES (2491, 55, 214, 0, '27');
INSERT INTO recordings (recording_id, task_inst_id, file_path) VALUES (2491, 2491, 'recordings/eval_43_mod_4_task_2491.wav');
INSERT INTO task_instances (task_inst_id, task_id, module_inst_id, status, task_completing_time) VALUES (2492, 56, 214, 1, '40');
INSERT INTO recordings (recording_id, task_inst_id, file_path) VALUES (2492, 2492, 'recordings/eval_43_mod_4_task_2492.wav');
INSERT INTO module_instances (module_inst_id, module_id, evaluation_id, status) VALUES (215, 9001, 43, 3);
INSERT INTO task_instances (task_inst_id, task_id, module_inst_id, status, task_completing_time) VALUES (2493, 9001, 215, 1, '31');
INSERT INTO recordings (recording_id, task_inst_id, file_path) VALUES (2493, 2493, 'recordings/eval_43_mod_9001_task_2493.wav');
INSERT INTO task_instances (task_inst_id, task_id, module_inst_id, status, task_completing_time) VALUES (2494, 9002, 215, 1, '122');
INSERT INTO recordings (recording_id, task_inst_id, file_path) VALUES (2494, 2494, 'recordings/eval_43_mod_9001_task_2494.wav');
INSERT INTO participants (participant_id, name, surname, education_level, sex, birth_date, laterality) VALUES (44, 'u973hLrmVoSnfyoPgtkSDg==', 'qtXk7N6ZOoCjey4Lht0WCg==', 4, 2, '1954-07-28', 2);
INSERT INTO evaluations (evaluation_id, evaluation_date, evaluator_id, participant_id, status, language) VALUES (44, '2025-08-26 14:15:00', 6, 44, 3, 1);
INSERT INTO module_instances (module_inst_id, module_id, evaluation_id, status) VALUES (216, 1, 44, 3);
INSERT INTO task_instances (task_inst_id, task_id, module_inst_id, status, task_completing_time) VALUES (2495, 1, 216, 1, '20');
INSERT INTO recordings (recording_id, task_inst_id, file_path) VALUES (2495, 2495, 'recordings/eval_44_mod_1_task_2495.wav');
INSERT INTO task_instances (task_inst_id, task_id, module_inst_id, status, task_completing_time) VALUES (2496, 2, 216, 1, '162');
INSERT INTO recordings (recording_id, task_inst_id, file_path) VALUES (2496, 2496, 'recordings/eval_44_mod_1_task_2496.wav');
INSERT INTO task_instances (task_inst_id, task_id, module_inst_id, status, task_completing_time) VALUES (2497, 3, 216, 1, '39');
INSERT INTO recordings (recording_id, task_inst_id, file_path) VALUES (2497, 2497, 'recordings/eval_44_mod_1_task_2497.wav');
INSERT INTO task_instances (task_inst_id, task_id, module_inst_id, status, task_completing_time) VALUES (2498, 4, 216, 0, '66');
INSERT INTO recordings (recording_id, task_inst_id, file_path) VALUES (2498, 2498, 'recordings/eval_44_mod_1_task_2498.wav');
INSERT INTO task_instances (task_inst_id, task_id, module_inst_id, status, task_completing_time) VALUES (2499, 5, 216, 1, '296');
INSERT INTO recordings (recording_id, task_inst_id, file_path) VALUES (2499, 2499, 'recordings/eval_44_mod_1_task_2499.wav');
INSERT INTO task_instances (task_inst_id, task_id, module_inst_id, status, task_completing_time) VALUES (2500, 6, 216, 1, '72');
INSERT INTO recordings (recording_id, task_inst_id, file_path) VALUES (2500, 2500, 'recordings/eval_44_mod_1_task_2500.wav');
INSERT INTO task_instances (task_inst_id, task_id, module_inst_id, status, task_completing_time) VALUES (2501, 7, 216, 1, '38');
INSERT INTO recordings (recording_id, task_inst_id, file_path) VALUES (2501, 2501, 'recordings/eval_44_mod_1_task_2501.wav');
INSERT INTO task_instances (task_inst_id, task_id, module_inst_id, status, task_completing_time) VALUES (2502, 8, 216, 1, '253');
INSERT INTO recordings (recording_id, task_inst_id, file_path) VALUES (2502, 2502, 'recordings/eval_44_mod_1_task_2502.wav');
INSERT INTO task_instances (task_inst_id, task_id, module_inst_id, status, task_completing_time) VALUES (2503, 9, 216, 1, '220');
INSERT INTO recordings (recording_id, task_inst_id, file_path) VALUES (2503, 2503, 'recordings/eval_44_mod_1_task_2503.wav');
INSERT INTO task_instances (task_inst_id, task_id, module_inst_id, status, task_completing_time) VALUES (2504, 10, 216, 1, '100');
INSERT INTO recordings (recording_id, task_inst_id, file_path) VALUES (2504, 2504, 'recordings/eval_44_mod_1_task_2504.wav');
INSERT INTO module_instances (module_inst_id, module_id, evaluation_id, status) VALUES (217, 2, 44, 3);
INSERT INTO task_instances (task_inst_id, task_id, module_inst_id, status, task_completing_time) VALUES (2505, 11, 217, 1, '24');
INSERT INTO recordings (recording_id, task_inst_id, file_path) VALUES (2505, 2505, 'recordings/eval_44_mod_2_task_2505.wav');
INSERT INTO task_instances (task_inst_id, task_id, module_inst_id, status, task_completing_time) VALUES (2506, 12, 217, 1, '164');
INSERT INTO recordings (recording_id, task_inst_id, file_path) VALUES (2506, 2506, 'recordings/eval_44_mod_2_task_2506.wav');
INSERT INTO task_instances (task_inst_id, task_id, module_inst_id, status, task_completing_time) VALUES (2507, 13, 217, 1, '118');
INSERT INTO recordings (recording_id, task_inst_id, file_path) VALUES (2507, 2507, 'recordings/eval_44_mod_2_task_2507.wav');
INSERT INTO task_instances (task_inst_id, task_id, module_inst_id, status, task_completing_time) VALUES (2508, 14, 217, 1, '265');
INSERT INTO recordings (recording_id, task_inst_id, file_path) VALUES (2508, 2508, 'recordings/eval_44_mod_2_task_2508.wav');
INSERT INTO task_instances (task_inst_id, task_id, module_inst_id, status, task_completing_time) VALUES (2509, 15, 217, 1, '287');
INSERT INTO recordings (recording_id, task_inst_id, file_path) VALUES (2509, 2509, 'recordings/eval_44_mod_2_task_2509.wav');
INSERT INTO task_instances (task_inst_id, task_id, module_inst_id, status, task_completing_time) VALUES (2510, 16, 217, 1, '55');
INSERT INTO recordings (recording_id, task_inst_id, file_path) VALUES (2510, 2510, 'recordings/eval_44_mod_2_task_2510.wav');
INSERT INTO task_instances (task_inst_id, task_id, module_inst_id, status, task_completing_time) VALUES (2511, 17, 217, 1, '201');
INSERT INTO recordings (recording_id, task_inst_id, file_path) VALUES (2511, 2511, 'recordings/eval_44_mod_2_task_2511.wav');
INSERT INTO task_instances (task_inst_id, task_id, module_inst_id, status, task_completing_time) VALUES (2512, 18, 217, 1, '152');
INSERT INTO recordings (recording_id, task_inst_id, file_path) VALUES (2512, 2512, 'recordings/eval_44_mod_2_task_2512.wav');
INSERT INTO task_instances (task_inst_id, task_id, module_inst_id, status, task_completing_time) VALUES (2513, 19, 217, 1, '115');
INSERT INTO recordings (recording_id, task_inst_id, file_path) VALUES (2513, 2513, 'recordings/eval_44_mod_2_task_2513.wav');
INSERT INTO task_instances (task_inst_id, task_id, module_inst_id, status, task_completing_time) VALUES (2514, 20, 217, 1, '285');
INSERT INTO recordings (recording_id, task_inst_id, file_path) VALUES (2514, 2514, 'recordings/eval_44_mod_2_task_2514.wav');
INSERT INTO task_instances (task_inst_id, task_id, module_inst_id, status, task_completing_time) VALUES (2515, 21, 217, 0, '16');
INSERT INTO recordings (recording_id, task_inst_id, file_path) VALUES (2515, 2515, 'recordings/eval_44_mod_2_task_2515.wav');
INSERT INTO task_instances (task_inst_id, task_id, module_inst_id, status, task_completing_time) VALUES (2516, 22, 217, 0, '291');
INSERT INTO recordings (recording_id, task_inst_id, file_path) VALUES (2516, 2516, 'recordings/eval_44_mod_2_task_2516.wav');
INSERT INTO task_instances (task_inst_id, task_id, module_inst_id, status, task_completing_time) VALUES (2517, 23, 217, 1, '48');
INSERT INTO recordings (recording_id, task_inst_id, file_path) VALUES (2517, 2517, 'recordings/eval_44_mod_2_task_2517.wav');
INSERT INTO task_instances (task_inst_id, task_id, module_inst_id, status, task_completing_time) VALUES (2518, 24, 217, 1, '40');
INSERT INTO recordings (recording_id, task_inst_id, file_path) VALUES (2518, 2518, 'recordings/eval_44_mod_2_task_2518.wav');
INSERT INTO task_instances (task_inst_id, task_id, module_inst_id, status, task_completing_time) VALUES (2519, 25, 217, 1, '42');
INSERT INTO recordings (recording_id, task_inst_id, file_path) VALUES (2519, 2519, 'recordings/eval_44_mod_2_task_2519.wav');
INSERT INTO task_instances (task_inst_id, task_id, module_inst_id, status, task_completing_time) VALUES (2520, 26, 217, 1, '284');
INSERT INTO recordings (recording_id, task_inst_id, file_path) VALUES (2520, 2520, 'recordings/eval_44_mod_2_task_2520.wav');
INSERT INTO task_instances (task_inst_id, task_id, module_inst_id, status, task_completing_time) VALUES (2521, 27, 217, 1, '241');
INSERT INTO recordings (recording_id, task_inst_id, file_path) VALUES (2521, 2521, 'recordings/eval_44_mod_2_task_2521.wav');
INSERT INTO task_instances (task_inst_id, task_id, module_inst_id, status, task_completing_time) VALUES (2522, 28, 217, 1, '112');
INSERT INTO recordings (recording_id, task_inst_id, file_path) VALUES (2522, 2522, 'recordings/eval_44_mod_2_task_2522.wav');
INSERT INTO task_instances (task_inst_id, task_id, module_inst_id, status, task_completing_time) VALUES (2523, 29, 217, 1, '260');
INSERT INTO recordings (recording_id, task_inst_id, file_path) VALUES (2523, 2523, 'recordings/eval_44_mod_2_task_2523.wav');
INSERT INTO task_instances (task_inst_id, task_id, module_inst_id, status, task_completing_time) VALUES (2524, 30, 217, 1, '10');
INSERT INTO recordings (recording_id, task_inst_id, file_path) VALUES (2524, 2524, 'recordings/eval_44_mod_2_task_2524.wav');
INSERT INTO task_instances (task_inst_id, task_id, module_inst_id, status, task_completing_time) VALUES (2525, 31, 217, 1, '264');
INSERT INTO recordings (recording_id, task_inst_id, file_path) VALUES (2525, 2525, 'recordings/eval_44_mod_2_task_2525.wav');
INSERT INTO task_instances (task_inst_id, task_id, module_inst_id, status, task_completing_time) VALUES (2526, 32, 217, 1, '130');
INSERT INTO recordings (recording_id, task_inst_id, file_path) VALUES (2526, 2526, 'recordings/eval_44_mod_2_task_2526.wav');
INSERT INTO task_instances (task_inst_id, task_id, module_inst_id, status, task_completing_time) VALUES (2527, 33, 217, 1, '283');
INSERT INTO recordings (recording_id, task_inst_id, file_path) VALUES (2527, 2527, 'recordings/eval_44_mod_2_task_2527.wav');
INSERT INTO task_instances (task_inst_id, task_id, module_inst_id, status, task_completing_time) VALUES (2528, 34, 217, 1, '77');
INSERT INTO recordings (recording_id, task_inst_id, file_path) VALUES (2528, 2528, 'recordings/eval_44_mod_2_task_2528.wav');
INSERT INTO task_instances (task_inst_id, task_id, module_inst_id, status, task_completing_time) VALUES (2529, 35, 217, 1, '222');
INSERT INTO recordings (recording_id, task_inst_id, file_path) VALUES (2529, 2529, 'recordings/eval_44_mod_2_task_2529.wav');
INSERT INTO task_instances (task_inst_id, task_id, module_inst_id, status, task_completing_time) VALUES (2530, 36, 217, 1, '182');
INSERT INTO recordings (recording_id, task_inst_id, file_path) VALUES (2530, 2530, 'recordings/eval_44_mod_2_task_2530.wav');
INSERT INTO task_instances (task_inst_id, task_id, module_inst_id, status, task_completing_time) VALUES (2531, 37, 217, 1, '276');
INSERT INTO recordings (recording_id, task_inst_id, file_path) VALUES (2531, 2531, 'recordings/eval_44_mod_2_task_2531.wav');
INSERT INTO module_instances (module_inst_id, module_id, evaluation_id, status) VALUES (218, 3, 44, 2);
INSERT INTO task_instances (task_inst_id, task_id, module_inst_id, status, task_completing_time) VALUES (2532, 38, 218, 1, '24');
INSERT INTO recordings (recording_id, task_inst_id, file_path) VALUES (2532, 2532, 'recordings/eval_44_mod_3_task_2532.wav');
INSERT INTO task_instances (task_inst_id, task_id, module_inst_id, status, task_completing_time) VALUES (2533, 39, 218, 1, '216');
INSERT INTO recordings (recording_id, task_inst_id, file_path) VALUES (2533, 2533, 'recordings/eval_44_mod_3_task_2533.wav');
INSERT INTO task_instances (task_inst_id, task_id, module_inst_id, status, task_completing_time) VALUES (2534, 40, 218, 1, '207');
INSERT INTO recordings (recording_id, task_inst_id, file_path) VALUES (2534, 2534, 'recordings/eval_44_mod_3_task_2534.wav');
INSERT INTO task_instances (task_inst_id, task_id, module_inst_id, status, task_completing_time) VALUES (2535, 41, 218, 1, '299');
INSERT INTO recordings (recording_id, task_inst_id, file_path) VALUES (2535, 2535, 'recordings/eval_44_mod_3_task_2535.wav');
INSERT INTO task_instances (task_inst_id, task_id, module_inst_id, status, task_completing_time) VALUES (2536, 42, 218, 1, '271');
INSERT INTO recordings (recording_id, task_inst_id, file_path) VALUES (2536, 2536, 'recordings/eval_44_mod_3_task_2536.wav');
INSERT INTO task_instances (task_inst_id, task_id, module_inst_id, status, task_completing_time) VALUES (2537, 43, 218, 1, '30');
INSERT INTO recordings (recording_id, task_inst_id, file_path) VALUES (2537, 2537, 'recordings/eval_44_mod_3_task_2537.wav');
INSERT INTO task_instances (task_inst_id, task_id, module_inst_id, status, task_completing_time) VALUES (2538, 44, 218, 1, '97');
INSERT INTO recordings (recording_id, task_inst_id, file_path) VALUES (2538, 2538, 'recordings/eval_44_mod_3_task_2538.wav');
INSERT INTO task_instances (task_inst_id, task_id, module_inst_id, status, task_completing_time) VALUES (2539, 45, 218, 0, '127');
INSERT INTO recordings (recording_id, task_inst_id, file_path) VALUES (2539, 2539, 'recordings/eval_44_mod_3_task_2539.wav');
INSERT INTO task_instances (task_inst_id, task_id, module_inst_id, status, task_completing_time) VALUES (2540, 46, 218, 1, '50');
INSERT INTO recordings (recording_id, task_inst_id, file_path) VALUES (2540, 2540, 'recordings/eval_44_mod_3_task_2540.wav');
INSERT INTO module_instances (module_inst_id, module_id, evaluation_id, status) VALUES (219, 4, 44, 3);
INSERT INTO task_instances (task_inst_id, task_id, module_inst_id, status, task_completing_time) VALUES (2541, 47, 219, 1, '36');
INSERT INTO recordings (recording_id, task_inst_id, file_path) VALUES (2541, 2541, 'recordings/eval_44_mod_4_task_2541.wav');
INSERT INTO task_instances (task_inst_id, task_id, module_inst_id, status, task_completing_time) VALUES (2542, 48, 219, 1, '261');
INSERT INTO recordings (recording_id, task_inst_id, file_path) VALUES (2542, 2542, 'recordings/eval_44_mod_4_task_2542.wav');
INSERT INTO task_instances (task_inst_id, task_id, module_inst_id, status, task_completing_time) VALUES (2543, 49, 219, 0, '118');
INSERT INTO recordings (recording_id, task_inst_id, file_path) VALUES (2543, 2543, 'recordings/eval_44_mod_4_task_2543.wav');
INSERT INTO task_instances (task_inst_id, task_id, module_inst_id, status, task_completing_time) VALUES (2544, 50, 219, 1, '263');
INSERT INTO recordings (recording_id, task_inst_id, file_path) VALUES (2544, 2544, 'recordings/eval_44_mod_4_task_2544.wav');
INSERT INTO task_instances (task_inst_id, task_id, module_inst_id, status, task_completing_time) VALUES (2545, 51, 219, 1, '154');
INSERT INTO recordings (recording_id, task_inst_id, file_path) VALUES (2545, 2545, 'recordings/eval_44_mod_4_task_2545.wav');
INSERT INTO task_instances (task_inst_id, task_id, module_inst_id, status, task_completing_time) VALUES (2546, 52, 219, 1, '241');
INSERT INTO recordings (recording_id, task_inst_id, file_path) VALUES (2546, 2546, 'recordings/eval_44_mod_4_task_2546.wav');
INSERT INTO task_instances (task_inst_id, task_id, module_inst_id, status, task_completing_time) VALUES (2547, 53, 219, 1, '124');
INSERT INTO recordings (recording_id, task_inst_id, file_path) VALUES (2547, 2547, 'recordings/eval_44_mod_4_task_2547.wav');
INSERT INTO task_instances (task_inst_id, task_id, module_inst_id, status, task_completing_time) VALUES (2548, 54, 219, 1, '244');
INSERT INTO recordings (recording_id, task_inst_id, file_path) VALUES (2548, 2548, 'recordings/eval_44_mod_4_task_2548.wav');
INSERT INTO task_instances (task_inst_id, task_id, module_inst_id, status, task_completing_time) VALUES (2549, 55, 219, 0, '112');
INSERT INTO recordings (recording_id, task_inst_id, file_path) VALUES (2549, 2549, 'recordings/eval_44_mod_4_task_2549.wav');
INSERT INTO task_instances (task_inst_id, task_id, module_inst_id, status, task_completing_time) VALUES (2550, 56, 219, 1, '44');
INSERT INTO recordings (recording_id, task_inst_id, file_path) VALUES (2550, 2550, 'recordings/eval_44_mod_4_task_2550.wav');
INSERT INTO module_instances (module_inst_id, module_id, evaluation_id, status) VALUES (220, 9001, 44, 3);
INSERT INTO task_instances (task_inst_id, task_id, module_inst_id, status, task_completing_time) VALUES (2551, 9001, 220, 1, '9');
INSERT INTO recordings (recording_id, task_inst_id, file_path) VALUES (2551, 2551, 'recordings/eval_44_mod_9001_task_2551.wav');
INSERT INTO task_instances (task_inst_id, task_id, module_inst_id, status, task_completing_time) VALUES (2552, 9002, 220, 1, '168');
INSERT INTO recordings (recording_id, task_inst_id, file_path) VALUES (2552, 2552, 'recordings/eval_44_mod_9001_task_2552.wav');
INSERT INTO participants (participant_id, name, surname, education_level, sex, birth_date, laterality) VALUES (45, 'uMLj59jgUIKheSwJhN8UCA==', 'vd/77MTgUIKheSwJhN8UCA==', 3, 2, '1958-01-09', 1);
INSERT INTO evaluations (evaluation_id, evaluation_date, evaluator_id, participant_id, status, language) VALUES (45, '2025-10-09 13:01:00', 7, 45, 3, 1);
INSERT INTO module_instances (module_inst_id, module_id, evaluation_id, status) VALUES (221, 1, 45, 1);
INSERT INTO task_instances (task_inst_id, task_id, module_inst_id, status, task_completing_time) VALUES (2553, 1, 221, 1, '52');
INSERT INTO recordings (recording_id, task_inst_id, file_path) VALUES (2553, 2553, 'recordings/eval_45_mod_1_task_2553.wav');
INSERT INTO task_instances (task_inst_id, task_id, module_inst_id, status, task_completing_time) VALUES (2554, 2, 221, 1, '109');
INSERT INTO recordings (recording_id, task_inst_id, file_path) VALUES (2554, 2554, 'recordings/eval_45_mod_1_task_2554.wav');
INSERT INTO task_instances (task_inst_id, task_id, module_inst_id, status, task_completing_time) VALUES (2555, 3, 221, 1, '222');
INSERT INTO recordings (recording_id, task_inst_id, file_path) VALUES (2555, 2555, 'recordings/eval_45_mod_1_task_2555.wav');
INSERT INTO task_instances (task_inst_id, task_id, module_inst_id, status, task_completing_time) VALUES (2556, 4, 221, 0, '145');
INSERT INTO recordings (recording_id, task_inst_id, file_path) VALUES (2556, 2556, 'recordings/eval_45_mod_1_task_2556.wav');
INSERT INTO task_instances (task_inst_id, task_id, module_inst_id, status, task_completing_time) VALUES (2557, 5, 221, 0, '156');
INSERT INTO recordings (recording_id, task_inst_id, file_path) VALUES (2557, 2557, 'recordings/eval_45_mod_1_task_2557.wav');
INSERT INTO task_instances (task_inst_id, task_id, module_inst_id, status, task_completing_time) VALUES (2558, 6, 221, 1, '117');
INSERT INTO recordings (recording_id, task_inst_id, file_path) VALUES (2558, 2558, 'recordings/eval_45_mod_1_task_2558.wav');
INSERT INTO task_instances (task_inst_id, task_id, module_inst_id, status, task_completing_time) VALUES (2559, 7, 221, 1, '55');
INSERT INTO recordings (recording_id, task_inst_id, file_path) VALUES (2559, 2559, 'recordings/eval_45_mod_1_task_2559.wav');
INSERT INTO task_instances (task_inst_id, task_id, module_inst_id, status, task_completing_time) VALUES (2560, 8, 221, 1, '176');
INSERT INTO recordings (recording_id, task_inst_id, file_path) VALUES (2560, 2560, 'recordings/eval_45_mod_1_task_2560.wav');
INSERT INTO task_instances (task_inst_id, task_id, module_inst_id, status, task_completing_time) VALUES (2561, 9, 221, 1, '109');
INSERT INTO recordings (recording_id, task_inst_id, file_path) VALUES (2561, 2561, 'recordings/eval_45_mod_1_task_2561.wav');
INSERT INTO task_instances (task_inst_id, task_id, module_inst_id, status, task_completing_time) VALUES (2562, 10, 221, 1, '149');
INSERT INTO recordings (recording_id, task_inst_id, file_path) VALUES (2562, 2562, 'recordings/eval_45_mod_1_task_2562.wav');
INSERT INTO module_instances (module_inst_id, module_id, evaluation_id, status) VALUES (222, 2, 45, 3);
INSERT INTO task_instances (task_inst_id, task_id, module_inst_id, status, task_completing_time) VALUES (2563, 11, 222, 1, '37');
INSERT INTO recordings (recording_id, task_inst_id, file_path) VALUES (2563, 2563, 'recordings/eval_45_mod_2_task_2563.wav');
INSERT INTO task_instances (task_inst_id, task_id, module_inst_id, status, task_completing_time) VALUES (2564, 12, 222, 1, '289');
INSERT INTO recordings (recording_id, task_inst_id, file_path) VALUES (2564, 2564, 'recordings/eval_45_mod_2_task_2564.wav');
INSERT INTO task_instances (task_inst_id, task_id, module_inst_id, status, task_completing_time) VALUES (2565, 13, 222, 1, '205');
INSERT INTO recordings (recording_id, task_inst_id, file_path) VALUES (2565, 2565, 'recordings/eval_45_mod_2_task_2565.wav');
INSERT INTO task_instances (task_inst_id, task_id, module_inst_id, status, task_completing_time) VALUES (2566, 14, 222, 1, '287');
INSERT INTO recordings (recording_id, task_inst_id, file_path) VALUES (2566, 2566, 'recordings/eval_45_mod_2_task_2566.wav');
INSERT INTO task_instances (task_inst_id, task_id, module_inst_id, status, task_completing_time) VALUES (2567, 15, 222, 1, '49');
INSERT INTO recordings (recording_id, task_inst_id, file_path) VALUES (2567, 2567, 'recordings/eval_45_mod_2_task_2567.wav');
INSERT INTO task_instances (task_inst_id, task_id, module_inst_id, status, task_completing_time) VALUES (2568, 16, 222, 1, '116');
INSERT INTO recordings (recording_id, task_inst_id, file_path) VALUES (2568, 2568, 'recordings/eval_45_mod_2_task_2568.wav');
INSERT INTO task_instances (task_inst_id, task_id, module_inst_id, status, task_completing_time) VALUES (2569, 17, 222, 1, '68');
INSERT INTO recordings (recording_id, task_inst_id, file_path) VALUES (2569, 2569, 'recordings/eval_45_mod_2_task_2569.wav');
INSERT INTO task_instances (task_inst_id, task_id, module_inst_id, status, task_completing_time) VALUES (2570, 18, 222, 1, '84');
INSERT INTO recordings (recording_id, task_inst_id, file_path) VALUES (2570, 2570, 'recordings/eval_45_mod_2_task_2570.wav');
INSERT INTO task_instances (task_inst_id, task_id, module_inst_id, status, task_completing_time) VALUES (2571, 19, 222, 1, '171');
INSERT INTO recordings (recording_id, task_inst_id, file_path) VALUES (2571, 2571, 'recordings/eval_45_mod_2_task_2571.wav');
INSERT INTO task_instances (task_inst_id, task_id, module_inst_id, status, task_completing_time) VALUES (2572, 20, 222, 1, '138');
INSERT INTO recordings (recording_id, task_inst_id, file_path) VALUES (2572, 2572, 'recordings/eval_45_mod_2_task_2572.wav');
INSERT INTO task_instances (task_inst_id, task_id, module_inst_id, status, task_completing_time) VALUES (2573, 21, 222, 1, '25');
INSERT INTO recordings (recording_id, task_inst_id, file_path) VALUES (2573, 2573, 'recordings/eval_45_mod_2_task_2573.wav');
INSERT INTO task_instances (task_inst_id, task_id, module_inst_id, status, task_completing_time) VALUES (2574, 22, 222, 1, '26');
INSERT INTO recordings (recording_id, task_inst_id, file_path) VALUES (2574, 2574, 'recordings/eval_45_mod_2_task_2574.wav');
INSERT INTO task_instances (task_inst_id, task_id, module_inst_id, status, task_completing_time) VALUES (2575, 23, 222, 1, '8');
INSERT INTO recordings (recording_id, task_inst_id, file_path) VALUES (2575, 2575, 'recordings/eval_45_mod_2_task_2575.wav');
INSERT INTO task_instances (task_inst_id, task_id, module_inst_id, status, task_completing_time) VALUES (2576, 24, 222, 1, '245');
INSERT INTO recordings (recording_id, task_inst_id, file_path) VALUES (2576, 2576, 'recordings/eval_45_mod_2_task_2576.wav');
INSERT INTO task_instances (task_inst_id, task_id, module_inst_id, status, task_completing_time) VALUES (2577, 25, 222, 1, '31');
INSERT INTO recordings (recording_id, task_inst_id, file_path) VALUES (2577, 2577, 'recordings/eval_45_mod_2_task_2577.wav');
INSERT INTO task_instances (task_inst_id, task_id, module_inst_id, status, task_completing_time) VALUES (2578, 26, 222, 1, '117');
INSERT INTO recordings (recording_id, task_inst_id, file_path) VALUES (2578, 2578, 'recordings/eval_45_mod_2_task_2578.wav');
INSERT INTO task_instances (task_inst_id, task_id, module_inst_id, status, task_completing_time) VALUES (2579, 27, 222, 0, '224');
INSERT INTO recordings (recording_id, task_inst_id, file_path) VALUES (2579, 2579, 'recordings/eval_45_mod_2_task_2579.wav');
INSERT INTO task_instances (task_inst_id, task_id, module_inst_id, status, task_completing_time) VALUES (2580, 28, 222, 1, '97');
INSERT INTO recordings (recording_id, task_inst_id, file_path) VALUES (2580, 2580, 'recordings/eval_45_mod_2_task_2580.wav');
INSERT INTO task_instances (task_inst_id, task_id, module_inst_id, status, task_completing_time) VALUES (2581, 29, 222, 1, '238');
INSERT INTO recordings (recording_id, task_inst_id, file_path) VALUES (2581, 2581, 'recordings/eval_45_mod_2_task_2581.wav');
INSERT INTO task_instances (task_inst_id, task_id, module_inst_id, status, task_completing_time) VALUES (2582, 30, 222, 1, '12');
INSERT INTO recordings (recording_id, task_inst_id, file_path) VALUES (2582, 2582, 'recordings/eval_45_mod_2_task_2582.wav');
INSERT INTO task_instances (task_inst_id, task_id, module_inst_id, status, task_completing_time) VALUES (2583, 31, 222, 1, '92');
INSERT INTO recordings (recording_id, task_inst_id, file_path) VALUES (2583, 2583, 'recordings/eval_45_mod_2_task_2583.wav');
INSERT INTO task_instances (task_inst_id, task_id, module_inst_id, status, task_completing_time) VALUES (2584, 32, 222, 1, '123');
INSERT INTO recordings (recording_id, task_inst_id, file_path) VALUES (2584, 2584, 'recordings/eval_45_mod_2_task_2584.wav');
INSERT INTO task_instances (task_inst_id, task_id, module_inst_id, status, task_completing_time) VALUES (2585, 33, 222, 1, '175');
INSERT INTO recordings (recording_id, task_inst_id, file_path) VALUES (2585, 2585, 'recordings/eval_45_mod_2_task_2585.wav');
INSERT INTO task_instances (task_inst_id, task_id, module_inst_id, status, task_completing_time) VALUES (2586, 34, 222, 1, '260');
INSERT INTO recordings (recording_id, task_inst_id, file_path) VALUES (2586, 2586, 'recordings/eval_45_mod_2_task_2586.wav');
INSERT INTO task_instances (task_inst_id, task_id, module_inst_id, status, task_completing_time) VALUES (2587, 35, 222, 1, '168');
INSERT INTO recordings (recording_id, task_inst_id, file_path) VALUES (2587, 2587, 'recordings/eval_45_mod_2_task_2587.wav');
INSERT INTO task_instances (task_inst_id, task_id, module_inst_id, status, task_completing_time) VALUES (2588, 36, 222, 1, '82');
INSERT INTO recordings (recording_id, task_inst_id, file_path) VALUES (2588, 2588, 'recordings/eval_45_mod_2_task_2588.wav');
INSERT INTO task_instances (task_inst_id, task_id, module_inst_id, status, task_completing_time) VALUES (2589, 37, 222, 1, '267');
INSERT INTO recordings (recording_id, task_inst_id, file_path) VALUES (2589, 2589, 'recordings/eval_45_mod_2_task_2589.wav');
INSERT INTO module_instances (module_inst_id, module_id, evaluation_id, status) VALUES (223, 3, 45, 1);
INSERT INTO task_instances (task_inst_id, task_id, module_inst_id, status, task_completing_time) VALUES (2590, 38, 223, 1, '42');
INSERT INTO recordings (recording_id, task_inst_id, file_path) VALUES (2590, 2590, 'recordings/eval_45_mod_3_task_2590.wav');
INSERT INTO task_instances (task_inst_id, task_id, module_inst_id, status, task_completing_time) VALUES (2591, 39, 223, 1, '123');
INSERT INTO recordings (recording_id, task_inst_id, file_path) VALUES (2591, 2591, 'recordings/eval_45_mod_3_task_2591.wav');
INSERT INTO task_instances (task_inst_id, task_id, module_inst_id, status, task_completing_time) VALUES (2592, 40, 223, 1, '253');
INSERT INTO recordings (recording_id, task_inst_id, file_path) VALUES (2592, 2592, 'recordings/eval_45_mod_3_task_2592.wav');
INSERT INTO task_instances (task_inst_id, task_id, module_inst_id, status, task_completing_time) VALUES (2593, 41, 223, 1, '195');
INSERT INTO recordings (recording_id, task_inst_id, file_path) VALUES (2593, 2593, 'recordings/eval_45_mod_3_task_2593.wav');
INSERT INTO task_instances (task_inst_id, task_id, module_inst_id, status, task_completing_time) VALUES (2594, 42, 223, 1, '117');
INSERT INTO recordings (recording_id, task_inst_id, file_path) VALUES (2594, 2594, 'recordings/eval_45_mod_3_task_2594.wav');
INSERT INTO task_instances (task_inst_id, task_id, module_inst_id, status, task_completing_time) VALUES (2595, 43, 223, 0, '24');
INSERT INTO recordings (recording_id, task_inst_id, file_path) VALUES (2595, 2595, 'recordings/eval_45_mod_3_task_2595.wav');
INSERT INTO task_instances (task_inst_id, task_id, module_inst_id, status, task_completing_time) VALUES (2596, 44, 223, 1, '200');
INSERT INTO recordings (recording_id, task_inst_id, file_path) VALUES (2596, 2596, 'recordings/eval_45_mod_3_task_2596.wav');
INSERT INTO task_instances (task_inst_id, task_id, module_inst_id, status, task_completing_time) VALUES (2597, 45, 223, 0, '67');
INSERT INTO recordings (recording_id, task_inst_id, file_path) VALUES (2597, 2597, 'recordings/eval_45_mod_3_task_2597.wav');
INSERT INTO task_instances (task_inst_id, task_id, module_inst_id, status, task_completing_time) VALUES (2598, 46, 223, 1, '263');
INSERT INTO recordings (recording_id, task_inst_id, file_path) VALUES (2598, 2598, 'recordings/eval_45_mod_3_task_2598.wav');
INSERT INTO module_instances (module_inst_id, module_id, evaluation_id, status) VALUES (224, 4, 45, 3);
INSERT INTO task_instances (task_inst_id, task_id, module_inst_id, status, task_completing_time) VALUES (2599, 47, 224, 1, '13');
INSERT INTO recordings (recording_id, task_inst_id, file_path) VALUES (2599, 2599, 'recordings/eval_45_mod_4_task_2599.wav');
INSERT INTO task_instances (task_inst_id, task_id, module_inst_id, status, task_completing_time) VALUES (2600, 48, 224, 0, '201');
INSERT INTO recordings (recording_id, task_inst_id, file_path) VALUES (2600, 2600, 'recordings/eval_45_mod_4_task_2600.wav');
INSERT INTO task_instances (task_inst_id, task_id, module_inst_id, status, task_completing_time) VALUES (2601, 49, 224, 0, '219');
INSERT INTO recordings (recording_id, task_inst_id, file_path) VALUES (2601, 2601, 'recordings/eval_45_mod_4_task_2601.wav');
INSERT INTO task_instances (task_inst_id, task_id, module_inst_id, status, task_completing_time) VALUES (2602, 50, 224, 1, '42');
INSERT INTO recordings (recording_id, task_inst_id, file_path) VALUES (2602, 2602, 'recordings/eval_45_mod_4_task_2602.wav');
INSERT INTO task_instances (task_inst_id, task_id, module_inst_id, status, task_completing_time) VALUES (2603, 51, 224, 1, '199');
INSERT INTO recordings (recording_id, task_inst_id, file_path) VALUES (2603, 2603, 'recordings/eval_45_mod_4_task_2603.wav');
INSERT INTO task_instances (task_inst_id, task_id, module_inst_id, status, task_completing_time) VALUES (2604, 52, 224, 1, '246');
INSERT INTO recordings (recording_id, task_inst_id, file_path) VALUES (2604, 2604, 'recordings/eval_45_mod_4_task_2604.wav');
INSERT INTO task_instances (task_inst_id, task_id, module_inst_id, status, task_completing_time) VALUES (2605, 53, 224, 1, '132');
INSERT INTO recordings (recording_id, task_inst_id, file_path) VALUES (2605, 2605, 'recordings/eval_45_mod_4_task_2605.wav');
INSERT INTO task_instances (task_inst_id, task_id, module_inst_id, status, task_completing_time) VALUES (2606, 54, 224, 1, '96');
INSERT INTO recordings (recording_id, task_inst_id, file_path) VALUES (2606, 2606, 'recordings/eval_45_mod_4_task_2606.wav');
INSERT INTO task_instances (task_inst_id, task_id, module_inst_id, status, task_completing_time) VALUES (2607, 55, 224, 1, '180');
INSERT INTO recordings (recording_id, task_inst_id, file_path) VALUES (2607, 2607, 'recordings/eval_45_mod_4_task_2607.wav');
INSERT INTO task_instances (task_inst_id, task_id, module_inst_id, status, task_completing_time) VALUES (2608, 56, 224, 1, '22');
INSERT INTO recordings (recording_id, task_inst_id, file_path) VALUES (2608, 2608, 'recordings/eval_45_mod_4_task_2608.wav');
INSERT INTO module_instances (module_inst_id, module_id, evaluation_id, status) VALUES (225, 9001, 45, 3);
INSERT INTO task_instances (task_inst_id, task_id, module_inst_id, status, task_completing_time) VALUES (2609, 9001, 225, 1, '31');
INSERT INTO recordings (recording_id, task_inst_id, file_path) VALUES (2609, 2609, 'recordings/eval_45_mod_9001_task_2609.wav');
INSERT INTO task_instances (task_inst_id, task_id, module_inst_id, status, task_completing_time) VALUES (2610, 9002, 225, 1, '196');
INSERT INTO recordings (recording_id, task_inst_id, file_path) VALUES (2610, 2610, 'recordings/eval_45_mod_9001_task_2610.wav');
INSERT INTO participants (participant_id, name, surname, education_level, sex, birth_date, laterality) VALUES (46, 'udHk5dbgUIKheSwJhN8UCA==', 'u9z77N6POoCjey4Lht0WCg==', 3, 2, '1978-03-17', 1);
INSERT INTO evaluations (evaluation_id, evaluation_date, evaluator_id, participant_id, status, language) VALUES (46, '2025-10-14 16:16:00', 7, 46, 3, 1);
INSERT INTO module_instances (module_inst_id, module_id, evaluation_id, status) VALUES (226, 1, 46, 3);
INSERT INTO task_instances (task_inst_id, task_id, module_inst_id, status, task_completing_time) VALUES (2611, 1, 226, 1, '52');
INSERT INTO recordings (recording_id, task_inst_id, file_path) VALUES (2611, 2611, 'recordings/eval_46_mod_1_task_2611.wav');
INSERT INTO task_instances (task_inst_id, task_id, module_inst_id, status, task_completing_time) VALUES (2612, 2, 226, 1, '87');
INSERT INTO recordings (recording_id, task_inst_id, file_path) VALUES (2612, 2612, 'recordings/eval_46_mod_1_task_2612.wav');
INSERT INTO task_instances (task_inst_id, task_id, module_inst_id, status, task_completing_time) VALUES (2613, 3, 226, 1, '52');
INSERT INTO recordings (recording_id, task_inst_id, file_path) VALUES (2613, 2613, 'recordings/eval_46_mod_1_task_2613.wav');
INSERT INTO task_instances (task_inst_id, task_id, module_inst_id, status, task_completing_time) VALUES (2614, 4, 226, 1, '48');
INSERT INTO recordings (recording_id, task_inst_id, file_path) VALUES (2614, 2614, 'recordings/eval_46_mod_1_task_2614.wav');
INSERT INTO task_instances (task_inst_id, task_id, module_inst_id, status, task_completing_time) VALUES (2615, 5, 226, 0, '293');
INSERT INTO recordings (recording_id, task_inst_id, file_path) VALUES (2615, 2615, 'recordings/eval_46_mod_1_task_2615.wav');
INSERT INTO task_instances (task_inst_id, task_id, module_inst_id, status, task_completing_time) VALUES (2616, 6, 226, 1, '258');
INSERT INTO recordings (recording_id, task_inst_id, file_path) VALUES (2616, 2616, 'recordings/eval_46_mod_1_task_2616.wav');
INSERT INTO task_instances (task_inst_id, task_id, module_inst_id, status, task_completing_time) VALUES (2617, 7, 226, 0, '87');
INSERT INTO recordings (recording_id, task_inst_id, file_path) VALUES (2617, 2617, 'recordings/eval_46_mod_1_task_2617.wav');
INSERT INTO task_instances (task_inst_id, task_id, module_inst_id, status, task_completing_time) VALUES (2618, 8, 226, 0, '267');
INSERT INTO recordings (recording_id, task_inst_id, file_path) VALUES (2618, 2618, 'recordings/eval_46_mod_1_task_2618.wav');
INSERT INTO task_instances (task_inst_id, task_id, module_inst_id, status, task_completing_time) VALUES (2619, 9, 226, 1, '202');
INSERT INTO recordings (recording_id, task_inst_id, file_path) VALUES (2619, 2619, 'recordings/eval_46_mod_1_task_2619.wav');
INSERT INTO task_instances (task_inst_id, task_id, module_inst_id, status, task_completing_time) VALUES (2620, 10, 226, 1, '164');
INSERT INTO recordings (recording_id, task_inst_id, file_path) VALUES (2620, 2620, 'recordings/eval_46_mod_1_task_2620.wav');
INSERT INTO module_instances (module_inst_id, module_id, evaluation_id, status) VALUES (227, 2, 46, 2);
INSERT INTO task_instances (task_inst_id, task_id, module_inst_id, status, task_completing_time) VALUES (2621, 11, 227, 0, '38');
INSERT INTO recordings (recording_id, task_inst_id, file_path) VALUES (2621, 2621, 'recordings/eval_46_mod_2_task_2621.wav');
INSERT INTO task_instances (task_inst_id, task_id, module_inst_id, status, task_completing_time) VALUES (2622, 12, 227, 1, '78');
INSERT INTO recordings (recording_id, task_inst_id, file_path) VALUES (2622, 2622, 'recordings/eval_46_mod_2_task_2622.wav');
INSERT INTO task_instances (task_inst_id, task_id, module_inst_id, status, task_completing_time) VALUES (2623, 13, 227, 1, '271');
INSERT INTO recordings (recording_id, task_inst_id, file_path) VALUES (2623, 2623, 'recordings/eval_46_mod_2_task_2623.wav');
INSERT INTO task_instances (task_inst_id, task_id, module_inst_id, status, task_completing_time) VALUES (2624, 14, 227, 1, '22');
INSERT INTO recordings (recording_id, task_inst_id, file_path) VALUES (2624, 2624, 'recordings/eval_46_mod_2_task_2624.wav');
INSERT INTO task_instances (task_inst_id, task_id, module_inst_id, status, task_completing_time) VALUES (2625, 15, 227, 1, '26');
INSERT INTO recordings (recording_id, task_inst_id, file_path) VALUES (2625, 2625, 'recordings/eval_46_mod_2_task_2625.wav');
INSERT INTO task_instances (task_inst_id, task_id, module_inst_id, status, task_completing_time) VALUES (2626, 16, 227, 1, '197');
INSERT INTO recordings (recording_id, task_inst_id, file_path) VALUES (2626, 2626, 'recordings/eval_46_mod_2_task_2626.wav');
INSERT INTO task_instances (task_inst_id, task_id, module_inst_id, status, task_completing_time) VALUES (2627, 17, 227, 1, '236');
INSERT INTO recordings (recording_id, task_inst_id, file_path) VALUES (2627, 2627, 'recordings/eval_46_mod_2_task_2627.wav');
INSERT INTO task_instances (task_inst_id, task_id, module_inst_id, status, task_completing_time) VALUES (2628, 18, 227, 1, '115');
INSERT INTO recordings (recording_id, task_inst_id, file_path) VALUES (2628, 2628, 'recordings/eval_46_mod_2_task_2628.wav');
INSERT INTO task_instances (task_inst_id, task_id, module_inst_id, status, task_completing_time) VALUES (2629, 19, 227, 1, '82');
INSERT INTO recordings (recording_id, task_inst_id, file_path) VALUES (2629, 2629, 'recordings/eval_46_mod_2_task_2629.wav');
INSERT INTO task_instances (task_inst_id, task_id, module_inst_id, status, task_completing_time) VALUES (2630, 20, 227, 1, '236');
INSERT INTO recordings (recording_id, task_inst_id, file_path) VALUES (2630, 2630, 'recordings/eval_46_mod_2_task_2630.wav');
INSERT INTO task_instances (task_inst_id, task_id, module_inst_id, status, task_completing_time) VALUES (2631, 21, 227, 1, '55');
INSERT INTO recordings (recording_id, task_inst_id, file_path) VALUES (2631, 2631, 'recordings/eval_46_mod_2_task_2631.wav');
INSERT INTO task_instances (task_inst_id, task_id, module_inst_id, status, task_completing_time) VALUES (2632, 22, 227, 1, '27');
INSERT INTO recordings (recording_id, task_inst_id, file_path) VALUES (2632, 2632, 'recordings/eval_46_mod_2_task_2632.wav');
INSERT INTO task_instances (task_inst_id, task_id, module_inst_id, status, task_completing_time) VALUES (2633, 23, 227, 1, '35');
INSERT INTO recordings (recording_id, task_inst_id, file_path) VALUES (2633, 2633, 'recordings/eval_46_mod_2_task_2633.wav');
INSERT INTO task_instances (task_inst_id, task_id, module_inst_id, status, task_completing_time) VALUES (2634, 24, 227, 1, '134');
INSERT INTO recordings (recording_id, task_inst_id, file_path) VALUES (2634, 2634, 'recordings/eval_46_mod_2_task_2634.wav');
INSERT INTO task_instances (task_inst_id, task_id, module_inst_id, status, task_completing_time) VALUES (2635, 25, 227, 1, '43');
INSERT INTO recordings (recording_id, task_inst_id, file_path) VALUES (2635, 2635, 'recordings/eval_46_mod_2_task_2635.wav');
INSERT INTO task_instances (task_inst_id, task_id, module_inst_id, status, task_completing_time) VALUES (2636, 26, 227, 1, '154');
INSERT INTO recordings (recording_id, task_inst_id, file_path) VALUES (2636, 2636, 'recordings/eval_46_mod_2_task_2636.wav');
INSERT INTO task_instances (task_inst_id, task_id, module_inst_id, status, task_completing_time) VALUES (2637, 27, 227, 1, '208');
INSERT INTO recordings (recording_id, task_inst_id, file_path) VALUES (2637, 2637, 'recordings/eval_46_mod_2_task_2637.wav');
INSERT INTO task_instances (task_inst_id, task_id, module_inst_id, status, task_completing_time) VALUES (2638, 28, 227, 1, '93');
INSERT INTO recordings (recording_id, task_inst_id, file_path) VALUES (2638, 2638, 'recordings/eval_46_mod_2_task_2638.wav');
INSERT INTO task_instances (task_inst_id, task_id, module_inst_id, status, task_completing_time) VALUES (2639, 29, 227, 1, '62');
INSERT INTO recordings (recording_id, task_inst_id, file_path) VALUES (2639, 2639, 'recordings/eval_46_mod_2_task_2639.wav');
INSERT INTO task_instances (task_inst_id, task_id, module_inst_id, status, task_completing_time) VALUES (2640, 30, 227, 1, '32');
INSERT INTO recordings (recording_id, task_inst_id, file_path) VALUES (2640, 2640, 'recordings/eval_46_mod_2_task_2640.wav');
INSERT INTO task_instances (task_inst_id, task_id, module_inst_id, status, task_completing_time) VALUES (2641, 31, 227, 1, '41');
INSERT INTO recordings (recording_id, task_inst_id, file_path) VALUES (2641, 2641, 'recordings/eval_46_mod_2_task_2641.wav');
INSERT INTO task_instances (task_inst_id, task_id, module_inst_id, status, task_completing_time) VALUES (2642, 32, 227, 1, '40');
INSERT INTO recordings (recording_id, task_inst_id, file_path) VALUES (2642, 2642, 'recordings/eval_46_mod_2_task_2642.wav');
INSERT INTO task_instances (task_inst_id, task_id, module_inst_id, status, task_completing_time) VALUES (2643, 33, 227, 1, '265');
INSERT INTO recordings (recording_id, task_inst_id, file_path) VALUES (2643, 2643, 'recordings/eval_46_mod_2_task_2643.wav');
INSERT INTO task_instances (task_inst_id, task_id, module_inst_id, status, task_completing_time) VALUES (2644, 34, 227, 1, '162');
INSERT INTO recordings (recording_id, task_inst_id, file_path) VALUES (2644, 2644, 'recordings/eval_46_mod_2_task_2644.wav');
INSERT INTO task_instances (task_inst_id, task_id, module_inst_id, status, task_completing_time) VALUES (2645, 35, 227, 1, '262');
INSERT INTO recordings (recording_id, task_inst_id, file_path) VALUES (2645, 2645, 'recordings/eval_46_mod_2_task_2645.wav');
INSERT INTO task_instances (task_inst_id, task_id, module_inst_id, status, task_completing_time) VALUES (2646, 36, 227, 1, '128');
INSERT INTO recordings (recording_id, task_inst_id, file_path) VALUES (2646, 2646, 'recordings/eval_46_mod_2_task_2646.wav');
INSERT INTO task_instances (task_inst_id, task_id, module_inst_id, status, task_completing_time) VALUES (2647, 37, 227, 1, '156');
INSERT INTO recordings (recording_id, task_inst_id, file_path) VALUES (2647, 2647, 'recordings/eval_46_mod_2_task_2647.wav');
INSERT INTO module_instances (module_inst_id, module_id, evaluation_id, status) VALUES (228, 3, 46, 3);
INSERT INTO task_instances (task_inst_id, task_id, module_inst_id, status, task_completing_time) VALUES (2648, 38, 228, 1, '15');
INSERT INTO recordings (recording_id, task_inst_id, file_path) VALUES (2648, 2648, 'recordings/eval_46_mod_3_task_2648.wav');
INSERT INTO task_instances (task_inst_id, task_id, module_inst_id, status, task_completing_time) VALUES (2649, 39, 228, 1, '223');
INSERT INTO recordings (recording_id, task_inst_id, file_path) VALUES (2649, 2649, 'recordings/eval_46_mod_3_task_2649.wav');
INSERT INTO task_instances (task_inst_id, task_id, module_inst_id, status, task_completing_time) VALUES (2650, 40, 228, 1, '56');
INSERT INTO recordings (recording_id, task_inst_id, file_path) VALUES (2650, 2650, 'recordings/eval_46_mod_3_task_2650.wav');
INSERT INTO task_instances (task_inst_id, task_id, module_inst_id, status, task_completing_time) VALUES (2651, 41, 228, 0, '100');
INSERT INTO recordings (recording_id, task_inst_id, file_path) VALUES (2651, 2651, 'recordings/eval_46_mod_3_task_2651.wav');
INSERT INTO task_instances (task_inst_id, task_id, module_inst_id, status, task_completing_time) VALUES (2652, 42, 228, 1, '70');
INSERT INTO recordings (recording_id, task_inst_id, file_path) VALUES (2652, 2652, 'recordings/eval_46_mod_3_task_2652.wav');
INSERT INTO task_instances (task_inst_id, task_id, module_inst_id, status, task_completing_time) VALUES (2653, 43, 228, 1, '84');
INSERT INTO recordings (recording_id, task_inst_id, file_path) VALUES (2653, 2653, 'recordings/eval_46_mod_3_task_2653.wav');
INSERT INTO task_instances (task_inst_id, task_id, module_inst_id, status, task_completing_time) VALUES (2654, 44, 228, 1, '121');
INSERT INTO recordings (recording_id, task_inst_id, file_path) VALUES (2654, 2654, 'recordings/eval_46_mod_3_task_2654.wav');
INSERT INTO task_instances (task_inst_id, task_id, module_inst_id, status, task_completing_time) VALUES (2655, 45, 228, 1, '64');
INSERT INTO recordings (recording_id, task_inst_id, file_path) VALUES (2655, 2655, 'recordings/eval_46_mod_3_task_2655.wav');
INSERT INTO task_instances (task_inst_id, task_id, module_inst_id, status, task_completing_time) VALUES (2656, 46, 228, 1, '160');
INSERT INTO recordings (recording_id, task_inst_id, file_path) VALUES (2656, 2656, 'recordings/eval_46_mod_3_task_2656.wav');
INSERT INTO module_instances (module_inst_id, module_id, evaluation_id, status) VALUES (229, 4, 46, 3);
INSERT INTO task_instances (task_inst_id, task_id, module_inst_id, status, task_completing_time) VALUES (2657, 47, 229, 1, '8');
INSERT INTO recordings (recording_id, task_inst_id, file_path) VALUES (2657, 2657, 'recordings/eval_46_mod_4_task_2657.wav');
INSERT INTO task_instances (task_inst_id, task_id, module_inst_id, status, task_completing_time) VALUES (2658, 48, 229, 1, '108');
INSERT INTO recordings (recording_id, task_inst_id, file_path) VALUES (2658, 2658, 'recordings/eval_46_mod_4_task_2658.wav');
INSERT INTO task_instances (task_inst_id, task_id, module_inst_id, status, task_completing_time) VALUES (2659, 49, 229, 0, '97');
INSERT INTO recordings (recording_id, task_inst_id, file_path) VALUES (2659, 2659, 'recordings/eval_46_mod_4_task_2659.wav');
INSERT INTO task_instances (task_inst_id, task_id, module_inst_id, status, task_completing_time) VALUES (2660, 50, 229, 1, '105');
INSERT INTO recordings (recording_id, task_inst_id, file_path) VALUES (2660, 2660, 'recordings/eval_46_mod_4_task_2660.wav');
INSERT INTO task_instances (task_inst_id, task_id, module_inst_id, status, task_completing_time) VALUES (2661, 51, 229, 1, '104');
INSERT INTO recordings (recording_id, task_inst_id, file_path) VALUES (2661, 2661, 'recordings/eval_46_mod_4_task_2661.wav');
INSERT INTO task_instances (task_inst_id, task_id, module_inst_id, status, task_completing_time) VALUES (2662, 52, 229, 1, '43');
INSERT INTO recordings (recording_id, task_inst_id, file_path) VALUES (2662, 2662, 'recordings/eval_46_mod_4_task_2662.wav');
INSERT INTO task_instances (task_inst_id, task_id, module_inst_id, status, task_completing_time) VALUES (2663, 53, 229, 0, '289');
INSERT INTO recordings (recording_id, task_inst_id, file_path) VALUES (2663, 2663, 'recordings/eval_46_mod_4_task_2663.wav');
INSERT INTO task_instances (task_inst_id, task_id, module_inst_id, status, task_completing_time) VALUES (2664, 54, 229, 1, '270');
INSERT INTO recordings (recording_id, task_inst_id, file_path) VALUES (2664, 2664, 'recordings/eval_46_mod_4_task_2664.wav');
INSERT INTO task_instances (task_inst_id, task_id, module_inst_id, status, task_completing_time) VALUES (2665, 55, 229, 1, '239');
INSERT INTO recordings (recording_id, task_inst_id, file_path) VALUES (2665, 2665, 'recordings/eval_46_mod_4_task_2665.wav');
INSERT INTO task_instances (task_inst_id, task_id, module_inst_id, status, task_completing_time) VALUES (2666, 56, 229, 1, '14');
INSERT INTO recordings (recording_id, task_inst_id, file_path) VALUES (2666, 2666, 'recordings/eval_46_mod_4_task_2666.wav');
INSERT INTO module_instances (module_inst_id, module_id, evaluation_id, status) VALUES (230, 9001, 46, 3);
INSERT INTO task_instances (task_inst_id, task_id, module_inst_id, status, task_completing_time) VALUES (2667, 9001, 230, 0, '45');
INSERT INTO recordings (recording_id, task_inst_id, file_path) VALUES (2667, 2667, 'recordings/eval_46_mod_9001_task_2667.wav');
INSERT INTO task_instances (task_inst_id, task_id, module_inst_id, status, task_completing_time) VALUES (2668, 9002, 230, 1, '289');
INSERT INTO recordings (recording_id, task_inst_id, file_path) VALUES (2668, 2668, 'recordings/eval_46_mod_9001_task_2668.wav');
INSERT INTO participants (participant_id, name, surname, education_level, sex, birth_date, laterality) VALUES (47, 'sN9VKtjgUIKheSwJhN8UCA==', 'vd/77MTgUIKheSwJhN8UCA==', 3, 1, '1963-08-02', 2);
INSERT INTO evaluations (evaluation_id, evaluation_date, evaluator_id, participant_id, status, language) VALUES (47, '2025-09-21 13:07:00', 7, 47, 3, 2);
INSERT INTO module_instances (module_inst_id, module_id, evaluation_id, status) VALUES (231, 1, 47, 3);
INSERT INTO task_instances (task_inst_id, task_id, module_inst_id, status, task_completing_time) VALUES (2669, 1, 231, 1, '50');
INSERT INTO recordings (recording_id, task_inst_id, file_path) VALUES (2669, 2669, 'recordings/eval_47_mod_1_task_2669.wav');
INSERT INTO task_instances (task_inst_id, task_id, module_inst_id, status, task_completing_time) VALUES (2670, 2, 231, 1, '150');
INSERT INTO recordings (recording_id, task_inst_id, file_path) VALUES (2670, 2670, 'recordings/eval_47_mod_1_task_2670.wav');
INSERT INTO task_instances (task_inst_id, task_id, module_inst_id, status, task_completing_time) VALUES (2671, 3, 231, 0, '132');
INSERT INTO recordings (recording_id, task_inst_id, file_path) VALUES (2671, 2671, 'recordings/eval_47_mod_1_task_2671.wav');
INSERT INTO task_instances (task_inst_id, task_id, module_inst_id, status, task_completing_time) VALUES (2672, 4, 231, 1, '99');
INSERT INTO recordings (recording_id, task_inst_id, file_path) VALUES (2672, 2672, 'recordings/eval_47_mod_1_task_2672.wav');
INSERT INTO task_instances (task_inst_id, task_id, module_inst_id, status, task_completing_time) VALUES (2673, 5, 231, 0, '105');
INSERT INTO recordings (recording_id, task_inst_id, file_path) VALUES (2673, 2673, 'recordings/eval_47_mod_1_task_2673.wav');
INSERT INTO task_instances (task_inst_id, task_id, module_inst_id, status, task_completing_time) VALUES (2674, 6, 231, 1, '241');
INSERT INTO recordings (recording_id, task_inst_id, file_path) VALUES (2674, 2674, 'recordings/eval_47_mod_1_task_2674.wav');
INSERT INTO task_instances (task_inst_id, task_id, module_inst_id, status, task_completing_time) VALUES (2675, 7, 231, 1, '251');
INSERT INTO recordings (recording_id, task_inst_id, file_path) VALUES (2675, 2675, 'recordings/eval_47_mod_1_task_2675.wav');
INSERT INTO task_instances (task_inst_id, task_id, module_inst_id, status, task_completing_time) VALUES (2676, 8, 231, 1, '135');
INSERT INTO recordings (recording_id, task_inst_id, file_path) VALUES (2676, 2676, 'recordings/eval_47_mod_1_task_2676.wav');
INSERT INTO task_instances (task_inst_id, task_id, module_inst_id, status, task_completing_time) VALUES (2677, 9, 231, 0, '35');
INSERT INTO recordings (recording_id, task_inst_id, file_path) VALUES (2677, 2677, 'recordings/eval_47_mod_1_task_2677.wav');
INSERT INTO task_instances (task_inst_id, task_id, module_inst_id, status, task_completing_time) VALUES (2678, 10, 231, 1, '223');
INSERT INTO recordings (recording_id, task_inst_id, file_path) VALUES (2678, 2678, 'recordings/eval_47_mod_1_task_2678.wav');
INSERT INTO module_instances (module_inst_id, module_id, evaluation_id, status) VALUES (232, 2, 47, 3);
INSERT INTO task_instances (task_inst_id, task_id, module_inst_id, status, task_completing_time) VALUES (2679, 11, 232, 1, '49');
INSERT INTO recordings (recording_id, task_inst_id, file_path) VALUES (2679, 2679, 'recordings/eval_47_mod_2_task_2679.wav');
INSERT INTO task_instances (task_inst_id, task_id, module_inst_id, status, task_completing_time) VALUES (2680, 12, 232, 1, '55');
INSERT INTO recordings (recording_id, task_inst_id, file_path) VALUES (2680, 2680, 'recordings/eval_47_mod_2_task_2680.wav');
INSERT INTO task_instances (task_inst_id, task_id, module_inst_id, status, task_completing_time) VALUES (2681, 13, 232, 1, '264');
INSERT INTO recordings (recording_id, task_inst_id, file_path) VALUES (2681, 2681, 'recordings/eval_47_mod_2_task_2681.wav');
INSERT INTO task_instances (task_inst_id, task_id, module_inst_id, status, task_completing_time) VALUES (2682, 14, 232, 1, '273');
INSERT INTO recordings (recording_id, task_inst_id, file_path) VALUES (2682, 2682, 'recordings/eval_47_mod_2_task_2682.wav');
INSERT INTO task_instances (task_inst_id, task_id, module_inst_id, status, task_completing_time) VALUES (2683, 15, 232, 0, '130');
INSERT INTO recordings (recording_id, task_inst_id, file_path) VALUES (2683, 2683, 'recordings/eval_47_mod_2_task_2683.wav');
INSERT INTO task_instances (task_inst_id, task_id, module_inst_id, status, task_completing_time) VALUES (2684, 16, 232, 1, '179');
INSERT INTO recordings (recording_id, task_inst_id, file_path) VALUES (2684, 2684, 'recordings/eval_47_mod_2_task_2684.wav');
INSERT INTO task_instances (task_inst_id, task_id, module_inst_id, status, task_completing_time) VALUES (2685, 17, 232, 1, '28');
INSERT INTO recordings (recording_id, task_inst_id, file_path) VALUES (2685, 2685, 'recordings/eval_47_mod_2_task_2685.wav');
INSERT INTO task_instances (task_inst_id, task_id, module_inst_id, status, task_completing_time) VALUES (2686, 18, 232, 1, '143');
INSERT INTO recordings (recording_id, task_inst_id, file_path) VALUES (2686, 2686, 'recordings/eval_47_mod_2_task_2686.wav');
INSERT INTO task_instances (task_inst_id, task_id, module_inst_id, status, task_completing_time) VALUES (2687, 19, 232, 1, '21');
INSERT INTO recordings (recording_id, task_inst_id, file_path) VALUES (2687, 2687, 'recordings/eval_47_mod_2_task_2687.wav');
INSERT INTO task_instances (task_inst_id, task_id, module_inst_id, status, task_completing_time) VALUES (2688, 20, 232, 1, '34');
INSERT INTO recordings (recording_id, task_inst_id, file_path) VALUES (2688, 2688, 'recordings/eval_47_mod_2_task_2688.wav');
INSERT INTO task_instances (task_inst_id, task_id, module_inst_id, status, task_completing_time) VALUES (2689, 21, 232, 1, '31');
INSERT INTO recordings (recording_id, task_inst_id, file_path) VALUES (2689, 2689, 'recordings/eval_47_mod_2_task_2689.wav');
INSERT INTO task_instances (task_inst_id, task_id, module_inst_id, status, task_completing_time) VALUES (2690, 22, 232, 1, '149');
INSERT INTO recordings (recording_id, task_inst_id, file_path) VALUES (2690, 2690, 'recordings/eval_47_mod_2_task_2690.wav');
INSERT INTO task_instances (task_inst_id, task_id, module_inst_id, status, task_completing_time) VALUES (2691, 23, 232, 1, '31');
INSERT INTO recordings (recording_id, task_inst_id, file_path) VALUES (2691, 2691, 'recordings/eval_47_mod_2_task_2691.wav');
INSERT INTO task_instances (task_inst_id, task_id, module_inst_id, status, task_completing_time) VALUES (2692, 24, 232, 0, '137');
INSERT INTO recordings (recording_id, task_inst_id, file_path) VALUES (2692, 2692, 'recordings/eval_47_mod_2_task_2692.wav');
INSERT INTO task_instances (task_inst_id, task_id, module_inst_id, status, task_completing_time) VALUES (2693, 25, 232, 1, '30');
INSERT INTO recordings (recording_id, task_inst_id, file_path) VALUES (2693, 2693, 'recordings/eval_47_mod_2_task_2693.wav');
INSERT INTO task_instances (task_inst_id, task_id, module_inst_id, status, task_completing_time) VALUES (2694, 26, 232, 1, '117');
INSERT INTO recordings (recording_id, task_inst_id, file_path) VALUES (2694, 2694, 'recordings/eval_47_mod_2_task_2694.wav');
INSERT INTO task_instances (task_inst_id, task_id, module_inst_id, status, task_completing_time) VALUES (2695, 27, 232, 1, '87');
INSERT INTO recordings (recording_id, task_inst_id, file_path) VALUES (2695, 2695, 'recordings/eval_47_mod_2_task_2695.wav');
INSERT INTO task_instances (task_inst_id, task_id, module_inst_id, status, task_completing_time) VALUES (2696, 28, 232, 1, '138');
INSERT INTO recordings (recording_id, task_inst_id, file_path) VALUES (2696, 2696, 'recordings/eval_47_mod_2_task_2696.wav');
INSERT INTO task_instances (task_inst_id, task_id, module_inst_id, status, task_completing_time) VALUES (2697, 29, 232, 1, '230');
INSERT INTO recordings (recording_id, task_inst_id, file_path) VALUES (2697, 2697, 'recordings/eval_47_mod_2_task_2697.wav');
INSERT INTO task_instances (task_inst_id, task_id, module_inst_id, status, task_completing_time) VALUES (2698, 30, 232, 1, '34');
INSERT INTO recordings (recording_id, task_inst_id, file_path) VALUES (2698, 2698, 'recordings/eval_47_mod_2_task_2698.wav');
INSERT INTO task_instances (task_inst_id, task_id, module_inst_id, status, task_completing_time) VALUES (2699, 31, 232, 1, '184');
INSERT INTO recordings (recording_id, task_inst_id, file_path) VALUES (2699, 2699, 'recordings/eval_47_mod_2_task_2699.wav');
INSERT INTO task_instances (task_inst_id, task_id, module_inst_id, status, task_completing_time) VALUES (2700, 32, 232, 1, '114');
INSERT INTO recordings (recording_id, task_inst_id, file_path) VALUES (2700, 2700, 'recordings/eval_47_mod_2_task_2700.wav');
INSERT INTO task_instances (task_inst_id, task_id, module_inst_id, status, task_completing_time) VALUES (2701, 33, 232, 1, '66');
INSERT INTO recordings (recording_id, task_inst_id, file_path) VALUES (2701, 2701, 'recordings/eval_47_mod_2_task_2701.wav');
INSERT INTO task_instances (task_inst_id, task_id, module_inst_id, status, task_completing_time) VALUES (2702, 34, 232, 1, '189');
INSERT INTO recordings (recording_id, task_inst_id, file_path) VALUES (2702, 2702, 'recordings/eval_47_mod_2_task_2702.wav');
INSERT INTO task_instances (task_inst_id, task_id, module_inst_id, status, task_completing_time) VALUES (2703, 35, 232, 0, '172');
INSERT INTO recordings (recording_id, task_inst_id, file_path) VALUES (2703, 2703, 'recordings/eval_47_mod_2_task_2703.wav');
INSERT INTO task_instances (task_inst_id, task_id, module_inst_id, status, task_completing_time) VALUES (2704, 36, 232, 1, '61');
INSERT INTO recordings (recording_id, task_inst_id, file_path) VALUES (2704, 2704, 'recordings/eval_47_mod_2_task_2704.wav');
INSERT INTO task_instances (task_inst_id, task_id, module_inst_id, status, task_completing_time) VALUES (2705, 37, 232, 0, '154');
INSERT INTO recordings (recording_id, task_inst_id, file_path) VALUES (2705, 2705, 'recordings/eval_47_mod_2_task_2705.wav');
INSERT INTO module_instances (module_inst_id, module_id, evaluation_id, status) VALUES (233, 3, 47, 3);
INSERT INTO task_instances (task_inst_id, task_id, module_inst_id, status, task_completing_time) VALUES (2706, 38, 233, 1, '28');
INSERT INTO recordings (recording_id, task_inst_id, file_path) VALUES (2706, 2706, 'recordings/eval_47_mod_3_task_2706.wav');
INSERT INTO task_instances (task_inst_id, task_id, module_inst_id, status, task_completing_time) VALUES (2707, 39, 233, 1, '257');
INSERT INTO recordings (recording_id, task_inst_id, file_path) VALUES (2707, 2707, 'recordings/eval_47_mod_3_task_2707.wav');
INSERT INTO task_instances (task_inst_id, task_id, module_inst_id, status, task_completing_time) VALUES (2708, 40, 233, 1, '97');
INSERT INTO recordings (recording_id, task_inst_id, file_path) VALUES (2708, 2708, 'recordings/eval_47_mod_3_task_2708.wav');
INSERT INTO task_instances (task_inst_id, task_id, module_inst_id, status, task_completing_time) VALUES (2709, 41, 233, 1, '88');
INSERT INTO recordings (recording_id, task_inst_id, file_path) VALUES (2709, 2709, 'recordings/eval_47_mod_3_task_2709.wav');
INSERT INTO task_instances (task_inst_id, task_id, module_inst_id, status, task_completing_time) VALUES (2710, 42, 233, 1, '111');
INSERT INTO recordings (recording_id, task_inst_id, file_path) VALUES (2710, 2710, 'recordings/eval_47_mod_3_task_2710.wav');
INSERT INTO task_instances (task_inst_id, task_id, module_inst_id, status, task_completing_time) VALUES (2711, 43, 233, 1, '201');
INSERT INTO recordings (recording_id, task_inst_id, file_path) VALUES (2711, 2711, 'recordings/eval_47_mod_3_task_2711.wav');
INSERT INTO task_instances (task_inst_id, task_id, module_inst_id, status, task_completing_time) VALUES (2712, 44, 233, 1, '154');
INSERT INTO recordings (recording_id, task_inst_id, file_path) VALUES (2712, 2712, 'recordings/eval_47_mod_3_task_2712.wav');
INSERT INTO task_instances (task_inst_id, task_id, module_inst_id, status, task_completing_time) VALUES (2713, 45, 233, 1, '238');
INSERT INTO recordings (recording_id, task_inst_id, file_path) VALUES (2713, 2713, 'recordings/eval_47_mod_3_task_2713.wav');
INSERT INTO task_instances (task_inst_id, task_id, module_inst_id, status, task_completing_time) VALUES (2714, 46, 233, 1, '132');
INSERT INTO recordings (recording_id, task_inst_id, file_path) VALUES (2714, 2714, 'recordings/eval_47_mod_3_task_2714.wav');
INSERT INTO module_instances (module_inst_id, module_id, evaluation_id, status) VALUES (234, 4, 47, 1);
INSERT INTO task_instances (task_inst_id, task_id, module_inst_id, status, task_completing_time) VALUES (2715, 47, 234, 0, '36');
INSERT INTO recordings (recording_id, task_inst_id, file_path) VALUES (2715, 2715, 'recordings/eval_47_mod_4_task_2715.wav');
INSERT INTO task_instances (task_inst_id, task_id, module_inst_id, status, task_completing_time) VALUES (2716, 48, 234, 1, '32');
INSERT INTO recordings (recording_id, task_inst_id, file_path) VALUES (2716, 2716, 'recordings/eval_47_mod_4_task_2716.wav');
INSERT INTO task_instances (task_inst_id, task_id, module_inst_id, status, task_completing_time) VALUES (2717, 49, 234, 1, '139');
INSERT INTO recordings (recording_id, task_inst_id, file_path) VALUES (2717, 2717, 'recordings/eval_47_mod_4_task_2717.wav');
INSERT INTO task_instances (task_inst_id, task_id, module_inst_id, status, task_completing_time) VALUES (2718, 50, 234, 1, '114');
INSERT INTO recordings (recording_id, task_inst_id, file_path) VALUES (2718, 2718, 'recordings/eval_47_mod_4_task_2718.wav');
INSERT INTO task_instances (task_inst_id, task_id, module_inst_id, status, task_completing_time) VALUES (2719, 51, 234, 1, '172');
INSERT INTO recordings (recording_id, task_inst_id, file_path) VALUES (2719, 2719, 'recordings/eval_47_mod_4_task_2719.wav');
INSERT INTO task_instances (task_inst_id, task_id, module_inst_id, status, task_completing_time) VALUES (2720, 52, 234, 1, '298');
INSERT INTO recordings (recording_id, task_inst_id, file_path) VALUES (2720, 2720, 'recordings/eval_47_mod_4_task_2720.wav');
INSERT INTO task_instances (task_inst_id, task_id, module_inst_id, status, task_completing_time) VALUES (2721, 53, 234, 1, '178');
INSERT INTO recordings (recording_id, task_inst_id, file_path) VALUES (2721, 2721, 'recordings/eval_47_mod_4_task_2721.wav');
INSERT INTO task_instances (task_inst_id, task_id, module_inst_id, status, task_completing_time) VALUES (2722, 54, 234, 1, '128');
INSERT INTO recordings (recording_id, task_inst_id, file_path) VALUES (2722, 2722, 'recordings/eval_47_mod_4_task_2722.wav');
INSERT INTO task_instances (task_inst_id, task_id, module_inst_id, status, task_completing_time) VALUES (2723, 55, 234, 1, '62');
INSERT INTO recordings (recording_id, task_inst_id, file_path) VALUES (2723, 2723, 'recordings/eval_47_mod_4_task_2723.wav');
INSERT INTO task_instances (task_inst_id, task_id, module_inst_id, status, task_completing_time) VALUES (2724, 56, 234, 1, '40');
INSERT INTO recordings (recording_id, task_inst_id, file_path) VALUES (2724, 2724, 'recordings/eval_47_mod_4_task_2724.wav');
INSERT INTO module_instances (module_inst_id, module_id, evaluation_id, status) VALUES (235, 9001, 47, 3);
INSERT INTO task_instances (task_inst_id, task_id, module_inst_id, status, task_completing_time) VALUES (2725, 9001, 235, 1, '52');
INSERT INTO recordings (recording_id, task_inst_id, file_path) VALUES (2725, 2725, 'recordings/eval_47_mod_9001_task_2725.wav');
INSERT INTO task_instances (task_inst_id, task_id, module_inst_id, status, task_completing_time) VALUES (2726, 9002, 235, 1, '152');
INSERT INTO recordings (recording_id, task_inst_id, file_path) VALUES (2726, 2726, 'recordings/eval_47_mod_9001_task_2726.wav');
INSERT INTO participants (participant_id, name, surname, education_level, sex, birth_date, laterality) VALUES (48, 'qNHw6NKHUYOgeC0Ihd4VCQ==', 'qtXk7N6ZOoCjey4Lht0WCg==', 1, 1, '1966-08-24', 1);
INSERT INTO evaluations (evaluation_id, evaluation_date, evaluator_id, participant_id, status, language) VALUES (48, '2025-08-17 12:24:00', 7, 48, 3, 1);
INSERT INTO module_instances (module_inst_id, module_id, evaluation_id, status) VALUES (236, 1, 48, 2);
INSERT INTO task_instances (task_inst_id, task_id, module_inst_id, status, task_completing_time) VALUES (2727, 1, 236, 1, '27');
INSERT INTO recordings (recording_id, task_inst_id, file_path) VALUES (2727, 2727, 'recordings/eval_48_mod_1_task_2727.wav');
INSERT INTO task_instances (task_inst_id, task_id, module_inst_id, status, task_completing_time) VALUES (2728, 2, 236, 1, '236');
INSERT INTO recordings (recording_id, task_inst_id, file_path) VALUES (2728, 2728, 'recordings/eval_48_mod_1_task_2728.wav');
INSERT INTO task_instances (task_inst_id, task_id, module_inst_id, status, task_completing_time) VALUES (2729, 3, 236, 1, '217');
INSERT INTO recordings (recording_id, task_inst_id, file_path) VALUES (2729, 2729, 'recordings/eval_48_mod_1_task_2729.wav');
INSERT INTO task_instances (task_inst_id, task_id, module_inst_id, status, task_completing_time) VALUES (2730, 4, 236, 1, '100');
INSERT INTO recordings (recording_id, task_inst_id, file_path) VALUES (2730, 2730, 'recordings/eval_48_mod_1_task_2730.wav');
INSERT INTO task_instances (task_inst_id, task_id, module_inst_id, status, task_completing_time) VALUES (2731, 5, 236, 0, '34');
INSERT INTO recordings (recording_id, task_inst_id, file_path) VALUES (2731, 2731, 'recordings/eval_48_mod_1_task_2731.wav');
INSERT INTO task_instances (task_inst_id, task_id, module_inst_id, status, task_completing_time) VALUES (2732, 6, 236, 1, '256');
INSERT INTO recordings (recording_id, task_inst_id, file_path) VALUES (2732, 2732, 'recordings/eval_48_mod_1_task_2732.wav');
INSERT INTO task_instances (task_inst_id, task_id, module_inst_id, status, task_completing_time) VALUES (2733, 7, 236, 1, '53');
INSERT INTO recordings (recording_id, task_inst_id, file_path) VALUES (2733, 2733, 'recordings/eval_48_mod_1_task_2733.wav');
INSERT INTO task_instances (task_inst_id, task_id, module_inst_id, status, task_completing_time) VALUES (2734, 8, 236, 0, '204');
INSERT INTO recordings (recording_id, task_inst_id, file_path) VALUES (2734, 2734, 'recordings/eval_48_mod_1_task_2734.wav');
INSERT INTO task_instances (task_inst_id, task_id, module_inst_id, status, task_completing_time) VALUES (2735, 9, 236, 1, '23');
INSERT INTO recordings (recording_id, task_inst_id, file_path) VALUES (2735, 2735, 'recordings/eval_48_mod_1_task_2735.wav');
INSERT INTO task_instances (task_inst_id, task_id, module_inst_id, status, task_completing_time) VALUES (2736, 10, 236, 1, '83');
INSERT INTO recordings (recording_id, task_inst_id, file_path) VALUES (2736, 2736, 'recordings/eval_48_mod_1_task_2736.wav');
INSERT INTO module_instances (module_inst_id, module_id, evaluation_id, status) VALUES (237, 2, 48, 3);
INSERT INTO task_instances (task_inst_id, task_id, module_inst_id, status, task_completing_time) VALUES (2737, 11, 237, 0, '38');
INSERT INTO recordings (recording_id, task_inst_id, file_path) VALUES (2737, 2737, 'recordings/eval_48_mod_2_task_2737.wav');
INSERT INTO task_instances (task_inst_id, task_id, module_inst_id, status, task_completing_time) VALUES (2738, 12, 237, 1, '114');
INSERT INTO recordings (recording_id, task_inst_id, file_path) VALUES (2738, 2738, 'recordings/eval_48_mod_2_task_2738.wav');
INSERT INTO task_instances (task_inst_id, task_id, module_inst_id, status, task_completing_time) VALUES (2739, 13, 237, 1, '260');
INSERT INTO recordings (recording_id, task_inst_id, file_path) VALUES (2739, 2739, 'recordings/eval_48_mod_2_task_2739.wav');
INSERT INTO task_instances (task_inst_id, task_id, module_inst_id, status, task_completing_time) VALUES (2740, 14, 237, 1, '222');
INSERT INTO recordings (recording_id, task_inst_id, file_path) VALUES (2740, 2740, 'recordings/eval_48_mod_2_task_2740.wav');
INSERT INTO task_instances (task_inst_id, task_id, module_inst_id, status, task_completing_time) VALUES (2741, 15, 237, 0, '251');
INSERT INTO recordings (recording_id, task_inst_id, file_path) VALUES (2741, 2741, 'recordings/eval_48_mod_2_task_2741.wav');
INSERT INTO task_instances (task_inst_id, task_id, module_inst_id, status, task_completing_time) VALUES (2742, 16, 237, 1, '38');
INSERT INTO recordings (recording_id, task_inst_id, file_path) VALUES (2742, 2742, 'recordings/eval_48_mod_2_task_2742.wav');
INSERT INTO task_instances (task_inst_id, task_id, module_inst_id, status, task_completing_time) VALUES (2743, 17, 237, 1, '266');
INSERT INTO recordings (recording_id, task_inst_id, file_path) VALUES (2743, 2743, 'recordings/eval_48_mod_2_task_2743.wav');
INSERT INTO task_instances (task_inst_id, task_id, module_inst_id, status, task_completing_time) VALUES (2744, 18, 237, 0, '100');
INSERT INTO recordings (recording_id, task_inst_id, file_path) VALUES (2744, 2744, 'recordings/eval_48_mod_2_task_2744.wav');
INSERT INTO task_instances (task_inst_id, task_id, module_inst_id, status, task_completing_time) VALUES (2745, 19, 237, 0, '46');
INSERT INTO recordings (recording_id, task_inst_id, file_path) VALUES (2745, 2745, 'recordings/eval_48_mod_2_task_2745.wav');
INSERT INTO task_instances (task_inst_id, task_id, module_inst_id, status, task_completing_time) VALUES (2746, 20, 237, 1, '198');
INSERT INTO recordings (recording_id, task_inst_id, file_path) VALUES (2746, 2746, 'recordings/eval_48_mod_2_task_2746.wav');
INSERT INTO task_instances (task_inst_id, task_id, module_inst_id, status, task_completing_time) VALUES (2747, 21, 237, 1, '14');
INSERT INTO recordings (recording_id, task_inst_id, file_path) VALUES (2747, 2747, 'recordings/eval_48_mod_2_task_2747.wav');
INSERT INTO task_instances (task_inst_id, task_id, module_inst_id, status, task_completing_time) VALUES (2748, 22, 237, 1, '236');
INSERT INTO recordings (recording_id, task_inst_id, file_path) VALUES (2748, 2748, 'recordings/eval_48_mod_2_task_2748.wav');
INSERT INTO task_instances (task_inst_id, task_id, module_inst_id, status, task_completing_time) VALUES (2749, 23, 237, 1, '17');
INSERT INTO recordings (recording_id, task_inst_id, file_path) VALUES (2749, 2749, 'recordings/eval_48_mod_2_task_2749.wav');
INSERT INTO task_instances (task_inst_id, task_id, module_inst_id, status, task_completing_time) VALUES (2750, 24, 237, 1, '82');
INSERT INTO recordings (recording_id, task_inst_id, file_path) VALUES (2750, 2750, 'recordings/eval_48_mod_2_task_2750.wav');
INSERT INTO task_instances (task_inst_id, task_id, module_inst_id, status, task_completing_time) VALUES (2751, 25, 237, 1, '8');
INSERT INTO recordings (recording_id, task_inst_id, file_path) VALUES (2751, 2751, 'recordings/eval_48_mod_2_task_2751.wav');
INSERT INTO task_instances (task_inst_id, task_id, module_inst_id, status, task_completing_time) VALUES (2752, 26, 237, 1, '41');
INSERT INTO recordings (recording_id, task_inst_id, file_path) VALUES (2752, 2752, 'recordings/eval_48_mod_2_task_2752.wav');
INSERT INTO task_instances (task_inst_id, task_id, module_inst_id, status, task_completing_time) VALUES (2753, 27, 237, 1, '200');
INSERT INTO recordings (recording_id, task_inst_id, file_path) VALUES (2753, 2753, 'recordings/eval_48_mod_2_task_2753.wav');
INSERT INTO task_instances (task_inst_id, task_id, module_inst_id, status, task_completing_time) VALUES (2754, 28, 237, 0, '137');
INSERT INTO recordings (recording_id, task_inst_id, file_path) VALUES (2754, 2754, 'recordings/eval_48_mod_2_task_2754.wav');
INSERT INTO task_instances (task_inst_id, task_id, module_inst_id, status, task_completing_time) VALUES (2755, 29, 237, 1, '232');
INSERT INTO recordings (recording_id, task_inst_id, file_path) VALUES (2755, 2755, 'recordings/eval_48_mod_2_task_2755.wav');
INSERT INTO task_instances (task_inst_id, task_id, module_inst_id, status, task_completing_time) VALUES (2756, 30, 237, 1, '58');
INSERT INTO recordings (recording_id, task_inst_id, file_path) VALUES (2756, 2756, 'recordings/eval_48_mod_2_task_2756.wav');
INSERT INTO task_instances (task_inst_id, task_id, module_inst_id, status, task_completing_time) VALUES (2757, 31, 237, 1, '266');
INSERT INTO recordings (recording_id, task_inst_id, file_path) VALUES (2757, 2757, 'recordings/eval_48_mod_2_task_2757.wav');
INSERT INTO task_instances (task_inst_id, task_id, module_inst_id, status, task_completing_time) VALUES (2758, 32, 237, 1, '256');
INSERT INTO recordings (recording_id, task_inst_id, file_path) VALUES (2758, 2758, 'recordings/eval_48_mod_2_task_2758.wav');
INSERT INTO task_instances (task_inst_id, task_id, module_inst_id, status, task_completing_time) VALUES (2759, 33, 237, 1, '207');
INSERT INTO recordings (recording_id, task_inst_id, file_path) VALUES (2759, 2759, 'recordings/eval_48_mod_2_task_2759.wav');
INSERT INTO task_instances (task_inst_id, task_id, module_inst_id, status, task_completing_time) VALUES (2760, 34, 237, 1, '131');
INSERT INTO recordings (recording_id, task_inst_id, file_path) VALUES (2760, 2760, 'recordings/eval_48_mod_2_task_2760.wav');
INSERT INTO task_instances (task_inst_id, task_id, module_inst_id, status, task_completing_time) VALUES (2761, 35, 237, 1, '203');
INSERT INTO recordings (recording_id, task_inst_id, file_path) VALUES (2761, 2761, 'recordings/eval_48_mod_2_task_2761.wav');
INSERT INTO task_instances (task_inst_id, task_id, module_inst_id, status, task_completing_time) VALUES (2762, 36, 237, 0, '136');
INSERT INTO recordings (recording_id, task_inst_id, file_path) VALUES (2762, 2762, 'recordings/eval_48_mod_2_task_2762.wav');
INSERT INTO task_instances (task_inst_id, task_id, module_inst_id, status, task_completing_time) VALUES (2763, 37, 237, 0, '166');
INSERT INTO recordings (recording_id, task_inst_id, file_path) VALUES (2763, 2763, 'recordings/eval_48_mod_2_task_2763.wav');
INSERT INTO module_instances (module_inst_id, module_id, evaluation_id, status) VALUES (238, 3, 48, 3);
INSERT INTO task_instances (task_inst_id, task_id, module_inst_id, status, task_completing_time) VALUES (2764, 38, 238, 1, '51');
INSERT INTO recordings (recording_id, task_inst_id, file_path) VALUES (2764, 2764, 'recordings/eval_48_mod_3_task_2764.wav');
INSERT INTO task_instances (task_inst_id, task_id, module_inst_id, status, task_completing_time) VALUES (2765, 39, 238, 1, '80');
INSERT INTO recordings (recording_id, task_inst_id, file_path) VALUES (2765, 2765, 'recordings/eval_48_mod_3_task_2765.wav');
INSERT INTO task_instances (task_inst_id, task_id, module_inst_id, status, task_completing_time) VALUES (2766, 40, 238, 1, '51');
INSERT INTO recordings (recording_id, task_inst_id, file_path) VALUES (2766, 2766, 'recordings/eval_48_mod_3_task_2766.wav');
INSERT INTO task_instances (task_inst_id, task_id, module_inst_id, status, task_completing_time) VALUES (2767, 41, 238, 0, '181');
INSERT INTO recordings (recording_id, task_inst_id, file_path) VALUES (2767, 2767, 'recordings/eval_48_mod_3_task_2767.wav');
INSERT INTO task_instances (task_inst_id, task_id, module_inst_id, status, task_completing_time) VALUES (2768, 42, 238, 1, '200');
INSERT INTO recordings (recording_id, task_inst_id, file_path) VALUES (2768, 2768, 'recordings/eval_48_mod_3_task_2768.wav');
INSERT INTO task_instances (task_inst_id, task_id, module_inst_id, status, task_completing_time) VALUES (2769, 43, 238, 1, '204');
INSERT INTO recordings (recording_id, task_inst_id, file_path) VALUES (2769, 2769, 'recordings/eval_48_mod_3_task_2769.wav');
INSERT INTO task_instances (task_inst_id, task_id, module_inst_id, status, task_completing_time) VALUES (2770, 44, 238, 0, '263');
INSERT INTO recordings (recording_id, task_inst_id, file_path) VALUES (2770, 2770, 'recordings/eval_48_mod_3_task_2770.wav');
INSERT INTO task_instances (task_inst_id, task_id, module_inst_id, status, task_completing_time) VALUES (2771, 45, 238, 1, '222');
INSERT INTO recordings (recording_id, task_inst_id, file_path) VALUES (2771, 2771, 'recordings/eval_48_mod_3_task_2771.wav');
INSERT INTO task_instances (task_inst_id, task_id, module_inst_id, status, task_completing_time) VALUES (2772, 46, 238, 0, '243');
INSERT INTO recordings (recording_id, task_inst_id, file_path) VALUES (2772, 2772, 'recordings/eval_48_mod_3_task_2772.wav');
INSERT INTO module_instances (module_inst_id, module_id, evaluation_id, status) VALUES (239, 4, 48, 3);
INSERT INTO task_instances (task_inst_id, task_id, module_inst_id, status, task_completing_time) VALUES (2773, 47, 239, 0, '13');
INSERT INTO recordings (recording_id, task_inst_id, file_path) VALUES (2773, 2773, 'recordings/eval_48_mod_4_task_2773.wav');
INSERT INTO task_instances (task_inst_id, task_id, module_inst_id, status, task_completing_time) VALUES (2774, 48, 239, 1, '77');
INSERT INTO recordings (recording_id, task_inst_id, file_path) VALUES (2774, 2774, 'recordings/eval_48_mod_4_task_2774.wav');
INSERT INTO task_instances (task_inst_id, task_id, module_inst_id, status, task_completing_time) VALUES (2775, 49, 239, 1, '62');
INSERT INTO recordings (recording_id, task_inst_id, file_path) VALUES (2775, 2775, 'recordings/eval_48_mod_4_task_2775.wav');
INSERT INTO task_instances (task_inst_id, task_id, module_inst_id, status, task_completing_time) VALUES (2776, 50, 239, 0, '99');
INSERT INTO recordings (recording_id, task_inst_id, file_path) VALUES (2776, 2776, 'recordings/eval_48_mod_4_task_2776.wav');
INSERT INTO task_instances (task_inst_id, task_id, module_inst_id, status, task_completing_time) VALUES (2777, 51, 239, 1, '244');
INSERT INTO recordings (recording_id, task_inst_id, file_path) VALUES (2777, 2777, 'recordings/eval_48_mod_4_task_2777.wav');
INSERT INTO task_instances (task_inst_id, task_id, module_inst_id, status, task_completing_time) VALUES (2778, 52, 239, 1, '194');
INSERT INTO recordings (recording_id, task_inst_id, file_path) VALUES (2778, 2778, 'recordings/eval_48_mod_4_task_2778.wav');
INSERT INTO task_instances (task_inst_id, task_id, module_inst_id, status, task_completing_time) VALUES (2779, 53, 239, 1, '180');
INSERT INTO recordings (recording_id, task_inst_id, file_path) VALUES (2779, 2779, 'recordings/eval_48_mod_4_task_2779.wav');
INSERT INTO task_instances (task_inst_id, task_id, module_inst_id, status, task_completing_time) VALUES (2780, 54, 239, 0, '268');
INSERT INTO recordings (recording_id, task_inst_id, file_path) VALUES (2780, 2780, 'recordings/eval_48_mod_4_task_2780.wav');
INSERT INTO task_instances (task_inst_id, task_id, module_inst_id, status, task_completing_time) VALUES (2781, 55, 239, 1, '99');
INSERT INTO recordings (recording_id, task_inst_id, file_path) VALUES (2781, 2781, 'recordings/eval_48_mod_4_task_2781.wav');
INSERT INTO task_instances (task_inst_id, task_id, module_inst_id, status, task_completing_time) VALUES (2782, 56, 239, 0, '22');
INSERT INTO recordings (recording_id, task_inst_id, file_path) VALUES (2782, 2782, 'recordings/eval_48_mod_4_task_2782.wav');
INSERT INTO module_instances (module_inst_id, module_id, evaluation_id, status) VALUES (240, 9001, 48, 3);
INSERT INTO task_instances (task_inst_id, task_id, module_inst_id, status, task_completing_time) VALUES (2783, 9001, 240, 0, '24');
INSERT INTO recordings (recording_id, task_inst_id, file_path) VALUES (2783, 2783, 'recordings/eval_48_mod_9001_task_2783.wav');
INSERT INTO task_instances (task_inst_id, task_id, module_inst_id, status, task_completing_time) VALUES (2784, 9002, 240, 1, '121');
INSERT INTO recordings (recording_id, task_inst_id, file_path) VALUES (2784, 2784, 'recordings/eval_48_mod_9001_task_2784.wav');
INSERT INTO participants (participant_id, name, surname, education_level, sex, birth_date, laterality) VALUES (49, 't9Hk4NmKUYOgeC0Ihd4VCQ==', 'tdz//9KCKeiiei8Kh9wXCw==', 2, 1, '1941-12-01', 1);
INSERT INTO evaluations (evaluation_id, evaluation_date, evaluator_id, participant_id, status, language) VALUES (49, '2025-08-31 09:21:00', 7, 49, 2, 2);
INSERT INTO module_instances (module_inst_id, module_id, evaluation_id, status) VALUES (241, 1, 49, 3);
INSERT INTO task_instances (task_inst_id, task_id, module_inst_id, status, task_completing_time) VALUES (2785, 1, 241, 1, '27');
INSERT INTO recordings (recording_id, task_inst_id, file_path) VALUES (2785, 2785, 'recordings/eval_49_mod_1_task_2785.wav');
INSERT INTO task_instances (task_inst_id, task_id, module_inst_id, status, task_completing_time) VALUES (2786, 2, 241, 1, '297');
INSERT INTO recordings (recording_id, task_inst_id, file_path) VALUES (2786, 2786, 'recordings/eval_49_mod_1_task_2786.wav');
INSERT INTO task_instances (task_inst_id, task_id, module_inst_id, status, task_completing_time) VALUES (2787, 3, 241, 0, '34');
INSERT INTO recordings (recording_id, task_inst_id, file_path) VALUES (2787, 2787, 'recordings/eval_49_mod_1_task_2787.wav');
INSERT INTO task_instances (task_inst_id, task_id, module_inst_id, status, task_completing_time) VALUES (2788, 4, 241, 1, '63');
INSERT INTO recordings (recording_id, task_inst_id, file_path) VALUES (2788, 2788, 'recordings/eval_49_mod_1_task_2788.wav');
INSERT INTO task_instances (task_inst_id, task_id, module_inst_id, status, task_completing_time) VALUES (2789, 5, 241, 1, '228');
INSERT INTO recordings (recording_id, task_inst_id, file_path) VALUES (2789, 2789, 'recordings/eval_49_mod_1_task_2789.wav');
INSERT INTO task_instances (task_inst_id, task_id, module_inst_id, status, task_completing_time) VALUES (2790, 6, 241, 1, '20');
INSERT INTO recordings (recording_id, task_inst_id, file_path) VALUES (2790, 2790, 'recordings/eval_49_mod_1_task_2790.wav');
INSERT INTO task_instances (task_inst_id, task_id, module_inst_id, status, task_completing_time) VALUES (2791, 7, 241, 1, '127');
INSERT INTO recordings (recording_id, task_inst_id, file_path) VALUES (2791, 2791, 'recordings/eval_49_mod_1_task_2791.wav');
INSERT INTO task_instances (task_inst_id, task_id, module_inst_id, status, task_completing_time) VALUES (2792, 8, 241, 1, '198');
INSERT INTO recordings (recording_id, task_inst_id, file_path) VALUES (2792, 2792, 'recordings/eval_49_mod_1_task_2792.wav');
INSERT INTO task_instances (task_inst_id, task_id, module_inst_id, status, task_completing_time) VALUES (2793, 9, 241, 1, '128');
INSERT INTO recordings (recording_id, task_inst_id, file_path) VALUES (2793, 2793, 'recordings/eval_49_mod_1_task_2793.wav');
INSERT INTO task_instances (task_inst_id, task_id, module_inst_id, status, task_completing_time) VALUES (2794, 10, 241, 1, '38');
INSERT INTO recordings (recording_id, task_inst_id, file_path) VALUES (2794, 2794, 'recordings/eval_49_mod_1_task_2794.wav');
INSERT INTO module_instances (module_inst_id, module_id, evaluation_id, status) VALUES (242, 2, 49, 3);
INSERT INTO task_instances (task_inst_id, task_id, module_inst_id, status, task_completing_time) VALUES (2795, 11, 242, 1, '12');
INSERT INTO recordings (recording_id, task_inst_id, file_path) VALUES (2795, 2795, 'recordings/eval_49_mod_2_task_2795.wav');
INSERT INTO task_instances (task_inst_id, task_id, module_inst_id, status, task_completing_time) VALUES (2796, 12, 242, 1, '287');
INSERT INTO recordings (recording_id, task_inst_id, file_path) VALUES (2796, 2796, 'recordings/eval_49_mod_2_task_2796.wav');
INSERT INTO task_instances (task_inst_id, task_id, module_inst_id, status, task_completing_time) VALUES (2797, 13, 242, 0, '116');
INSERT INTO recordings (recording_id, task_inst_id, file_path) VALUES (2797, 2797, 'recordings/eval_49_mod_2_task_2797.wav');
INSERT INTO task_instances (task_inst_id, task_id, module_inst_id, status, task_completing_time) VALUES (2798, 14, 242, 1, '246');
INSERT INTO recordings (recording_id, task_inst_id, file_path) VALUES (2798, 2798, 'recordings/eval_49_mod_2_task_2798.wav');
INSERT INTO task_instances (task_inst_id, task_id, module_inst_id, status, task_completing_time) VALUES (2799, 15, 242, 1, '50');
INSERT INTO recordings (recording_id, task_inst_id, file_path) VALUES (2799, 2799, 'recordings/eval_49_mod_2_task_2799.wav');
INSERT INTO task_instances (task_inst_id, task_id, module_inst_id, status, task_completing_time) VALUES (2800, 16, 242, 0, '236');
INSERT INTO recordings (recording_id, task_inst_id, file_path) VALUES (2800, 2800, 'recordings/eval_49_mod_2_task_2800.wav');
INSERT INTO task_instances (task_inst_id, task_id, module_inst_id, status, task_completing_time) VALUES (2801, 17, 242, 1, '181');
INSERT INTO recordings (recording_id, task_inst_id, file_path) VALUES (2801, 2801, 'recordings/eval_49_mod_2_task_2801.wav');
INSERT INTO task_instances (task_inst_id, task_id, module_inst_id, status, task_completing_time) VALUES (2802, 18, 242, 1, '70');
INSERT INTO recordings (recording_id, task_inst_id, file_path) VALUES (2802, 2802, 'recordings/eval_49_mod_2_task_2802.wav');
INSERT INTO task_instances (task_inst_id, task_id, module_inst_id, status, task_completing_time) VALUES (2803, 19, 242, 1, '213');
INSERT INTO recordings (recording_id, task_inst_id, file_path) VALUES (2803, 2803, 'recordings/eval_49_mod_2_task_2803.wav');
INSERT INTO task_instances (task_inst_id, task_id, module_inst_id, status, task_completing_time) VALUES (2804, 20, 242, 1, '236');
INSERT INTO recordings (recording_id, task_inst_id, file_path) VALUES (2804, 2804, 'recordings/eval_49_mod_2_task_2804.wav');
INSERT INTO task_instances (task_inst_id, task_id, module_inst_id, status, task_completing_time) VALUES (2805, 21, 242, 1, '18');
INSERT INTO recordings (recording_id, task_inst_id, file_path) VALUES (2805, 2805, 'recordings/eval_49_mod_2_task_2805.wav');
INSERT INTO task_instances (task_inst_id, task_id, module_inst_id, status, task_completing_time) VALUES (2806, 22, 242, 1, '93');
INSERT INTO recordings (recording_id, task_inst_id, file_path) VALUES (2806, 2806, 'recordings/eval_49_mod_2_task_2806.wav');
INSERT INTO task_instances (task_inst_id, task_id, module_inst_id, status, task_completing_time) VALUES (2807, 23, 242, 1, '14');
INSERT INTO recordings (recording_id, task_inst_id, file_path) VALUES (2807, 2807, 'recordings/eval_49_mod_2_task_2807.wav');
INSERT INTO task_instances (task_inst_id, task_id, module_inst_id, status, task_completing_time) VALUES (2808, 24, 242, 0, '255');
INSERT INTO recordings (recording_id, task_inst_id, file_path) VALUES (2808, 2808, 'recordings/eval_49_mod_2_task_2808.wav');
INSERT INTO task_instances (task_inst_id, task_id, module_inst_id, status, task_completing_time) VALUES (2809, 25, 242, 1, '43');
INSERT INTO recordings (recording_id, task_inst_id, file_path) VALUES (2809, 2809, 'recordings/eval_49_mod_2_task_2809.wav');
INSERT INTO task_instances (task_inst_id, task_id, module_inst_id, status, task_completing_time) VALUES (2810, 26, 242, 0, '36');
INSERT INTO recordings (recording_id, task_inst_id, file_path) VALUES (2810, 2810, 'recordings/eval_49_mod_2_task_2810.wav');
INSERT INTO task_instances (task_inst_id, task_id, module_inst_id, status, task_completing_time) VALUES (2811, 27, 242, 1, '262');
INSERT INTO recordings (recording_id, task_inst_id, file_path) VALUES (2811, 2811, 'recordings/eval_49_mod_2_task_2811.wav');
INSERT INTO task_instances (task_inst_id, task_id, module_inst_id, status, task_completing_time) VALUES (2812, 28, 242, 1, '124');
INSERT INTO recordings (recording_id, task_inst_id, file_path) VALUES (2812, 2812, 'recordings/eval_49_mod_2_task_2812.wav');
INSERT INTO task_instances (task_inst_id, task_id, module_inst_id, status, task_completing_time) VALUES (2813, 29, 242, 0, '171');
INSERT INTO recordings (recording_id, task_inst_id, file_path) VALUES (2813, 2813, 'recordings/eval_49_mod_2_task_2813.wav');
INSERT INTO task_instances (task_inst_id, task_id, module_inst_id, status, task_completing_time) VALUES (2814, 30, 242, 1, '26');
INSERT INTO recordings (recording_id, task_inst_id, file_path) VALUES (2814, 2814, 'recordings/eval_49_mod_2_task_2814.wav');
INSERT INTO task_instances (task_inst_id, task_id, module_inst_id, status, task_completing_time) VALUES (2815, 31, 242, 1, '175');
INSERT INTO recordings (recording_id, task_inst_id, file_path) VALUES (2815, 2815, 'recordings/eval_49_mod_2_task_2815.wav');
INSERT INTO task_instances (task_inst_id, task_id, module_inst_id, status, task_completing_time) VALUES (2816, 32, 242, 1, '40');
INSERT INTO recordings (recording_id, task_inst_id, file_path) VALUES (2816, 2816, 'recordings/eval_49_mod_2_task_2816.wav');
INSERT INTO task_instances (task_inst_id, task_id, module_inst_id, status, task_completing_time) VALUES (2817, 33, 242, 1, '103');
INSERT INTO recordings (recording_id, task_inst_id, file_path) VALUES (2817, 2817, 'recordings/eval_49_mod_2_task_2817.wav');
INSERT INTO task_instances (task_inst_id, task_id, module_inst_id, status, task_completing_time) VALUES (2818, 34, 242, 0, '296');
INSERT INTO recordings (recording_id, task_inst_id, file_path) VALUES (2818, 2818, 'recordings/eval_49_mod_2_task_2818.wav');
INSERT INTO task_instances (task_inst_id, task_id, module_inst_id, status, task_completing_time) VALUES (2819, 35, 242, 1, '265');
INSERT INTO recordings (recording_id, task_inst_id, file_path) VALUES (2819, 2819, 'recordings/eval_49_mod_2_task_2819.wav');
INSERT INTO task_instances (task_inst_id, task_id, module_inst_id, status, task_completing_time) VALUES (2820, 36, 242, 1, '103');
INSERT INTO recordings (recording_id, task_inst_id, file_path) VALUES (2820, 2820, 'recordings/eval_49_mod_2_task_2820.wav');
INSERT INTO task_instances (task_inst_id, task_id, module_inst_id, status, task_completing_time) VALUES (2821, 37, 242, 1, '256');
INSERT INTO recordings (recording_id, task_inst_id, file_path) VALUES (2821, 2821, 'recordings/eval_49_mod_2_task_2821.wav');
INSERT INTO module_instances (module_inst_id, module_id, evaluation_id, status) VALUES (243, 3, 49, 3);
INSERT INTO task_instances (task_inst_id, task_id, module_inst_id, status, task_completing_time) VALUES (2822, 38, 243, 1, '36');
INSERT INTO recordings (recording_id, task_inst_id, file_path) VALUES (2822, 2822, 'recordings/eval_49_mod_3_task_2822.wav');
INSERT INTO task_instances (task_inst_id, task_id, module_inst_id, status, task_completing_time) VALUES (2823, 39, 243, 1, '281');
INSERT INTO recordings (recording_id, task_inst_id, file_path) VALUES (2823, 2823, 'recordings/eval_49_mod_3_task_2823.wav');
INSERT INTO task_instances (task_inst_id, task_id, module_inst_id, status, task_completing_time) VALUES (2824, 40, 243, 1, '251');
INSERT INTO recordings (recording_id, task_inst_id, file_path) VALUES (2824, 2824, 'recordings/eval_49_mod_3_task_2824.wav');
INSERT INTO task_instances (task_inst_id, task_id, module_inst_id, status, task_completing_time) VALUES (2825, 41, 243, 1, '84');
INSERT INTO recordings (recording_id, task_inst_id, file_path) VALUES (2825, 2825, 'recordings/eval_49_mod_3_task_2825.wav');
INSERT INTO task_instances (task_inst_id, task_id, module_inst_id, status, task_completing_time) VALUES (2826, 42, 243, 1, '126');
INSERT INTO recordings (recording_id, task_inst_id, file_path) VALUES (2826, 2826, 'recordings/eval_49_mod_3_task_2826.wav');
INSERT INTO task_instances (task_inst_id, task_id, module_inst_id, status, task_completing_time) VALUES (2827, 43, 243, 1, '113');
INSERT INTO recordings (recording_id, task_inst_id, file_path) VALUES (2827, 2827, 'recordings/eval_49_mod_3_task_2827.wav');
INSERT INTO task_instances (task_inst_id, task_id, module_inst_id, status, task_completing_time) VALUES (2828, 44, 243, 1, '279');
INSERT INTO recordings (recording_id, task_inst_id, file_path) VALUES (2828, 2828, 'recordings/eval_49_mod_3_task_2828.wav');
INSERT INTO task_instances (task_inst_id, task_id, module_inst_id, status, task_completing_time) VALUES (2829, 45, 243, 0, '47');
INSERT INTO recordings (recording_id, task_inst_id, file_path) VALUES (2829, 2829, 'recordings/eval_49_mod_3_task_2829.wav');
INSERT INTO task_instances (task_inst_id, task_id, module_inst_id, status, task_completing_time) VALUES (2830, 46, 243, 1, '149');
INSERT INTO recordings (recording_id, task_inst_id, file_path) VALUES (2830, 2830, 'recordings/eval_49_mod_3_task_2830.wav');
INSERT INTO module_instances (module_inst_id, module_id, evaluation_id, status) VALUES (244, 4, 49, 3);
INSERT INTO task_instances (task_inst_id, task_id, module_inst_id, status, task_completing_time) VALUES (2831, 47, 244, 1, '13');
INSERT INTO recordings (recording_id, task_inst_id, file_path) VALUES (2831, 2831, 'recordings/eval_49_mod_4_task_2831.wav');
INSERT INTO task_instances (task_inst_id, task_id, module_inst_id, status, task_completing_time) VALUES (2832, 48, 244, 1, '78');
INSERT INTO recordings (recording_id, task_inst_id, file_path) VALUES (2832, 2832, 'recordings/eval_49_mod_4_task_2832.wav');
INSERT INTO task_instances (task_inst_id, task_id, module_inst_id, status, task_completing_time) VALUES (2833, 49, 244, 1, '141');
INSERT INTO recordings (recording_id, task_inst_id, file_path) VALUES (2833, 2833, 'recordings/eval_49_mod_4_task_2833.wav');
INSERT INTO task_instances (task_inst_id, task_id, module_inst_id, status, task_completing_time) VALUES (2834, 50, 244, 1, '210');
INSERT INTO recordings (recording_id, task_inst_id, file_path) VALUES (2834, 2834, 'recordings/eval_49_mod_4_task_2834.wav');
INSERT INTO task_instances (task_inst_id, task_id, module_inst_id, status, task_completing_time) VALUES (2835, 51, 244, 1, '222');
INSERT INTO recordings (recording_id, task_inst_id, file_path) VALUES (2835, 2835, 'recordings/eval_49_mod_4_task_2835.wav');
INSERT INTO task_instances (task_inst_id, task_id, module_inst_id, status, task_completing_time) VALUES (2836, 52, 244, 1, '128');
INSERT INTO recordings (recording_id, task_inst_id, file_path) VALUES (2836, 2836, 'recordings/eval_49_mod_4_task_2836.wav');
INSERT INTO task_instances (task_inst_id, task_id, module_inst_id, status, task_completing_time) VALUES (2837, 53, 244, 1, '163');
INSERT INTO recordings (recording_id, task_inst_id, file_path) VALUES (2837, 2837, 'recordings/eval_49_mod_4_task_2837.wav');
INSERT INTO task_instances (task_inst_id, task_id, module_inst_id, status, task_completing_time) VALUES (2838, 54, 244, 1, '108');
INSERT INTO recordings (recording_id, task_inst_id, file_path) VALUES (2838, 2838, 'recordings/eval_49_mod_4_task_2838.wav');
INSERT INTO task_instances (task_inst_id, task_id, module_inst_id, status, task_completing_time) VALUES (2839, 55, 244, 0, '179');
INSERT INTO recordings (recording_id, task_inst_id, file_path) VALUES (2839, 2839, 'recordings/eval_49_mod_4_task_2839.wav');
INSERT INTO task_instances (task_inst_id, task_id, module_inst_id, status, task_completing_time) VALUES (2840, 56, 244, 1, '21');
INSERT INTO recordings (recording_id, task_inst_id, file_path) VALUES (2840, 2840, 'recordings/eval_49_mod_4_task_2840.wav');
INSERT INTO module_instances (module_inst_id, module_id, evaluation_id, status) VALUES (245, 9001, 49, 2);
INSERT INTO task_instances (task_inst_id, task_id, module_inst_id, status, task_completing_time) VALUES (2841, 9001, 245, 1, '51');
INSERT INTO recordings (recording_id, task_inst_id, file_path) VALUES (2841, 2841, 'recordings/eval_49_mod_9001_task_2841.wav');
INSERT INTO task_instances (task_inst_id, task_id, module_inst_id, status, task_completing_time) VALUES (2842, 9002, 245, 1, '45');
INSERT INTO recordings (recording_id, task_inst_id, file_path) VALUES (2842, 2842, 'recordings/eval_49_mod_9001_task_2842.wav');
INSERT INTO participants (participant_id, name, surname, education_level, sex, birth_date, laterality) VALUES (50, 'v9Tj6MWPOoCjey4Lht0WCg==', 'vd/77MTgUIKheSwJhN8UCA==', 3, 2, '1975-09-01', 1);
INSERT INTO evaluations (evaluation_id, evaluation_date, evaluator_id, participant_id, status, language) VALUES (50, '2025-08-10 15:03:00', 7, 50, 3, 1);
INSERT INTO module_instances (module_inst_id, module_id, evaluation_id, status) VALUES (246, 1, 50, 1);
INSERT INTO task_instances (task_inst_id, task_id, module_inst_id, status, task_completing_time) VALUES (2843, 1, 246, 0, '16');
INSERT INTO recordings (recording_id, task_inst_id, file_path) VALUES (2843, 2843, 'recordings/eval_50_mod_1_task_2843.wav');
INSERT INTO task_instances (task_inst_id, task_id, module_inst_id, status, task_completing_time) VALUES (2844, 2, 246, 1, '117');
INSERT INTO recordings (recording_id, task_inst_id, file_path) VALUES (2844, 2844, 'recordings/eval_50_mod_1_task_2844.wav');
INSERT INTO task_instances (task_inst_id, task_id, module_inst_id, status, task_completing_time) VALUES (2845, 3, 246, 1, '194');
INSERT INTO recordings (recording_id, task_inst_id, file_path) VALUES (2845, 2845, 'recordings/eval_50_mod_1_task_2845.wav');
INSERT INTO task_instances (task_inst_id, task_id, module_inst_id, status, task_completing_time) VALUES (2846, 4, 246, 0, '261');
INSERT INTO recordings (recording_id, task_inst_id, file_path) VALUES (2846, 2846, 'recordings/eval_50_mod_1_task_2846.wav');
INSERT INTO task_instances (task_inst_id, task_id, module_inst_id, status, task_completing_time) VALUES (2847, 5, 246, 1, '214');
INSERT INTO recordings (recording_id, task_inst_id, file_path) VALUES (2847, 2847, 'recordings/eval_50_mod_1_task_2847.wav');
INSERT INTO task_instances (task_inst_id, task_id, module_inst_id, status, task_completing_time) VALUES (2848, 6, 246, 1, '167');
INSERT INTO recordings (recording_id, task_inst_id, file_path) VALUES (2848, 2848, 'recordings/eval_50_mod_1_task_2848.wav');
INSERT INTO task_instances (task_inst_id, task_id, module_inst_id, status, task_completing_time) VALUES (2849, 7, 246, 1, '133');
INSERT INTO recordings (recording_id, task_inst_id, file_path) VALUES (2849, 2849, 'recordings/eval_50_mod_1_task_2849.wav');
INSERT INTO task_instances (task_inst_id, task_id, module_inst_id, status, task_completing_time) VALUES (2850, 8, 246, 1, '162');
INSERT INTO recordings (recording_id, task_inst_id, file_path) VALUES (2850, 2850, 'recordings/eval_50_mod_1_task_2850.wav');
INSERT INTO task_instances (task_inst_id, task_id, module_inst_id, status, task_completing_time) VALUES (2851, 9, 246, 0, '149');
INSERT INTO recordings (recording_id, task_inst_id, file_path) VALUES (2851, 2851, 'recordings/eval_50_mod_1_task_2851.wav');
INSERT INTO task_instances (task_inst_id, task_id, module_inst_id, status, task_completing_time) VALUES (2852, 10, 246, 1, '203');
INSERT INTO recordings (recording_id, task_inst_id, file_path) VALUES (2852, 2852, 'recordings/eval_50_mod_1_task_2852.wav');
INSERT INTO module_instances (module_inst_id, module_id, evaluation_id, status) VALUES (247, 2, 50, 3);
INSERT INTO task_instances (task_inst_id, task_id, module_inst_id, status, task_completing_time) VALUES (2853, 11, 247, 1, '22');
INSERT INTO recordings (recording_id, task_inst_id, file_path) VALUES (2853, 2853, 'recordings/eval_50_mod_2_task_2853.wav');
INSERT INTO task_instances (task_inst_id, task_id, module_inst_id, status, task_completing_time) VALUES (2854, 12, 247, 1, '35');
INSERT INTO recordings (recording_id, task_inst_id, file_path) VALUES (2854, 2854, 'recordings/eval_50_mod_2_task_2854.wav');
INSERT INTO task_instances (task_inst_id, task_id, module_inst_id, status, task_completing_time) VALUES (2855, 13, 247, 1, '77');
INSERT INTO recordings (recording_id, task_inst_id, file_path) VALUES (2855, 2855, 'recordings/eval_50_mod_2_task_2855.wav');
INSERT INTO task_instances (task_inst_id, task_id, module_inst_id, status, task_completing_time) VALUES (2856, 14, 247, 1, '211');
INSERT INTO recordings (recording_id, task_inst_id, file_path) VALUES (2856, 2856, 'recordings/eval_50_mod_2_task_2856.wav');
INSERT INTO task_instances (task_inst_id, task_id, module_inst_id, status, task_completing_time) VALUES (2857, 15, 247, 1, '292');
INSERT INTO recordings (recording_id, task_inst_id, file_path) VALUES (2857, 2857, 'recordings/eval_50_mod_2_task_2857.wav');
INSERT INTO task_instances (task_inst_id, task_id, module_inst_id, status, task_completing_time) VALUES (2858, 16, 247, 1, '297');
INSERT INTO recordings (recording_id, task_inst_id, file_path) VALUES (2858, 2858, 'recordings/eval_50_mod_2_task_2858.wav');
INSERT INTO task_instances (task_inst_id, task_id, module_inst_id, status, task_completing_time) VALUES (2859, 17, 247, 1, '99');
INSERT INTO recordings (recording_id, task_inst_id, file_path) VALUES (2859, 2859, 'recordings/eval_50_mod_2_task_2859.wav');
INSERT INTO task_instances (task_inst_id, task_id, module_inst_id, status, task_completing_time) VALUES (2860, 18, 247, 1, '241');
INSERT INTO recordings (recording_id, task_inst_id, file_path) VALUES (2860, 2860, 'recordings/eval_50_mod_2_task_2860.wav');
INSERT INTO task_instances (task_inst_id, task_id, module_inst_id, status, task_completing_time) VALUES (2861, 19, 247, 0, '29');
INSERT INTO recordings (recording_id, task_inst_id, file_path) VALUES (2861, 2861, 'recordings/eval_50_mod_2_task_2861.wav');
INSERT INTO task_instances (task_inst_id, task_id, module_inst_id, status, task_completing_time) VALUES (2862, 20, 247, 0, '293');
INSERT INTO recordings (recording_id, task_inst_id, file_path) VALUES (2862, 2862, 'recordings/eval_50_mod_2_task_2862.wav');
INSERT INTO task_instances (task_inst_id, task_id, module_inst_id, status, task_completing_time) VALUES (2863, 21, 247, 1, '10');
INSERT INTO recordings (recording_id, task_inst_id, file_path) VALUES (2863, 2863, 'recordings/eval_50_mod_2_task_2863.wav');
INSERT INTO task_instances (task_inst_id, task_id, module_inst_id, status, task_completing_time) VALUES (2864, 22, 247, 1, '29');
INSERT INTO recordings (recording_id, task_inst_id, file_path) VALUES (2864, 2864, 'recordings/eval_50_mod_2_task_2864.wav');
INSERT INTO task_instances (task_inst_id, task_id, module_inst_id, status, task_completing_time) VALUES (2865, 23, 247, 1, '51');
INSERT INTO recordings (recording_id, task_inst_id, file_path) VALUES (2865, 2865, 'recordings/eval_50_mod_2_task_2865.wav');
INSERT INTO task_instances (task_inst_id, task_id, module_inst_id, status, task_completing_time) VALUES (2866, 24, 247, 1, '50');
INSERT INTO recordings (recording_id, task_inst_id, file_path) VALUES (2866, 2866, 'recordings/eval_50_mod_2_task_2866.wav');
INSERT INTO task_instances (task_inst_id, task_id, module_inst_id, status, task_completing_time) VALUES (2867, 25, 247, 1, '8');
INSERT INTO recordings (recording_id, task_inst_id, file_path) VALUES (2867, 2867, 'recordings/eval_50_mod_2_task_2867.wav');
INSERT INTO task_instances (task_inst_id, task_id, module_inst_id, status, task_completing_time) VALUES (2868, 26, 247, 1, '208');
INSERT INTO recordings (recording_id, task_inst_id, file_path) VALUES (2868, 2868, 'recordings/eval_50_mod_2_task_2868.wav');
INSERT INTO task_instances (task_inst_id, task_id, module_inst_id, status, task_completing_time) VALUES (2869, 27, 247, 0, '89');
INSERT INTO recordings (recording_id, task_inst_id, file_path) VALUES (2869, 2869, 'recordings/eval_50_mod_2_task_2869.wav');
INSERT INTO task_instances (task_inst_id, task_id, module_inst_id, status, task_completing_time) VALUES (2870, 28, 247, 1, '32');
INSERT INTO recordings (recording_id, task_inst_id, file_path) VALUES (2870, 2870, 'recordings/eval_50_mod_2_task_2870.wav');
INSERT INTO task_instances (task_inst_id, task_id, module_inst_id, status, task_completing_time) VALUES (2871, 29, 247, 0, '88');
INSERT INTO recordings (recording_id, task_inst_id, file_path) VALUES (2871, 2871, 'recordings/eval_50_mod_2_task_2871.wav');
INSERT INTO task_instances (task_inst_id, task_id, module_inst_id, status, task_completing_time) VALUES (2872, 30, 247, 0, '54');
INSERT INTO recordings (recording_id, task_inst_id, file_path) VALUES (2872, 2872, 'recordings/eval_50_mod_2_task_2872.wav');
INSERT INTO task_instances (task_inst_id, task_id, module_inst_id, status, task_completing_time) VALUES (2873, 31, 247, 1, '35');
INSERT INTO recordings (recording_id, task_inst_id, file_path) VALUES (2873, 2873, 'recordings/eval_50_mod_2_task_2873.wav');
INSERT INTO task_instances (task_inst_id, task_id, module_inst_id, status, task_completing_time) VALUES (2874, 32, 247, 0, '258');
INSERT INTO recordings (recording_id, task_inst_id, file_path) VALUES (2874, 2874, 'recordings/eval_50_mod_2_task_2874.wav');
INSERT INTO task_instances (task_inst_id, task_id, module_inst_id, status, task_completing_time) VALUES (2875, 33, 247, 1, '40');
INSERT INTO recordings (recording_id, task_inst_id, file_path) VALUES (2875, 2875, 'recordings/eval_50_mod_2_task_2875.wav');
INSERT INTO task_instances (task_inst_id, task_id, module_inst_id, status, task_completing_time) VALUES (2876, 34, 247, 1, '89');
INSERT INTO recordings (recording_id, task_inst_id, file_path) VALUES (2876, 2876, 'recordings/eval_50_mod_2_task_2876.wav');
INSERT INTO task_instances (task_inst_id, task_id, module_inst_id, status, task_completing_time) VALUES (2877, 35, 247, 0, '88');
INSERT INTO recordings (recording_id, task_inst_id, file_path) VALUES (2877, 2877, 'recordings/eval_50_mod_2_task_2877.wav');
INSERT INTO task_instances (task_inst_id, task_id, module_inst_id, status, task_completing_time) VALUES (2878, 36, 247, 1, '110');
INSERT INTO recordings (recording_id, task_inst_id, file_path) VALUES (2878, 2878, 'recordings/eval_50_mod_2_task_2878.wav');
INSERT INTO task_instances (task_inst_id, task_id, module_inst_id, status, task_completing_time) VALUES (2879, 37, 247, 1, '165');
INSERT INTO recordings (recording_id, task_inst_id, file_path) VALUES (2879, 2879, 'recordings/eval_50_mod_2_task_2879.wav');
INSERT INTO module_instances (module_inst_id, module_id, evaluation_id, status) VALUES (248, 3, 50, 2);
INSERT INTO task_instances (task_inst_id, task_id, module_inst_id, status, task_completing_time) VALUES (2880, 38, 248, 1, '51');
INSERT INTO recordings (recording_id, task_inst_id, file_path) VALUES (2880, 2880, 'recordings/eval_50_mod_3_task_2880.wav');
INSERT INTO task_instances (task_inst_id, task_id, module_inst_id, status, task_completing_time) VALUES (2881, 39, 248, 1, '250');
INSERT INTO recordings (recording_id, task_inst_id, file_path) VALUES (2881, 2881, 'recordings/eval_50_mod_3_task_2881.wav');
INSERT INTO task_instances (task_inst_id, task_id, module_inst_id, status, task_completing_time) VALUES (2882, 40, 248, 1, '154');
INSERT INTO recordings (recording_id, task_inst_id, file_path) VALUES (2882, 2882, 'recordings/eval_50_mod_3_task_2882.wav');
INSERT INTO task_instances (task_inst_id, task_id, module_inst_id, status, task_completing_time) VALUES (2883, 41, 248, 1, '161');
INSERT INTO recordings (recording_id, task_inst_id, file_path) VALUES (2883, 2883, 'recordings/eval_50_mod_3_task_2883.wav');
INSERT INTO task_instances (task_inst_id, task_id, module_inst_id, status, task_completing_time) VALUES (2884, 42, 248, 1, '251');
INSERT INTO recordings (recording_id, task_inst_id, file_path) VALUES (2884, 2884, 'recordings/eval_50_mod_3_task_2884.wav');
INSERT INTO task_instances (task_inst_id, task_id, module_inst_id, status, task_completing_time) VALUES (2885, 43, 248, 1, '119');
INSERT INTO recordings (recording_id, task_inst_id, file_path) VALUES (2885, 2885, 'recordings/eval_50_mod_3_task_2885.wav');
INSERT INTO task_instances (task_inst_id, task_id, module_inst_id, status, task_completing_time) VALUES (2886, 44, 248, 1, '119');
INSERT INTO recordings (recording_id, task_inst_id, file_path) VALUES (2886, 2886, 'recordings/eval_50_mod_3_task_2886.wav');
INSERT INTO task_instances (task_inst_id, task_id, module_inst_id, status, task_completing_time) VALUES (2887, 45, 248, 0, '276');
INSERT INTO recordings (recording_id, task_inst_id, file_path) VALUES (2887, 2887, 'recordings/eval_50_mod_3_task_2887.wav');
INSERT INTO task_instances (task_inst_id, task_id, module_inst_id, status, task_completing_time) VALUES (2888, 46, 248, 1, '76');
INSERT INTO recordings (recording_id, task_inst_id, file_path) VALUES (2888, 2888, 'recordings/eval_50_mod_3_task_2888.wav');
INSERT INTO module_instances (module_inst_id, module_id, evaluation_id, status) VALUES (249, 4, 50, 3);
INSERT INTO task_instances (task_inst_id, task_id, module_inst_id, status, task_completing_time) VALUES (2889, 47, 249, 1, '24');
INSERT INTO recordings (recording_id, task_inst_id, file_path) VALUES (2889, 2889, 'recordings/eval_50_mod_4_task_2889.wav');
INSERT INTO task_instances (task_inst_id, task_id, module_inst_id, status, task_completing_time) VALUES (2890, 48, 249, 1, '57');
INSERT INTO recordings (recording_id, task_inst_id, file_path) VALUES (2890, 2890, 'recordings/eval_50_mod_4_task_2890.wav');
INSERT INTO task_instances (task_inst_id, task_id, module_inst_id, status, task_completing_time) VALUES (2891, 49, 249, 1, '117');
INSERT INTO recordings (recording_id, task_inst_id, file_path) VALUES (2891, 2891, 'recordings/eval_50_mod_4_task_2891.wav');
INSERT INTO task_instances (task_inst_id, task_id, module_inst_id, status, task_completing_time) VALUES (2892, 50, 249, 1, '29');
INSERT INTO recordings (recording_id, task_inst_id, file_path) VALUES (2892, 2892, 'recordings/eval_50_mod_4_task_2892.wav');
INSERT INTO task_instances (task_inst_id, task_id, module_inst_id, status, task_completing_time) VALUES (2893, 51, 249, 1, '154');
INSERT INTO recordings (recording_id, task_inst_id, file_path) VALUES (2893, 2893, 'recordings/eval_50_mod_4_task_2893.wav');
INSERT INTO task_instances (task_inst_id, task_id, module_inst_id, status, task_completing_time) VALUES (2894, 52, 249, 0, '95');
INSERT INTO recordings (recording_id, task_inst_id, file_path) VALUES (2894, 2894, 'recordings/eval_50_mod_4_task_2894.wav');
INSERT INTO task_instances (task_inst_id, task_id, module_inst_id, status, task_completing_time) VALUES (2895, 53, 249, 1, '95');
INSERT INTO recordings (recording_id, task_inst_id, file_path) VALUES (2895, 2895, 'recordings/eval_50_mod_4_task_2895.wav');
INSERT INTO task_instances (task_inst_id, task_id, module_inst_id, status, task_completing_time) VALUES (2896, 54, 249, 1, '151');
INSERT INTO recordings (recording_id, task_inst_id, file_path) VALUES (2896, 2896, 'recordings/eval_50_mod_4_task_2896.wav');
INSERT INTO task_instances (task_inst_id, task_id, module_inst_id, status, task_completing_time) VALUES (2897, 55, 249, 1, '274');
INSERT INTO recordings (recording_id, task_inst_id, file_path) VALUES (2897, 2897, 'recordings/eval_50_mod_4_task_2897.wav');
INSERT INTO task_instances (task_inst_id, task_id, module_inst_id, status, task_completing_time) VALUES (2898, 56, 249, 1, '26');
INSERT INTO recordings (recording_id, task_inst_id, file_path) VALUES (2898, 2898, 'recordings/eval_50_mod_4_task_2898.wav');
INSERT INTO module_instances (module_inst_id, module_id, evaluation_id, status) VALUES (250, 9001, 50, 3);
INSERT INTO task_instances (task_inst_id, task_id, module_inst_id, status, task_completing_time) VALUES (2899, 9001, 250, 1, '48');
INSERT INTO recordings (recording_id, task_inst_id, file_path) VALUES (2899, 2899, 'recordings/eval_50_mod_9001_task_2899.wav');
INSERT INTO task_instances (task_inst_id, task_id, module_inst_id, status, task_completing_time) VALUES (2900, 9002, 250, 0, '244');
INSERT INTO recordings (recording_id, task_inst_id, file_path) VALUES (2900, 2900, 'recordings/eval_50_mod_9001_task_2900.wav');
INSERT INTO participants (participant_id, name, surname, education_level, sex, birth_date, laterality) VALUES (51, 'tNn15tuKKICjey4Lht0WCg==', 'ud/l/dbgUIKheSwJhN8UCA==', 3, 1, '1950-03-18', 2);
INSERT INTO evaluations (evaluation_id, evaluation_date, evaluator_id, participant_id, status, language) VALUES (51, '2025-08-31 11:39:00', 7, 51, 3, 1);
INSERT INTO module_instances (module_inst_id, module_id, evaluation_id, status) VALUES (251, 1, 51, 3);
INSERT INTO task_instances (task_inst_id, task_id, module_inst_id, status, task_completing_time) VALUES (2901, 1, 251, 1, '13');
INSERT INTO recordings (recording_id, task_inst_id, file_path) VALUES (2901, 2901, 'recordings/eval_51_mod_1_task_2901.wav');
INSERT INTO task_instances (task_inst_id, task_id, module_inst_id, status, task_completing_time) VALUES (2902, 2, 251, 0, '54');
INSERT INTO recordings (recording_id, task_inst_id, file_path) VALUES (2902, 2902, 'recordings/eval_51_mod_1_task_2902.wav');
INSERT INTO task_instances (task_inst_id, task_id, module_inst_id, status, task_completing_time) VALUES (2903, 3, 251, 1, '165');
INSERT INTO recordings (recording_id, task_inst_id, file_path) VALUES (2903, 2903, 'recordings/eval_51_mod_1_task_2903.wav');
INSERT INTO task_instances (task_inst_id, task_id, module_inst_id, status, task_completing_time) VALUES (2904, 4, 251, 1, '282');
INSERT INTO recordings (recording_id, task_inst_id, file_path) VALUES (2904, 2904, 'recordings/eval_51_mod_1_task_2904.wav');
INSERT INTO task_instances (task_inst_id, task_id, module_inst_id, status, task_completing_time) VALUES (2905, 5, 251, 1, '277');
INSERT INTO recordings (recording_id, task_inst_id, file_path) VALUES (2905, 2905, 'recordings/eval_51_mod_1_task_2905.wav');
INSERT INTO task_instances (task_inst_id, task_id, module_inst_id, status, task_completing_time) VALUES (2906, 6, 251, 1, '141');
INSERT INTO recordings (recording_id, task_inst_id, file_path) VALUES (2906, 2906, 'recordings/eval_51_mod_1_task_2906.wav');
INSERT INTO task_instances (task_inst_id, task_id, module_inst_id, status, task_completing_time) VALUES (2907, 7, 251, 1, '67');
INSERT INTO recordings (recording_id, task_inst_id, file_path) VALUES (2907, 2907, 'recordings/eval_51_mod_1_task_2907.wav');
INSERT INTO task_instances (task_inst_id, task_id, module_inst_id, status, task_completing_time) VALUES (2908, 8, 251, 0, '276');
INSERT INTO recordings (recording_id, task_inst_id, file_path) VALUES (2908, 2908, 'recordings/eval_51_mod_1_task_2908.wav');
INSERT INTO task_instances (task_inst_id, task_id, module_inst_id, status, task_completing_time) VALUES (2909, 9, 251, 1, '256');
INSERT INTO recordings (recording_id, task_inst_id, file_path) VALUES (2909, 2909, 'recordings/eval_51_mod_1_task_2909.wav');
INSERT INTO task_instances (task_inst_id, task_id, module_inst_id, status, task_completing_time) VALUES (2910, 10, 251, 1, '99');
INSERT INTO recordings (recording_id, task_inst_id, file_path) VALUES (2910, 2910, 'recordings/eval_51_mod_1_task_2910.wav');
INSERT INTO module_instances (module_inst_id, module_id, evaluation_id, status) VALUES (252, 2, 51, 3);
INSERT INTO task_instances (task_inst_id, task_id, module_inst_id, status, task_completing_time) VALUES (2911, 11, 252, 0, '36');
INSERT INTO recordings (recording_id, task_inst_id, file_path) VALUES (2911, 2911, 'recordings/eval_51_mod_2_task_2911.wav');
INSERT INTO task_instances (task_inst_id, task_id, module_inst_id, status, task_completing_time) VALUES (2912, 12, 252, 1, '205');
INSERT INTO recordings (recording_id, task_inst_id, file_path) VALUES (2912, 2912, 'recordings/eval_51_mod_2_task_2912.wav');
INSERT INTO task_instances (task_inst_id, task_id, module_inst_id, status, task_completing_time) VALUES (2913, 13, 252, 1, '103');
INSERT INTO recordings (recording_id, task_inst_id, file_path) VALUES (2913, 2913, 'recordings/eval_51_mod_2_task_2913.wav');
INSERT INTO task_instances (task_inst_id, task_id, module_inst_id, status, task_completing_time) VALUES (2914, 14, 252, 1, '294');
INSERT INTO recordings (recording_id, task_inst_id, file_path) VALUES (2914, 2914, 'recordings/eval_51_mod_2_task_2914.wav');
INSERT INTO task_instances (task_inst_id, task_id, module_inst_id, status, task_completing_time) VALUES (2915, 15, 252, 0, '139');
INSERT INTO recordings (recording_id, task_inst_id, file_path) VALUES (2915, 2915, 'recordings/eval_51_mod_2_task_2915.wav');
INSERT INTO task_instances (task_inst_id, task_id, module_inst_id, status, task_completing_time) VALUES (2916, 16, 252, 1, '59');
INSERT INTO recordings (recording_id, task_inst_id, file_path) VALUES (2916, 2916, 'recordings/eval_51_mod_2_task_2916.wav');
INSERT INTO task_instances (task_inst_id, task_id, module_inst_id, status, task_completing_time) VALUES (2917, 17, 252, 1, '32');
INSERT INTO recordings (recording_id, task_inst_id, file_path) VALUES (2917, 2917, 'recordings/eval_51_mod_2_task_2917.wav');
INSERT INTO task_instances (task_inst_id, task_id, module_inst_id, status, task_completing_time) VALUES (2918, 18, 252, 1, '104');
INSERT INTO recordings (recording_id, task_inst_id, file_path) VALUES (2918, 2918, 'recordings/eval_51_mod_2_task_2918.wav');
INSERT INTO task_instances (task_inst_id, task_id, module_inst_id, status, task_completing_time) VALUES (2919, 19, 252, 1, '175');
INSERT INTO recordings (recording_id, task_inst_id, file_path) VALUES (2919, 2919, 'recordings/eval_51_mod_2_task_2919.wav');
INSERT INTO task_instances (task_inst_id, task_id, module_inst_id, status, task_completing_time) VALUES (2920, 20, 252, 0, '205');
INSERT INTO recordings (recording_id, task_inst_id, file_path) VALUES (2920, 2920, 'recordings/eval_51_mod_2_task_2920.wav');
INSERT INTO task_instances (task_inst_id, task_id, module_inst_id, status, task_completing_time) VALUES (2921, 21, 252, 0, '56');
INSERT INTO recordings (recording_id, task_inst_id, file_path) VALUES (2921, 2921, 'recordings/eval_51_mod_2_task_2921.wav');
INSERT INTO task_instances (task_inst_id, task_id, module_inst_id, status, task_completing_time) VALUES (2922, 22, 252, 1, '227');
INSERT INTO recordings (recording_id, task_inst_id, file_path) VALUES (2922, 2922, 'recordings/eval_51_mod_2_task_2922.wav');
INSERT INTO task_instances (task_inst_id, task_id, module_inst_id, status, task_completing_time) VALUES (2923, 23, 252, 1, '8');
INSERT INTO recordings (recording_id, task_inst_id, file_path) VALUES (2923, 2923, 'recordings/eval_51_mod_2_task_2923.wav');
INSERT INTO task_instances (task_inst_id, task_id, module_inst_id, status, task_completing_time) VALUES (2924, 24, 252, 1, '271');
INSERT INTO recordings (recording_id, task_inst_id, file_path) VALUES (2924, 2924, 'recordings/eval_51_mod_2_task_2924.wav');
INSERT INTO task_instances (task_inst_id, task_id, module_inst_id, status, task_completing_time) VALUES (2925, 25, 252, 1, '8');
INSERT INTO recordings (recording_id, task_inst_id, file_path) VALUES (2925, 2925, 'recordings/eval_51_mod_2_task_2925.wav');
INSERT INTO task_instances (task_inst_id, task_id, module_inst_id, status, task_completing_time) VALUES (2926, 26, 252, 1, '156');
INSERT INTO recordings (recording_id, task_inst_id, file_path) VALUES (2926, 2926, 'recordings/eval_51_mod_2_task_2926.wav');
INSERT INTO task_instances (task_inst_id, task_id, module_inst_id, status, task_completing_time) VALUES (2927, 27, 252, 0, '104');
INSERT INTO recordings (recording_id, task_inst_id, file_path) VALUES (2927, 2927, 'recordings/eval_51_mod_2_task_2927.wav');
INSERT INTO task_instances (task_inst_id, task_id, module_inst_id, status, task_completing_time) VALUES (2928, 28, 252, 1, '34');
INSERT INTO recordings (recording_id, task_inst_id, file_path) VALUES (2928, 2928, 'recordings/eval_51_mod_2_task_2928.wav');
INSERT INTO task_instances (task_inst_id, task_id, module_inst_id, status, task_completing_time) VALUES (2929, 29, 252, 1, '171');
INSERT INTO recordings (recording_id, task_inst_id, file_path) VALUES (2929, 2929, 'recordings/eval_51_mod_2_task_2929.wav');
INSERT INTO task_instances (task_inst_id, task_id, module_inst_id, status, task_completing_time) VALUES (2930, 30, 252, 0, '7');
INSERT INTO recordings (recording_id, task_inst_id, file_path) VALUES (2930, 2930, 'recordings/eval_51_mod_2_task_2930.wav');
INSERT INTO task_instances (task_inst_id, task_id, module_inst_id, status, task_completing_time) VALUES (2931, 31, 252, 0, '121');
INSERT INTO recordings (recording_id, task_inst_id, file_path) VALUES (2931, 2931, 'recordings/eval_51_mod_2_task_2931.wav');
INSERT INTO task_instances (task_inst_id, task_id, module_inst_id, status, task_completing_time) VALUES (2932, 32, 252, 1, '229');
INSERT INTO recordings (recording_id, task_inst_id, file_path) VALUES (2932, 2932, 'recordings/eval_51_mod_2_task_2932.wav');
INSERT INTO task_instances (task_inst_id, task_id, module_inst_id, status, task_completing_time) VALUES (2933, 33, 252, 1, '207');
INSERT INTO recordings (recording_id, task_inst_id, file_path) VALUES (2933, 2933, 'recordings/eval_51_mod_2_task_2933.wav');
INSERT INTO task_instances (task_inst_id, task_id, module_inst_id, status, task_completing_time) VALUES (2934, 34, 252, 1, '248');
INSERT INTO recordings (recording_id, task_inst_id, file_path) VALUES (2934, 2934, 'recordings/eval_51_mod_2_task_2934.wav');
INSERT INTO task_instances (task_inst_id, task_id, module_inst_id, status, task_completing_time) VALUES (2935, 35, 252, 0, '285');
INSERT INTO recordings (recording_id, task_inst_id, file_path) VALUES (2935, 2935, 'recordings/eval_51_mod_2_task_2935.wav');
INSERT INTO task_instances (task_inst_id, task_id, module_inst_id, status, task_completing_time) VALUES (2936, 36, 252, 1, '23');
INSERT INTO recordings (recording_id, task_inst_id, file_path) VALUES (2936, 2936, 'recordings/eval_51_mod_2_task_2936.wav');
INSERT INTO task_instances (task_inst_id, task_id, module_inst_id, status, task_completing_time) VALUES (2937, 37, 252, 1, '192');
INSERT INTO recordings (recording_id, task_inst_id, file_path) VALUES (2937, 2937, 'recordings/eval_51_mod_2_task_2937.wav');
INSERT INTO module_instances (module_inst_id, module_id, evaluation_id, status) VALUES (253, 3, 51, 3);
INSERT INTO task_instances (task_inst_id, task_id, module_inst_id, status, task_completing_time) VALUES (2938, 38, 253, 1, '28');
INSERT INTO recordings (recording_id, task_inst_id, file_path) VALUES (2938, 2938, 'recordings/eval_51_mod_3_task_2938.wav');
INSERT INTO task_instances (task_inst_id, task_id, module_inst_id, status, task_completing_time) VALUES (2939, 39, 253, 1, '188');
INSERT INTO recordings (recording_id, task_inst_id, file_path) VALUES (2939, 2939, 'recordings/eval_51_mod_3_task_2939.wav');
INSERT INTO task_instances (task_inst_id, task_id, module_inst_id, status, task_completing_time) VALUES (2940, 40, 253, 1, '117');
INSERT INTO recordings (recording_id, task_inst_id, file_path) VALUES (2940, 2940, 'recordings/eval_51_mod_3_task_2940.wav');
INSERT INTO task_instances (task_inst_id, task_id, module_inst_id, status, task_completing_time) VALUES (2941, 41, 253, 0, '133');
INSERT INTO recordings (recording_id, task_inst_id, file_path) VALUES (2941, 2941, 'recordings/eval_51_mod_3_task_2941.wav');
INSERT INTO task_instances (task_inst_id, task_id, module_inst_id, status, task_completing_time) VALUES (2942, 42, 253, 1, '61');
INSERT INTO recordings (recording_id, task_inst_id, file_path) VALUES (2942, 2942, 'recordings/eval_51_mod_3_task_2942.wav');
INSERT INTO task_instances (task_inst_id, task_id, module_inst_id, status, task_completing_time) VALUES (2943, 43, 253, 0, '85');
INSERT INTO recordings (recording_id, task_inst_id, file_path) VALUES (2943, 2943, 'recordings/eval_51_mod_3_task_2943.wav');
INSERT INTO task_instances (task_inst_id, task_id, module_inst_id, status, task_completing_time) VALUES (2944, 44, 253, 1, '87');
INSERT INTO recordings (recording_id, task_inst_id, file_path) VALUES (2944, 2944, 'recordings/eval_51_mod_3_task_2944.wav');
INSERT INTO task_instances (task_inst_id, task_id, module_inst_id, status, task_completing_time) VALUES (2945, 45, 253, 1, '206');
INSERT INTO recordings (recording_id, task_inst_id, file_path) VALUES (2945, 2945, 'recordings/eval_51_mod_3_task_2945.wav');
INSERT INTO task_instances (task_inst_id, task_id, module_inst_id, status, task_completing_time) VALUES (2946, 46, 253, 1, '244');
INSERT INTO recordings (recording_id, task_inst_id, file_path) VALUES (2946, 2946, 'recordings/eval_51_mod_3_task_2946.wav');
INSERT INTO module_instances (module_inst_id, module_id, evaluation_id, status) VALUES (254, 4, 51, 2);
INSERT INTO task_instances (task_inst_id, task_id, module_inst_id, status, task_completing_time) VALUES (2947, 47, 254, 1, '36');
INSERT INTO recordings (recording_id, task_inst_id, file_path) VALUES (2947, 2947, 'recordings/eval_51_mod_4_task_2947.wav');
INSERT INTO task_instances (task_inst_id, task_id, module_inst_id, status, task_completing_time) VALUES (2948, 48, 254, 1, '98');
INSERT INTO recordings (recording_id, task_inst_id, file_path) VALUES (2948, 2948, 'recordings/eval_51_mod_4_task_2948.wav');
INSERT INTO task_instances (task_inst_id, task_id, module_inst_id, status, task_completing_time) VALUES (2949, 49, 254, 1, '105');
INSERT INTO recordings (recording_id, task_inst_id, file_path) VALUES (2949, 2949, 'recordings/eval_51_mod_4_task_2949.wav');
INSERT INTO task_instances (task_inst_id, task_id, module_inst_id, status, task_completing_time) VALUES (2950, 50, 254, 0, '276');
INSERT INTO recordings (recording_id, task_inst_id, file_path) VALUES (2950, 2950, 'recordings/eval_51_mod_4_task_2950.wav');
INSERT INTO task_instances (task_inst_id, task_id, module_inst_id, status, task_completing_time) VALUES (2951, 51, 254, 1, '211');
INSERT INTO recordings (recording_id, task_inst_id, file_path) VALUES (2951, 2951, 'recordings/eval_51_mod_4_task_2951.wav');
INSERT INTO task_instances (task_inst_id, task_id, module_inst_id, status, task_completing_time) VALUES (2952, 52, 254, 1, '71');
INSERT INTO recordings (recording_id, task_inst_id, file_path) VALUES (2952, 2952, 'recordings/eval_51_mod_4_task_2952.wav');
INSERT INTO task_instances (task_inst_id, task_id, module_inst_id, status, task_completing_time) VALUES (2953, 53, 254, 1, '282');
INSERT INTO recordings (recording_id, task_inst_id, file_path) VALUES (2953, 2953, 'recordings/eval_51_mod_4_task_2953.wav');
INSERT INTO task_instances (task_inst_id, task_id, module_inst_id, status, task_completing_time) VALUES (2954, 54, 254, 1, '63');
INSERT INTO recordings (recording_id, task_inst_id, file_path) VALUES (2954, 2954, 'recordings/eval_51_mod_4_task_2954.wav');
INSERT INTO task_instances (task_inst_id, task_id, module_inst_id, status, task_completing_time) VALUES (2955, 55, 254, 1, '248');
INSERT INTO recordings (recording_id, task_inst_id, file_path) VALUES (2955, 2955, 'recordings/eval_51_mod_4_task_2955.wav');
INSERT INTO task_instances (task_inst_id, task_id, module_inst_id, status, task_completing_time) VALUES (2956, 56, 254, 1, '46');
INSERT INTO recordings (recording_id, task_inst_id, file_path) VALUES (2956, 2956, 'recordings/eval_51_mod_4_task_2956.wav');
INSERT INTO module_instances (module_inst_id, module_id, evaluation_id, status) VALUES (255, 9001, 51, 3);
INSERT INTO task_instances (task_inst_id, task_id, module_inst_id, status, task_completing_time) VALUES (2957, 9001, 255, 1, '5');
INSERT INTO recordings (recording_id, task_inst_id, file_path) VALUES (2957, 2957, 'recordings/eval_51_mod_9001_task_2957.wav');
INSERT INTO task_instances (task_inst_id, task_id, module_inst_id, status, task_completing_time) VALUES (2958, 9002, 255, 1, '167');
INSERT INTO recordings (recording_id, task_inst_id, file_path) VALUES (2958, 2958, 'recordings/eval_51_mod_9001_task_2958.wav');
INSERT INTO participants (participant_id, name, surname, education_level, sex, birth_date, laterality) VALUES (52, 'sdHk7NngUIKheSwJhN8UCA==', 'u9z77N6POoCjey4Lht0WCg==', 5, 2, '1980-04-25', 1);
INSERT INTO evaluations (evaluation_id, evaluation_date, evaluator_id, participant_id, status, language) VALUES (52, '2025-09-14 15:58:00', 7, 52, 3, 2);
INSERT INTO module_instances (module_inst_id, module_id, evaluation_id, status) VALUES (256, 1, 52, 3);
INSERT INTO task_instances (task_inst_id, task_id, module_inst_id, status, task_completing_time) VALUES (2959, 1, 256, 1, '9');
INSERT INTO recordings (recording_id, task_inst_id, file_path) VALUES (2959, 2959, 'recordings/eval_52_mod_1_task_2959.wav');
INSERT INTO task_instances (task_inst_id, task_id, module_inst_id, status, task_completing_time) VALUES (2960, 2, 256, 1, '270');
INSERT INTO recordings (recording_id, task_inst_id, file_path) VALUES (2960, 2960, 'recordings/eval_52_mod_1_task_2960.wav');
INSERT INTO task_instances (task_inst_id, task_id, module_inst_id, status, task_completing_time) VALUES (2961, 3, 256, 1, '94');
INSERT INTO recordings (recording_id, task_inst_id, file_path) VALUES (2961, 2961, 'recordings/eval_52_mod_1_task_2961.wav');
INSERT INTO task_instances (task_inst_id, task_id, module_inst_id, status, task_completing_time) VALUES (2962, 4, 256, 0, '44');
INSERT INTO recordings (recording_id, task_inst_id, file_path) VALUES (2962, 2962, 'recordings/eval_52_mod_1_task_2962.wav');
INSERT INTO task_instances (task_inst_id, task_id, module_inst_id, status, task_completing_time) VALUES (2963, 5, 256, 1, '73');
INSERT INTO recordings (recording_id, task_inst_id, file_path) VALUES (2963, 2963, 'recordings/eval_52_mod_1_task_2963.wav');
INSERT INTO task_instances (task_inst_id, task_id, module_inst_id, status, task_completing_time) VALUES (2964, 6, 256, 1, '248');
INSERT INTO recordings (recording_id, task_inst_id, file_path) VALUES (2964, 2964, 'recordings/eval_52_mod_1_task_2964.wav');
INSERT INTO task_instances (task_inst_id, task_id, module_inst_id, status, task_completing_time) VALUES (2965, 7, 256, 1, '43');
INSERT INTO recordings (recording_id, task_inst_id, file_path) VALUES (2965, 2965, 'recordings/eval_52_mod_1_task_2965.wav');
INSERT INTO task_instances (task_inst_id, task_id, module_inst_id, status, task_completing_time) VALUES (2966, 8, 256, 1, '20');
INSERT INTO recordings (recording_id, task_inst_id, file_path) VALUES (2966, 2966, 'recordings/eval_52_mod_1_task_2966.wav');
INSERT INTO task_instances (task_inst_id, task_id, module_inst_id, status, task_completing_time) VALUES (2967, 9, 256, 1, '121');
INSERT INTO recordings (recording_id, task_inst_id, file_path) VALUES (2967, 2967, 'recordings/eval_52_mod_1_task_2967.wav');
INSERT INTO task_instances (task_inst_id, task_id, module_inst_id, status, task_completing_time) VALUES (2968, 10, 256, 1, '52');
INSERT INTO recordings (recording_id, task_inst_id, file_path) VALUES (2968, 2968, 'recordings/eval_52_mod_1_task_2968.wav');
INSERT INTO module_instances (module_inst_id, module_id, evaluation_id, status) VALUES (257, 2, 52, 3);
INSERT INTO task_instances (task_inst_id, task_id, module_inst_id, status, task_completing_time) VALUES (2969, 11, 257, 1, '26');
INSERT INTO recordings (recording_id, task_inst_id, file_path) VALUES (2969, 2969, 'recordings/eval_52_mod_2_task_2969.wav');
INSERT INTO task_instances (task_inst_id, task_id, module_inst_id, status, task_completing_time) VALUES (2970, 12, 257, 1, '172');
INSERT INTO recordings (recording_id, task_inst_id, file_path) VALUES (2970, 2970, 'recordings/eval_52_mod_2_task_2970.wav');
INSERT INTO task_instances (task_inst_id, task_id, module_inst_id, status, task_completing_time) VALUES (2971, 13, 257, 1, '131');
INSERT INTO recordings (recording_id, task_inst_id, file_path) VALUES (2971, 2971, 'recordings/eval_52_mod_2_task_2971.wav');
INSERT INTO task_instances (task_inst_id, task_id, module_inst_id, status, task_completing_time) VALUES (2972, 14, 257, 1, '288');
INSERT INTO recordings (recording_id, task_inst_id, file_path) VALUES (2972, 2972, 'recordings/eval_52_mod_2_task_2972.wav');
INSERT INTO task_instances (task_inst_id, task_id, module_inst_id, status, task_completing_time) VALUES (2973, 15, 257, 1, '185');
INSERT INTO recordings (recording_id, task_inst_id, file_path) VALUES (2973, 2973, 'recordings/eval_52_mod_2_task_2973.wav');
INSERT INTO task_instances (task_inst_id, task_id, module_inst_id, status, task_completing_time) VALUES (2974, 16, 257, 1, '86');
INSERT INTO recordings (recording_id, task_inst_id, file_path) VALUES (2974, 2974, 'recordings/eval_52_mod_2_task_2974.wav');
INSERT INTO task_instances (task_inst_id, task_id, module_inst_id, status, task_completing_time) VALUES (2975, 17, 257, 1, '236');
INSERT INTO recordings (recording_id, task_inst_id, file_path) VALUES (2975, 2975, 'recordings/eval_52_mod_2_task_2975.wav');
INSERT INTO task_instances (task_inst_id, task_id, module_inst_id, status, task_completing_time) VALUES (2976, 18, 257, 1, '141');
INSERT INTO recordings (recording_id, task_inst_id, file_path) VALUES (2976, 2976, 'recordings/eval_52_mod_2_task_2976.wav');
INSERT INTO task_instances (task_inst_id, task_id, module_inst_id, status, task_completing_time) VALUES (2977, 19, 257, 1, '102');
INSERT INTO recordings (recording_id, task_inst_id, file_path) VALUES (2977, 2977, 'recordings/eval_52_mod_2_task_2977.wav');
INSERT INTO task_instances (task_inst_id, task_id, module_inst_id, status, task_completing_time) VALUES (2978, 20, 257, 1, '74');
INSERT INTO recordings (recording_id, task_inst_id, file_path) VALUES (2978, 2978, 'recordings/eval_52_mod_2_task_2978.wav');
INSERT INTO task_instances (task_inst_id, task_id, module_inst_id, status, task_completing_time) VALUES (2979, 21, 257, 1, '8');
INSERT INTO recordings (recording_id, task_inst_id, file_path) VALUES (2979, 2979, 'recordings/eval_52_mod_2_task_2979.wav');
INSERT INTO task_instances (task_inst_id, task_id, module_inst_id, status, task_completing_time) VALUES (2980, 22, 257, 1, '82');
INSERT INTO recordings (recording_id, task_inst_id, file_path) VALUES (2980, 2980, 'recordings/eval_52_mod_2_task_2980.wav');
INSERT INTO task_instances (task_inst_id, task_id, module_inst_id, status, task_completing_time) VALUES (2981, 23, 257, 1, '50');
INSERT INTO recordings (recording_id, task_inst_id, file_path) VALUES (2981, 2981, 'recordings/eval_52_mod_2_task_2981.wav');
INSERT INTO task_instances (task_inst_id, task_id, module_inst_id, status, task_completing_time) VALUES (2982, 24, 257, 1, '230');
INSERT INTO recordings (recording_id, task_inst_id, file_path) VALUES (2982, 2982, 'recordings/eval_52_mod_2_task_2982.wav');
INSERT INTO task_instances (task_inst_id, task_id, module_inst_id, status, task_completing_time) VALUES (2983, 25, 257, 1, '25');
INSERT INTO recordings (recording_id, task_inst_id, file_path) VALUES (2983, 2983, 'recordings/eval_52_mod_2_task_2983.wav');
INSERT INTO task_instances (task_inst_id, task_id, module_inst_id, status, task_completing_time) VALUES (2984, 26, 257, 1, '187');
INSERT INTO recordings (recording_id, task_inst_id, file_path) VALUES (2984, 2984, 'recordings/eval_52_mod_2_task_2984.wav');
INSERT INTO task_instances (task_inst_id, task_id, module_inst_id, status, task_completing_time) VALUES (2985, 27, 257, 0, '212');
INSERT INTO recordings (recording_id, task_inst_id, file_path) VALUES (2985, 2985, 'recordings/eval_52_mod_2_task_2985.wav');
INSERT INTO task_instances (task_inst_id, task_id, module_inst_id, status, task_completing_time) VALUES (2986, 28, 257, 1, '78');
INSERT INTO recordings (recording_id, task_inst_id, file_path) VALUES (2986, 2986, 'recordings/eval_52_mod_2_task_2986.wav');
INSERT INTO task_instances (task_inst_id, task_id, module_inst_id, status, task_completing_time) VALUES (2987, 29, 257, 0, '74');
INSERT INTO recordings (recording_id, task_inst_id, file_path) VALUES (2987, 2987, 'recordings/eval_52_mod_2_task_2987.wav');
INSERT INTO task_instances (task_inst_id, task_id, module_inst_id, status, task_completing_time) VALUES (2988, 30, 257, 1, '33');
INSERT INTO recordings (recording_id, task_inst_id, file_path) VALUES (2988, 2988, 'recordings/eval_52_mod_2_task_2988.wav');
INSERT INTO task_instances (task_inst_id, task_id, module_inst_id, status, task_completing_time) VALUES (2989, 31, 257, 1, '192');
INSERT INTO recordings (recording_id, task_inst_id, file_path) VALUES (2989, 2989, 'recordings/eval_52_mod_2_task_2989.wav');
INSERT INTO task_instances (task_inst_id, task_id, module_inst_id, status, task_completing_time) VALUES (2990, 32, 257, 0, '274');
INSERT INTO recordings (recording_id, task_inst_id, file_path) VALUES (2990, 2990, 'recordings/eval_52_mod_2_task_2990.wav');
INSERT INTO task_instances (task_inst_id, task_id, module_inst_id, status, task_completing_time) VALUES (2991, 33, 257, 1, '152');
INSERT INTO recordings (recording_id, task_inst_id, file_path) VALUES (2991, 2991, 'recordings/eval_52_mod_2_task_2991.wav');
INSERT INTO task_instances (task_inst_id, task_id, module_inst_id, status, task_completing_time) VALUES (2992, 34, 257, 1, '277');
INSERT INTO recordings (recording_id, task_inst_id, file_path) VALUES (2992, 2992, 'recordings/eval_52_mod_2_task_2992.wav');
INSERT INTO task_instances (task_inst_id, task_id, module_inst_id, status, task_completing_time) VALUES (2993, 35, 257, 1, '60');
INSERT INTO recordings (recording_id, task_inst_id, file_path) VALUES (2993, 2993, 'recordings/eval_52_mod_2_task_2993.wav');
INSERT INTO task_instances (task_inst_id, task_id, module_inst_id, status, task_completing_time) VALUES (2994, 36, 257, 1, '45');
INSERT INTO recordings (recording_id, task_inst_id, file_path) VALUES (2994, 2994, 'recordings/eval_52_mod_2_task_2994.wav');
INSERT INTO task_instances (task_inst_id, task_id, module_inst_id, status, task_completing_time) VALUES (2995, 37, 257, 1, '85');
INSERT INTO recordings (recording_id, task_inst_id, file_path) VALUES (2995, 2995, 'recordings/eval_52_mod_2_task_2995.wav');
INSERT INTO module_instances (module_inst_id, module_id, evaluation_id, status) VALUES (258, 3, 52, 2);
INSERT INTO task_instances (task_inst_id, task_id, module_inst_id, status, task_completing_time) VALUES (2996, 38, 258, 1, '33');
INSERT INTO recordings (recording_id, task_inst_id, file_path) VALUES (2996, 2996, 'recordings/eval_52_mod_3_task_2996.wav');
INSERT INTO task_instances (task_inst_id, task_id, module_inst_id, status, task_completing_time) VALUES (2997, 39, 258, 1, '72');
INSERT INTO recordings (recording_id, task_inst_id, file_path) VALUES (2997, 2997, 'recordings/eval_52_mod_3_task_2997.wav');
INSERT INTO task_instances (task_inst_id, task_id, module_inst_id, status, task_completing_time) VALUES (2998, 40, 258, 1, '210');
INSERT INTO recordings (recording_id, task_inst_id, file_path) VALUES (2998, 2998, 'recordings/eval_52_mod_3_task_2998.wav');
INSERT INTO task_instances (task_inst_id, task_id, module_inst_id, status, task_completing_time) VALUES (2999, 41, 258, 1, '62');
INSERT INTO recordings (recording_id, task_inst_id, file_path) VALUES (2999, 2999, 'recordings/eval_52_mod_3_task_2999.wav');
INSERT INTO task_instances (task_inst_id, task_id, module_inst_id, status, task_completing_time) VALUES (3000, 42, 258, 1, '174');
INSERT INTO recordings (recording_id, task_inst_id, file_path) VALUES (3000, 3000, 'recordings/eval_52_mod_3_task_3000.wav');
INSERT INTO task_instances (task_inst_id, task_id, module_inst_id, status, task_completing_time) VALUES (3001, 43, 258, 1, '100');
INSERT INTO recordings (recording_id, task_inst_id, file_path) VALUES (3001, 3001, 'recordings/eval_52_mod_3_task_3001.wav');
INSERT INTO task_instances (task_inst_id, task_id, module_inst_id, status, task_completing_time) VALUES (3002, 44, 258, 1, '117');
INSERT INTO recordings (recording_id, task_inst_id, file_path) VALUES (3002, 3002, 'recordings/eval_52_mod_3_task_3002.wav');
INSERT INTO task_instances (task_inst_id, task_id, module_inst_id, status, task_completing_time) VALUES (3003, 45, 258, 1, '199');
INSERT INTO recordings (recording_id, task_inst_id, file_path) VALUES (3003, 3003, 'recordings/eval_52_mod_3_task_3003.wav');
INSERT INTO task_instances (task_inst_id, task_id, module_inst_id, status, task_completing_time) VALUES (3004, 46, 258, 0, '261');
INSERT INTO recordings (recording_id, task_inst_id, file_path) VALUES (3004, 3004, 'recordings/eval_52_mod_3_task_3004.wav');
INSERT INTO module_instances (module_inst_id, module_id, evaluation_id, status) VALUES (259, 4, 52, 3);
INSERT INTO task_instances (task_inst_id, task_id, module_inst_id, status, task_completing_time) VALUES (3005, 47, 259, 1, '43');
INSERT INTO recordings (recording_id, task_inst_id, file_path) VALUES (3005, 3005, 'recordings/eval_52_mod_4_task_3005.wav');
INSERT INTO task_instances (task_inst_id, task_id, module_inst_id, status, task_completing_time) VALUES (3006, 48, 259, 1, '219');
INSERT INTO recordings (recording_id, task_inst_id, file_path) VALUES (3006, 3006, 'recordings/eval_52_mod_4_task_3006.wav');
INSERT INTO task_instances (task_inst_id, task_id, module_inst_id, status, task_completing_time) VALUES (3007, 49, 259, 1, '29');
INSERT INTO recordings (recording_id, task_inst_id, file_path) VALUES (3007, 3007, 'recordings/eval_52_mod_4_task_3007.wav');
INSERT INTO task_instances (task_inst_id, task_id, module_inst_id, status, task_completing_time) VALUES (3008, 50, 259, 1, '256');
INSERT INTO recordings (recording_id, task_inst_id, file_path) VALUES (3008, 3008, 'recordings/eval_52_mod_4_task_3008.wav');
INSERT INTO task_instances (task_inst_id, task_id, module_inst_id, status, task_completing_time) VALUES (3009, 51, 259, 1, '94');
INSERT INTO recordings (recording_id, task_inst_id, file_path) VALUES (3009, 3009, 'recordings/eval_52_mod_4_task_3009.wav');
INSERT INTO task_instances (task_inst_id, task_id, module_inst_id, status, task_completing_time) VALUES (3010, 52, 259, 1, '195');
INSERT INTO recordings (recording_id, task_inst_id, file_path) VALUES (3010, 3010, 'recordings/eval_52_mod_4_task_3010.wav');
INSERT INTO task_instances (task_inst_id, task_id, module_inst_id, status, task_completing_time) VALUES (3011, 53, 259, 1, '95');
INSERT INTO recordings (recording_id, task_inst_id, file_path) VALUES (3011, 3011, 'recordings/eval_52_mod_4_task_3011.wav');
INSERT INTO task_instances (task_inst_id, task_id, module_inst_id, status, task_completing_time) VALUES (3012, 54, 259, 1, '236');
INSERT INTO recordings (recording_id, task_inst_id, file_path) VALUES (3012, 3012, 'recordings/eval_52_mod_4_task_3012.wav');
INSERT INTO task_instances (task_inst_id, task_id, module_inst_id, status, task_completing_time) VALUES (3013, 55, 259, 1, '246');
INSERT INTO recordings (recording_id, task_inst_id, file_path) VALUES (3013, 3013, 'recordings/eval_52_mod_4_task_3013.wav');
INSERT INTO task_instances (task_inst_id, task_id, module_inst_id, status, task_completing_time) VALUES (3014, 56, 259, 1, '10');
INSERT INTO recordings (recording_id, task_inst_id, file_path) VALUES (3014, 3014, 'recordings/eval_52_mod_4_task_3014.wav');
INSERT INTO module_instances (module_inst_id, module_id, evaluation_id, status) VALUES (260, 9001, 52, 3);
INSERT INTO task_instances (task_inst_id, task_id, module_inst_id, status, task_completing_time) VALUES (3015, 9001, 260, 1, '43');
INSERT INTO recordings (recording_id, task_inst_id, file_path) VALUES (3015, 3015, 'recordings/eval_52_mod_9001_task_3015.wav');
INSERT INTO task_instances (task_inst_id, task_id, module_inst_id, status, task_completing_time) VALUES (3016, 9002, 260, 1, '260');
INSERT INTO recordings (recording_id, task_inst_id, file_path) VALUES (3016, 3016, 'recordings/eval_52_mod_9001_task_3016.wav');
INSERT INTO participants (participant_id, name, surname, education_level, sex, birth_date, laterality) VALUES (53, 'uMLj59jgUIKheSwJhN8UCA==', 'tdz//9KCKeiiei8Kh9wXCw==', 1, 2, '1974-09-23', 2);
INSERT INTO evaluations (evaluation_id, evaluation_date, evaluator_id, participant_id, status, language) VALUES (53, '2025-08-27 10:38:00', 7, 53, 3, 1);
INSERT INTO module_instances (module_inst_id, module_id, evaluation_id, status) VALUES (261, 1, 53, 3);
INSERT INTO task_instances (task_inst_id, task_id, module_inst_id, status, task_completing_time) VALUES (3017, 1, 261, 0, '10');
INSERT INTO recordings (recording_id, task_inst_id, file_path) VALUES (3017, 3017, 'recordings/eval_53_mod_1_task_3017.wav');
INSERT INTO task_instances (task_inst_id, task_id, module_inst_id, status, task_completing_time) VALUES (3018, 2, 261, 1, '240');
INSERT INTO recordings (recording_id, task_inst_id, file_path) VALUES (3018, 3018, 'recordings/eval_53_mod_1_task_3018.wav');
INSERT INTO task_instances (task_inst_id, task_id, module_inst_id, status, task_completing_time) VALUES (3019, 3, 261, 1, '290');
INSERT INTO recordings (recording_id, task_inst_id, file_path) VALUES (3019, 3019, 'recordings/eval_53_mod_1_task_3019.wav');
INSERT INTO task_instances (task_inst_id, task_id, module_inst_id, status, task_completing_time) VALUES (3020, 4, 261, 1, '136');
INSERT INTO recordings (recording_id, task_inst_id, file_path) VALUES (3020, 3020, 'recordings/eval_53_mod_1_task_3020.wav');
INSERT INTO task_instances (task_inst_id, task_id, module_inst_id, status, task_completing_time) VALUES (3021, 5, 261, 0, '205');
INSERT INTO recordings (recording_id, task_inst_id, file_path) VALUES (3021, 3021, 'recordings/eval_53_mod_1_task_3021.wav');
INSERT INTO task_instances (task_inst_id, task_id, module_inst_id, status, task_completing_time) VALUES (3022, 6, 261, 1, '97');
INSERT INTO recordings (recording_id, task_inst_id, file_path) VALUES (3022, 3022, 'recordings/eval_53_mod_1_task_3022.wav');
INSERT INTO task_instances (task_inst_id, task_id, module_inst_id, status, task_completing_time) VALUES (3023, 7, 261, 0, '265');
INSERT INTO recordings (recording_id, task_inst_id, file_path) VALUES (3023, 3023, 'recordings/eval_53_mod_1_task_3023.wav');
INSERT INTO task_instances (task_inst_id, task_id, module_inst_id, status, task_completing_time) VALUES (3024, 8, 261, 1, '205');
INSERT INTO recordings (recording_id, task_inst_id, file_path) VALUES (3024, 3024, 'recordings/eval_53_mod_1_task_3024.wav');
INSERT INTO task_instances (task_inst_id, task_id, module_inst_id, status, task_completing_time) VALUES (3025, 9, 261, 1, '100');
INSERT INTO recordings (recording_id, task_inst_id, file_path) VALUES (3025, 3025, 'recordings/eval_53_mod_1_task_3025.wav');
INSERT INTO task_instances (task_inst_id, task_id, module_inst_id, status, task_completing_time) VALUES (3026, 10, 261, 0, '126');
INSERT INTO recordings (recording_id, task_inst_id, file_path) VALUES (3026, 3026, 'recordings/eval_53_mod_1_task_3026.wav');
INSERT INTO module_instances (module_inst_id, module_id, evaluation_id, status) VALUES (262, 2, 53, 2);
INSERT INTO task_instances (task_inst_id, task_id, module_inst_id, status, task_completing_time) VALUES (3027, 11, 262, 0, '9');
INSERT INTO recordings (recording_id, task_inst_id, file_path) VALUES (3027, 3027, 'recordings/eval_53_mod_2_task_3027.wav');
INSERT INTO task_instances (task_inst_id, task_id, module_inst_id, status, task_completing_time) VALUES (3028, 12, 262, 1, '219');
INSERT INTO recordings (recording_id, task_inst_id, file_path) VALUES (3028, 3028, 'recordings/eval_53_mod_2_task_3028.wav');
INSERT INTO task_instances (task_inst_id, task_id, module_inst_id, status, task_completing_time) VALUES (3029, 13, 262, 1, '243');
INSERT INTO recordings (recording_id, task_inst_id, file_path) VALUES (3029, 3029, 'recordings/eval_53_mod_2_task_3029.wav');
INSERT INTO task_instances (task_inst_id, task_id, module_inst_id, status, task_completing_time) VALUES (3030, 14, 262, 0, '188');
INSERT INTO recordings (recording_id, task_inst_id, file_path) VALUES (3030, 3030, 'recordings/eval_53_mod_2_task_3030.wav');
INSERT INTO task_instances (task_inst_id, task_id, module_inst_id, status, task_completing_time) VALUES (3031, 15, 262, 1, '261');
INSERT INTO recordings (recording_id, task_inst_id, file_path) VALUES (3031, 3031, 'recordings/eval_53_mod_2_task_3031.wav');
INSERT INTO task_instances (task_inst_id, task_id, module_inst_id, status, task_completing_time) VALUES (3032, 16, 262, 1, '189');
INSERT INTO recordings (recording_id, task_inst_id, file_path) VALUES (3032, 3032, 'recordings/eval_53_mod_2_task_3032.wav');
INSERT INTO task_instances (task_inst_id, task_id, module_inst_id, status, task_completing_time) VALUES (3033, 17, 262, 1, '282');
INSERT INTO recordings (recording_id, task_inst_id, file_path) VALUES (3033, 3033, 'recordings/eval_53_mod_2_task_3033.wav');
INSERT INTO task_instances (task_inst_id, task_id, module_inst_id, status, task_completing_time) VALUES (3034, 18, 262, 1, '79');
INSERT INTO recordings (recording_id, task_inst_id, file_path) VALUES (3034, 3034, 'recordings/eval_53_mod_2_task_3034.wav');
INSERT INTO task_instances (task_inst_id, task_id, module_inst_id, status, task_completing_time) VALUES (3035, 19, 262, 1, '228');
INSERT INTO recordings (recording_id, task_inst_id, file_path) VALUES (3035, 3035, 'recordings/eval_53_mod_2_task_3035.wav');
INSERT INTO task_instances (task_inst_id, task_id, module_inst_id, status, task_completing_time) VALUES (3036, 20, 262, 1, '281');
INSERT INTO recordings (recording_id, task_inst_id, file_path) VALUES (3036, 3036, 'recordings/eval_53_mod_2_task_3036.wav');
INSERT INTO task_instances (task_inst_id, task_id, module_inst_id, status, task_completing_time) VALUES (3037, 21, 262, 1, '51');
INSERT INTO recordings (recording_id, task_inst_id, file_path) VALUES (3037, 3037, 'recordings/eval_53_mod_2_task_3037.wav');
INSERT INTO task_instances (task_inst_id, task_id, module_inst_id, status, task_completing_time) VALUES (3038, 22, 262, 0, '155');
INSERT INTO recordings (recording_id, task_inst_id, file_path) VALUES (3038, 3038, 'recordings/eval_53_mod_2_task_3038.wav');
INSERT INTO task_instances (task_inst_id, task_id, module_inst_id, status, task_completing_time) VALUES (3039, 23, 262, 1, '57');
INSERT INTO recordings (recording_id, task_inst_id, file_path) VALUES (3039, 3039, 'recordings/eval_53_mod_2_task_3039.wav');
INSERT INTO task_instances (task_inst_id, task_id, module_inst_id, status, task_completing_time) VALUES (3040, 24, 262, 1, '162');
INSERT INTO recordings (recording_id, task_inst_id, file_path) VALUES (3040, 3040, 'recordings/eval_53_mod_2_task_3040.wav');
INSERT INTO task_instances (task_inst_id, task_id, module_inst_id, status, task_completing_time) VALUES (3041, 25, 262, 1, '32');
INSERT INTO recordings (recording_id, task_inst_id, file_path) VALUES (3041, 3041, 'recordings/eval_53_mod_2_task_3041.wav');
INSERT INTO task_instances (task_inst_id, task_id, module_inst_id, status, task_completing_time) VALUES (3042, 26, 262, 1, '183');
INSERT INTO recordings (recording_id, task_inst_id, file_path) VALUES (3042, 3042, 'recordings/eval_53_mod_2_task_3042.wav');
INSERT INTO task_instances (task_inst_id, task_id, module_inst_id, status, task_completing_time) VALUES (3043, 27, 262, 1, '211');
INSERT INTO recordings (recording_id, task_inst_id, file_path) VALUES (3043, 3043, 'recordings/eval_53_mod_2_task_3043.wav');
INSERT INTO task_instances (task_inst_id, task_id, module_inst_id, status, task_completing_time) VALUES (3044, 28, 262, 1, '244');
INSERT INTO recordings (recording_id, task_inst_id, file_path) VALUES (3044, 3044, 'recordings/eval_53_mod_2_task_3044.wav');
INSERT INTO task_instances (task_inst_id, task_id, module_inst_id, status, task_completing_time) VALUES (3045, 29, 262, 1, '41');
INSERT INTO recordings (recording_id, task_inst_id, file_path) VALUES (3045, 3045, 'recordings/eval_53_mod_2_task_3045.wav');
INSERT INTO task_instances (task_inst_id, task_id, module_inst_id, status, task_completing_time) VALUES (3046, 30, 262, 1, '36');
INSERT INTO recordings (recording_id, task_inst_id, file_path) VALUES (3046, 3046, 'recordings/eval_53_mod_2_task_3046.wav');
INSERT INTO task_instances (task_inst_id, task_id, module_inst_id, status, task_completing_time) VALUES (3047, 31, 262, 0, '24');
INSERT INTO recordings (recording_id, task_inst_id, file_path) VALUES (3047, 3047, 'recordings/eval_53_mod_2_task_3047.wav');
INSERT INTO task_instances (task_inst_id, task_id, module_inst_id, status, task_completing_time) VALUES (3048, 32, 262, 1, '270');
INSERT INTO recordings (recording_id, task_inst_id, file_path) VALUES (3048, 3048, 'recordings/eval_53_mod_2_task_3048.wav');
INSERT INTO task_instances (task_inst_id, task_id, module_inst_id, status, task_completing_time) VALUES (3049, 33, 262, 1, '135');
INSERT INTO recordings (recording_id, task_inst_id, file_path) VALUES (3049, 3049, 'recordings/eval_53_mod_2_task_3049.wav');
INSERT INTO task_instances (task_inst_id, task_id, module_inst_id, status, task_completing_time) VALUES (3050, 34, 262, 1, '117');
INSERT INTO recordings (recording_id, task_inst_id, file_path) VALUES (3050, 3050, 'recordings/eval_53_mod_2_task_3050.wav');
INSERT INTO task_instances (task_inst_id, task_id, module_inst_id, status, task_completing_time) VALUES (3051, 35, 262, 1, '33');
INSERT INTO recordings (recording_id, task_inst_id, file_path) VALUES (3051, 3051, 'recordings/eval_53_mod_2_task_3051.wav');
INSERT INTO task_instances (task_inst_id, task_id, module_inst_id, status, task_completing_time) VALUES (3052, 36, 262, 1, '234');
INSERT INTO recordings (recording_id, task_inst_id, file_path) VALUES (3052, 3052, 'recordings/eval_53_mod_2_task_3052.wav');
INSERT INTO task_instances (task_inst_id, task_id, module_inst_id, status, task_completing_time) VALUES (3053, 37, 262, 1, '176');
INSERT INTO recordings (recording_id, task_inst_id, file_path) VALUES (3053, 3053, 'recordings/eval_53_mod_2_task_3053.wav');
INSERT INTO module_instances (module_inst_id, module_id, evaluation_id, status) VALUES (263, 3, 53, 1);
INSERT INTO task_instances (task_inst_id, task_id, module_inst_id, status, task_completing_time) VALUES (3054, 38, 263, 1, '13');
INSERT INTO recordings (recording_id, task_inst_id, file_path) VALUES (3054, 3054, 'recordings/eval_53_mod_3_task_3054.wav');
INSERT INTO task_instances (task_inst_id, task_id, module_inst_id, status, task_completing_time) VALUES (3055, 39, 263, 1, '140');
INSERT INTO recordings (recording_id, task_inst_id, file_path) VALUES (3055, 3055, 'recordings/eval_53_mod_3_task_3055.wav');
INSERT INTO task_instances (task_inst_id, task_id, module_inst_id, status, task_completing_time) VALUES (3056, 40, 263, 0, '266');
INSERT INTO recordings (recording_id, task_inst_id, file_path) VALUES (3056, 3056, 'recordings/eval_53_mod_3_task_3056.wav');
INSERT INTO task_instances (task_inst_id, task_id, module_inst_id, status, task_completing_time) VALUES (3057, 41, 263, 1, '273');
INSERT INTO recordings (recording_id, task_inst_id, file_path) VALUES (3057, 3057, 'recordings/eval_53_mod_3_task_3057.wav');
INSERT INTO task_instances (task_inst_id, task_id, module_inst_id, status, task_completing_time) VALUES (3058, 42, 263, 1, '137');
INSERT INTO recordings (recording_id, task_inst_id, file_path) VALUES (3058, 3058, 'recordings/eval_53_mod_3_task_3058.wav');
INSERT INTO task_instances (task_inst_id, task_id, module_inst_id, status, task_completing_time) VALUES (3059, 43, 263, 1, '81');
INSERT INTO recordings (recording_id, task_inst_id, file_path) VALUES (3059, 3059, 'recordings/eval_53_mod_3_task_3059.wav');
INSERT INTO task_instances (task_inst_id, task_id, module_inst_id, status, task_completing_time) VALUES (3060, 44, 263, 1, '182');
INSERT INTO recordings (recording_id, task_inst_id, file_path) VALUES (3060, 3060, 'recordings/eval_53_mod_3_task_3060.wav');
INSERT INTO task_instances (task_inst_id, task_id, module_inst_id, status, task_completing_time) VALUES (3061, 45, 263, 1, '148');
INSERT INTO recordings (recording_id, task_inst_id, file_path) VALUES (3061, 3061, 'recordings/eval_53_mod_3_task_3061.wav');
INSERT INTO task_instances (task_inst_id, task_id, module_inst_id, status, task_completing_time) VALUES (3062, 46, 263, 1, '96');
INSERT INTO recordings (recording_id, task_inst_id, file_path) VALUES (3062, 3062, 'recordings/eval_53_mod_3_task_3062.wav');
INSERT INTO module_instances (module_inst_id, module_id, evaluation_id, status) VALUES (264, 4, 53, 1);
INSERT INTO task_instances (task_inst_id, task_id, module_inst_id, status, task_completing_time) VALUES (3063, 47, 264, 1, '54');
INSERT INTO recordings (recording_id, task_inst_id, file_path) VALUES (3063, 3063, 'recordings/eval_53_mod_4_task_3063.wav');
INSERT INTO task_instances (task_inst_id, task_id, module_inst_id, status, task_completing_time) VALUES (3064, 48, 264, 0, '74');
INSERT INTO recordings (recording_id, task_inst_id, file_path) VALUES (3064, 3064, 'recordings/eval_53_mod_4_task_3064.wav');
INSERT INTO task_instances (task_inst_id, task_id, module_inst_id, status, task_completing_time) VALUES (3065, 49, 264, 1, '227');
INSERT INTO recordings (recording_id, task_inst_id, file_path) VALUES (3065, 3065, 'recordings/eval_53_mod_4_task_3065.wav');
INSERT INTO task_instances (task_inst_id, task_id, module_inst_id, status, task_completing_time) VALUES (3066, 50, 264, 1, '150');
INSERT INTO recordings (recording_id, task_inst_id, file_path) VALUES (3066, 3066, 'recordings/eval_53_mod_4_task_3066.wav');
INSERT INTO task_instances (task_inst_id, task_id, module_inst_id, status, task_completing_time) VALUES (3067, 51, 264, 1, '59');
INSERT INTO recordings (recording_id, task_inst_id, file_path) VALUES (3067, 3067, 'recordings/eval_53_mod_4_task_3067.wav');
INSERT INTO task_instances (task_inst_id, task_id, module_inst_id, status, task_completing_time) VALUES (3068, 52, 264, 1, '47');
INSERT INTO recordings (recording_id, task_inst_id, file_path) VALUES (3068, 3068, 'recordings/eval_53_mod_4_task_3068.wav');
INSERT INTO task_instances (task_inst_id, task_id, module_inst_id, status, task_completing_time) VALUES (3069, 53, 264, 1, '172');
INSERT INTO recordings (recording_id, task_inst_id, file_path) VALUES (3069, 3069, 'recordings/eval_53_mod_4_task_3069.wav');
INSERT INTO task_instances (task_inst_id, task_id, module_inst_id, status, task_completing_time) VALUES (3070, 54, 264, 1, '276');
INSERT INTO recordings (recording_id, task_inst_id, file_path) VALUES (3070, 3070, 'recordings/eval_53_mod_4_task_3070.wav');
INSERT INTO task_instances (task_inst_id, task_id, module_inst_id, status, task_completing_time) VALUES (3071, 55, 264, 1, '155');
INSERT INTO recordings (recording_id, task_inst_id, file_path) VALUES (3071, 3071, 'recordings/eval_53_mod_4_task_3071.wav');
INSERT INTO task_instances (task_inst_id, task_id, module_inst_id, status, task_completing_time) VALUES (3072, 56, 264, 1, '41');
INSERT INTO recordings (recording_id, task_inst_id, file_path) VALUES (3072, 3072, 'recordings/eval_53_mod_4_task_3072.wav');
INSERT INTO module_instances (module_inst_id, module_id, evaluation_id, status) VALUES (265, 9001, 53, 3);
INSERT INTO task_instances (task_inst_id, task_id, module_inst_id, status, task_completing_time) VALUES (3073, 9001, 265, 0, '52');
INSERT INTO recordings (recording_id, task_inst_id, file_path) VALUES (3073, 3073, 'recordings/eval_53_mod_9001_task_3073.wav');
INSERT INTO task_instances (task_inst_id, task_id, module_inst_id, status, task_completing_time) VALUES (3074, 9002, 265, 1, '224');
INSERT INTO recordings (recording_id, task_inst_id, file_path) VALUES (3074, 3074, 'recordings/eval_53_mod_9001_task_3074.wav');
INSERT INTO participants (participant_id, name, surname, education_level, sex, birth_date, laterality) VALUES (54, 'tcRVKMGCNICjey4Lht0WCg==', 'qtXk7N6ZOoCjey4Lht0WCg==', 4, 1, '1948-10-01', 2);
INSERT INTO evaluations (evaluation_id, evaluation_date, evaluator_id, participant_id, status, language) VALUES (54, '2025-08-22 10:38:00', 8, 54, 2, 1);
INSERT INTO module_instances (module_inst_id, module_id, evaluation_id, status) VALUES (266, 1, 54, 3);
INSERT INTO task_instances (task_inst_id, task_id, module_inst_id, status, task_completing_time) VALUES (3075, 1, 266, 1, '47');
INSERT INTO recordings (recording_id, task_inst_id, file_path) VALUES (3075, 3075, 'recordings/eval_54_mod_1_task_3075.wav');
INSERT INTO task_instances (task_inst_id, task_id, module_inst_id, status, task_completing_time) VALUES (3076, 2, 266, 1, '283');
INSERT INTO recordings (recording_id, task_inst_id, file_path) VALUES (3076, 3076, 'recordings/eval_54_mod_1_task_3076.wav');
INSERT INTO task_instances (task_inst_id, task_id, module_inst_id, status, task_completing_time) VALUES (3077, 3, 266, 0, '78');
INSERT INTO recordings (recording_id, task_inst_id, file_path) VALUES (3077, 3077, 'recordings/eval_54_mod_1_task_3077.wav');
INSERT INTO task_instances (task_inst_id, task_id, module_inst_id, status, task_completing_time) VALUES (3078, 4, 266, 1, '106');
INSERT INTO recordings (recording_id, task_inst_id, file_path) VALUES (3078, 3078, 'recordings/eval_54_mod_1_task_3078.wav');
INSERT INTO task_instances (task_inst_id, task_id, module_inst_id, status, task_completing_time) VALUES (3079, 5, 266, 1, '272');
INSERT INTO recordings (recording_id, task_inst_id, file_path) VALUES (3079, 3079, 'recordings/eval_54_mod_1_task_3079.wav');
INSERT INTO task_instances (task_inst_id, task_id, module_inst_id, status, task_completing_time) VALUES (3080, 6, 266, 1, '183');
INSERT INTO recordings (recording_id, task_inst_id, file_path) VALUES (3080, 3080, 'recordings/eval_54_mod_1_task_3080.wav');
INSERT INTO task_instances (task_inst_id, task_id, module_inst_id, status, task_completing_time) VALUES (3081, 7, 266, 1, '299');
INSERT INTO recordings (recording_id, task_inst_id, file_path) VALUES (3081, 3081, 'recordings/eval_54_mod_1_task_3081.wav');
INSERT INTO task_instances (task_inst_id, task_id, module_inst_id, status, task_completing_time) VALUES (3082, 8, 266, 1, '94');
INSERT INTO recordings (recording_id, task_inst_id, file_path) VALUES (3082, 3082, 'recordings/eval_54_mod_1_task_3082.wav');
INSERT INTO task_instances (task_inst_id, task_id, module_inst_id, status, task_completing_time) VALUES (3083, 9, 266, 0, '40');
INSERT INTO recordings (recording_id, task_inst_id, file_path) VALUES (3083, 3083, 'recordings/eval_54_mod_1_task_3083.wav');
INSERT INTO task_instances (task_inst_id, task_id, module_inst_id, status, task_completing_time) VALUES (3084, 10, 266, 1, '291');
INSERT INTO recordings (recording_id, task_inst_id, file_path) VALUES (3084, 3084, 'recordings/eval_54_mod_1_task_3084.wav');
INSERT INTO module_instances (module_inst_id, module_id, evaluation_id, status) VALUES (267, 2, 54, 3);
INSERT INTO task_instances (task_inst_id, task_id, module_inst_id, status, task_completing_time) VALUES (3085, 11, 267, 1, '20');
INSERT INTO recordings (recording_id, task_inst_id, file_path) VALUES (3085, 3085, 'recordings/eval_54_mod_2_task_3085.wav');
INSERT INTO task_instances (task_inst_id, task_id, module_inst_id, status, task_completing_time) VALUES (3086, 12, 267, 1, '131');
INSERT INTO recordings (recording_id, task_inst_id, file_path) VALUES (3086, 3086, 'recordings/eval_54_mod_2_task_3086.wav');
INSERT INTO task_instances (task_inst_id, task_id, module_inst_id, status, task_completing_time) VALUES (3087, 13, 267, 1, '151');
INSERT INTO recordings (recording_id, task_inst_id, file_path) VALUES (3087, 3087, 'recordings/eval_54_mod_2_task_3087.wav');
INSERT INTO task_instances (task_inst_id, task_id, module_inst_id, status, task_completing_time) VALUES (3088, 14, 267, 1, '227');
INSERT INTO recordings (recording_id, task_inst_id, file_path) VALUES (3088, 3088, 'recordings/eval_54_mod_2_task_3088.wav');
INSERT INTO task_instances (task_inst_id, task_id, module_inst_id, status, task_completing_time) VALUES (3089, 15, 267, 0, '172');
INSERT INTO recordings (recording_id, task_inst_id, file_path) VALUES (3089, 3089, 'recordings/eval_54_mod_2_task_3089.wav');
INSERT INTO task_instances (task_inst_id, task_id, module_inst_id, status, task_completing_time) VALUES (3090, 16, 267, 1, '69');
INSERT INTO recordings (recording_id, task_inst_id, file_path) VALUES (3090, 3090, 'recordings/eval_54_mod_2_task_3090.wav');
INSERT INTO task_instances (task_inst_id, task_id, module_inst_id, status, task_completing_time) VALUES (3091, 17, 267, 0, '265');
INSERT INTO recordings (recording_id, task_inst_id, file_path) VALUES (3091, 3091, 'recordings/eval_54_mod_2_task_3091.wav');
INSERT INTO task_instances (task_inst_id, task_id, module_inst_id, status, task_completing_time) VALUES (3092, 18, 267, 1, '169');
INSERT INTO recordings (recording_id, task_inst_id, file_path) VALUES (3092, 3092, 'recordings/eval_54_mod_2_task_3092.wav');
INSERT INTO task_instances (task_inst_id, task_id, module_inst_id, status, task_completing_time) VALUES (3093, 19, 267, 1, '195');
INSERT INTO recordings (recording_id, task_inst_id, file_path) VALUES (3093, 3093, 'recordings/eval_54_mod_2_task_3093.wav');
INSERT INTO task_instances (task_inst_id, task_id, module_inst_id, status, task_completing_time) VALUES (3094, 20, 267, 1, '248');
INSERT INTO recordings (recording_id, task_inst_id, file_path) VALUES (3094, 3094, 'recordings/eval_54_mod_2_task_3094.wav');
INSERT INTO task_instances (task_inst_id, task_id, module_inst_id, status, task_completing_time) VALUES (3095, 21, 267, 1, '43');
INSERT INTO recordings (recording_id, task_inst_id, file_path) VALUES (3095, 3095, 'recordings/eval_54_mod_2_task_3095.wav');
INSERT INTO task_instances (task_inst_id, task_id, module_inst_id, status, task_completing_time) VALUES (3096, 22, 267, 1, '239');
INSERT INTO recordings (recording_id, task_inst_id, file_path) VALUES (3096, 3096, 'recordings/eval_54_mod_2_task_3096.wav');
INSERT INTO task_instances (task_inst_id, task_id, module_inst_id, status, task_completing_time) VALUES (3097, 23, 267, 1, '10');
INSERT INTO recordings (recording_id, task_inst_id, file_path) VALUES (3097, 3097, 'recordings/eval_54_mod_2_task_3097.wav');
INSERT INTO task_instances (task_inst_id, task_id, module_inst_id, status, task_completing_time) VALUES (3098, 24, 267, 1, '288');
INSERT INTO recordings (recording_id, task_inst_id, file_path) VALUES (3098, 3098, 'recordings/eval_54_mod_2_task_3098.wav');
INSERT INTO task_instances (task_inst_id, task_id, module_inst_id, status, task_completing_time) VALUES (3099, 25, 267, 0, '35');
INSERT INTO recordings (recording_id, task_inst_id, file_path) VALUES (3099, 3099, 'recordings/eval_54_mod_2_task_3099.wav');
INSERT INTO task_instances (task_inst_id, task_id, module_inst_id, status, task_completing_time) VALUES (3100, 26, 267, 1, '221');
INSERT INTO recordings (recording_id, task_inst_id, file_path) VALUES (3100, 3100, 'recordings/eval_54_mod_2_task_3100.wav');
INSERT INTO task_instances (task_inst_id, task_id, module_inst_id, status, task_completing_time) VALUES (3101, 27, 267, 1, '277');
INSERT INTO recordings (recording_id, task_inst_id, file_path) VALUES (3101, 3101, 'recordings/eval_54_mod_2_task_3101.wav');
INSERT INTO task_instances (task_inst_id, task_id, module_inst_id, status, task_completing_time) VALUES (3102, 28, 267, 0, '240');
INSERT INTO recordings (recording_id, task_inst_id, file_path) VALUES (3102, 3102, 'recordings/eval_54_mod_2_task_3102.wav');
INSERT INTO task_instances (task_inst_id, task_id, module_inst_id, status, task_completing_time) VALUES (3103, 29, 267, 1, '252');
INSERT INTO recordings (recording_id, task_inst_id, file_path) VALUES (3103, 3103, 'recordings/eval_54_mod_2_task_3103.wav');
INSERT INTO task_instances (task_inst_id, task_id, module_inst_id, status, task_completing_time) VALUES (3104, 30, 267, 1, '12');
INSERT INTO recordings (recording_id, task_inst_id, file_path) VALUES (3104, 3104, 'recordings/eval_54_mod_2_task_3104.wav');
INSERT INTO task_instances (task_inst_id, task_id, module_inst_id, status, task_completing_time) VALUES (3105, 31, 267, 1, '228');
INSERT INTO recordings (recording_id, task_inst_id, file_path) VALUES (3105, 3105, 'recordings/eval_54_mod_2_task_3105.wav');
INSERT INTO task_instances (task_inst_id, task_id, module_inst_id, status, task_completing_time) VALUES (3106, 32, 267, 1, '211');
INSERT INTO recordings (recording_id, task_inst_id, file_path) VALUES (3106, 3106, 'recordings/eval_54_mod_2_task_3106.wav');
INSERT INTO task_instances (task_inst_id, task_id, module_inst_id, status, task_completing_time) VALUES (3107, 33, 267, 1, '282');
INSERT INTO recordings (recording_id, task_inst_id, file_path) VALUES (3107, 3107, 'recordings/eval_54_mod_2_task_3107.wav');
INSERT INTO task_instances (task_inst_id, task_id, module_inst_id, status, task_completing_time) VALUES (3108, 34, 267, 0, '130');
INSERT INTO recordings (recording_id, task_inst_id, file_path) VALUES (3108, 3108, 'recordings/eval_54_mod_2_task_3108.wav');
INSERT INTO task_instances (task_inst_id, task_id, module_inst_id, status, task_completing_time) VALUES (3109, 35, 267, 1, '28');
INSERT INTO recordings (recording_id, task_inst_id, file_path) VALUES (3109, 3109, 'recordings/eval_54_mod_2_task_3109.wav');
INSERT INTO task_instances (task_inst_id, task_id, module_inst_id, status, task_completing_time) VALUES (3110, 36, 267, 0, '68');
INSERT INTO recordings (recording_id, task_inst_id, file_path) VALUES (3110, 3110, 'recordings/eval_54_mod_2_task_3110.wav');
INSERT INTO task_instances (task_inst_id, task_id, module_inst_id, status, task_completing_time) VALUES (3111, 37, 267, 1, '231');
INSERT INTO recordings (recording_id, task_inst_id, file_path) VALUES (3111, 3111, 'recordings/eval_54_mod_2_task_3111.wav');
INSERT INTO module_instances (module_inst_id, module_id, evaluation_id, status) VALUES (268, 3, 54, 1);
INSERT INTO task_instances (task_inst_id, task_id, module_inst_id, status, task_completing_time) VALUES (3112, 38, 268, 1, '55');
INSERT INTO recordings (recording_id, task_inst_id, file_path) VALUES (3112, 3112, 'recordings/eval_54_mod_3_task_3112.wav');
INSERT INTO task_instances (task_inst_id, task_id, module_inst_id, status, task_completing_time) VALUES (3113, 39, 268, 1, '76');
INSERT INTO recordings (recording_id, task_inst_id, file_path) VALUES (3113, 3113, 'recordings/eval_54_mod_3_task_3113.wav');
INSERT INTO task_instances (task_inst_id, task_id, module_inst_id, status, task_completing_time) VALUES (3114, 40, 268, 1, '132');
INSERT INTO recordings (recording_id, task_inst_id, file_path) VALUES (3114, 3114, 'recordings/eval_54_mod_3_task_3114.wav');
INSERT INTO task_instances (task_inst_id, task_id, module_inst_id, status, task_completing_time) VALUES (3115, 41, 268, 1, '237');
INSERT INTO recordings (recording_id, task_inst_id, file_path) VALUES (3115, 3115, 'recordings/eval_54_mod_3_task_3115.wav');
INSERT INTO task_instances (task_inst_id, task_id, module_inst_id, status, task_completing_time) VALUES (3116, 42, 268, 1, '68');
INSERT INTO recordings (recording_id, task_inst_id, file_path) VALUES (3116, 3116, 'recordings/eval_54_mod_3_task_3116.wav');
INSERT INTO task_instances (task_inst_id, task_id, module_inst_id, status, task_completing_time) VALUES (3117, 43, 268, 1, '146');
INSERT INTO recordings (recording_id, task_inst_id, file_path) VALUES (3117, 3117, 'recordings/eval_54_mod_3_task_3117.wav');
INSERT INTO task_instances (task_inst_id, task_id, module_inst_id, status, task_completing_time) VALUES (3118, 44, 268, 1, '45');
INSERT INTO recordings (recording_id, task_inst_id, file_path) VALUES (3118, 3118, 'recordings/eval_54_mod_3_task_3118.wav');
INSERT INTO task_instances (task_inst_id, task_id, module_inst_id, status, task_completing_time) VALUES (3119, 45, 268, 1, '260');
INSERT INTO recordings (recording_id, task_inst_id, file_path) VALUES (3119, 3119, 'recordings/eval_54_mod_3_task_3119.wav');
INSERT INTO task_instances (task_inst_id, task_id, module_inst_id, status, task_completing_time) VALUES (3120, 46, 268, 0, '227');
INSERT INTO recordings (recording_id, task_inst_id, file_path) VALUES (3120, 3120, 'recordings/eval_54_mod_3_task_3120.wav');
INSERT INTO module_instances (module_inst_id, module_id, evaluation_id, status) VALUES (269, 4, 54, 3);
INSERT INTO task_instances (task_inst_id, task_id, module_inst_id, status, task_completing_time) VALUES (3121, 47, 269, 1, '36');
INSERT INTO recordings (recording_id, task_inst_id, file_path) VALUES (3121, 3121, 'recordings/eval_54_mod_4_task_3121.wav');
INSERT INTO task_instances (task_inst_id, task_id, module_inst_id, status, task_completing_time) VALUES (3122, 48, 269, 1, '21');
INSERT INTO recordings (recording_id, task_inst_id, file_path) VALUES (3122, 3122, 'recordings/eval_54_mod_4_task_3122.wav');
INSERT INTO task_instances (task_inst_id, task_id, module_inst_id, status, task_completing_time) VALUES (3123, 49, 269, 1, '261');
INSERT INTO recordings (recording_id, task_inst_id, file_path) VALUES (3123, 3123, 'recordings/eval_54_mod_4_task_3123.wav');
INSERT INTO task_instances (task_inst_id, task_id, module_inst_id, status, task_completing_time) VALUES (3124, 50, 269, 0, '149');
INSERT INTO recordings (recording_id, task_inst_id, file_path) VALUES (3124, 3124, 'recordings/eval_54_mod_4_task_3124.wav');
INSERT INTO task_instances (task_inst_id, task_id, module_inst_id, status, task_completing_time) VALUES (3125, 51, 269, 1, '48');
INSERT INTO recordings (recording_id, task_inst_id, file_path) VALUES (3125, 3125, 'recordings/eval_54_mod_4_task_3125.wav');
INSERT INTO task_instances (task_inst_id, task_id, module_inst_id, status, task_completing_time) VALUES (3126, 52, 269, 0, '273');
INSERT INTO recordings (recording_id, task_inst_id, file_path) VALUES (3126, 3126, 'recordings/eval_54_mod_4_task_3126.wav');
INSERT INTO task_instances (task_inst_id, task_id, module_inst_id, status, task_completing_time) VALUES (3127, 53, 269, 1, '98');
INSERT INTO recordings (recording_id, task_inst_id, file_path) VALUES (3127, 3127, 'recordings/eval_54_mod_4_task_3127.wav');
INSERT INTO task_instances (task_inst_id, task_id, module_inst_id, status, task_completing_time) VALUES (3128, 54, 269, 1, '298');
INSERT INTO recordings (recording_id, task_inst_id, file_path) VALUES (3128, 3128, 'recordings/eval_54_mod_4_task_3128.wav');
INSERT INTO task_instances (task_inst_id, task_id, module_inst_id, status, task_completing_time) VALUES (3129, 55, 269, 1, '205');
INSERT INTO recordings (recording_id, task_inst_id, file_path) VALUES (3129, 3129, 'recordings/eval_54_mod_4_task_3129.wav');
INSERT INTO task_instances (task_inst_id, task_id, module_inst_id, status, task_completing_time) VALUES (3130, 56, 269, 1, '25');
INSERT INTO recordings (recording_id, task_inst_id, file_path) VALUES (3130, 3130, 'recordings/eval_54_mod_4_task_3130.wav');
INSERT INTO module_instances (module_inst_id, module_id, evaluation_id, status) VALUES (270, 9001, 54, 3);
INSERT INTO task_instances (task_inst_id, task_id, module_inst_id, status, task_completing_time) VALUES (3131, 9001, 270, 1, '5');
INSERT INTO recordings (recording_id, task_inst_id, file_path) VALUES (3131, 3131, 'recordings/eval_54_mod_9001_task_3131.wav');
INSERT INTO task_instances (task_inst_id, task_id, module_inst_id, status, task_completing_time) VALUES (3132, 9002, 270, 0, '166');
INSERT INTO recordings (recording_id, task_inst_id, file_path) VALUES (3132, 3132, 'recordings/eval_54_mod_9001_task_3132.wav');
INSERT INTO participants (participant_id, name, surname, education_level, sex, birth_date, laterality) VALUES (55, 'udHk5dbgUIKheSwJhN8UCA==', 'qtXk7N6ZOoCjey4Lht0WCg==', 4, 2, '1949-03-17', 1);
INSERT INTO evaluations (evaluation_id, evaluation_date, evaluator_id, participant_id, status, language) VALUES (55, '2025-08-02 13:53:00', 8, 55, 3, 1);
INSERT INTO module_instances (module_inst_id, module_id, evaluation_id, status) VALUES (271, 1, 55, 2);
INSERT INTO task_instances (task_inst_id, task_id, module_inst_id, status, task_completing_time) VALUES (3133, 1, 271, 1, '10');
INSERT INTO recordings (recording_id, task_inst_id, file_path) VALUES (3133, 3133, 'recordings/eval_55_mod_1_task_3133.wav');
INSERT INTO task_instances (task_inst_id, task_id, module_inst_id, status, task_completing_time) VALUES (3134, 2, 271, 1, '81');
INSERT INTO recordings (recording_id, task_inst_id, file_path) VALUES (3134, 3134, 'recordings/eval_55_mod_1_task_3134.wav');
INSERT INTO task_instances (task_inst_id, task_id, module_inst_id, status, task_completing_time) VALUES (3135, 3, 271, 0, '136');
INSERT INTO recordings (recording_id, task_inst_id, file_path) VALUES (3135, 3135, 'recordings/eval_55_mod_1_task_3135.wav');
INSERT INTO task_instances (task_inst_id, task_id, module_inst_id, status, task_completing_time) VALUES (3136, 4, 271, 0, '42');
INSERT INTO recordings (recording_id, task_inst_id, file_path) VALUES (3136, 3136, 'recordings/eval_55_mod_1_task_3136.wav');
INSERT INTO task_instances (task_inst_id, task_id, module_inst_id, status, task_completing_time) VALUES (3137, 5, 271, 1, '263');
INSERT INTO recordings (recording_id, task_inst_id, file_path) VALUES (3137, 3137, 'recordings/eval_55_mod_1_task_3137.wav');
INSERT INTO task_instances (task_inst_id, task_id, module_inst_id, status, task_completing_time) VALUES (3138, 6, 271, 0, '96');
INSERT INTO recordings (recording_id, task_inst_id, file_path) VALUES (3138, 3138, 'recordings/eval_55_mod_1_task_3138.wav');
INSERT INTO task_instances (task_inst_id, task_id, module_inst_id, status, task_completing_time) VALUES (3139, 7, 271, 1, '99');
INSERT INTO recordings (recording_id, task_inst_id, file_path) VALUES (3139, 3139, 'recordings/eval_55_mod_1_task_3139.wav');
INSERT INTO task_instances (task_inst_id, task_id, module_inst_id, status, task_completing_time) VALUES (3140, 8, 271, 1, '208');
INSERT INTO recordings (recording_id, task_inst_id, file_path) VALUES (3140, 3140, 'recordings/eval_55_mod_1_task_3140.wav');
INSERT INTO task_instances (task_inst_id, task_id, module_inst_id, status, task_completing_time) VALUES (3141, 9, 271, 1, '223');
INSERT INTO recordings (recording_id, task_inst_id, file_path) VALUES (3141, 3141, 'recordings/eval_55_mod_1_task_3141.wav');
INSERT INTO task_instances (task_inst_id, task_id, module_inst_id, status, task_completing_time) VALUES (3142, 10, 271, 1, '25');
INSERT INTO recordings (recording_id, task_inst_id, file_path) VALUES (3142, 3142, 'recordings/eval_55_mod_1_task_3142.wav');
INSERT INTO module_instances (module_inst_id, module_id, evaluation_id, status) VALUES (272, 2, 55, 3);
INSERT INTO task_instances (task_inst_id, task_id, module_inst_id, status, task_completing_time) VALUES (3143, 11, 272, 1, '43');
INSERT INTO recordings (recording_id, task_inst_id, file_path) VALUES (3143, 3143, 'recordings/eval_55_mod_2_task_3143.wav');
INSERT INTO task_instances (task_inst_id, task_id, module_inst_id, status, task_completing_time) VALUES (3144, 12, 272, 1, '42');
INSERT INTO recordings (recording_id, task_inst_id, file_path) VALUES (3144, 3144, 'recordings/eval_55_mod_2_task_3144.wav');
INSERT INTO task_instances (task_inst_id, task_id, module_inst_id, status, task_completing_time) VALUES (3145, 13, 272, 1, '20');
INSERT INTO recordings (recording_id, task_inst_id, file_path) VALUES (3145, 3145, 'recordings/eval_55_mod_2_task_3145.wav');
INSERT INTO task_instances (task_inst_id, task_id, module_inst_id, status, task_completing_time) VALUES (3146, 14, 272, 1, '50');
INSERT INTO recordings (recording_id, task_inst_id, file_path) VALUES (3146, 3146, 'recordings/eval_55_mod_2_task_3146.wav');
INSERT INTO task_instances (task_inst_id, task_id, module_inst_id, status, task_completing_time) VALUES (3147, 15, 272, 1, '25');
INSERT INTO recordings (recording_id, task_inst_id, file_path) VALUES (3147, 3147, 'recordings/eval_55_mod_2_task_3147.wav');
INSERT INTO task_instances (task_inst_id, task_id, module_inst_id, status, task_completing_time) VALUES (3148, 16, 272, 1, '77');
INSERT INTO recordings (recording_id, task_inst_id, file_path) VALUES (3148, 3148, 'recordings/eval_55_mod_2_task_3148.wav');
INSERT INTO task_instances (task_inst_id, task_id, module_inst_id, status, task_completing_time) VALUES (3149, 17, 272, 1, '178');
INSERT INTO recordings (recording_id, task_inst_id, file_path) VALUES (3149, 3149, 'recordings/eval_55_mod_2_task_3149.wav');
INSERT INTO task_instances (task_inst_id, task_id, module_inst_id, status, task_completing_time) VALUES (3150, 18, 272, 1, '243');
INSERT INTO recordings (recording_id, task_inst_id, file_path) VALUES (3150, 3150, 'recordings/eval_55_mod_2_task_3150.wav');
INSERT INTO task_instances (task_inst_id, task_id, module_inst_id, status, task_completing_time) VALUES (3151, 19, 272, 1, '34');
INSERT INTO recordings (recording_id, task_inst_id, file_path) VALUES (3151, 3151, 'recordings/eval_55_mod_2_task_3151.wav');
INSERT INTO task_instances (task_inst_id, task_id, module_inst_id, status, task_completing_time) VALUES (3152, 20, 272, 1, '109');
INSERT INTO recordings (recording_id, task_inst_id, file_path) VALUES (3152, 3152, 'recordings/eval_55_mod_2_task_3152.wav');
INSERT INTO task_instances (task_inst_id, task_id, module_inst_id, status, task_completing_time) VALUES (3153, 21, 272, 1, '9');
INSERT INTO recordings (recording_id, task_inst_id, file_path) VALUES (3153, 3153, 'recordings/eval_55_mod_2_task_3153.wav');
INSERT INTO task_instances (task_inst_id, task_id, module_inst_id, status, task_completing_time) VALUES (3154, 22, 272, 1, '105');
INSERT INTO recordings (recording_id, task_inst_id, file_path) VALUES (3154, 3154, 'recordings/eval_55_mod_2_task_3154.wav');
INSERT INTO task_instances (task_inst_id, task_id, module_inst_id, status, task_completing_time) VALUES (3155, 23, 272, 1, '22');
INSERT INTO recordings (recording_id, task_inst_id, file_path) VALUES (3155, 3155, 'recordings/eval_55_mod_2_task_3155.wav');
INSERT INTO task_instances (task_inst_id, task_id, module_inst_id, status, task_completing_time) VALUES (3156, 24, 272, 0, '55');
INSERT INTO recordings (recording_id, task_inst_id, file_path) VALUES (3156, 3156, 'recordings/eval_55_mod_2_task_3156.wav');
INSERT INTO task_instances (task_inst_id, task_id, module_inst_id, status, task_completing_time) VALUES (3157, 25, 272, 1, '28');
INSERT INTO recordings (recording_id, task_inst_id, file_path) VALUES (3157, 3157, 'recordings/eval_55_mod_2_task_3157.wav');
INSERT INTO task_instances (task_inst_id, task_id, module_inst_id, status, task_completing_time) VALUES (3158, 26, 272, 1, '296');
INSERT INTO recordings (recording_id, task_inst_id, file_path) VALUES (3158, 3158, 'recordings/eval_55_mod_2_task_3158.wav');
INSERT INTO task_instances (task_inst_id, task_id, module_inst_id, status, task_completing_time) VALUES (3159, 27, 272, 0, '230');
INSERT INTO recordings (recording_id, task_inst_id, file_path) VALUES (3159, 3159, 'recordings/eval_55_mod_2_task_3159.wav');
INSERT INTO task_instances (task_inst_id, task_id, module_inst_id, status, task_completing_time) VALUES (3160, 28, 272, 1, '145');
INSERT INTO recordings (recording_id, task_inst_id, file_path) VALUES (3160, 3160, 'recordings/eval_55_mod_2_task_3160.wav');
INSERT INTO task_instances (task_inst_id, task_id, module_inst_id, status, task_completing_time) VALUES (3161, 29, 272, 1, '181');
INSERT INTO recordings (recording_id, task_inst_id, file_path) VALUES (3161, 3161, 'recordings/eval_55_mod_2_task_3161.wav');
INSERT INTO task_instances (task_inst_id, task_id, module_inst_id, status, task_completing_time) VALUES (3162, 30, 272, 1, '32');
INSERT INTO recordings (recording_id, task_inst_id, file_path) VALUES (3162, 3162, 'recordings/eval_55_mod_2_task_3162.wav');
INSERT INTO task_instances (task_inst_id, task_id, module_inst_id, status, task_completing_time) VALUES (3163, 31, 272, 1, '231');
INSERT INTO recordings (recording_id, task_inst_id, file_path) VALUES (3163, 3163, 'recordings/eval_55_mod_2_task_3163.wav');
INSERT INTO task_instances (task_inst_id, task_id, module_inst_id, status, task_completing_time) VALUES (3164, 32, 272, 0, '245');
INSERT INTO recordings (recording_id, task_inst_id, file_path) VALUES (3164, 3164, 'recordings/eval_55_mod_2_task_3164.wav');
INSERT INTO task_instances (task_inst_id, task_id, module_inst_id, status, task_completing_time) VALUES (3165, 33, 272, 0, '33');
INSERT INTO recordings (recording_id, task_inst_id, file_path) VALUES (3165, 3165, 'recordings/eval_55_mod_2_task_3165.wav');
INSERT INTO task_instances (task_inst_id, task_id, module_inst_id, status, task_completing_time) VALUES (3166, 34, 272, 1, '72');
INSERT INTO recordings (recording_id, task_inst_id, file_path) VALUES (3166, 3166, 'recordings/eval_55_mod_2_task_3166.wav');
INSERT INTO task_instances (task_inst_id, task_id, module_inst_id, status, task_completing_time) VALUES (3167, 35, 272, 1, '141');
INSERT INTO recordings (recording_id, task_inst_id, file_path) VALUES (3167, 3167, 'recordings/eval_55_mod_2_task_3167.wav');
INSERT INTO task_instances (task_inst_id, task_id, module_inst_id, status, task_completing_time) VALUES (3168, 36, 272, 0, '223');
INSERT INTO recordings (recording_id, task_inst_id, file_path) VALUES (3168, 3168, 'recordings/eval_55_mod_2_task_3168.wav');
INSERT INTO task_instances (task_inst_id, task_id, module_inst_id, status, task_completing_time) VALUES (3169, 37, 272, 1, '29');
INSERT INTO recordings (recording_id, task_inst_id, file_path) VALUES (3169, 3169, 'recordings/eval_55_mod_2_task_3169.wav');
INSERT INTO module_instances (module_inst_id, module_id, evaluation_id, status) VALUES (273, 3, 55, 3);
INSERT INTO task_instances (task_inst_id, task_id, module_inst_id, status, task_completing_time) VALUES (3170, 38, 273, 1, '6');
INSERT INTO recordings (recording_id, task_inst_id, file_path) VALUES (3170, 3170, 'recordings/eval_55_mod_3_task_3170.wav');
INSERT INTO task_instances (task_inst_id, task_id, module_inst_id, status, task_completing_time) VALUES (3171, 39, 273, 1, '223');
INSERT INTO recordings (recording_id, task_inst_id, file_path) VALUES (3171, 3171, 'recordings/eval_55_mod_3_task_3171.wav');
INSERT INTO task_instances (task_inst_id, task_id, module_inst_id, status, task_completing_time) VALUES (3172, 40, 273, 1, '161');
INSERT INTO recordings (recording_id, task_inst_id, file_path) VALUES (3172, 3172, 'recordings/eval_55_mod_3_task_3172.wav');
INSERT INTO task_instances (task_inst_id, task_id, module_inst_id, status, task_completing_time) VALUES (3173, 41, 273, 1, '99');
INSERT INTO recordings (recording_id, task_inst_id, file_path) VALUES (3173, 3173, 'recordings/eval_55_mod_3_task_3173.wav');
INSERT INTO task_instances (task_inst_id, task_id, module_inst_id, status, task_completing_time) VALUES (3174, 42, 273, 1, '193');
INSERT INTO recordings (recording_id, task_inst_id, file_path) VALUES (3174, 3174, 'recordings/eval_55_mod_3_task_3174.wav');
INSERT INTO task_instances (task_inst_id, task_id, module_inst_id, status, task_completing_time) VALUES (3175, 43, 273, 0, '115');
INSERT INTO recordings (recording_id, task_inst_id, file_path) VALUES (3175, 3175, 'recordings/eval_55_mod_3_task_3175.wav');
INSERT INTO task_instances (task_inst_id, task_id, module_inst_id, status, task_completing_time) VALUES (3176, 44, 273, 1, '196');
INSERT INTO recordings (recording_id, task_inst_id, file_path) VALUES (3176, 3176, 'recordings/eval_55_mod_3_task_3176.wav');
INSERT INTO task_instances (task_inst_id, task_id, module_inst_id, status, task_completing_time) VALUES (3177, 45, 273, 1, '109');
INSERT INTO recordings (recording_id, task_inst_id, file_path) VALUES (3177, 3177, 'recordings/eval_55_mod_3_task_3177.wav');
INSERT INTO task_instances (task_inst_id, task_id, module_inst_id, status, task_completing_time) VALUES (3178, 46, 273, 0, '254');
INSERT INTO recordings (recording_id, task_inst_id, file_path) VALUES (3178, 3178, 'recordings/eval_55_mod_3_task_3178.wav');
INSERT INTO module_instances (module_inst_id, module_id, evaluation_id, status) VALUES (274, 4, 55, 3);
INSERT INTO task_instances (task_inst_id, task_id, module_inst_id, status, task_completing_time) VALUES (3179, 47, 274, 1, '51');
INSERT INTO recordings (recording_id, task_inst_id, file_path) VALUES (3179, 3179, 'recordings/eval_55_mod_4_task_3179.wav');
INSERT INTO task_instances (task_inst_id, task_id, module_inst_id, status, task_completing_time) VALUES (3180, 48, 274, 1, '261');
INSERT INTO recordings (recording_id, task_inst_id, file_path) VALUES (3180, 3180, 'recordings/eval_55_mod_4_task_3180.wav');
INSERT INTO task_instances (task_inst_id, task_id, module_inst_id, status, task_completing_time) VALUES (3181, 49, 274, 1, '275');
INSERT INTO recordings (recording_id, task_inst_id, file_path) VALUES (3181, 3181, 'recordings/eval_55_mod_4_task_3181.wav');
INSERT INTO task_instances (task_inst_id, task_id, module_inst_id, status, task_completing_time) VALUES (3182, 50, 274, 1, '280');
INSERT INTO recordings (recording_id, task_inst_id, file_path) VALUES (3182, 3182, 'recordings/eval_55_mod_4_task_3182.wav');
INSERT INTO task_instances (task_inst_id, task_id, module_inst_id, status, task_completing_time) VALUES (3183, 51, 274, 1, '220');
INSERT INTO recordings (recording_id, task_inst_id, file_path) VALUES (3183, 3183, 'recordings/eval_55_mod_4_task_3183.wav');
INSERT INTO task_instances (task_inst_id, task_id, module_inst_id, status, task_completing_time) VALUES (3184, 52, 274, 1, '82');
INSERT INTO recordings (recording_id, task_inst_id, file_path) VALUES (3184, 3184, 'recordings/eval_55_mod_4_task_3184.wav');
INSERT INTO task_instances (task_inst_id, task_id, module_inst_id, status, task_completing_time) VALUES (3185, 53, 274, 1, '231');
INSERT INTO recordings (recording_id, task_inst_id, file_path) VALUES (3185, 3185, 'recordings/eval_55_mod_4_task_3185.wav');
INSERT INTO task_instances (task_inst_id, task_id, module_inst_id, status, task_completing_time) VALUES (3186, 54, 274, 1, '81');
INSERT INTO recordings (recording_id, task_inst_id, file_path) VALUES (3186, 3186, 'recordings/eval_55_mod_4_task_3186.wav');
INSERT INTO task_instances (task_inst_id, task_id, module_inst_id, status, task_completing_time) VALUES (3187, 55, 274, 1, '77');
INSERT INTO recordings (recording_id, task_inst_id, file_path) VALUES (3187, 3187, 'recordings/eval_55_mod_4_task_3187.wav');
INSERT INTO task_instances (task_inst_id, task_id, module_inst_id, status, task_completing_time) VALUES (3188, 56, 274, 1, '24');
INSERT INTO recordings (recording_id, task_inst_id, file_path) VALUES (3188, 3188, 'recordings/eval_55_mod_4_task_3188.wav');
INSERT INTO module_instances (module_inst_id, module_id, evaluation_id, status) VALUES (275, 9001, 55, 3);
INSERT INTO task_instances (task_inst_id, task_id, module_inst_id, status, task_completing_time) VALUES (3189, 9001, 275, 1, '52');
INSERT INTO recordings (recording_id, task_inst_id, file_path) VALUES (3189, 3189, 'recordings/eval_55_mod_9001_task_3189.wav');
INSERT INTO task_instances (task_inst_id, task_id, module_inst_id, status, task_completing_time) VALUES (3190, 9002, 275, 1, '209');
INSERT INTO recordings (recording_id, task_inst_id, file_path) VALUES (3190, 3190, 'recordings/eval_55_mod_9001_task_3190.wav');
INSERT INTO participants (participant_id, name, surname, education_level, sex, birth_date, laterality) VALUES (56, 'vdH0+96ON+iiei8Kh9wXCw==', 'qd/j89bgUIKheSwJhN8UCA==', 4, 2, '1975-03-17', 2);
INSERT INTO evaluations (evaluation_id, evaluation_date, evaluator_id, participant_id, status, language) VALUES (56, '2025-09-29 13:37:00', 8, 56, 3, 2);
INSERT INTO module_instances (module_inst_id, module_id, evaluation_id, status) VALUES (276, 1, 56, 3);
INSERT INTO task_instances (task_inst_id, task_id, module_inst_id, status, task_completing_time) VALUES (3191, 1, 276, 1, '53');
INSERT INTO recordings (recording_id, task_inst_id, file_path) VALUES (3191, 3191, 'recordings/eval_56_mod_1_task_3191.wav');
INSERT INTO task_instances (task_inst_id, task_id, module_inst_id, status, task_completing_time) VALUES (3192, 2, 276, 0, '108');
INSERT INTO recordings (recording_id, task_inst_id, file_path) VALUES (3192, 3192, 'recordings/eval_56_mod_1_task_3192.wav');
INSERT INTO task_instances (task_inst_id, task_id, module_inst_id, status, task_completing_time) VALUES (3193, 3, 276, 1, '204');
INSERT INTO recordings (recording_id, task_inst_id, file_path) VALUES (3193, 3193, 'recordings/eval_56_mod_1_task_3193.wav');
INSERT INTO task_instances (task_inst_id, task_id, module_inst_id, status, task_completing_time) VALUES (3194, 4, 276, 1, '132');
INSERT INTO recordings (recording_id, task_inst_id, file_path) VALUES (3194, 3194, 'recordings/eval_56_mod_1_task_3194.wav');
INSERT INTO task_instances (task_inst_id, task_id, module_inst_id, status, task_completing_time) VALUES (3195, 5, 276, 0, '290');
INSERT INTO recordings (recording_id, task_inst_id, file_path) VALUES (3195, 3195, 'recordings/eval_56_mod_1_task_3195.wav');
INSERT INTO task_instances (task_inst_id, task_id, module_inst_id, status, task_completing_time) VALUES (3196, 6, 276, 1, '50');
INSERT INTO recordings (recording_id, task_inst_id, file_path) VALUES (3196, 3196, 'recordings/eval_56_mod_1_task_3196.wav');
INSERT INTO task_instances (task_inst_id, task_id, module_inst_id, status, task_completing_time) VALUES (3197, 7, 276, 0, '142');
INSERT INTO recordings (recording_id, task_inst_id, file_path) VALUES (3197, 3197, 'recordings/eval_56_mod_1_task_3197.wav');
INSERT INTO task_instances (task_inst_id, task_id, module_inst_id, status, task_completing_time) VALUES (3198, 8, 276, 1, '255');
INSERT INTO recordings (recording_id, task_inst_id, file_path) VALUES (3198, 3198, 'recordings/eval_56_mod_1_task_3198.wav');
INSERT INTO task_instances (task_inst_id, task_id, module_inst_id, status, task_completing_time) VALUES (3199, 9, 276, 0, '55');
INSERT INTO recordings (recording_id, task_inst_id, file_path) VALUES (3199, 3199, 'recordings/eval_56_mod_1_task_3199.wav');
INSERT INTO task_instances (task_inst_id, task_id, module_inst_id, status, task_completing_time) VALUES (3200, 10, 276, 1, '133');
INSERT INTO recordings (recording_id, task_inst_id, file_path) VALUES (3200, 3200, 'recordings/eval_56_mod_1_task_3200.wav');
INSERT INTO module_instances (module_inst_id, module_id, evaluation_id, status) VALUES (277, 2, 56, 2);
INSERT INTO task_instances (task_inst_id, task_id, module_inst_id, status, task_completing_time) VALUES (3201, 11, 277, 1, '11');
INSERT INTO recordings (recording_id, task_inst_id, file_path) VALUES (3201, 3201, 'recordings/eval_56_mod_2_task_3201.wav');
INSERT INTO task_instances (task_inst_id, task_id, module_inst_id, status, task_completing_time) VALUES (3202, 12, 277, 1, '141');
INSERT INTO recordings (recording_id, task_inst_id, file_path) VALUES (3202, 3202, 'recordings/eval_56_mod_2_task_3202.wav');
INSERT INTO task_instances (task_inst_id, task_id, module_inst_id, status, task_completing_time) VALUES (3203, 13, 277, 1, '118');
INSERT INTO recordings (recording_id, task_inst_id, file_path) VALUES (3203, 3203, 'recordings/eval_56_mod_2_task_3203.wav');
INSERT INTO task_instances (task_inst_id, task_id, module_inst_id, status, task_completing_time) VALUES (3204, 14, 277, 0, '138');
INSERT INTO recordings (recording_id, task_inst_id, file_path) VALUES (3204, 3204, 'recordings/eval_56_mod_2_task_3204.wav');
INSERT INTO task_instances (task_inst_id, task_id, module_inst_id, status, task_completing_time) VALUES (3205, 15, 277, 0, '56');
INSERT INTO recordings (recording_id, task_inst_id, file_path) VALUES (3205, 3205, 'recordings/eval_56_mod_2_task_3205.wav');
INSERT INTO task_instances (task_inst_id, task_id, module_inst_id, status, task_completing_time) VALUES (3206, 16, 277, 1, '284');
INSERT INTO recordings (recording_id, task_inst_id, file_path) VALUES (3206, 3206, 'recordings/eval_56_mod_2_task_3206.wav');
INSERT INTO task_instances (task_inst_id, task_id, module_inst_id, status, task_completing_time) VALUES (3207, 17, 277, 1, '68');
INSERT INTO recordings (recording_id, task_inst_id, file_path) VALUES (3207, 3207, 'recordings/eval_56_mod_2_task_3207.wav');
INSERT INTO task_instances (task_inst_id, task_id, module_inst_id, status, task_completing_time) VALUES (3208, 18, 277, 1, '82');
INSERT INTO recordings (recording_id, task_inst_id, file_path) VALUES (3208, 3208, 'recordings/eval_56_mod_2_task_3208.wav');
INSERT INTO task_instances (task_inst_id, task_id, module_inst_id, status, task_completing_time) VALUES (3209, 19, 277, 1, '163');
INSERT INTO recordings (recording_id, task_inst_id, file_path) VALUES (3209, 3209, 'recordings/eval_56_mod_2_task_3209.wav');
INSERT INTO task_instances (task_inst_id, task_id, module_inst_id, status, task_completing_time) VALUES (3210, 20, 277, 1, '282');
INSERT INTO recordings (recording_id, task_inst_id, file_path) VALUES (3210, 3210, 'recordings/eval_56_mod_2_task_3210.wav');
INSERT INTO task_instances (task_inst_id, task_id, module_inst_id, status, task_completing_time) VALUES (3211, 21, 277, 0, '21');
INSERT INTO recordings (recording_id, task_inst_id, file_path) VALUES (3211, 3211, 'recordings/eval_56_mod_2_task_3211.wav');
INSERT INTO task_instances (task_inst_id, task_id, module_inst_id, status, task_completing_time) VALUES (3212, 22, 277, 1, '141');
INSERT INTO recordings (recording_id, task_inst_id, file_path) VALUES (3212, 3212, 'recordings/eval_56_mod_2_task_3212.wav');
INSERT INTO task_instances (task_inst_id, task_id, module_inst_id, status, task_completing_time) VALUES (3213, 23, 277, 1, '56');
INSERT INTO recordings (recording_id, task_inst_id, file_path) VALUES (3213, 3213, 'recordings/eval_56_mod_2_task_3213.wav');
INSERT INTO task_instances (task_inst_id, task_id, module_inst_id, status, task_completing_time) VALUES (3214, 24, 277, 1, '257');
INSERT INTO recordings (recording_id, task_inst_id, file_path) VALUES (3214, 3214, 'recordings/eval_56_mod_2_task_3214.wav');
INSERT INTO task_instances (task_inst_id, task_id, module_inst_id, status, task_completing_time) VALUES (3215, 25, 277, 0, '34');
INSERT INTO recordings (recording_id, task_inst_id, file_path) VALUES (3215, 3215, 'recordings/eval_56_mod_2_task_3215.wav');
INSERT INTO task_instances (task_inst_id, task_id, module_inst_id, status, task_completing_time) VALUES (3216, 26, 277, 0, '273');
INSERT INTO recordings (recording_id, task_inst_id, file_path) VALUES (3216, 3216, 'recordings/eval_56_mod_2_task_3216.wav');
INSERT INTO task_instances (task_inst_id, task_id, module_inst_id, status, task_completing_time) VALUES (3217, 27, 277, 1, '203');
INSERT INTO recordings (recording_id, task_inst_id, file_path) VALUES (3217, 3217, 'recordings/eval_56_mod_2_task_3217.wav');
INSERT INTO task_instances (task_inst_id, task_id, module_inst_id, status, task_completing_time) VALUES (3218, 28, 277, 0, '65');
INSERT INTO recordings (recording_id, task_inst_id, file_path) VALUES (3218, 3218, 'recordings/eval_56_mod_2_task_3218.wav');
INSERT INTO task_instances (task_inst_id, task_id, module_inst_id, status, task_completing_time) VALUES (3219, 29, 277, 1, '170');
INSERT INTO recordings (recording_id, task_inst_id, file_path) VALUES (3219, 3219, 'recordings/eval_56_mod_2_task_3219.wav');
INSERT INTO task_instances (task_inst_id, task_id, module_inst_id, status, task_completing_time) VALUES (3220, 30, 277, 1, '56');
INSERT INTO recordings (recording_id, task_inst_id, file_path) VALUES (3220, 3220, 'recordings/eval_56_mod_2_task_3220.wav');
INSERT INTO task_instances (task_inst_id, task_id, module_inst_id, status, task_completing_time) VALUES (3221, 31, 277, 0, '76');
INSERT INTO recordings (recording_id, task_inst_id, file_path) VALUES (3221, 3221, 'recordings/eval_56_mod_2_task_3221.wav');
INSERT INTO task_instances (task_inst_id, task_id, module_inst_id, status, task_completing_time) VALUES (3222, 32, 277, 1, '212');
INSERT INTO recordings (recording_id, task_inst_id, file_path) VALUES (3222, 3222, 'recordings/eval_56_mod_2_task_3222.wav');
INSERT INTO task_instances (task_inst_id, task_id, module_inst_id, status, task_completing_time) VALUES (3223, 33, 277, 1, '95');
INSERT INTO recordings (recording_id, task_inst_id, file_path) VALUES (3223, 3223, 'recordings/eval_56_mod_2_task_3223.wav');
INSERT INTO task_instances (task_inst_id, task_id, module_inst_id, status, task_completing_time) VALUES (3224, 34, 277, 1, '298');
INSERT INTO recordings (recording_id, task_inst_id, file_path) VALUES (3224, 3224, 'recordings/eval_56_mod_2_task_3224.wav');
INSERT INTO task_instances (task_inst_id, task_id, module_inst_id, status, task_completing_time) VALUES (3225, 35, 277, 1, '100');
INSERT INTO recordings (recording_id, task_inst_id, file_path) VALUES (3225, 3225, 'recordings/eval_56_mod_2_task_3225.wav');
INSERT INTO task_instances (task_inst_id, task_id, module_inst_id, status, task_completing_time) VALUES (3226, 36, 277, 1, '274');
INSERT INTO recordings (recording_id, task_inst_id, file_path) VALUES (3226, 3226, 'recordings/eval_56_mod_2_task_3226.wav');
INSERT INTO task_instances (task_inst_id, task_id, module_inst_id, status, task_completing_time) VALUES (3227, 37, 277, 1, '126');
INSERT INTO recordings (recording_id, task_inst_id, file_path) VALUES (3227, 3227, 'recordings/eval_56_mod_2_task_3227.wav');
INSERT INTO module_instances (module_inst_id, module_id, evaluation_id, status) VALUES (278, 3, 56, 2);
INSERT INTO task_instances (task_inst_id, task_id, module_inst_id, status, task_completing_time) VALUES (3228, 38, 278, 1, '50');
INSERT INTO recordings (recording_id, task_inst_id, file_path) VALUES (3228, 3228, 'recordings/eval_56_mod_3_task_3228.wav');
INSERT INTO task_instances (task_inst_id, task_id, module_inst_id, status, task_completing_time) VALUES (3229, 39, 278, 1, '171');
INSERT INTO recordings (recording_id, task_inst_id, file_path) VALUES (3229, 3229, 'recordings/eval_56_mod_3_task_3229.wav');
INSERT INTO task_instances (task_inst_id, task_id, module_inst_id, status, task_completing_time) VALUES (3230, 40, 278, 1, '251');
INSERT INTO recordings (recording_id, task_inst_id, file_path) VALUES (3230, 3230, 'recordings/eval_56_mod_3_task_3230.wav');
INSERT INTO task_instances (task_inst_id, task_id, module_inst_id, status, task_completing_time) VALUES (3231, 41, 278, 1, '77');
INSERT INTO recordings (recording_id, task_inst_id, file_path) VALUES (3231, 3231, 'recordings/eval_56_mod_3_task_3231.wav');
INSERT INTO task_instances (task_inst_id, task_id, module_inst_id, status, task_completing_time) VALUES (3232, 42, 278, 1, '220');
INSERT INTO recordings (recording_id, task_inst_id, file_path) VALUES (3232, 3232, 'recordings/eval_56_mod_3_task_3232.wav');
INSERT INTO task_instances (task_inst_id, task_id, module_inst_id, status, task_completing_time) VALUES (3233, 43, 278, 0, '105');
INSERT INTO recordings (recording_id, task_inst_id, file_path) VALUES (3233, 3233, 'recordings/eval_56_mod_3_task_3233.wav');
INSERT INTO task_instances (task_inst_id, task_id, module_inst_id, status, task_completing_time) VALUES (3234, 44, 278, 1, '126');
INSERT INTO recordings (recording_id, task_inst_id, file_path) VALUES (3234, 3234, 'recordings/eval_56_mod_3_task_3234.wav');
INSERT INTO task_instances (task_inst_id, task_id, module_inst_id, status, task_completing_time) VALUES (3235, 45, 278, 1, '207');
INSERT INTO recordings (recording_id, task_inst_id, file_path) VALUES (3235, 3235, 'recordings/eval_56_mod_3_task_3235.wav');
INSERT INTO task_instances (task_inst_id, task_id, module_inst_id, status, task_completing_time) VALUES (3236, 46, 278, 1, '269');
INSERT INTO recordings (recording_id, task_inst_id, file_path) VALUES (3236, 3236, 'recordings/eval_56_mod_3_task_3236.wav');
INSERT INTO module_instances (module_inst_id, module_id, evaluation_id, status) VALUES (279, 4, 56, 3);
INSERT INTO task_instances (task_inst_id, task_id, module_inst_id, status, task_completing_time) VALUES (3237, 47, 279, 1, '33');
INSERT INTO recordings (recording_id, task_inst_id, file_path) VALUES (3237, 3237, 'recordings/eval_56_mod_4_task_3237.wav');
INSERT INTO task_instances (task_inst_id, task_id, module_inst_id, status, task_completing_time) VALUES (3238, 48, 279, 1, '154');
INSERT INTO recordings (recording_id, task_inst_id, file_path) VALUES (3238, 3238, 'recordings/eval_56_mod_4_task_3238.wav');
INSERT INTO task_instances (task_inst_id, task_id, module_inst_id, status, task_completing_time) VALUES (3239, 49, 279, 0, '198');
INSERT INTO recordings (recording_id, task_inst_id, file_path) VALUES (3239, 3239, 'recordings/eval_56_mod_4_task_3239.wav');
INSERT INTO task_instances (task_inst_id, task_id, module_inst_id, status, task_completing_time) VALUES (3240, 50, 279, 0, '161');
INSERT INTO recordings (recording_id, task_inst_id, file_path) VALUES (3240, 3240, 'recordings/eval_56_mod_4_task_3240.wav');
INSERT INTO task_instances (task_inst_id, task_id, module_inst_id, status, task_completing_time) VALUES (3241, 51, 279, 1, '201');
INSERT INTO recordings (recording_id, task_inst_id, file_path) VALUES (3241, 3241, 'recordings/eval_56_mod_4_task_3241.wav');
INSERT INTO task_instances (task_inst_id, task_id, module_inst_id, status, task_completing_time) VALUES (3242, 52, 279, 0, '128');
INSERT INTO recordings (recording_id, task_inst_id, file_path) VALUES (3242, 3242, 'recordings/eval_56_mod_4_task_3242.wav');
INSERT INTO task_instances (task_inst_id, task_id, module_inst_id, status, task_completing_time) VALUES (3243, 53, 279, 1, '121');
INSERT INTO recordings (recording_id, task_inst_id, file_path) VALUES (3243, 3243, 'recordings/eval_56_mod_4_task_3243.wav');
INSERT INTO task_instances (task_inst_id, task_id, module_inst_id, status, task_completing_time) VALUES (3244, 54, 279, 1, '104');
INSERT INTO recordings (recording_id, task_inst_id, file_path) VALUES (3244, 3244, 'recordings/eval_56_mod_4_task_3244.wav');
INSERT INTO task_instances (task_inst_id, task_id, module_inst_id, status, task_completing_time) VALUES (3245, 55, 279, 0, '96');
INSERT INTO recordings (recording_id, task_inst_id, file_path) VALUES (3245, 3245, 'recordings/eval_56_mod_4_task_3245.wav');
INSERT INTO task_instances (task_inst_id, task_id, module_inst_id, status, task_completing_time) VALUES (3246, 56, 279, 1, '53');
INSERT INTO recordings (recording_id, task_inst_id, file_path) VALUES (3246, 3246, 'recordings/eval_56_mod_4_task_3246.wav');
INSERT INTO module_instances (module_inst_id, module_id, evaluation_id, status) VALUES (280, 9001, 56, 3);
INSERT INTO task_instances (task_inst_id, task_id, module_inst_id, status, task_completing_time) VALUES (3247, 9001, 280, 1, '9');
INSERT INTO recordings (recording_id, task_inst_id, file_path) VALUES (3247, 3247, 'recordings/eval_56_mod_9001_task_3247.wav');
INSERT INTO task_instances (task_inst_id, task_id, module_inst_id, status, task_completing_time) VALUES (3248, 9002, 280, 1, '29');
INSERT INTO recordings (recording_id, task_inst_id, file_path) VALUES (3248, 3248, 'recordings/eval_56_mod_9001_task_3248.wav');
INSERT INTO participants (participant_id, name, surname, education_level, sex, birth_date, laterality) VALUES (57, 'qtHi+3RGOODLdSAFiNMYBA==', 'qdn6/9bgUIKheSwJhN8UCA==', 2, 2, '1944-01-25', 2);
INSERT INTO evaluations (evaluation_id, evaluation_date, evaluator_id, participant_id, status, language) VALUES (57, '2025-10-17 15:19:00', 8, 57, 3, 2);
INSERT INTO module_instances (module_inst_id, module_id, evaluation_id, status) VALUES (281, 1, 57, 1);
INSERT INTO task_instances (task_inst_id, task_id, module_inst_id, status, task_completing_time) VALUES (3249, 1, 281, 1, '59');
INSERT INTO recordings (recording_id, task_inst_id, file_path) VALUES (3249, 3249, 'recordings/eval_57_mod_1_task_3249.wav');
INSERT INTO task_instances (task_inst_id, task_id, module_inst_id, status, task_completing_time) VALUES (3250, 2, 281, 1, '291');
INSERT INTO recordings (recording_id, task_inst_id, file_path) VALUES (3250, 3250, 'recordings/eval_57_mod_1_task_3250.wav');
INSERT INTO task_instances (task_inst_id, task_id, module_inst_id, status, task_completing_time) VALUES (3251, 3, 281, 1, '28');
INSERT INTO recordings (recording_id, task_inst_id, file_path) VALUES (3251, 3251, 'recordings/eval_57_mod_1_task_3251.wav');
INSERT INTO task_instances (task_inst_id, task_id, module_inst_id, status, task_completing_time) VALUES (3252, 4, 281, 1, '284');
INSERT INTO recordings (recording_id, task_inst_id, file_path) VALUES (3252, 3252, 'recordings/eval_57_mod_1_task_3252.wav');
INSERT INTO task_instances (task_inst_id, task_id, module_inst_id, status, task_completing_time) VALUES (3253, 5, 281, 0, '115');
INSERT INTO recordings (recording_id, task_inst_id, file_path) VALUES (3253, 3253, 'recordings/eval_57_mod_1_task_3253.wav');
INSERT INTO task_instances (task_inst_id, task_id, module_inst_id, status, task_completing_time) VALUES (3254, 6, 281, 1, '58');
INSERT INTO recordings (recording_id, task_inst_id, file_path) VALUES (3254, 3254, 'recordings/eval_57_mod_1_task_3254.wav');
INSERT INTO task_instances (task_inst_id, task_id, module_inst_id, status, task_completing_time) VALUES (3255, 7, 281, 1, '254');
INSERT INTO recordings (recording_id, task_inst_id, file_path) VALUES (3255, 3255, 'recordings/eval_57_mod_1_task_3255.wav');
INSERT INTO task_instances (task_inst_id, task_id, module_inst_id, status, task_completing_time) VALUES (3256, 8, 281, 0, '47');
INSERT INTO recordings (recording_id, task_inst_id, file_path) VALUES (3256, 3256, 'recordings/eval_57_mod_1_task_3256.wav');
INSERT INTO task_instances (task_inst_id, task_id, module_inst_id, status, task_completing_time) VALUES (3257, 9, 281, 1, '156');
INSERT INTO recordings (recording_id, task_inst_id, file_path) VALUES (3257, 3257, 'recordings/eval_57_mod_1_task_3257.wav');
INSERT INTO task_instances (task_inst_id, task_id, module_inst_id, status, task_completing_time) VALUES (3258, 10, 281, 0, '224');
INSERT INTO recordings (recording_id, task_inst_id, file_path) VALUES (3258, 3258, 'recordings/eval_57_mod_1_task_3258.wav');
INSERT INTO module_instances (module_inst_id, module_id, evaluation_id, status) VALUES (282, 2, 57, 2);
INSERT INTO task_instances (task_inst_id, task_id, module_inst_id, status, task_completing_time) VALUES (3259, 11, 282, 1, '56');
INSERT INTO recordings (recording_id, task_inst_id, file_path) VALUES (3259, 3259, 'recordings/eval_57_mod_2_task_3259.wav');
INSERT INTO task_instances (task_inst_id, task_id, module_inst_id, status, task_completing_time) VALUES (3260, 12, 282, 1, '180');
INSERT INTO recordings (recording_id, task_inst_id, file_path) VALUES (3260, 3260, 'recordings/eval_57_mod_2_task_3260.wav');
INSERT INTO task_instances (task_inst_id, task_id, module_inst_id, status, task_completing_time) VALUES (3261, 13, 282, 1, '102');
INSERT INTO recordings (recording_id, task_inst_id, file_path) VALUES (3261, 3261, 'recordings/eval_57_mod_2_task_3261.wav');
INSERT INTO task_instances (task_inst_id, task_id, module_inst_id, status, task_completing_time) VALUES (3262, 14, 282, 1, '269');
INSERT INTO recordings (recording_id, task_inst_id, file_path) VALUES (3262, 3262, 'recordings/eval_57_mod_2_task_3262.wav');
INSERT INTO task_instances (task_inst_id, task_id, module_inst_id, status, task_completing_time) VALUES (3263, 15, 282, 0, '74');
INSERT INTO recordings (recording_id, task_inst_id, file_path) VALUES (3263, 3263, 'recordings/eval_57_mod_2_task_3263.wav');
INSERT INTO task_instances (task_inst_id, task_id, module_inst_id, status, task_completing_time) VALUES (3264, 16, 282, 1, '112');
INSERT INTO recordings (recording_id, task_inst_id, file_path) VALUES (3264, 3264, 'recordings/eval_57_mod_2_task_3264.wav');
INSERT INTO task_instances (task_inst_id, task_id, module_inst_id, status, task_completing_time) VALUES (3265, 17, 282, 1, '180');
INSERT INTO recordings (recording_id, task_inst_id, file_path) VALUES (3265, 3265, 'recordings/eval_57_mod_2_task_3265.wav');
INSERT INTO task_instances (task_inst_id, task_id, module_inst_id, status, task_completing_time) VALUES (3266, 18, 282, 1, '193');
INSERT INTO recordings (recording_id, task_inst_id, file_path) VALUES (3266, 3266, 'recordings/eval_57_mod_2_task_3266.wav');
INSERT INTO task_instances (task_inst_id, task_id, module_inst_id, status, task_completing_time) VALUES (3267, 19, 282, 1, '129');
INSERT INTO recordings (recording_id, task_inst_id, file_path) VALUES (3267, 3267, 'recordings/eval_57_mod_2_task_3267.wav');
INSERT INTO task_instances (task_inst_id, task_id, module_inst_id, status, task_completing_time) VALUES (3268, 20, 282, 1, '81');
INSERT INTO recordings (recording_id, task_inst_id, file_path) VALUES (3268, 3268, 'recordings/eval_57_mod_2_task_3268.wav');
INSERT INTO task_instances (task_inst_id, task_id, module_inst_id, status, task_completing_time) VALUES (3269, 21, 282, 1, '12');
INSERT INTO recordings (recording_id, task_inst_id, file_path) VALUES (3269, 3269, 'recordings/eval_57_mod_2_task_3269.wav');
INSERT INTO task_instances (task_inst_id, task_id, module_inst_id, status, task_completing_time) VALUES (3270, 22, 282, 0, '75');
INSERT INTO recordings (recording_id, task_inst_id, file_path) VALUES (3270, 3270, 'recordings/eval_57_mod_2_task_3270.wav');
INSERT INTO task_instances (task_inst_id, task_id, module_inst_id, status, task_completing_time) VALUES (3271, 23, 282, 1, '46');
INSERT INTO recordings (recording_id, task_inst_id, file_path) VALUES (3271, 3271, 'recordings/eval_57_mod_2_task_3271.wav');
INSERT INTO task_instances (task_inst_id, task_id, module_inst_id, status, task_completing_time) VALUES (3272, 24, 282, 1, '223');
INSERT INTO recordings (recording_id, task_inst_id, file_path) VALUES (3272, 3272, 'recordings/eval_57_mod_2_task_3272.wav');
INSERT INTO task_instances (task_inst_id, task_id, module_inst_id, status, task_completing_time) VALUES (3273, 25, 282, 1, '18');
INSERT INTO recordings (recording_id, task_inst_id, file_path) VALUES (3273, 3273, 'recordings/eval_57_mod_2_task_3273.wav');
INSERT INTO task_instances (task_inst_id, task_id, module_inst_id, status, task_completing_time) VALUES (3274, 26, 282, 0, '213');
INSERT INTO recordings (recording_id, task_inst_id, file_path) VALUES (3274, 3274, 'recordings/eval_57_mod_2_task_3274.wav');
INSERT INTO task_instances (task_inst_id, task_id, module_inst_id, status, task_completing_time) VALUES (3275, 27, 282, 0, '137');
INSERT INTO recordings (recording_id, task_inst_id, file_path) VALUES (3275, 3275, 'recordings/eval_57_mod_2_task_3275.wav');
INSERT INTO task_instances (task_inst_id, task_id, module_inst_id, status, task_completing_time) VALUES (3276, 28, 282, 1, '36');
INSERT INTO recordings (recording_id, task_inst_id, file_path) VALUES (3276, 3276, 'recordings/eval_57_mod_2_task_3276.wav');
INSERT INTO task_instances (task_inst_id, task_id, module_inst_id, status, task_completing_time) VALUES (3277, 29, 282, 1, '291');
INSERT INTO recordings (recording_id, task_inst_id, file_path) VALUES (3277, 3277, 'recordings/eval_57_mod_2_task_3277.wav');
INSERT INTO task_instances (task_inst_id, task_id, module_inst_id, status, task_completing_time) VALUES (3278, 30, 282, 1, '28');
INSERT INTO recordings (recording_id, task_inst_id, file_path) VALUES (3278, 3278, 'recordings/eval_57_mod_2_task_3278.wav');
INSERT INTO task_instances (task_inst_id, task_id, module_inst_id, status, task_completing_time) VALUES (3279, 31, 282, 1, '92');
INSERT INTO recordings (recording_id, task_inst_id, file_path) VALUES (3279, 3279, 'recordings/eval_57_mod_2_task_3279.wav');
INSERT INTO task_instances (task_inst_id, task_id, module_inst_id, status, task_completing_time) VALUES (3280, 32, 282, 1, '272');
INSERT INTO recordings (recording_id, task_inst_id, file_path) VALUES (3280, 3280, 'recordings/eval_57_mod_2_task_3280.wav');
INSERT INTO task_instances (task_inst_id, task_id, module_inst_id, status, task_completing_time) VALUES (3281, 33, 282, 0, '182');
INSERT INTO recordings (recording_id, task_inst_id, file_path) VALUES (3281, 3281, 'recordings/eval_57_mod_2_task_3281.wav');
INSERT INTO task_instances (task_inst_id, task_id, module_inst_id, status, task_completing_time) VALUES (3282, 34, 282, 1, '126');
INSERT INTO recordings (recording_id, task_inst_id, file_path) VALUES (3282, 3282, 'recordings/eval_57_mod_2_task_3282.wav');
INSERT INTO task_instances (task_inst_id, task_id, module_inst_id, status, task_completing_time) VALUES (3283, 35, 282, 0, '271');
INSERT INTO recordings (recording_id, task_inst_id, file_path) VALUES (3283, 3283, 'recordings/eval_57_mod_2_task_3283.wav');
INSERT INTO task_instances (task_inst_id, task_id, module_inst_id, status, task_completing_time) VALUES (3284, 36, 282, 1, '92');
INSERT INTO recordings (recording_id, task_inst_id, file_path) VALUES (3284, 3284, 'recordings/eval_57_mod_2_task_3284.wav');
INSERT INTO task_instances (task_inst_id, task_id, module_inst_id, status, task_completing_time) VALUES (3285, 37, 282, 0, '58');
INSERT INTO recordings (recording_id, task_inst_id, file_path) VALUES (3285, 3285, 'recordings/eval_57_mod_2_task_3285.wav');
INSERT INTO module_instances (module_inst_id, module_id, evaluation_id, status) VALUES (283, 3, 57, 3);
INSERT INTO task_instances (task_inst_id, task_id, module_inst_id, status, task_completing_time) VALUES (3286, 38, 283, 1, '18');
INSERT INTO recordings (recording_id, task_inst_id, file_path) VALUES (3286, 3286, 'recordings/eval_57_mod_3_task_3286.wav');
INSERT INTO task_instances (task_inst_id, task_id, module_inst_id, status, task_completing_time) VALUES (3287, 39, 283, 1, '221');
INSERT INTO recordings (recording_id, task_inst_id, file_path) VALUES (3287, 3287, 'recordings/eval_57_mod_3_task_3287.wav');
INSERT INTO task_instances (task_inst_id, task_id, module_inst_id, status, task_completing_time) VALUES (3288, 40, 283, 1, '205');
INSERT INTO recordings (recording_id, task_inst_id, file_path) VALUES (3288, 3288, 'recordings/eval_57_mod_3_task_3288.wav');
INSERT INTO task_instances (task_inst_id, task_id, module_inst_id, status, task_completing_time) VALUES (3289, 41, 283, 0, '233');
INSERT INTO recordings (recording_id, task_inst_id, file_path) VALUES (3289, 3289, 'recordings/eval_57_mod_3_task_3289.wav');
INSERT INTO task_instances (task_inst_id, task_id, module_inst_id, status, task_completing_time) VALUES (3290, 42, 283, 0, '68');
INSERT INTO recordings (recording_id, task_inst_id, file_path) VALUES (3290, 3290, 'recordings/eval_57_mod_3_task_3290.wav');
INSERT INTO task_instances (task_inst_id, task_id, module_inst_id, status, task_completing_time) VALUES (3291, 43, 283, 1, '141');
INSERT INTO recordings (recording_id, task_inst_id, file_path) VALUES (3291, 3291, 'recordings/eval_57_mod_3_task_3291.wav');
INSERT INTO task_instances (task_inst_id, task_id, module_inst_id, status, task_completing_time) VALUES (3292, 44, 283, 1, '40');
INSERT INTO recordings (recording_id, task_inst_id, file_path) VALUES (3292, 3292, 'recordings/eval_57_mod_3_task_3292.wav');
INSERT INTO task_instances (task_inst_id, task_id, module_inst_id, status, task_completing_time) VALUES (3293, 45, 283, 1, '87');
INSERT INTO recordings (recording_id, task_inst_id, file_path) VALUES (3293, 3293, 'recordings/eval_57_mod_3_task_3293.wav');
INSERT INTO task_instances (task_inst_id, task_id, module_inst_id, status, task_completing_time) VALUES (3294, 46, 283, 0, '187');
INSERT INTO recordings (recording_id, task_inst_id, file_path) VALUES (3294, 3294, 'recordings/eval_57_mod_3_task_3294.wav');
INSERT INTO module_instances (module_inst_id, module_id, evaluation_id, status) VALUES (284, 4, 57, 2);
INSERT INTO task_instances (task_inst_id, task_id, module_inst_id, status, task_completing_time) VALUES (3295, 47, 284, 1, '52');
INSERT INTO recordings (recording_id, task_inst_id, file_path) VALUES (3295, 3295, 'recordings/eval_57_mod_4_task_3295.wav');
INSERT INTO task_instances (task_inst_id, task_id, module_inst_id, status, task_completing_time) VALUES (3296, 48, 284, 1, '113');
INSERT INTO recordings (recording_id, task_inst_id, file_path) VALUES (3296, 3296, 'recordings/eval_57_mod_4_task_3296.wav');
INSERT INTO task_instances (task_inst_id, task_id, module_inst_id, status, task_completing_time) VALUES (3297, 49, 284, 0, '123');
INSERT INTO recordings (recording_id, task_inst_id, file_path) VALUES (3297, 3297, 'recordings/eval_57_mod_4_task_3297.wav');
INSERT INTO task_instances (task_inst_id, task_id, module_inst_id, status, task_completing_time) VALUES (3298, 50, 284, 1, '198');
INSERT INTO recordings (recording_id, task_inst_id, file_path) VALUES (3298, 3298, 'recordings/eval_57_mod_4_task_3298.wav');
INSERT INTO task_instances (task_inst_id, task_id, module_inst_id, status, task_completing_time) VALUES (3299, 51, 284, 1, '53');
INSERT INTO recordings (recording_id, task_inst_id, file_path) VALUES (3299, 3299, 'recordings/eval_57_mod_4_task_3299.wav');
INSERT INTO task_instances (task_inst_id, task_id, module_inst_id, status, task_completing_time) VALUES (3300, 52, 284, 1, '110');
INSERT INTO recordings (recording_id, task_inst_id, file_path) VALUES (3300, 3300, 'recordings/eval_57_mod_4_task_3300.wav');
INSERT INTO task_instances (task_inst_id, task_id, module_inst_id, status, task_completing_time) VALUES (3301, 53, 284, 1, '184');
INSERT INTO recordings (recording_id, task_inst_id, file_path) VALUES (3301, 3301, 'recordings/eval_57_mod_4_task_3301.wav');
INSERT INTO task_instances (task_inst_id, task_id, module_inst_id, status, task_completing_time) VALUES (3302, 54, 284, 0, '22');
INSERT INTO recordings (recording_id, task_inst_id, file_path) VALUES (3302, 3302, 'recordings/eval_57_mod_4_task_3302.wav');
INSERT INTO task_instances (task_inst_id, task_id, module_inst_id, status, task_completing_time) VALUES (3303, 55, 284, 0, '73');
INSERT INTO recordings (recording_id, task_inst_id, file_path) VALUES (3303, 3303, 'recordings/eval_57_mod_4_task_3303.wav');
INSERT INTO task_instances (task_inst_id, task_id, module_inst_id, status, task_completing_time) VALUES (3304, 56, 284, 1, '13');
INSERT INTO recordings (recording_id, task_inst_id, file_path) VALUES (3304, 3304, 'recordings/eval_57_mod_4_task_3304.wav');
INSERT INTO module_instances (module_inst_id, module_id, evaluation_id, status) VALUES (285, 9001, 57, 2);
INSERT INTO task_instances (task_inst_id, task_id, module_inst_id, status, task_completing_time) VALUES (3305, 9001, 285, 1, '45');
INSERT INTO recordings (recording_id, task_inst_id, file_path) VALUES (3305, 3305, 'recordings/eval_57_mod_9001_task_3305.wav');
INSERT INTO task_instances (task_inst_id, task_id, module_inst_id, status, task_completing_time) VALUES (3306, 9002, 285, 1, '196');
INSERT INTO recordings (recording_id, task_inst_id, file_path) VALUES (3306, 3306, 'recordings/eval_57_mod_9001_task_3306.wav');
INSERT INTO participants (participant_id, name, surname, education_level, sex, birth_date, laterality) VALUES (58, 'vtnz7tjgUIKheSwJhN8UCA==', 'qtXk7N6ZOoCjey4Lht0WCg==', 2, 1, '1978-04-26', 2);
INSERT INTO evaluations (evaluation_id, evaluation_date, evaluator_id, participant_id, status, language) VALUES (58, '2025-09-19 15:17:00', 8, 58, 3, 1);
INSERT INTO module_instances (module_inst_id, module_id, evaluation_id, status) VALUES (286, 1, 58, 1);
INSERT INTO task_instances (task_inst_id, task_id, module_inst_id, status, task_completing_time) VALUES (3307, 1, 286, 1, '55');
INSERT INTO recordings (recording_id, task_inst_id, file_path) VALUES (3307, 3307, 'recordings/eval_58_mod_1_task_3307.wav');
INSERT INTO task_instances (task_inst_id, task_id, module_inst_id, status, task_completing_time) VALUES (3308, 2, 286, 1, '40');
INSERT INTO recordings (recording_id, task_inst_id, file_path) VALUES (3308, 3308, 'recordings/eval_58_mod_1_task_3308.wav');
INSERT INTO task_instances (task_inst_id, task_id, module_inst_id, status, task_completing_time) VALUES (3309, 3, 286, 0, '122');
INSERT INTO recordings (recording_id, task_inst_id, file_path) VALUES (3309, 3309, 'recordings/eval_58_mod_1_task_3309.wav');
INSERT INTO task_instances (task_inst_id, task_id, module_inst_id, status, task_completing_time) VALUES (3310, 4, 286, 1, '144');
INSERT INTO recordings (recording_id, task_inst_id, file_path) VALUES (3310, 3310, 'recordings/eval_58_mod_1_task_3310.wav');
INSERT INTO task_instances (task_inst_id, task_id, module_inst_id, status, task_completing_time) VALUES (3311, 5, 286, 1, '46');
INSERT INTO recordings (recording_id, task_inst_id, file_path) VALUES (3311, 3311, 'recordings/eval_58_mod_1_task_3311.wav');
INSERT INTO task_instances (task_inst_id, task_id, module_inst_id, status, task_completing_time) VALUES (3312, 6, 286, 0, '73');
INSERT INTO recordings (recording_id, task_inst_id, file_path) VALUES (3312, 3312, 'recordings/eval_58_mod_1_task_3312.wav');
INSERT INTO task_instances (task_inst_id, task_id, module_inst_id, status, task_completing_time) VALUES (3313, 7, 286, 1, '247');
INSERT INTO recordings (recording_id, task_inst_id, file_path) VALUES (3313, 3313, 'recordings/eval_58_mod_1_task_3313.wav');
INSERT INTO task_instances (task_inst_id, task_id, module_inst_id, status, task_completing_time) VALUES (3314, 8, 286, 1, '81');
INSERT INTO recordings (recording_id, task_inst_id, file_path) VALUES (3314, 3314, 'recordings/eval_58_mod_1_task_3314.wav');
INSERT INTO task_instances (task_inst_id, task_id, module_inst_id, status, task_completing_time) VALUES (3315, 9, 286, 0, '123');
INSERT INTO recordings (recording_id, task_inst_id, file_path) VALUES (3315, 3315, 'recordings/eval_58_mod_1_task_3315.wav');
INSERT INTO task_instances (task_inst_id, task_id, module_inst_id, status, task_completing_time) VALUES (3316, 10, 286, 1, '227');
INSERT INTO recordings (recording_id, task_inst_id, file_path) VALUES (3316, 3316, 'recordings/eval_58_mod_1_task_3316.wav');
INSERT INTO module_instances (module_inst_id, module_id, evaluation_id, status) VALUES (287, 2, 58, 3);
INSERT INTO task_instances (task_inst_id, task_id, module_inst_id, status, task_completing_time) VALUES (3317, 11, 287, 1, '52');
INSERT INTO recordings (recording_id, task_inst_id, file_path) VALUES (3317, 3317, 'recordings/eval_58_mod_2_task_3317.wav');
INSERT INTO task_instances (task_inst_id, task_id, module_inst_id, status, task_completing_time) VALUES (3318, 12, 287, 1, '28');
INSERT INTO recordings (recording_id, task_inst_id, file_path) VALUES (3318, 3318, 'recordings/eval_58_mod_2_task_3318.wav');
INSERT INTO task_instances (task_inst_id, task_id, module_inst_id, status, task_completing_time) VALUES (3319, 13, 287, 1, '117');
INSERT INTO recordings (recording_id, task_inst_id, file_path) VALUES (3319, 3319, 'recordings/eval_58_mod_2_task_3319.wav');
INSERT INTO task_instances (task_inst_id, task_id, module_inst_id, status, task_completing_time) VALUES (3320, 14, 287, 1, '34');
INSERT INTO recordings (recording_id, task_inst_id, file_path) VALUES (3320, 3320, 'recordings/eval_58_mod_2_task_3320.wav');
INSERT INTO task_instances (task_inst_id, task_id, module_inst_id, status, task_completing_time) VALUES (3321, 15, 287, 1, '193');
INSERT INTO recordings (recording_id, task_inst_id, file_path) VALUES (3321, 3321, 'recordings/eval_58_mod_2_task_3321.wav');
INSERT INTO task_instances (task_inst_id, task_id, module_inst_id, status, task_completing_time) VALUES (3322, 16, 287, 1, '143');
INSERT INTO recordings (recording_id, task_inst_id, file_path) VALUES (3322, 3322, 'recordings/eval_58_mod_2_task_3322.wav');
INSERT INTO task_instances (task_inst_id, task_id, module_inst_id, status, task_completing_time) VALUES (3323, 17, 287, 1, '169');
INSERT INTO recordings (recording_id, task_inst_id, file_path) VALUES (3323, 3323, 'recordings/eval_58_mod_2_task_3323.wav');
INSERT INTO task_instances (task_inst_id, task_id, module_inst_id, status, task_completing_time) VALUES (3324, 18, 287, 1, '175');
INSERT INTO recordings (recording_id, task_inst_id, file_path) VALUES (3324, 3324, 'recordings/eval_58_mod_2_task_3324.wav');
INSERT INTO task_instances (task_inst_id, task_id, module_inst_id, status, task_completing_time) VALUES (3325, 19, 287, 1, '67');
INSERT INTO recordings (recording_id, task_inst_id, file_path) VALUES (3325, 3325, 'recordings/eval_58_mod_2_task_3325.wav');
INSERT INTO task_instances (task_inst_id, task_id, module_inst_id, status, task_completing_time) VALUES (3326, 20, 287, 0, '277');
INSERT INTO recordings (recording_id, task_inst_id, file_path) VALUES (3326, 3326, 'recordings/eval_58_mod_2_task_3326.wav');
INSERT INTO task_instances (task_inst_id, task_id, module_inst_id, status, task_completing_time) VALUES (3327, 21, 287, 1, '58');
INSERT INTO recordings (recording_id, task_inst_id, file_path) VALUES (3327, 3327, 'recordings/eval_58_mod_2_task_3327.wav');
INSERT INTO task_instances (task_inst_id, task_id, module_inst_id, status, task_completing_time) VALUES (3328, 22, 287, 1, '80');
INSERT INTO recordings (recording_id, task_inst_id, file_path) VALUES (3328, 3328, 'recordings/eval_58_mod_2_task_3328.wav');
INSERT INTO task_instances (task_inst_id, task_id, module_inst_id, status, task_completing_time) VALUES (3329, 23, 287, 0, '14');
INSERT INTO recordings (recording_id, task_inst_id, file_path) VALUES (3329, 3329, 'recordings/eval_58_mod_2_task_3329.wav');
INSERT INTO task_instances (task_inst_id, task_id, module_inst_id, status, task_completing_time) VALUES (3330, 24, 287, 1, '37');
INSERT INTO recordings (recording_id, task_inst_id, file_path) VALUES (3330, 3330, 'recordings/eval_58_mod_2_task_3330.wav');
INSERT INTO task_instances (task_inst_id, task_id, module_inst_id, status, task_completing_time) VALUES (3331, 25, 287, 1, '57');
INSERT INTO recordings (recording_id, task_inst_id, file_path) VALUES (3331, 3331, 'recordings/eval_58_mod_2_task_3331.wav');
INSERT INTO task_instances (task_inst_id, task_id, module_inst_id, status, task_completing_time) VALUES (3332, 26, 287, 1, '68');
INSERT INTO recordings (recording_id, task_inst_id, file_path) VALUES (3332, 3332, 'recordings/eval_58_mod_2_task_3332.wav');
INSERT INTO task_instances (task_inst_id, task_id, module_inst_id, status, task_completing_time) VALUES (3333, 27, 287, 0, '55');
INSERT INTO recordings (recording_id, task_inst_id, file_path) VALUES (3333, 3333, 'recordings/eval_58_mod_2_task_3333.wav');
INSERT INTO task_instances (task_inst_id, task_id, module_inst_id, status, task_completing_time) VALUES (3334, 28, 287, 1, '272');
INSERT INTO recordings (recording_id, task_inst_id, file_path) VALUES (3334, 3334, 'recordings/eval_58_mod_2_task_3334.wav');
INSERT INTO task_instances (task_inst_id, task_id, module_inst_id, status, task_completing_time) VALUES (3335, 29, 287, 1, '255');
INSERT INTO recordings (recording_id, task_inst_id, file_path) VALUES (3335, 3335, 'recordings/eval_58_mod_2_task_3335.wav');
INSERT INTO task_instances (task_inst_id, task_id, module_inst_id, status, task_completing_time) VALUES (3336, 30, 287, 1, '5');
INSERT INTO recordings (recording_id, task_inst_id, file_path) VALUES (3336, 3336, 'recordings/eval_58_mod_2_task_3336.wav');
INSERT INTO task_instances (task_inst_id, task_id, module_inst_id, status, task_completing_time) VALUES (3337, 31, 287, 0, '239');
INSERT INTO recordings (recording_id, task_inst_id, file_path) VALUES (3337, 3337, 'recordings/eval_58_mod_2_task_3337.wav');
INSERT INTO task_instances (task_inst_id, task_id, module_inst_id, status, task_completing_time) VALUES (3338, 32, 287, 1, '107');
INSERT INTO recordings (recording_id, task_inst_id, file_path) VALUES (3338, 3338, 'recordings/eval_58_mod_2_task_3338.wav');
INSERT INTO task_instances (task_inst_id, task_id, module_inst_id, status, task_completing_time) VALUES (3339, 33, 287, 1, '110');
INSERT INTO recordings (recording_id, task_inst_id, file_path) VALUES (3339, 3339, 'recordings/eval_58_mod_2_task_3339.wav');
INSERT INTO task_instances (task_inst_id, task_id, module_inst_id, status, task_completing_time) VALUES (3340, 34, 287, 1, '232');
INSERT INTO recordings (recording_id, task_inst_id, file_path) VALUES (3340, 3340, 'recordings/eval_58_mod_2_task_3340.wav');
INSERT INTO task_instances (task_inst_id, task_id, module_inst_id, status, task_completing_time) VALUES (3341, 35, 287, 1, '210');
INSERT INTO recordings (recording_id, task_inst_id, file_path) VALUES (3341, 3341, 'recordings/eval_58_mod_2_task_3341.wav');
INSERT INTO task_instances (task_inst_id, task_id, module_inst_id, status, task_completing_time) VALUES (3342, 36, 287, 1, '110');
INSERT INTO recordings (recording_id, task_inst_id, file_path) VALUES (3342, 3342, 'recordings/eval_58_mod_2_task_3342.wav');
INSERT INTO task_instances (task_inst_id, task_id, module_inst_id, status, task_completing_time) VALUES (3343, 37, 287, 0, '107');
INSERT INTO recordings (recording_id, task_inst_id, file_path) VALUES (3343, 3343, 'recordings/eval_58_mod_2_task_3343.wav');
INSERT INTO module_instances (module_inst_id, module_id, evaluation_id, status) VALUES (288, 3, 58, 3);
INSERT INTO task_instances (task_inst_id, task_id, module_inst_id, status, task_completing_time) VALUES (3344, 38, 288, 0, '12');
INSERT INTO recordings (recording_id, task_inst_id, file_path) VALUES (3344, 3344, 'recordings/eval_58_mod_3_task_3344.wav');
INSERT INTO task_instances (task_inst_id, task_id, module_inst_id, status, task_completing_time) VALUES (3345, 39, 288, 0, '60');
INSERT INTO recordings (recording_id, task_inst_id, file_path) VALUES (3345, 3345, 'recordings/eval_58_mod_3_task_3345.wav');
INSERT INTO task_instances (task_inst_id, task_id, module_inst_id, status, task_completing_time) VALUES (3346, 40, 288, 1, '70');
INSERT INTO recordings (recording_id, task_inst_id, file_path) VALUES (3346, 3346, 'recordings/eval_58_mod_3_task_3346.wav');
INSERT INTO task_instances (task_inst_id, task_id, module_inst_id, status, task_completing_time) VALUES (3347, 41, 288, 1, '55');
INSERT INTO recordings (recording_id, task_inst_id, file_path) VALUES (3347, 3347, 'recordings/eval_58_mod_3_task_3347.wav');
INSERT INTO task_instances (task_inst_id, task_id, module_inst_id, status, task_completing_time) VALUES (3348, 42, 288, 0, '283');
INSERT INTO recordings (recording_id, task_inst_id, file_path) VALUES (3348, 3348, 'recordings/eval_58_mod_3_task_3348.wav');
INSERT INTO task_instances (task_inst_id, task_id, module_inst_id, status, task_completing_time) VALUES (3349, 43, 288, 1, '35');
INSERT INTO recordings (recording_id, task_inst_id, file_path) VALUES (3349, 3349, 'recordings/eval_58_mod_3_task_3349.wav');
INSERT INTO task_instances (task_inst_id, task_id, module_inst_id, status, task_completing_time) VALUES (3350, 44, 288, 1, '39');
INSERT INTO recordings (recording_id, task_inst_id, file_path) VALUES (3350, 3350, 'recordings/eval_58_mod_3_task_3350.wav');
INSERT INTO task_instances (task_inst_id, task_id, module_inst_id, status, task_completing_time) VALUES (3351, 45, 288, 0, '125');
INSERT INTO recordings (recording_id, task_inst_id, file_path) VALUES (3351, 3351, 'recordings/eval_58_mod_3_task_3351.wav');
INSERT INTO task_instances (task_inst_id, task_id, module_inst_id, status, task_completing_time) VALUES (3352, 46, 288, 1, '201');
INSERT INTO recordings (recording_id, task_inst_id, file_path) VALUES (3352, 3352, 'recordings/eval_58_mod_3_task_3352.wav');
INSERT INTO module_instances (module_inst_id, module_id, evaluation_id, status) VALUES (289, 4, 58, 3);
INSERT INTO task_instances (task_inst_id, task_id, module_inst_id, status, task_completing_time) VALUES (3353, 47, 289, 1, '56');
INSERT INTO recordings (recording_id, task_inst_id, file_path) VALUES (3353, 3353, 'recordings/eval_58_mod_4_task_3353.wav');
INSERT INTO task_instances (task_inst_id, task_id, module_inst_id, status, task_completing_time) VALUES (3354, 48, 289, 1, '62');
INSERT INTO recordings (recording_id, task_inst_id, file_path) VALUES (3354, 3354, 'recordings/eval_58_mod_4_task_3354.wav');
INSERT INTO task_instances (task_inst_id, task_id, module_inst_id, status, task_completing_time) VALUES (3355, 49, 289, 1, '133');
INSERT INTO recordings (recording_id, task_inst_id, file_path) VALUES (3355, 3355, 'recordings/eval_58_mod_4_task_3355.wav');
INSERT INTO task_instances (task_inst_id, task_id, module_inst_id, status, task_completing_time) VALUES (3356, 50, 289, 0, '76');
INSERT INTO recordings (recording_id, task_inst_id, file_path) VALUES (3356, 3356, 'recordings/eval_58_mod_4_task_3356.wav');
INSERT INTO task_instances (task_inst_id, task_id, module_inst_id, status, task_completing_time) VALUES (3357, 51, 289, 1, '81');
INSERT INTO recordings (recording_id, task_inst_id, file_path) VALUES (3357, 3357, 'recordings/eval_58_mod_4_task_3357.wav');
INSERT INTO task_instances (task_inst_id, task_id, module_inst_id, status, task_completing_time) VALUES (3358, 52, 289, 0, '262');
INSERT INTO recordings (recording_id, task_inst_id, file_path) VALUES (3358, 3358, 'recordings/eval_58_mod_4_task_3358.wav');
INSERT INTO task_instances (task_inst_id, task_id, module_inst_id, status, task_completing_time) VALUES (3359, 53, 289, 0, '216');
INSERT INTO recordings (recording_id, task_inst_id, file_path) VALUES (3359, 3359, 'recordings/eval_58_mod_4_task_3359.wav');
INSERT INTO task_instances (task_inst_id, task_id, module_inst_id, status, task_completing_time) VALUES (3360, 54, 289, 1, '221');
INSERT INTO recordings (recording_id, task_inst_id, file_path) VALUES (3360, 3360, 'recordings/eval_58_mod_4_task_3360.wav');
INSERT INTO task_instances (task_inst_id, task_id, module_inst_id, status, task_completing_time) VALUES (3361, 55, 289, 1, '114');
INSERT INTO recordings (recording_id, task_inst_id, file_path) VALUES (3361, 3361, 'recordings/eval_58_mod_4_task_3361.wav');
INSERT INTO task_instances (task_inst_id, task_id, module_inst_id, status, task_completing_time) VALUES (3362, 56, 289, 1, '12');
INSERT INTO recordings (recording_id, task_inst_id, file_path) VALUES (3362, 3362, 'recordings/eval_58_mod_4_task_3362.wav');
INSERT INTO module_instances (module_inst_id, module_id, evaluation_id, status) VALUES (290, 9001, 58, 1);
INSERT INTO task_instances (task_inst_id, task_id, module_inst_id, status, task_completing_time) VALUES (3363, 9001, 290, 1, '33');
INSERT INTO recordings (recording_id, task_inst_id, file_path) VALUES (3363, 3363, 'recordings/eval_58_mod_9001_task_3363.wav');
INSERT INTO task_instances (task_inst_id, task_id, module_inst_id, status, task_completing_time) VALUES (3364, 9002, 290, 1, '203');
INSERT INTO recordings (recording_id, task_inst_id, file_path) VALUES (3364, 3364, 'recordings/eval_58_mod_9001_task_3364.wav');
INSERT INTO participants (participant_id, name, surname, education_level, sex, birth_date, laterality) VALUES (59, 'sN9VKtjgUIKheSwJhN8UCA==', 'vd/77MTgUIKheSwJhN8UCA==', 4, 1, '1969-01-07', 1);
INSERT INTO evaluations (evaluation_id, evaluation_date, evaluator_id, participant_id, status, language) VALUES (59, '2025-10-27 09:45:00', 8, 59, 3, 2);
INSERT INTO module_instances (module_inst_id, module_id, evaluation_id, status) VALUES (291, 1, 59, 3);
INSERT INTO task_instances (task_inst_id, task_id, module_inst_id, status, task_completing_time) VALUES (3365, 1, 291, 1, '32');
INSERT INTO recordings (recording_id, task_inst_id, file_path) VALUES (3365, 3365, 'recordings/eval_59_mod_1_task_3365.wav');
INSERT INTO task_instances (task_inst_id, task_id, module_inst_id, status, task_completing_time) VALUES (3366, 2, 291, 0, '190');
INSERT INTO recordings (recording_id, task_inst_id, file_path) VALUES (3366, 3366, 'recordings/eval_59_mod_1_task_3366.wav');
INSERT INTO task_instances (task_inst_id, task_id, module_inst_id, status, task_completing_time) VALUES (3367, 3, 291, 1, '92');
INSERT INTO recordings (recording_id, task_inst_id, file_path) VALUES (3367, 3367, 'recordings/eval_59_mod_1_task_3367.wav');
INSERT INTO task_instances (task_inst_id, task_id, module_inst_id, status, task_completing_time) VALUES (3368, 4, 291, 0, '264');
INSERT INTO recordings (recording_id, task_inst_id, file_path) VALUES (3368, 3368, 'recordings/eval_59_mod_1_task_3368.wav');
INSERT INTO task_instances (task_inst_id, task_id, module_inst_id, status, task_completing_time) VALUES (3369, 5, 291, 1, '131');
INSERT INTO recordings (recording_id, task_inst_id, file_path) VALUES (3369, 3369, 'recordings/eval_59_mod_1_task_3369.wav');
INSERT INTO task_instances (task_inst_id, task_id, module_inst_id, status, task_completing_time) VALUES (3370, 6, 291, 1, '57');
INSERT INTO recordings (recording_id, task_inst_id, file_path) VALUES (3370, 3370, 'recordings/eval_59_mod_1_task_3370.wav');
INSERT INTO task_instances (task_inst_id, task_id, module_inst_id, status, task_completing_time) VALUES (3371, 7, 291, 1, '37');
INSERT INTO recordings (recording_id, task_inst_id, file_path) VALUES (3371, 3371, 'recordings/eval_59_mod_1_task_3371.wav');
INSERT INTO task_instances (task_inst_id, task_id, module_inst_id, status, task_completing_time) VALUES (3372, 8, 291, 1, '189');
INSERT INTO recordings (recording_id, task_inst_id, file_path) VALUES (3372, 3372, 'recordings/eval_59_mod_1_task_3372.wav');
INSERT INTO task_instances (task_inst_id, task_id, module_inst_id, status, task_completing_time) VALUES (3373, 9, 291, 1, '149');
INSERT INTO recordings (recording_id, task_inst_id, file_path) VALUES (3373, 3373, 'recordings/eval_59_mod_1_task_3373.wav');
INSERT INTO task_instances (task_inst_id, task_id, module_inst_id, status, task_completing_time) VALUES (3374, 10, 291, 1, '148');
INSERT INTO recordings (recording_id, task_inst_id, file_path) VALUES (3374, 3374, 'recordings/eval_59_mod_1_task_3374.wav');
INSERT INTO module_instances (module_inst_id, module_id, evaluation_id, status) VALUES (292, 2, 59, 3);
INSERT INTO task_instances (task_inst_id, task_id, module_inst_id, status, task_completing_time) VALUES (3375, 11, 292, 1, '28');
INSERT INTO recordings (recording_id, task_inst_id, file_path) VALUES (3375, 3375, 'recordings/eval_59_mod_2_task_3375.wav');
INSERT INTO task_instances (task_inst_id, task_id, module_inst_id, status, task_completing_time) VALUES (3376, 12, 292, 1, '75');
INSERT INTO recordings (recording_id, task_inst_id, file_path) VALUES (3376, 3376, 'recordings/eval_59_mod_2_task_3376.wav');
INSERT INTO task_instances (task_inst_id, task_id, module_inst_id, status, task_completing_time) VALUES (3377, 13, 292, 1, '75');
INSERT INTO recordings (recording_id, task_inst_id, file_path) VALUES (3377, 3377, 'recordings/eval_59_mod_2_task_3377.wav');
INSERT INTO task_instances (task_inst_id, task_id, module_inst_id, status, task_completing_time) VALUES (3378, 14, 292, 1, '271');
INSERT INTO recordings (recording_id, task_inst_id, file_path) VALUES (3378, 3378, 'recordings/eval_59_mod_2_task_3378.wav');
INSERT INTO task_instances (task_inst_id, task_id, module_inst_id, status, task_completing_time) VALUES (3379, 15, 292, 0, '70');
INSERT INTO recordings (recording_id, task_inst_id, file_path) VALUES (3379, 3379, 'recordings/eval_59_mod_2_task_3379.wav');
INSERT INTO task_instances (task_inst_id, task_id, module_inst_id, status, task_completing_time) VALUES (3380, 16, 292, 0, '282');
INSERT INTO recordings (recording_id, task_inst_id, file_path) VALUES (3380, 3380, 'recordings/eval_59_mod_2_task_3380.wav');
INSERT INTO task_instances (task_inst_id, task_id, module_inst_id, status, task_completing_time) VALUES (3381, 17, 292, 0, '278');
INSERT INTO recordings (recording_id, task_inst_id, file_path) VALUES (3381, 3381, 'recordings/eval_59_mod_2_task_3381.wav');
INSERT INTO task_instances (task_inst_id, task_id, module_inst_id, status, task_completing_time) VALUES (3382, 18, 292, 1, '296');
INSERT INTO recordings (recording_id, task_inst_id, file_path) VALUES (3382, 3382, 'recordings/eval_59_mod_2_task_3382.wav');
INSERT INTO task_instances (task_inst_id, task_id, module_inst_id, status, task_completing_time) VALUES (3383, 19, 292, 0, '145');
INSERT INTO recordings (recording_id, task_inst_id, file_path) VALUES (3383, 3383, 'recordings/eval_59_mod_2_task_3383.wav');
INSERT INTO task_instances (task_inst_id, task_id, module_inst_id, status, task_completing_time) VALUES (3384, 20, 292, 0, '86');
INSERT INTO recordings (recording_id, task_inst_id, file_path) VALUES (3384, 3384, 'recordings/eval_59_mod_2_task_3384.wav');
INSERT INTO task_instances (task_inst_id, task_id, module_inst_id, status, task_completing_time) VALUES (3385, 21, 292, 1, '48');
INSERT INTO recordings (recording_id, task_inst_id, file_path) VALUES (3385, 3385, 'recordings/eval_59_mod_2_task_3385.wav');
INSERT INTO task_instances (task_inst_id, task_id, module_inst_id, status, task_completing_time) VALUES (3386, 22, 292, 1, '41');
INSERT INTO recordings (recording_id, task_inst_id, file_path) VALUES (3386, 3386, 'recordings/eval_59_mod_2_task_3386.wav');
INSERT INTO task_instances (task_inst_id, task_id, module_inst_id, status, task_completing_time) VALUES (3387, 23, 292, 0, '46');
INSERT INTO recordings (recording_id, task_inst_id, file_path) VALUES (3387, 3387, 'recordings/eval_59_mod_2_task_3387.wav');
INSERT INTO task_instances (task_inst_id, task_id, module_inst_id, status, task_completing_time) VALUES (3388, 24, 292, 1, '236');
INSERT INTO recordings (recording_id, task_inst_id, file_path) VALUES (3388, 3388, 'recordings/eval_59_mod_2_task_3388.wav');
INSERT INTO task_instances (task_inst_id, task_id, module_inst_id, status, task_completing_time) VALUES (3389, 25, 292, 0, '9');
INSERT INTO recordings (recording_id, task_inst_id, file_path) VALUES (3389, 3389, 'recordings/eval_59_mod_2_task_3389.wav');
INSERT INTO task_instances (task_inst_id, task_id, module_inst_id, status, task_completing_time) VALUES (3390, 26, 292, 0, '112');
INSERT INTO recordings (recording_id, task_inst_id, file_path) VALUES (3390, 3390, 'recordings/eval_59_mod_2_task_3390.wav');
INSERT INTO task_instances (task_inst_id, task_id, module_inst_id, status, task_completing_time) VALUES (3391, 27, 292, 1, '192');
INSERT INTO recordings (recording_id, task_inst_id, file_path) VALUES (3391, 3391, 'recordings/eval_59_mod_2_task_3391.wav');
INSERT INTO task_instances (task_inst_id, task_id, module_inst_id, status, task_completing_time) VALUES (3392, 28, 292, 0, '233');
INSERT INTO recordings (recording_id, task_inst_id, file_path) VALUES (3392, 3392, 'recordings/eval_59_mod_2_task_3392.wav');
INSERT INTO task_instances (task_inst_id, task_id, module_inst_id, status, task_completing_time) VALUES (3393, 29, 292, 1, '119');
INSERT INTO recordings (recording_id, task_inst_id, file_path) VALUES (3393, 3393, 'recordings/eval_59_mod_2_task_3393.wav');
INSERT INTO task_instances (task_inst_id, task_id, module_inst_id, status, task_completing_time) VALUES (3394, 30, 292, 1, '58');
INSERT INTO recordings (recording_id, task_inst_id, file_path) VALUES (3394, 3394, 'recordings/eval_59_mod_2_task_3394.wav');
INSERT INTO task_instances (task_inst_id, task_id, module_inst_id, status, task_completing_time) VALUES (3395, 31, 292, 1, '195');
INSERT INTO recordings (recording_id, task_inst_id, file_path) VALUES (3395, 3395, 'recordings/eval_59_mod_2_task_3395.wav');
INSERT INTO task_instances (task_inst_id, task_id, module_inst_id, status, task_completing_time) VALUES (3396, 32, 292, 1, '31');
INSERT INTO recordings (recording_id, task_inst_id, file_path) VALUES (3396, 3396, 'recordings/eval_59_mod_2_task_3396.wav');
INSERT INTO task_instances (task_inst_id, task_id, module_inst_id, status, task_completing_time) VALUES (3397, 33, 292, 1, '77');
INSERT INTO recordings (recording_id, task_inst_id, file_path) VALUES (3397, 3397, 'recordings/eval_59_mod_2_task_3397.wav');
INSERT INTO task_instances (task_inst_id, task_id, module_inst_id, status, task_completing_time) VALUES (3398, 34, 292, 0, '248');
INSERT INTO recordings (recording_id, task_inst_id, file_path) VALUES (3398, 3398, 'recordings/eval_59_mod_2_task_3398.wav');
INSERT INTO task_instances (task_inst_id, task_id, module_inst_id, status, task_completing_time) VALUES (3399, 35, 292, 1, '236');
INSERT INTO recordings (recording_id, task_inst_id, file_path) VALUES (3399, 3399, 'recordings/eval_59_mod_2_task_3399.wav');
INSERT INTO task_instances (task_inst_id, task_id, module_inst_id, status, task_completing_time) VALUES (3400, 36, 292, 1, '98');
INSERT INTO recordings (recording_id, task_inst_id, file_path) VALUES (3400, 3400, 'recordings/eval_59_mod_2_task_3400.wav');
INSERT INTO task_instances (task_inst_id, task_id, module_inst_id, status, task_completing_time) VALUES (3401, 37, 292, 1, '165');
INSERT INTO recordings (recording_id, task_inst_id, file_path) VALUES (3401, 3401, 'recordings/eval_59_mod_2_task_3401.wav');
INSERT INTO module_instances (module_inst_id, module_id, evaluation_id, status) VALUES (293, 3, 59, 3);
INSERT INTO task_instances (task_inst_id, task_id, module_inst_id, status, task_completing_time) VALUES (3402, 38, 293, 1, '29');
INSERT INTO recordings (recording_id, task_inst_id, file_path) VALUES (3402, 3402, 'recordings/eval_59_mod_3_task_3402.wav');
INSERT INTO task_instances (task_inst_id, task_id, module_inst_id, status, task_completing_time) VALUES (3403, 39, 293, 1, '190');
INSERT INTO recordings (recording_id, task_inst_id, file_path) VALUES (3403, 3403, 'recordings/eval_59_mod_3_task_3403.wav');
INSERT INTO task_instances (task_inst_id, task_id, module_inst_id, status, task_completing_time) VALUES (3404, 40, 293, 1, '122');
INSERT INTO recordings (recording_id, task_inst_id, file_path) VALUES (3404, 3404, 'recordings/eval_59_mod_3_task_3404.wav');
INSERT INTO task_instances (task_inst_id, task_id, module_inst_id, status, task_completing_time) VALUES (3405, 41, 293, 1, '211');
INSERT INTO recordings (recording_id, task_inst_id, file_path) VALUES (3405, 3405, 'recordings/eval_59_mod_3_task_3405.wav');
INSERT INTO task_instances (task_inst_id, task_id, module_inst_id, status, task_completing_time) VALUES (3406, 42, 293, 0, '133');
INSERT INTO recordings (recording_id, task_inst_id, file_path) VALUES (3406, 3406, 'recordings/eval_59_mod_3_task_3406.wav');
INSERT INTO task_instances (task_inst_id, task_id, module_inst_id, status, task_completing_time) VALUES (3407, 43, 293, 1, '139');
INSERT INTO recordings (recording_id, task_inst_id, file_path) VALUES (3407, 3407, 'recordings/eval_59_mod_3_task_3407.wav');
INSERT INTO task_instances (task_inst_id, task_id, module_inst_id, status, task_completing_time) VALUES (3408, 44, 293, 1, '81');
INSERT INTO recordings (recording_id, task_inst_id, file_path) VALUES (3408, 3408, 'recordings/eval_59_mod_3_task_3408.wav');
INSERT INTO task_instances (task_inst_id, task_id, module_inst_id, status, task_completing_time) VALUES (3409, 45, 293, 1, '289');
INSERT INTO recordings (recording_id, task_inst_id, file_path) VALUES (3409, 3409, 'recordings/eval_59_mod_3_task_3409.wav');
INSERT INTO task_instances (task_inst_id, task_id, module_inst_id, status, task_completing_time) VALUES (3410, 46, 293, 1, '218');
INSERT INTO recordings (recording_id, task_inst_id, file_path) VALUES (3410, 3410, 'recordings/eval_59_mod_3_task_3410.wav');
INSERT INTO module_instances (module_inst_id, module_id, evaluation_id, status) VALUES (294, 4, 59, 3);
INSERT INTO task_instances (task_inst_id, task_id, module_inst_id, status, task_completing_time) VALUES (3411, 47, 294, 1, '38');
INSERT INTO recordings (recording_id, task_inst_id, file_path) VALUES (3411, 3411, 'recordings/eval_59_mod_4_task_3411.wav');
INSERT INTO task_instances (task_inst_id, task_id, module_inst_id, status, task_completing_time) VALUES (3412, 48, 294, 1, '263');
INSERT INTO recordings (recording_id, task_inst_id, file_path) VALUES (3412, 3412, 'recordings/eval_59_mod_4_task_3412.wav');
INSERT INTO task_instances (task_inst_id, task_id, module_inst_id, status, task_completing_time) VALUES (3413, 49, 294, 1, '158');
INSERT INTO recordings (recording_id, task_inst_id, file_path) VALUES (3413, 3413, 'recordings/eval_59_mod_4_task_3413.wav');
INSERT INTO task_instances (task_inst_id, task_id, module_inst_id, status, task_completing_time) VALUES (3414, 50, 294, 1, '68');
INSERT INTO recordings (recording_id, task_inst_id, file_path) VALUES (3414, 3414, 'recordings/eval_59_mod_4_task_3414.wav');
INSERT INTO task_instances (task_inst_id, task_id, module_inst_id, status, task_completing_time) VALUES (3415, 51, 294, 0, '54');
INSERT INTO recordings (recording_id, task_inst_id, file_path) VALUES (3415, 3415, 'recordings/eval_59_mod_4_task_3415.wav');
INSERT INTO task_instances (task_inst_id, task_id, module_inst_id, status, task_completing_time) VALUES (3416, 52, 294, 1, '165');
INSERT INTO recordings (recording_id, task_inst_id, file_path) VALUES (3416, 3416, 'recordings/eval_59_mod_4_task_3416.wav');
INSERT INTO task_instances (task_inst_id, task_id, module_inst_id, status, task_completing_time) VALUES (3417, 53, 294, 1, '96');
INSERT INTO recordings (recording_id, task_inst_id, file_path) VALUES (3417, 3417, 'recordings/eval_59_mod_4_task_3417.wav');
INSERT INTO task_instances (task_inst_id, task_id, module_inst_id, status, task_completing_time) VALUES (3418, 54, 294, 0, '94');
INSERT INTO recordings (recording_id, task_inst_id, file_path) VALUES (3418, 3418, 'recordings/eval_59_mod_4_task_3418.wav');
INSERT INTO task_instances (task_inst_id, task_id, module_inst_id, status, task_completing_time) VALUES (3419, 55, 294, 1, '60');
INSERT INTO recordings (recording_id, task_inst_id, file_path) VALUES (3419, 3419, 'recordings/eval_59_mod_4_task_3419.wav');
INSERT INTO task_instances (task_inst_id, task_id, module_inst_id, status, task_completing_time) VALUES (3420, 56, 294, 1, '12');
INSERT INTO recordings (recording_id, task_inst_id, file_path) VALUES (3420, 3420, 'recordings/eval_59_mod_4_task_3420.wav');
INSERT INTO module_instances (module_inst_id, module_id, evaluation_id, status) VALUES (295, 9001, 59, 1);
INSERT INTO task_instances (task_inst_id, task_id, module_inst_id, status, task_completing_time) VALUES (3421, 9001, 295, 1, '30');
INSERT INTO recordings (recording_id, task_inst_id, file_path) VALUES (3421, 3421, 'recordings/eval_59_mod_9001_task_3421.wav');
INSERT INTO task_instances (task_inst_id, task_id, module_inst_id, status, task_completing_time) VALUES (3422, 9002, 295, 1, '89');
INSERT INTO recordings (recording_id, task_inst_id, file_path) VALUES (3422, 3422, 'recordings/eval_59_mod_9001_task_3422.wav');
INSERT INTO participants (participant_id, name, surname, education_level, sex, birth_date, laterality) VALUES (60, 'v9Tj6MWPOoCjey4Lht0WCg==', 'ud/l/dbgUIKheSwJhN8UCA==', 4, 2, '1971-07-15', 2);
INSERT INTO evaluations (evaluation_id, evaluation_date, evaluator_id, participant_id, status, language) VALUES (60, '2025-11-18 16:55:00', 8, 60, 3, 2);
INSERT INTO module_instances (module_inst_id, module_id, evaluation_id, status) VALUES (296, 1, 60, 3);
INSERT INTO task_instances (task_inst_id, task_id, module_inst_id, status, task_completing_time) VALUES (3423, 1, 296, 1, '28');
INSERT INTO recordings (recording_id, task_inst_id, file_path) VALUES (3423, 3423, 'recordings/eval_60_mod_1_task_3423.wav');
INSERT INTO task_instances (task_inst_id, task_id, module_inst_id, status, task_completing_time) VALUES (3424, 2, 296, 1, '146');
INSERT INTO recordings (recording_id, task_inst_id, file_path) VALUES (3424, 3424, 'recordings/eval_60_mod_1_task_3424.wav');
INSERT INTO task_instances (task_inst_id, task_id, module_inst_id, status, task_completing_time) VALUES (3425, 3, 296, 1, '108');
INSERT INTO recordings (recording_id, task_inst_id, file_path) VALUES (3425, 3425, 'recordings/eval_60_mod_1_task_3425.wav');
INSERT INTO task_instances (task_inst_id, task_id, module_inst_id, status, task_completing_time) VALUES (3426, 4, 296, 1, '57');
INSERT INTO recordings (recording_id, task_inst_id, file_path) VALUES (3426, 3426, 'recordings/eval_60_mod_1_task_3426.wav');
INSERT INTO task_instances (task_inst_id, task_id, module_inst_id, status, task_completing_time) VALUES (3427, 5, 296, 1, '184');
INSERT INTO recordings (recording_id, task_inst_id, file_path) VALUES (3427, 3427, 'recordings/eval_60_mod_1_task_3427.wav');
INSERT INTO task_instances (task_inst_id, task_id, module_inst_id, status, task_completing_time) VALUES (3428, 6, 296, 0, '206');
INSERT INTO recordings (recording_id, task_inst_id, file_path) VALUES (3428, 3428, 'recordings/eval_60_mod_1_task_3428.wav');
INSERT INTO task_instances (task_inst_id, task_id, module_inst_id, status, task_completing_time) VALUES (3429, 7, 296, 0, '202');
INSERT INTO recordings (recording_id, task_inst_id, file_path) VALUES (3429, 3429, 'recordings/eval_60_mod_1_task_3429.wav');
INSERT INTO task_instances (task_inst_id, task_id, module_inst_id, status, task_completing_time) VALUES (3430, 8, 296, 1, '194');
INSERT INTO recordings (recording_id, task_inst_id, file_path) VALUES (3430, 3430, 'recordings/eval_60_mod_1_task_3430.wav');
INSERT INTO task_instances (task_inst_id, task_id, module_inst_id, status, task_completing_time) VALUES (3431, 9, 296, 1, '299');
INSERT INTO recordings (recording_id, task_inst_id, file_path) VALUES (3431, 3431, 'recordings/eval_60_mod_1_task_3431.wav');
INSERT INTO task_instances (task_inst_id, task_id, module_inst_id, status, task_completing_time) VALUES (3432, 10, 296, 1, '48');
INSERT INTO recordings (recording_id, task_inst_id, file_path) VALUES (3432, 3432, 'recordings/eval_60_mod_1_task_3432.wav');
INSERT INTO module_instances (module_inst_id, module_id, evaluation_id, status) VALUES (297, 2, 60, 3);
INSERT INTO task_instances (task_inst_id, task_id, module_inst_id, status, task_completing_time) VALUES (3433, 11, 297, 1, '18');
INSERT INTO recordings (recording_id, task_inst_id, file_path) VALUES (3433, 3433, 'recordings/eval_60_mod_2_task_3433.wav');
INSERT INTO task_instances (task_inst_id, task_id, module_inst_id, status, task_completing_time) VALUES (3434, 12, 297, 1, '228');
INSERT INTO recordings (recording_id, task_inst_id, file_path) VALUES (3434, 3434, 'recordings/eval_60_mod_2_task_3434.wav');
INSERT INTO task_instances (task_inst_id, task_id, module_inst_id, status, task_completing_time) VALUES (3435, 13, 297, 1, '171');
INSERT INTO recordings (recording_id, task_inst_id, file_path) VALUES (3435, 3435, 'recordings/eval_60_mod_2_task_3435.wav');
INSERT INTO task_instances (task_inst_id, task_id, module_inst_id, status, task_completing_time) VALUES (3436, 14, 297, 0, '297');
INSERT INTO recordings (recording_id, task_inst_id, file_path) VALUES (3436, 3436, 'recordings/eval_60_mod_2_task_3436.wav');
INSERT INTO task_instances (task_inst_id, task_id, module_inst_id, status, task_completing_time) VALUES (3437, 15, 297, 1, '166');
INSERT INTO recordings (recording_id, task_inst_id, file_path) VALUES (3437, 3437, 'recordings/eval_60_mod_2_task_3437.wav');
INSERT INTO task_instances (task_inst_id, task_id, module_inst_id, status, task_completing_time) VALUES (3438, 16, 297, 1, '33');
INSERT INTO recordings (recording_id, task_inst_id, file_path) VALUES (3438, 3438, 'recordings/eval_60_mod_2_task_3438.wav');
INSERT INTO task_instances (task_inst_id, task_id, module_inst_id, status, task_completing_time) VALUES (3439, 17, 297, 1, '146');
INSERT INTO recordings (recording_id, task_inst_id, file_path) VALUES (3439, 3439, 'recordings/eval_60_mod_2_task_3439.wav');
INSERT INTO task_instances (task_inst_id, task_id, module_inst_id, status, task_completing_time) VALUES (3440, 18, 297, 0, '173');
INSERT INTO recordings (recording_id, task_inst_id, file_path) VALUES (3440, 3440, 'recordings/eval_60_mod_2_task_3440.wav');
INSERT INTO task_instances (task_inst_id, task_id, module_inst_id, status, task_completing_time) VALUES (3441, 19, 297, 0, '55');
INSERT INTO recordings (recording_id, task_inst_id, file_path) VALUES (3441, 3441, 'recordings/eval_60_mod_2_task_3441.wav');
INSERT INTO task_instances (task_inst_id, task_id, module_inst_id, status, task_completing_time) VALUES (3442, 20, 297, 1, '143');
INSERT INTO recordings (recording_id, task_inst_id, file_path) VALUES (3442, 3442, 'recordings/eval_60_mod_2_task_3442.wav');
INSERT INTO task_instances (task_inst_id, task_id, module_inst_id, status, task_completing_time) VALUES (3443, 21, 297, 1, '16');
INSERT INTO recordings (recording_id, task_inst_id, file_path) VALUES (3443, 3443, 'recordings/eval_60_mod_2_task_3443.wav');
INSERT INTO task_instances (task_inst_id, task_id, module_inst_id, status, task_completing_time) VALUES (3444, 22, 297, 1, '22');
INSERT INTO recordings (recording_id, task_inst_id, file_path) VALUES (3444, 3444, 'recordings/eval_60_mod_2_task_3444.wav');
INSERT INTO task_instances (task_inst_id, task_id, module_inst_id, status, task_completing_time) VALUES (3445, 23, 297, 1, '12');
INSERT INTO recordings (recording_id, task_inst_id, file_path) VALUES (3445, 3445, 'recordings/eval_60_mod_2_task_3445.wav');
INSERT INTO task_instances (task_inst_id, task_id, module_inst_id, status, task_completing_time) VALUES (3446, 24, 297, 1, '47');
INSERT INTO recordings (recording_id, task_inst_id, file_path) VALUES (3446, 3446, 'recordings/eval_60_mod_2_task_3446.wav');
INSERT INTO task_instances (task_inst_id, task_id, module_inst_id, status, task_completing_time) VALUES (3447, 25, 297, 1, '8');
INSERT INTO recordings (recording_id, task_inst_id, file_path) VALUES (3447, 3447, 'recordings/eval_60_mod_2_task_3447.wav');
INSERT INTO task_instances (task_inst_id, task_id, module_inst_id, status, task_completing_time) VALUES (3448, 26, 297, 1, '196');
INSERT INTO recordings (recording_id, task_inst_id, file_path) VALUES (3448, 3448, 'recordings/eval_60_mod_2_task_3448.wav');
INSERT INTO task_instances (task_inst_id, task_id, module_inst_id, status, task_completing_time) VALUES (3449, 27, 297, 1, '255');
INSERT INTO recordings (recording_id, task_inst_id, file_path) VALUES (3449, 3449, 'recordings/eval_60_mod_2_task_3449.wav');
INSERT INTO task_instances (task_inst_id, task_id, module_inst_id, status, task_completing_time) VALUES (3450, 28, 297, 0, '55');
INSERT INTO recordings (recording_id, task_inst_id, file_path) VALUES (3450, 3450, 'recordings/eval_60_mod_2_task_3450.wav');
INSERT INTO task_instances (task_inst_id, task_id, module_inst_id, status, task_completing_time) VALUES (3451, 29, 297, 1, '110');
INSERT INTO recordings (recording_id, task_inst_id, file_path) VALUES (3451, 3451, 'recordings/eval_60_mod_2_task_3451.wav');
INSERT INTO task_instances (task_inst_id, task_id, module_inst_id, status, task_completing_time) VALUES (3452, 30, 297, 1, '9');
INSERT INTO recordings (recording_id, task_inst_id, file_path) VALUES (3452, 3452, 'recordings/eval_60_mod_2_task_3452.wav');
INSERT INTO task_instances (task_inst_id, task_id, module_inst_id, status, task_completing_time) VALUES (3453, 31, 297, 1, '64');
INSERT INTO recordings (recording_id, task_inst_id, file_path) VALUES (3453, 3453, 'recordings/eval_60_mod_2_task_3453.wav');
INSERT INTO task_instances (task_inst_id, task_id, module_inst_id, status, task_completing_time) VALUES (3454, 32, 297, 1, '21');
INSERT INTO recordings (recording_id, task_inst_id, file_path) VALUES (3454, 3454, 'recordings/eval_60_mod_2_task_3454.wav');
INSERT INTO task_instances (task_inst_id, task_id, module_inst_id, status, task_completing_time) VALUES (3455, 33, 297, 1, '84');
INSERT INTO recordings (recording_id, task_inst_id, file_path) VALUES (3455, 3455, 'recordings/eval_60_mod_2_task_3455.wav');
INSERT INTO task_instances (task_inst_id, task_id, module_inst_id, status, task_completing_time) VALUES (3456, 34, 297, 1, '224');
INSERT INTO recordings (recording_id, task_inst_id, file_path) VALUES (3456, 3456, 'recordings/eval_60_mod_2_task_3456.wav');
INSERT INTO task_instances (task_inst_id, task_id, module_inst_id, status, task_completing_time) VALUES (3457, 35, 297, 0, '293');
INSERT INTO recordings (recording_id, task_inst_id, file_path) VALUES (3457, 3457, 'recordings/eval_60_mod_2_task_3457.wav');
INSERT INTO task_instances (task_inst_id, task_id, module_inst_id, status, task_completing_time) VALUES (3458, 36, 297, 1, '241');
INSERT INTO recordings (recording_id, task_inst_id, file_path) VALUES (3458, 3458, 'recordings/eval_60_mod_2_task_3458.wav');
INSERT INTO task_instances (task_inst_id, task_id, module_inst_id, status, task_completing_time) VALUES (3459, 37, 297, 1, '150');
INSERT INTO recordings (recording_id, task_inst_id, file_path) VALUES (3459, 3459, 'recordings/eval_60_mod_2_task_3459.wav');
INSERT INTO module_instances (module_inst_id, module_id, evaluation_id, status) VALUES (298, 3, 60, 3);
INSERT INTO task_instances (task_inst_id, task_id, module_inst_id, status, task_completing_time) VALUES (3460, 38, 298, 1, '38');
INSERT INTO recordings (recording_id, task_inst_id, file_path) VALUES (3460, 3460, 'recordings/eval_60_mod_3_task_3460.wav');
INSERT INTO task_instances (task_inst_id, task_id, module_inst_id, status, task_completing_time) VALUES (3461, 39, 298, 1, '237');
INSERT INTO recordings (recording_id, task_inst_id, file_path) VALUES (3461, 3461, 'recordings/eval_60_mod_3_task_3461.wav');
INSERT INTO task_instances (task_inst_id, task_id, module_inst_id, status, task_completing_time) VALUES (3462, 40, 298, 1, '56');
INSERT INTO recordings (recording_id, task_inst_id, file_path) VALUES (3462, 3462, 'recordings/eval_60_mod_3_task_3462.wav');
INSERT INTO task_instances (task_inst_id, task_id, module_inst_id, status, task_completing_time) VALUES (3463, 41, 298, 1, '207');
INSERT INTO recordings (recording_id, task_inst_id, file_path) VALUES (3463, 3463, 'recordings/eval_60_mod_3_task_3463.wav');
INSERT INTO task_instances (task_inst_id, task_id, module_inst_id, status, task_completing_time) VALUES (3464, 42, 298, 1, '293');
INSERT INTO recordings (recording_id, task_inst_id, file_path) VALUES (3464, 3464, 'recordings/eval_60_mod_3_task_3464.wav');
INSERT INTO task_instances (task_inst_id, task_id, module_inst_id, status, task_completing_time) VALUES (3465, 43, 298, 1, '32');
INSERT INTO recordings (recording_id, task_inst_id, file_path) VALUES (3465, 3465, 'recordings/eval_60_mod_3_task_3465.wav');
INSERT INTO task_instances (task_inst_id, task_id, module_inst_id, status, task_completing_time) VALUES (3466, 44, 298, 1, '138');
INSERT INTO recordings (recording_id, task_inst_id, file_path) VALUES (3466, 3466, 'recordings/eval_60_mod_3_task_3466.wav');
INSERT INTO task_instances (task_inst_id, task_id, module_inst_id, status, task_completing_time) VALUES (3467, 45, 298, 1, '71');
INSERT INTO recordings (recording_id, task_inst_id, file_path) VALUES (3467, 3467, 'recordings/eval_60_mod_3_task_3467.wav');
INSERT INTO task_instances (task_inst_id, task_id, module_inst_id, status, task_completing_time) VALUES (3468, 46, 298, 1, '277');
INSERT INTO recordings (recording_id, task_inst_id, file_path) VALUES (3468, 3468, 'recordings/eval_60_mod_3_task_3468.wav');
INSERT INTO module_instances (module_inst_id, module_id, evaluation_id, status) VALUES (299, 4, 60, 3);
INSERT INTO task_instances (task_inst_id, task_id, module_inst_id, status, task_completing_time) VALUES (3469, 47, 299, 1, '58');
INSERT INTO recordings (recording_id, task_inst_id, file_path) VALUES (3469, 3469, 'recordings/eval_60_mod_4_task_3469.wav');
INSERT INTO task_instances (task_inst_id, task_id, module_inst_id, status, task_completing_time) VALUES (3470, 48, 299, 0, '283');
INSERT INTO recordings (recording_id, task_inst_id, file_path) VALUES (3470, 3470, 'recordings/eval_60_mod_4_task_3470.wav');
INSERT INTO task_instances (task_inst_id, task_id, module_inst_id, status, task_completing_time) VALUES (3471, 49, 299, 0, '296');
INSERT INTO recordings (recording_id, task_inst_id, file_path) VALUES (3471, 3471, 'recordings/eval_60_mod_4_task_3471.wav');
INSERT INTO task_instances (task_inst_id, task_id, module_inst_id, status, task_completing_time) VALUES (3472, 50, 299, 0, '282');
INSERT INTO recordings (recording_id, task_inst_id, file_path) VALUES (3472, 3472, 'recordings/eval_60_mod_4_task_3472.wav');
INSERT INTO task_instances (task_inst_id, task_id, module_inst_id, status, task_completing_time) VALUES (3473, 51, 299, 1, '256');
INSERT INTO recordings (recording_id, task_inst_id, file_path) VALUES (3473, 3473, 'recordings/eval_60_mod_4_task_3473.wav');
INSERT INTO task_instances (task_inst_id, task_id, module_inst_id, status, task_completing_time) VALUES (3474, 52, 299, 0, '40');
INSERT INTO recordings (recording_id, task_inst_id, file_path) VALUES (3474, 3474, 'recordings/eval_60_mod_4_task_3474.wav');
INSERT INTO task_instances (task_inst_id, task_id, module_inst_id, status, task_completing_time) VALUES (3475, 53, 299, 0, '196');
INSERT INTO recordings (recording_id, task_inst_id, file_path) VALUES (3475, 3475, 'recordings/eval_60_mod_4_task_3475.wav');
INSERT INTO task_instances (task_inst_id, task_id, module_inst_id, status, task_completing_time) VALUES (3476, 54, 299, 1, '182');
INSERT INTO recordings (recording_id, task_inst_id, file_path) VALUES (3476, 3476, 'recordings/eval_60_mod_4_task_3476.wav');
INSERT INTO task_instances (task_inst_id, task_id, module_inst_id, status, task_completing_time) VALUES (3477, 55, 299, 1, '206');
INSERT INTO recordings (recording_id, task_inst_id, file_path) VALUES (3477, 3477, 'recordings/eval_60_mod_4_task_3477.wav');
INSERT INTO task_instances (task_inst_id, task_id, module_inst_id, status, task_completing_time) VALUES (3478, 56, 299, 1, '31');
INSERT INTO recordings (recording_id, task_inst_id, file_path) VALUES (3478, 3478, 'recordings/eval_60_mod_4_task_3478.wav');
INSERT INTO module_instances (module_inst_id, module_id, evaluation_id, status) VALUES (300, 9001, 60, 3);
INSERT INTO task_instances (task_inst_id, task_id, module_inst_id, status, task_completing_time) VALUES (3479, 9001, 300, 1, '40');
INSERT INTO recordings (recording_id, task_inst_id, file_path) VALUES (3479, 3479, 'recordings/eval_60_mod_9001_task_3479.wav');
INSERT INTO task_instances (task_inst_id, task_id, module_inst_id, status, task_completing_time) VALUES (3480, 9002, 300, 1, '206');
INSERT INTO recordings (recording_id, task_inst_id, file_path) VALUES (3480, 3480, 'recordings/eval_60_mod_9001_task_3480.wav');
INSERT INTO participants (participant_id, name, surname, education_level, sex, birth_date, laterality) VALUES (61, 'uMLj59jgUIKheSwJhN8UCA==', 'ttn76LvnV4WmfisOg9gTDw==', 1, 2, '1958-05-27', 1);
INSERT INTO evaluations (evaluation_id, evaluation_date, evaluator_id, participant_id, status, language) VALUES (61, '2025-08-03 09:47:00', 8, 61, 3, 2);
INSERT INTO module_instances (module_inst_id, module_id, evaluation_id, status) VALUES (301, 1, 61, 3);
INSERT INTO task_instances (task_inst_id, task_id, module_inst_id, status, task_completing_time) VALUES (3481, 1, 301, 0, '56');
INSERT INTO recordings (recording_id, task_inst_id, file_path) VALUES (3481, 3481, 'recordings/eval_61_mod_1_task_3481.wav');
INSERT INTO task_instances (task_inst_id, task_id, module_inst_id, status, task_completing_time) VALUES (3482, 2, 301, 0, '221');
INSERT INTO recordings (recording_id, task_inst_id, file_path) VALUES (3482, 3482, 'recordings/eval_61_mod_1_task_3482.wav');
INSERT INTO task_instances (task_inst_id, task_id, module_inst_id, status, task_completing_time) VALUES (3483, 3, 301, 1, '155');
INSERT INTO recordings (recording_id, task_inst_id, file_path) VALUES (3483, 3483, 'recordings/eval_61_mod_1_task_3483.wav');
INSERT INTO task_instances (task_inst_id, task_id, module_inst_id, status, task_completing_time) VALUES (3484, 4, 301, 1, '127');
INSERT INTO recordings (recording_id, task_inst_id, file_path) VALUES (3484, 3484, 'recordings/eval_61_mod_1_task_3484.wav');
INSERT INTO task_instances (task_inst_id, task_id, module_inst_id, status, task_completing_time) VALUES (3485, 5, 301, 1, '141');
INSERT INTO recordings (recording_id, task_inst_id, file_path) VALUES (3485, 3485, 'recordings/eval_61_mod_1_task_3485.wav');
INSERT INTO task_instances (task_inst_id, task_id, module_inst_id, status, task_completing_time) VALUES (3486, 6, 301, 1, '258');
INSERT INTO recordings (recording_id, task_inst_id, file_path) VALUES (3486, 3486, 'recordings/eval_61_mod_1_task_3486.wav');
INSERT INTO task_instances (task_inst_id, task_id, module_inst_id, status, task_completing_time) VALUES (3487, 7, 301, 1, '288');
INSERT INTO recordings (recording_id, task_inst_id, file_path) VALUES (3487, 3487, 'recordings/eval_61_mod_1_task_3487.wav');
INSERT INTO task_instances (task_inst_id, task_id, module_inst_id, status, task_completing_time) VALUES (3488, 8, 301, 1, '102');
INSERT INTO recordings (recording_id, task_inst_id, file_path) VALUES (3488, 3488, 'recordings/eval_61_mod_1_task_3488.wav');
INSERT INTO task_instances (task_inst_id, task_id, module_inst_id, status, task_completing_time) VALUES (3489, 9, 301, 1, '236');
INSERT INTO recordings (recording_id, task_inst_id, file_path) VALUES (3489, 3489, 'recordings/eval_61_mod_1_task_3489.wav');
INSERT INTO task_instances (task_inst_id, task_id, module_inst_id, status, task_completing_time) VALUES (3490, 10, 301, 0, '159');
INSERT INTO recordings (recording_id, task_inst_id, file_path) VALUES (3490, 3490, 'recordings/eval_61_mod_1_task_3490.wav');
INSERT INTO module_instances (module_inst_id, module_id, evaluation_id, status) VALUES (302, 2, 61, 3);
INSERT INTO task_instances (task_inst_id, task_id, module_inst_id, status, task_completing_time) VALUES (3491, 11, 302, 1, '40');
INSERT INTO recordings (recording_id, task_inst_id, file_path) VALUES (3491, 3491, 'recordings/eval_61_mod_2_task_3491.wav');
INSERT INTO task_instances (task_inst_id, task_id, module_inst_id, status, task_completing_time) VALUES (3492, 12, 302, 1, '182');
INSERT INTO recordings (recording_id, task_inst_id, file_path) VALUES (3492, 3492, 'recordings/eval_61_mod_2_task_3492.wav');
INSERT INTO task_instances (task_inst_id, task_id, module_inst_id, status, task_completing_time) VALUES (3493, 13, 302, 1, '133');
INSERT INTO recordings (recording_id, task_inst_id, file_path) VALUES (3493, 3493, 'recordings/eval_61_mod_2_task_3493.wav');
INSERT INTO task_instances (task_inst_id, task_id, module_inst_id, status, task_completing_time) VALUES (3494, 14, 302, 1, '187');
INSERT INTO recordings (recording_id, task_inst_id, file_path) VALUES (3494, 3494, 'recordings/eval_61_mod_2_task_3494.wav');
INSERT INTO task_instances (task_inst_id, task_id, module_inst_id, status, task_completing_time) VALUES (3495, 15, 302, 1, '73');
INSERT INTO recordings (recording_id, task_inst_id, file_path) VALUES (3495, 3495, 'recordings/eval_61_mod_2_task_3495.wav');
INSERT INTO task_instances (task_inst_id, task_id, module_inst_id, status, task_completing_time) VALUES (3496, 16, 302, 1, '139');
INSERT INTO recordings (recording_id, task_inst_id, file_path) VALUES (3496, 3496, 'recordings/eval_61_mod_2_task_3496.wav');
INSERT INTO task_instances (task_inst_id, task_id, module_inst_id, status, task_completing_time) VALUES (3497, 17, 302, 1, '55');
INSERT INTO recordings (recording_id, task_inst_id, file_path) VALUES (3497, 3497, 'recordings/eval_61_mod_2_task_3497.wav');
INSERT INTO task_instances (task_inst_id, task_id, module_inst_id, status, task_completing_time) VALUES (3498, 18, 302, 1, '99');
INSERT INTO recordings (recording_id, task_inst_id, file_path) VALUES (3498, 3498, 'recordings/eval_61_mod_2_task_3498.wav');
INSERT INTO task_instances (task_inst_id, task_id, module_inst_id, status, task_completing_time) VALUES (3499, 19, 302, 1, '29');
INSERT INTO recordings (recording_id, task_inst_id, file_path) VALUES (3499, 3499, 'recordings/eval_61_mod_2_task_3499.wav');
INSERT INTO task_instances (task_inst_id, task_id, module_inst_id, status, task_completing_time) VALUES (3500, 20, 302, 1, '159');
INSERT INTO recordings (recording_id, task_inst_id, file_path) VALUES (3500, 3500, 'recordings/eval_61_mod_2_task_3500.wav');
INSERT INTO task_instances (task_inst_id, task_id, module_inst_id, status, task_completing_time) VALUES (3501, 21, 302, 1, '37');
INSERT INTO recordings (recording_id, task_inst_id, file_path) VALUES (3501, 3501, 'recordings/eval_61_mod_2_task_3501.wav');
INSERT INTO task_instances (task_inst_id, task_id, module_inst_id, status, task_completing_time) VALUES (3502, 22, 302, 0, '58');
INSERT INTO recordings (recording_id, task_inst_id, file_path) VALUES (3502, 3502, 'recordings/eval_61_mod_2_task_3502.wav');
INSERT INTO task_instances (task_inst_id, task_id, module_inst_id, status, task_completing_time) VALUES (3503, 23, 302, 1, '50');
INSERT INTO recordings (recording_id, task_inst_id, file_path) VALUES (3503, 3503, 'recordings/eval_61_mod_2_task_3503.wav');
INSERT INTO task_instances (task_inst_id, task_id, module_inst_id, status, task_completing_time) VALUES (3504, 24, 302, 1, '26');
INSERT INTO recordings (recording_id, task_inst_id, file_path) VALUES (3504, 3504, 'recordings/eval_61_mod_2_task_3504.wav');
INSERT INTO task_instances (task_inst_id, task_id, module_inst_id, status, task_completing_time) VALUES (3505, 25, 302, 1, '46');
INSERT INTO recordings (recording_id, task_inst_id, file_path) VALUES (3505, 3505, 'recordings/eval_61_mod_2_task_3505.wav');
INSERT INTO task_instances (task_inst_id, task_id, module_inst_id, status, task_completing_time) VALUES (3506, 26, 302, 1, '82');
INSERT INTO recordings (recording_id, task_inst_id, file_path) VALUES (3506, 3506, 'recordings/eval_61_mod_2_task_3506.wav');
INSERT INTO task_instances (task_inst_id, task_id, module_inst_id, status, task_completing_time) VALUES (3507, 27, 302, 1, '37');
INSERT INTO recordings (recording_id, task_inst_id, file_path) VALUES (3507, 3507, 'recordings/eval_61_mod_2_task_3507.wav');
INSERT INTO task_instances (task_inst_id, task_id, module_inst_id, status, task_completing_time) VALUES (3508, 28, 302, 1, '174');
INSERT INTO recordings (recording_id, task_inst_id, file_path) VALUES (3508, 3508, 'recordings/eval_61_mod_2_task_3508.wav');
INSERT INTO task_instances (task_inst_id, task_id, module_inst_id, status, task_completing_time) VALUES (3509, 29, 302, 0, '108');
INSERT INTO recordings (recording_id, task_inst_id, file_path) VALUES (3509, 3509, 'recordings/eval_61_mod_2_task_3509.wav');
INSERT INTO task_instances (task_inst_id, task_id, module_inst_id, status, task_completing_time) VALUES (3510, 30, 302, 1, '56');
INSERT INTO recordings (recording_id, task_inst_id, file_path) VALUES (3510, 3510, 'recordings/eval_61_mod_2_task_3510.wav');
INSERT INTO task_instances (task_inst_id, task_id, module_inst_id, status, task_completing_time) VALUES (3511, 31, 302, 1, '30');
INSERT INTO recordings (recording_id, task_inst_id, file_path) VALUES (3511, 3511, 'recordings/eval_61_mod_2_task_3511.wav');
INSERT INTO task_instances (task_inst_id, task_id, module_inst_id, status, task_completing_time) VALUES (3512, 32, 302, 1, '203');
INSERT INTO recordings (recording_id, task_inst_id, file_path) VALUES (3512, 3512, 'recordings/eval_61_mod_2_task_3512.wav');
INSERT INTO task_instances (task_inst_id, task_id, module_inst_id, status, task_completing_time) VALUES (3513, 33, 302, 1, '63');
INSERT INTO recordings (recording_id, task_inst_id, file_path) VALUES (3513, 3513, 'recordings/eval_61_mod_2_task_3513.wav');
INSERT INTO task_instances (task_inst_id, task_id, module_inst_id, status, task_completing_time) VALUES (3514, 34, 302, 1, '268');
INSERT INTO recordings (recording_id, task_inst_id, file_path) VALUES (3514, 3514, 'recordings/eval_61_mod_2_task_3514.wav');
INSERT INTO task_instances (task_inst_id, task_id, module_inst_id, status, task_completing_time) VALUES (3515, 35, 302, 1, '238');
INSERT INTO recordings (recording_id, task_inst_id, file_path) VALUES (3515, 3515, 'recordings/eval_61_mod_2_task_3515.wav');
INSERT INTO task_instances (task_inst_id, task_id, module_inst_id, status, task_completing_time) VALUES (3516, 36, 302, 1, '27');
INSERT INTO recordings (recording_id, task_inst_id, file_path) VALUES (3516, 3516, 'recordings/eval_61_mod_2_task_3516.wav');
INSERT INTO task_instances (task_inst_id, task_id, module_inst_id, status, task_completing_time) VALUES (3517, 37, 302, 0, '186');
INSERT INTO recordings (recording_id, task_inst_id, file_path) VALUES (3517, 3517, 'recordings/eval_61_mod_2_task_3517.wav');
INSERT INTO module_instances (module_inst_id, module_id, evaluation_id, status) VALUES (303, 3, 61, 3);
INSERT INTO task_instances (task_inst_id, task_id, module_inst_id, status, task_completing_time) VALUES (3518, 38, 303, 1, '16');
INSERT INTO recordings (recording_id, task_inst_id, file_path) VALUES (3518, 3518, 'recordings/eval_61_mod_3_task_3518.wav');
INSERT INTO task_instances (task_inst_id, task_id, module_inst_id, status, task_completing_time) VALUES (3519, 39, 303, 0, '33');
INSERT INTO recordings (recording_id, task_inst_id, file_path) VALUES (3519, 3519, 'recordings/eval_61_mod_3_task_3519.wav');
INSERT INTO task_instances (task_inst_id, task_id, module_inst_id, status, task_completing_time) VALUES (3520, 40, 303, 0, '118');
INSERT INTO recordings (recording_id, task_inst_id, file_path) VALUES (3520, 3520, 'recordings/eval_61_mod_3_task_3520.wav');
INSERT INTO task_instances (task_inst_id, task_id, module_inst_id, status, task_completing_time) VALUES (3521, 41, 303, 1, '255');
INSERT INTO recordings (recording_id, task_inst_id, file_path) VALUES (3521, 3521, 'recordings/eval_61_mod_3_task_3521.wav');
INSERT INTO task_instances (task_inst_id, task_id, module_inst_id, status, task_completing_time) VALUES (3522, 42, 303, 1, '40');
INSERT INTO recordings (recording_id, task_inst_id, file_path) VALUES (3522, 3522, 'recordings/eval_61_mod_3_task_3522.wav');
INSERT INTO task_instances (task_inst_id, task_id, module_inst_id, status, task_completing_time) VALUES (3523, 43, 303, 1, '72');
INSERT INTO recordings (recording_id, task_inst_id, file_path) VALUES (3523, 3523, 'recordings/eval_61_mod_3_task_3523.wav');
INSERT INTO task_instances (task_inst_id, task_id, module_inst_id, status, task_completing_time) VALUES (3524, 44, 303, 1, '74');
INSERT INTO recordings (recording_id, task_inst_id, file_path) VALUES (3524, 3524, 'recordings/eval_61_mod_3_task_3524.wav');
INSERT INTO task_instances (task_inst_id, task_id, module_inst_id, status, task_completing_time) VALUES (3525, 45, 303, 0, '118');
INSERT INTO recordings (recording_id, task_inst_id, file_path) VALUES (3525, 3525, 'recordings/eval_61_mod_3_task_3525.wav');
INSERT INTO task_instances (task_inst_id, task_id, module_inst_id, status, task_completing_time) VALUES (3526, 46, 303, 1, '129');
INSERT INTO recordings (recording_id, task_inst_id, file_path) VALUES (3526, 3526, 'recordings/eval_61_mod_3_task_3526.wav');
INSERT INTO module_instances (module_inst_id, module_id, evaluation_id, status) VALUES (304, 4, 61, 3);
INSERT INTO task_instances (task_inst_id, task_id, module_inst_id, status, task_completing_time) VALUES (3527, 47, 304, 1, '14');
INSERT INTO recordings (recording_id, task_inst_id, file_path) VALUES (3527, 3527, 'recordings/eval_61_mod_4_task_3527.wav');
INSERT INTO task_instances (task_inst_id, task_id, module_inst_id, status, task_completing_time) VALUES (3528, 48, 304, 1, '66');
INSERT INTO recordings (recording_id, task_inst_id, file_path) VALUES (3528, 3528, 'recordings/eval_61_mod_4_task_3528.wav');
INSERT INTO task_instances (task_inst_id, task_id, module_inst_id, status, task_completing_time) VALUES (3529, 49, 304, 1, '284');
INSERT INTO recordings (recording_id, task_inst_id, file_path) VALUES (3529, 3529, 'recordings/eval_61_mod_4_task_3529.wav');
INSERT INTO task_instances (task_inst_id, task_id, module_inst_id, status, task_completing_time) VALUES (3530, 50, 304, 1, '110');
INSERT INTO recordings (recording_id, task_inst_id, file_path) VALUES (3530, 3530, 'recordings/eval_61_mod_4_task_3530.wav');
INSERT INTO task_instances (task_inst_id, task_id, module_inst_id, status, task_completing_time) VALUES (3531, 51, 304, 0, '149');
INSERT INTO recordings (recording_id, task_inst_id, file_path) VALUES (3531, 3531, 'recordings/eval_61_mod_4_task_3531.wav');
INSERT INTO task_instances (task_inst_id, task_id, module_inst_id, status, task_completing_time) VALUES (3532, 52, 304, 1, '266');
INSERT INTO recordings (recording_id, task_inst_id, file_path) VALUES (3532, 3532, 'recordings/eval_61_mod_4_task_3532.wav');
INSERT INTO task_instances (task_inst_id, task_id, module_inst_id, status, task_completing_time) VALUES (3533, 53, 304, 0, '134');
INSERT INTO recordings (recording_id, task_inst_id, file_path) VALUES (3533, 3533, 'recordings/eval_61_mod_4_task_3533.wav');
INSERT INTO task_instances (task_inst_id, task_id, module_inst_id, status, task_completing_time) VALUES (3534, 54, 304, 1, '223');
INSERT INTO recordings (recording_id, task_inst_id, file_path) VALUES (3534, 3534, 'recordings/eval_61_mod_4_task_3534.wav');
INSERT INTO task_instances (task_inst_id, task_id, module_inst_id, status, task_completing_time) VALUES (3535, 55, 304, 0, '237');
INSERT INTO recordings (recording_id, task_inst_id, file_path) VALUES (3535, 3535, 'recordings/eval_61_mod_4_task_3535.wav');
INSERT INTO task_instances (task_inst_id, task_id, module_inst_id, status, task_completing_time) VALUES (3536, 56, 304, 1, '32');
INSERT INTO recordings (recording_id, task_inst_id, file_path) VALUES (3536, 3536, 'recordings/eval_61_mod_4_task_3536.wav');
INSERT INTO module_instances (module_inst_id, module_id, evaluation_id, status) VALUES (305, 9001, 61, 3);
INSERT INTO task_instances (task_inst_id, task_id, module_inst_id, status, task_completing_time) VALUES (3537, 9001, 305, 1, '42');
INSERT INTO recordings (recording_id, task_inst_id, file_path) VALUES (3537, 3537, 'recordings/eval_61_mod_9001_task_3537.wav');
INSERT INTO task_instances (task_inst_id, task_id, module_inst_id, status, task_completing_time) VALUES (3538, 9002, 305, 1, '224');
INSERT INTO recordings (recording_id, task_inst_id, file_path) VALUES (3538, 3538, 'recordings/eval_61_mod_9001_task_3538.wav');
INSERT INTO participants (participant_id, name, surname, education_level, sex, birth_date, laterality) VALUES (62, 'qNHw6NKHUYOgeC0Ihd4VCQ==', 'vd/77MTgUIKheSwJhN8UCA==', 1, 2, '1969-11-15', 1);
INSERT INTO evaluations (evaluation_id, evaluation_date, evaluator_id, participant_id, status, language) VALUES (62, '2025-11-16 16:25:00', 8, 62, 3, 1);
INSERT INTO module_instances (module_inst_id, module_id, evaluation_id, status) VALUES (306, 1, 62, 2);
INSERT INTO task_instances (task_inst_id, task_id, module_inst_id, status, task_completing_time) VALUES (3539, 1, 306, 1, '14');
INSERT INTO recordings (recording_id, task_inst_id, file_path) VALUES (3539, 3539, 'recordings/eval_62_mod_1_task_3539.wav');
INSERT INTO task_instances (task_inst_id, task_id, module_inst_id, status, task_completing_time) VALUES (3540, 2, 306, 0, '43');
INSERT INTO recordings (recording_id, task_inst_id, file_path) VALUES (3540, 3540, 'recordings/eval_62_mod_1_task_3540.wav');
INSERT INTO task_instances (task_inst_id, task_id, module_inst_id, status, task_completing_time) VALUES (3541, 3, 306, 1, '138');
INSERT INTO recordings (recording_id, task_inst_id, file_path) VALUES (3541, 3541, 'recordings/eval_62_mod_1_task_3541.wav');
INSERT INTO task_instances (task_inst_id, task_id, module_inst_id, status, task_completing_time) VALUES (3542, 4, 306, 1, '138');
INSERT INTO recordings (recording_id, task_inst_id, file_path) VALUES (3542, 3542, 'recordings/eval_62_mod_1_task_3542.wav');
INSERT INTO task_instances (task_inst_id, task_id, module_inst_id, status, task_completing_time) VALUES (3543, 5, 306, 1, '81');
INSERT INTO recordings (recording_id, task_inst_id, file_path) VALUES (3543, 3543, 'recordings/eval_62_mod_1_task_3543.wav');
INSERT INTO task_instances (task_inst_id, task_id, module_inst_id, status, task_completing_time) VALUES (3544, 6, 306, 1, '101');
INSERT INTO recordings (recording_id, task_inst_id, file_path) VALUES (3544, 3544, 'recordings/eval_62_mod_1_task_3544.wav');
INSERT INTO task_instances (task_inst_id, task_id, module_inst_id, status, task_completing_time) VALUES (3545, 7, 306, 1, '144');
INSERT INTO recordings (recording_id, task_inst_id, file_path) VALUES (3545, 3545, 'recordings/eval_62_mod_1_task_3545.wav');
INSERT INTO task_instances (task_inst_id, task_id, module_inst_id, status, task_completing_time) VALUES (3546, 8, 306, 1, '109');
INSERT INTO recordings (recording_id, task_inst_id, file_path) VALUES (3546, 3546, 'recordings/eval_62_mod_1_task_3546.wav');
INSERT INTO task_instances (task_inst_id, task_id, module_inst_id, status, task_completing_time) VALUES (3547, 9, 306, 0, '68');
INSERT INTO recordings (recording_id, task_inst_id, file_path) VALUES (3547, 3547, 'recordings/eval_62_mod_1_task_3547.wav');
INSERT INTO task_instances (task_inst_id, task_id, module_inst_id, status, task_completing_time) VALUES (3548, 10, 306, 1, '90');
INSERT INTO recordings (recording_id, task_inst_id, file_path) VALUES (3548, 3548, 'recordings/eval_62_mod_1_task_3548.wav');
INSERT INTO module_instances (module_inst_id, module_id, evaluation_id, status) VALUES (307, 2, 62, 3);
INSERT INTO task_instances (task_inst_id, task_id, module_inst_id, status, task_completing_time) VALUES (3549, 11, 307, 1, '34');
INSERT INTO recordings (recording_id, task_inst_id, file_path) VALUES (3549, 3549, 'recordings/eval_62_mod_2_task_3549.wav');
INSERT INTO task_instances (task_inst_id, task_id, module_inst_id, status, task_completing_time) VALUES (3550, 12, 307, 1, '190');
INSERT INTO recordings (recording_id, task_inst_id, file_path) VALUES (3550, 3550, 'recordings/eval_62_mod_2_task_3550.wav');
INSERT INTO task_instances (task_inst_id, task_id, module_inst_id, status, task_completing_time) VALUES (3551, 13, 307, 1, '95');
INSERT INTO recordings (recording_id, task_inst_id, file_path) VALUES (3551, 3551, 'recordings/eval_62_mod_2_task_3551.wav');
INSERT INTO task_instances (task_inst_id, task_id, module_inst_id, status, task_completing_time) VALUES (3552, 14, 307, 1, '77');
INSERT INTO recordings (recording_id, task_inst_id, file_path) VALUES (3552, 3552, 'recordings/eval_62_mod_2_task_3552.wav');
INSERT INTO task_instances (task_inst_id, task_id, module_inst_id, status, task_completing_time) VALUES (3553, 15, 307, 1, '257');
INSERT INTO recordings (recording_id, task_inst_id, file_path) VALUES (3553, 3553, 'recordings/eval_62_mod_2_task_3553.wav');
INSERT INTO task_instances (task_inst_id, task_id, module_inst_id, status, task_completing_time) VALUES (3554, 16, 307, 1, '267');
INSERT INTO recordings (recording_id, task_inst_id, file_path) VALUES (3554, 3554, 'recordings/eval_62_mod_2_task_3554.wav');
INSERT INTO task_instances (task_inst_id, task_id, module_inst_id, status, task_completing_time) VALUES (3555, 17, 307, 1, '252');
INSERT INTO recordings (recording_id, task_inst_id, file_path) VALUES (3555, 3555, 'recordings/eval_62_mod_2_task_3555.wav');
INSERT INTO task_instances (task_inst_id, task_id, module_inst_id, status, task_completing_time) VALUES (3556, 18, 307, 1, '232');
INSERT INTO recordings (recording_id, task_inst_id, file_path) VALUES (3556, 3556, 'recordings/eval_62_mod_2_task_3556.wav');
INSERT INTO task_instances (task_inst_id, task_id, module_inst_id, status, task_completing_time) VALUES (3557, 19, 307, 1, '65');
INSERT INTO recordings (recording_id, task_inst_id, file_path) VALUES (3557, 3557, 'recordings/eval_62_mod_2_task_3557.wav');
INSERT INTO task_instances (task_inst_id, task_id, module_inst_id, status, task_completing_time) VALUES (3558, 20, 307, 1, '245');
INSERT INTO recordings (recording_id, task_inst_id, file_path) VALUES (3558, 3558, 'recordings/eval_62_mod_2_task_3558.wav');
INSERT INTO task_instances (task_inst_id, task_id, module_inst_id, status, task_completing_time) VALUES (3559, 21, 307, 0, '50');
INSERT INTO recordings (recording_id, task_inst_id, file_path) VALUES (3559, 3559, 'recordings/eval_62_mod_2_task_3559.wav');
INSERT INTO task_instances (task_inst_id, task_id, module_inst_id, status, task_completing_time) VALUES (3560, 22, 307, 1, '71');
INSERT INTO recordings (recording_id, task_inst_id, file_path) VALUES (3560, 3560, 'recordings/eval_62_mod_2_task_3560.wav');
INSERT INTO task_instances (task_inst_id, task_id, module_inst_id, status, task_completing_time) VALUES (3561, 23, 307, 0, '12');
INSERT INTO recordings (recording_id, task_inst_id, file_path) VALUES (3561, 3561, 'recordings/eval_62_mod_2_task_3561.wav');
INSERT INTO task_instances (task_inst_id, task_id, module_inst_id, status, task_completing_time) VALUES (3562, 24, 307, 1, '116');
INSERT INTO recordings (recording_id, task_inst_id, file_path) VALUES (3562, 3562, 'recordings/eval_62_mod_2_task_3562.wav');
INSERT INTO task_instances (task_inst_id, task_id, module_inst_id, status, task_completing_time) VALUES (3563, 25, 307, 1, '12');
INSERT INTO recordings (recording_id, task_inst_id, file_path) VALUES (3563, 3563, 'recordings/eval_62_mod_2_task_3563.wav');
INSERT INTO task_instances (task_inst_id, task_id, module_inst_id, status, task_completing_time) VALUES (3564, 26, 307, 1, '239');
INSERT INTO recordings (recording_id, task_inst_id, file_path) VALUES (3564, 3564, 'recordings/eval_62_mod_2_task_3564.wav');
INSERT INTO task_instances (task_inst_id, task_id, module_inst_id, status, task_completing_time) VALUES (3565, 27, 307, 1, '233');
INSERT INTO recordings (recording_id, task_inst_id, file_path) VALUES (3565, 3565, 'recordings/eval_62_mod_2_task_3565.wav');
INSERT INTO task_instances (task_inst_id, task_id, module_inst_id, status, task_completing_time) VALUES (3566, 28, 307, 1, '139');
INSERT INTO recordings (recording_id, task_inst_id, file_path) VALUES (3566, 3566, 'recordings/eval_62_mod_2_task_3566.wav');
INSERT INTO task_instances (task_inst_id, task_id, module_inst_id, status, task_completing_time) VALUES (3567, 29, 307, 0, '239');
INSERT INTO recordings (recording_id, task_inst_id, file_path) VALUES (3567, 3567, 'recordings/eval_62_mod_2_task_3567.wav');
INSERT INTO task_instances (task_inst_id, task_id, module_inst_id, status, task_completing_time) VALUES (3568, 30, 307, 1, '33');
INSERT INTO recordings (recording_id, task_inst_id, file_path) VALUES (3568, 3568, 'recordings/eval_62_mod_2_task_3568.wav');
INSERT INTO task_instances (task_inst_id, task_id, module_inst_id, status, task_completing_time) VALUES (3569, 31, 307, 1, '197');
INSERT INTO recordings (recording_id, task_inst_id, file_path) VALUES (3569, 3569, 'recordings/eval_62_mod_2_task_3569.wav');
INSERT INTO task_instances (task_inst_id, task_id, module_inst_id, status, task_completing_time) VALUES (3570, 32, 307, 1, '227');
INSERT INTO recordings (recording_id, task_inst_id, file_path) VALUES (3570, 3570, 'recordings/eval_62_mod_2_task_3570.wav');
INSERT INTO task_instances (task_inst_id, task_id, module_inst_id, status, task_completing_time) VALUES (3571, 33, 307, 1, '243');
INSERT INTO recordings (recording_id, task_inst_id, file_path) VALUES (3571, 3571, 'recordings/eval_62_mod_2_task_3571.wav');
INSERT INTO task_instances (task_inst_id, task_id, module_inst_id, status, task_completing_time) VALUES (3572, 34, 307, 1, '210');
INSERT INTO recordings (recording_id, task_inst_id, file_path) VALUES (3572, 3572, 'recordings/eval_62_mod_2_task_3572.wav');
INSERT INTO task_instances (task_inst_id, task_id, module_inst_id, status, task_completing_time) VALUES (3573, 35, 307, 1, '206');
INSERT INTO recordings (recording_id, task_inst_id, file_path) VALUES (3573, 3573, 'recordings/eval_62_mod_2_task_3573.wav');
INSERT INTO task_instances (task_inst_id, task_id, module_inst_id, status, task_completing_time) VALUES (3574, 36, 307, 1, '69');
INSERT INTO recordings (recording_id, task_inst_id, file_path) VALUES (3574, 3574, 'recordings/eval_62_mod_2_task_3574.wav');
INSERT INTO task_instances (task_inst_id, task_id, module_inst_id, status, task_completing_time) VALUES (3575, 37, 307, 0, '246');
INSERT INTO recordings (recording_id, task_inst_id, file_path) VALUES (3575, 3575, 'recordings/eval_62_mod_2_task_3575.wav');
INSERT INTO module_instances (module_inst_id, module_id, evaluation_id, status) VALUES (308, 3, 62, 3);
INSERT INTO task_instances (task_inst_id, task_id, module_inst_id, status, task_completing_time) VALUES (3576, 38, 308, 1, '25');
INSERT INTO recordings (recording_id, task_inst_id, file_path) VALUES (3576, 3576, 'recordings/eval_62_mod_3_task_3576.wav');
INSERT INTO task_instances (task_inst_id, task_id, module_inst_id, status, task_completing_time) VALUES (3577, 39, 308, 0, '125');
INSERT INTO recordings (recording_id, task_inst_id, file_path) VALUES (3577, 3577, 'recordings/eval_62_mod_3_task_3577.wav');
INSERT INTO task_instances (task_inst_id, task_id, module_inst_id, status, task_completing_time) VALUES (3578, 40, 308, 1, '298');
INSERT INTO recordings (recording_id, task_inst_id, file_path) VALUES (3578, 3578, 'recordings/eval_62_mod_3_task_3578.wav');
INSERT INTO task_instances (task_inst_id, task_id, module_inst_id, status, task_completing_time) VALUES (3579, 41, 308, 1, '160');
INSERT INTO recordings (recording_id, task_inst_id, file_path) VALUES (3579, 3579, 'recordings/eval_62_mod_3_task_3579.wav');
INSERT INTO task_instances (task_inst_id, task_id, module_inst_id, status, task_completing_time) VALUES (3580, 42, 308, 1, '95');
INSERT INTO recordings (recording_id, task_inst_id, file_path) VALUES (3580, 3580, 'recordings/eval_62_mod_3_task_3580.wav');
INSERT INTO task_instances (task_inst_id, task_id, module_inst_id, status, task_completing_time) VALUES (3581, 43, 308, 1, '166');
INSERT INTO recordings (recording_id, task_inst_id, file_path) VALUES (3581, 3581, 'recordings/eval_62_mod_3_task_3581.wav');
INSERT INTO task_instances (task_inst_id, task_id, module_inst_id, status, task_completing_time) VALUES (3582, 44, 308, 1, '31');
INSERT INTO recordings (recording_id, task_inst_id, file_path) VALUES (3582, 3582, 'recordings/eval_62_mod_3_task_3582.wav');
INSERT INTO task_instances (task_inst_id, task_id, module_inst_id, status, task_completing_time) VALUES (3583, 45, 308, 1, '202');
INSERT INTO recordings (recording_id, task_inst_id, file_path) VALUES (3583, 3583, 'recordings/eval_62_mod_3_task_3583.wav');
INSERT INTO task_instances (task_inst_id, task_id, module_inst_id, status, task_completing_time) VALUES (3584, 46, 308, 0, '67');
INSERT INTO recordings (recording_id, task_inst_id, file_path) VALUES (3584, 3584, 'recordings/eval_62_mod_3_task_3584.wav');
INSERT INTO module_instances (module_inst_id, module_id, evaluation_id, status) VALUES (309, 4, 62, 3);
INSERT INTO task_instances (task_inst_id, task_id, module_inst_id, status, task_completing_time) VALUES (3585, 47, 309, 1, '44');
INSERT INTO recordings (recording_id, task_inst_id, file_path) VALUES (3585, 3585, 'recordings/eval_62_mod_4_task_3585.wav');
INSERT INTO task_instances (task_inst_id, task_id, module_inst_id, status, task_completing_time) VALUES (3586, 48, 309, 1, '117');
INSERT INTO recordings (recording_id, task_inst_id, file_path) VALUES (3586, 3586, 'recordings/eval_62_mod_4_task_3586.wav');
INSERT INTO task_instances (task_inst_id, task_id, module_inst_id, status, task_completing_time) VALUES (3587, 49, 309, 1, '103');
INSERT INTO recordings (recording_id, task_inst_id, file_path) VALUES (3587, 3587, 'recordings/eval_62_mod_4_task_3587.wav');
INSERT INTO task_instances (task_inst_id, task_id, module_inst_id, status, task_completing_time) VALUES (3588, 50, 309, 1, '175');
INSERT INTO recordings (recording_id, task_inst_id, file_path) VALUES (3588, 3588, 'recordings/eval_62_mod_4_task_3588.wav');
INSERT INTO task_instances (task_inst_id, task_id, module_inst_id, status, task_completing_time) VALUES (3589, 51, 309, 1, '244');
INSERT INTO recordings (recording_id, task_inst_id, file_path) VALUES (3589, 3589, 'recordings/eval_62_mod_4_task_3589.wav');
INSERT INTO task_instances (task_inst_id, task_id, module_inst_id, status, task_completing_time) VALUES (3590, 52, 309, 1, '62');
INSERT INTO recordings (recording_id, task_inst_id, file_path) VALUES (3590, 3590, 'recordings/eval_62_mod_4_task_3590.wav');
INSERT INTO task_instances (task_inst_id, task_id, module_inst_id, status, task_completing_time) VALUES (3591, 53, 309, 0, '293');
INSERT INTO recordings (recording_id, task_inst_id, file_path) VALUES (3591, 3591, 'recordings/eval_62_mod_4_task_3591.wav');
INSERT INTO task_instances (task_inst_id, task_id, module_inst_id, status, task_completing_time) VALUES (3592, 54, 309, 1, '276');
INSERT INTO recordings (recording_id, task_inst_id, file_path) VALUES (3592, 3592, 'recordings/eval_62_mod_4_task_3592.wav');
INSERT INTO task_instances (task_inst_id, task_id, module_inst_id, status, task_completing_time) VALUES (3593, 55, 309, 1, '105');
INSERT INTO recordings (recording_id, task_inst_id, file_path) VALUES (3593, 3593, 'recordings/eval_62_mod_4_task_3593.wav');
INSERT INTO task_instances (task_inst_id, task_id, module_inst_id, status, task_completing_time) VALUES (3594, 56, 309, 1, '26');
INSERT INTO recordings (recording_id, task_inst_id, file_path) VALUES (3594, 3594, 'recordings/eval_62_mod_4_task_3594.wav');
INSERT INTO module_instances (module_inst_id, module_id, evaluation_id, status) VALUES (310, 9001, 62, 3);
INSERT INTO task_instances (task_inst_id, task_id, module_inst_id, status, task_completing_time) VALUES (3595, 9001, 310, 1, '48');
INSERT INTO recordings (recording_id, task_inst_id, file_path) VALUES (3595, 3595, 'recordings/eval_62_mod_9001_task_3595.wav');
INSERT INTO task_instances (task_inst_id, task_id, module_inst_id, status, task_completing_time) VALUES (3596, 9002, 310, 0, '242');
INSERT INTO recordings (recording_id, task_inst_id, file_path) VALUES (3596, 3596, 'recordings/eval_62_mod_9001_task_3596.wav');
INSERT INTO participants (participant_id, name, surname, education_level, sex, birth_date, laterality) VALUES (63, 'tsX16MTgUIKheSwJhN8UCA==', 'u9z77N6POoCjey4Lht0WCg==', 4, 1, '1950-09-11', 1);
INSERT INTO evaluations (evaluation_id, evaluation_date, evaluator_id, participant_id, status, language) VALUES (63, '2025-08-26 08:58:00', 8, 63, 3, 1);
INSERT INTO module_instances (module_inst_id, module_id, evaluation_id, status) VALUES (311, 1, 63, 2);
INSERT INTO task_instances (task_inst_id, task_id, module_inst_id, status, task_completing_time) VALUES (3597, 1, 311, 1, '13');
INSERT INTO recordings (recording_id, task_inst_id, file_path) VALUES (3597, 3597, 'recordings/eval_63_mod_1_task_3597.wav');
INSERT INTO task_instances (task_inst_id, task_id, module_inst_id, status, task_completing_time) VALUES (3598, 2, 311, 0, '43');
INSERT INTO recordings (recording_id, task_inst_id, file_path) VALUES (3598, 3598, 'recordings/eval_63_mod_1_task_3598.wav');
INSERT INTO task_instances (task_inst_id, task_id, module_inst_id, status, task_completing_time) VALUES (3599, 3, 311, 0, '268');
INSERT INTO recordings (recording_id, task_inst_id, file_path) VALUES (3599, 3599, 'recordings/eval_63_mod_1_task_3599.wav');
INSERT INTO task_instances (task_inst_id, task_id, module_inst_id, status, task_completing_time) VALUES (3600, 4, 311, 1, '170');
INSERT INTO recordings (recording_id, task_inst_id, file_path) VALUES (3600, 3600, 'recordings/eval_63_mod_1_task_3600.wav');
INSERT INTO task_instances (task_inst_id, task_id, module_inst_id, status, task_completing_time) VALUES (3601, 5, 311, 1, '151');
INSERT INTO recordings (recording_id, task_inst_id, file_path) VALUES (3601, 3601, 'recordings/eval_63_mod_1_task_3601.wav');
INSERT INTO task_instances (task_inst_id, task_id, module_inst_id, status, task_completing_time) VALUES (3602, 6, 311, 1, '274');
INSERT INTO recordings (recording_id, task_inst_id, file_path) VALUES (3602, 3602, 'recordings/eval_63_mod_1_task_3602.wav');
INSERT INTO task_instances (task_inst_id, task_id, module_inst_id, status, task_completing_time) VALUES (3603, 7, 311, 1, '44');
INSERT INTO recordings (recording_id, task_inst_id, file_path) VALUES (3603, 3603, 'recordings/eval_63_mod_1_task_3603.wav');
INSERT INTO task_instances (task_inst_id, task_id, module_inst_id, status, task_completing_time) VALUES (3604, 8, 311, 0, '211');
INSERT INTO recordings (recording_id, task_inst_id, file_path) VALUES (3604, 3604, 'recordings/eval_63_mod_1_task_3604.wav');
INSERT INTO task_instances (task_inst_id, task_id, module_inst_id, status, task_completing_time) VALUES (3605, 9, 311, 1, '120');
INSERT INTO recordings (recording_id, task_inst_id, file_path) VALUES (3605, 3605, 'recordings/eval_63_mod_1_task_3605.wav');
INSERT INTO task_instances (task_inst_id, task_id, module_inst_id, status, task_completing_time) VALUES (3606, 10, 311, 1, '62');
INSERT INTO recordings (recording_id, task_inst_id, file_path) VALUES (3606, 3606, 'recordings/eval_63_mod_1_task_3606.wav');
INSERT INTO module_instances (module_inst_id, module_id, evaluation_id, status) VALUES (312, 2, 63, 3);
INSERT INTO task_instances (task_inst_id, task_id, module_inst_id, status, task_completing_time) VALUES (3607, 11, 312, 0, '16');
INSERT INTO recordings (recording_id, task_inst_id, file_path) VALUES (3607, 3607, 'recordings/eval_63_mod_2_task_3607.wav');
INSERT INTO task_instances (task_inst_id, task_id, module_inst_id, status, task_completing_time) VALUES (3608, 12, 312, 1, '202');
INSERT INTO recordings (recording_id, task_inst_id, file_path) VALUES (3608, 3608, 'recordings/eval_63_mod_2_task_3608.wav');
INSERT INTO task_instances (task_inst_id, task_id, module_inst_id, status, task_completing_time) VALUES (3609, 13, 312, 1, '295');
INSERT INTO recordings (recording_id, task_inst_id, file_path) VALUES (3609, 3609, 'recordings/eval_63_mod_2_task_3609.wav');
INSERT INTO task_instances (task_inst_id, task_id, module_inst_id, status, task_completing_time) VALUES (3610, 14, 312, 1, '110');
INSERT INTO recordings (recording_id, task_inst_id, file_path) VALUES (3610, 3610, 'recordings/eval_63_mod_2_task_3610.wav');
INSERT INTO task_instances (task_inst_id, task_id, module_inst_id, status, task_completing_time) VALUES (3611, 15, 312, 0, '291');
INSERT INTO recordings (recording_id, task_inst_id, file_path) VALUES (3611, 3611, 'recordings/eval_63_mod_2_task_3611.wav');
INSERT INTO task_instances (task_inst_id, task_id, module_inst_id, status, task_completing_time) VALUES (3612, 16, 312, 0, '214');
INSERT INTO recordings (recording_id, task_inst_id, file_path) VALUES (3612, 3612, 'recordings/eval_63_mod_2_task_3612.wav');
INSERT INTO task_instances (task_inst_id, task_id, module_inst_id, status, task_completing_time) VALUES (3613, 17, 312, 1, '120');
INSERT INTO recordings (recording_id, task_inst_id, file_path) VALUES (3613, 3613, 'recordings/eval_63_mod_2_task_3613.wav');
INSERT INTO task_instances (task_inst_id, task_id, module_inst_id, status, task_completing_time) VALUES (3614, 18, 312, 1, '226');
INSERT INTO recordings (recording_id, task_inst_id, file_path) VALUES (3614, 3614, 'recordings/eval_63_mod_2_task_3614.wav');
INSERT INTO task_instances (task_inst_id, task_id, module_inst_id, status, task_completing_time) VALUES (3615, 19, 312, 0, '169');
INSERT INTO recordings (recording_id, task_inst_id, file_path) VALUES (3615, 3615, 'recordings/eval_63_mod_2_task_3615.wav');
INSERT INTO task_instances (task_inst_id, task_id, module_inst_id, status, task_completing_time) VALUES (3616, 20, 312, 1, '82');
INSERT INTO recordings (recording_id, task_inst_id, file_path) VALUES (3616, 3616, 'recordings/eval_63_mod_2_task_3616.wav');
INSERT INTO task_instances (task_inst_id, task_id, module_inst_id, status, task_completing_time) VALUES (3617, 21, 312, 1, '22');
INSERT INTO recordings (recording_id, task_inst_id, file_path) VALUES (3617, 3617, 'recordings/eval_63_mod_2_task_3617.wav');
INSERT INTO task_instances (task_inst_id, task_id, module_inst_id, status, task_completing_time) VALUES (3618, 22, 312, 0, '86');
INSERT INTO recordings (recording_id, task_inst_id, file_path) VALUES (3618, 3618, 'recordings/eval_63_mod_2_task_3618.wav');
INSERT INTO task_instances (task_inst_id, task_id, module_inst_id, status, task_completing_time) VALUES (3619, 23, 312, 1, '34');
INSERT INTO recordings (recording_id, task_inst_id, file_path) VALUES (3619, 3619, 'recordings/eval_63_mod_2_task_3619.wav');
INSERT INTO task_instances (task_inst_id, task_id, module_inst_id, status, task_completing_time) VALUES (3620, 24, 312, 0, '270');
INSERT INTO recordings (recording_id, task_inst_id, file_path) VALUES (3620, 3620, 'recordings/eval_63_mod_2_task_3620.wav');
INSERT INTO task_instances (task_inst_id, task_id, module_inst_id, status, task_completing_time) VALUES (3621, 25, 312, 1, '15');
INSERT INTO recordings (recording_id, task_inst_id, file_path) VALUES (3621, 3621, 'recordings/eval_63_mod_2_task_3621.wav');
INSERT INTO task_instances (task_inst_id, task_id, module_inst_id, status, task_completing_time) VALUES (3622, 26, 312, 1, '91');
INSERT INTO recordings (recording_id, task_inst_id, file_path) VALUES (3622, 3622, 'recordings/eval_63_mod_2_task_3622.wav');
INSERT INTO task_instances (task_inst_id, task_id, module_inst_id, status, task_completing_time) VALUES (3623, 27, 312, 1, '194');
INSERT INTO recordings (recording_id, task_inst_id, file_path) VALUES (3623, 3623, 'recordings/eval_63_mod_2_task_3623.wav');
INSERT INTO task_instances (task_inst_id, task_id, module_inst_id, status, task_completing_time) VALUES (3624, 28, 312, 0, '248');
INSERT INTO recordings (recording_id, task_inst_id, file_path) VALUES (3624, 3624, 'recordings/eval_63_mod_2_task_3624.wav');
INSERT INTO task_instances (task_inst_id, task_id, module_inst_id, status, task_completing_time) VALUES (3625, 29, 312, 1, '60');
INSERT INTO recordings (recording_id, task_inst_id, file_path) VALUES (3625, 3625, 'recordings/eval_63_mod_2_task_3625.wav');
INSERT INTO task_instances (task_inst_id, task_id, module_inst_id, status, task_completing_time) VALUES (3626, 30, 312, 1, '23');
INSERT INTO recordings (recording_id, task_inst_id, file_path) VALUES (3626, 3626, 'recordings/eval_63_mod_2_task_3626.wav');
INSERT INTO task_instances (task_inst_id, task_id, module_inst_id, status, task_completing_time) VALUES (3627, 31, 312, 1, '155');
INSERT INTO recordings (recording_id, task_inst_id, file_path) VALUES (3627, 3627, 'recordings/eval_63_mod_2_task_3627.wav');
INSERT INTO task_instances (task_inst_id, task_id, module_inst_id, status, task_completing_time) VALUES (3628, 32, 312, 1, '64');
INSERT INTO recordings (recording_id, task_inst_id, file_path) VALUES (3628, 3628, 'recordings/eval_63_mod_2_task_3628.wav');
INSERT INTO task_instances (task_inst_id, task_id, module_inst_id, status, task_completing_time) VALUES (3629, 33, 312, 0, '91');
INSERT INTO recordings (recording_id, task_inst_id, file_path) VALUES (3629, 3629, 'recordings/eval_63_mod_2_task_3629.wav');
INSERT INTO task_instances (task_inst_id, task_id, module_inst_id, status, task_completing_time) VALUES (3630, 34, 312, 1, '72');
INSERT INTO recordings (recording_id, task_inst_id, file_path) VALUES (3630, 3630, 'recordings/eval_63_mod_2_task_3630.wav');
INSERT INTO task_instances (task_inst_id, task_id, module_inst_id, status, task_completing_time) VALUES (3631, 35, 312, 1, '285');
INSERT INTO recordings (recording_id, task_inst_id, file_path) VALUES (3631, 3631, 'recordings/eval_63_mod_2_task_3631.wav');
INSERT INTO task_instances (task_inst_id, task_id, module_inst_id, status, task_completing_time) VALUES (3632, 36, 312, 1, '175');
INSERT INTO recordings (recording_id, task_inst_id, file_path) VALUES (3632, 3632, 'recordings/eval_63_mod_2_task_3632.wav');
INSERT INTO task_instances (task_inst_id, task_id, module_inst_id, status, task_completing_time) VALUES (3633, 37, 312, 1, '102');
INSERT INTO recordings (recording_id, task_inst_id, file_path) VALUES (3633, 3633, 'recordings/eval_63_mod_2_task_3633.wav');
INSERT INTO module_instances (module_inst_id, module_id, evaluation_id, status) VALUES (313, 3, 63, 2);
INSERT INTO task_instances (task_inst_id, task_id, module_inst_id, status, task_completing_time) VALUES (3634, 38, 313, 1, '46');
INSERT INTO recordings (recording_id, task_inst_id, file_path) VALUES (3634, 3634, 'recordings/eval_63_mod_3_task_3634.wav');
INSERT INTO task_instances (task_inst_id, task_id, module_inst_id, status, task_completing_time) VALUES (3635, 39, 313, 1, '39');
INSERT INTO recordings (recording_id, task_inst_id, file_path) VALUES (3635, 3635, 'recordings/eval_63_mod_3_task_3635.wav');
INSERT INTO task_instances (task_inst_id, task_id, module_inst_id, status, task_completing_time) VALUES (3636, 40, 313, 1, '207');
INSERT INTO recordings (recording_id, task_inst_id, file_path) VALUES (3636, 3636, 'recordings/eval_63_mod_3_task_3636.wav');
INSERT INTO task_instances (task_inst_id, task_id, module_inst_id, status, task_completing_time) VALUES (3637, 41, 313, 0, '135');
INSERT INTO recordings (recording_id, task_inst_id, file_path) VALUES (3637, 3637, 'recordings/eval_63_mod_3_task_3637.wav');
INSERT INTO task_instances (task_inst_id, task_id, module_inst_id, status, task_completing_time) VALUES (3638, 42, 313, 0, '213');
INSERT INTO recordings (recording_id, task_inst_id, file_path) VALUES (3638, 3638, 'recordings/eval_63_mod_3_task_3638.wav');
INSERT INTO task_instances (task_inst_id, task_id, module_inst_id, status, task_completing_time) VALUES (3639, 43, 313, 0, '119');
INSERT INTO recordings (recording_id, task_inst_id, file_path) VALUES (3639, 3639, 'recordings/eval_63_mod_3_task_3639.wav');
INSERT INTO task_instances (task_inst_id, task_id, module_inst_id, status, task_completing_time) VALUES (3640, 44, 313, 1, '198');
INSERT INTO recordings (recording_id, task_inst_id, file_path) VALUES (3640, 3640, 'recordings/eval_63_mod_3_task_3640.wav');
INSERT INTO task_instances (task_inst_id, task_id, module_inst_id, status, task_completing_time) VALUES (3641, 45, 313, 1, '133');
INSERT INTO recordings (recording_id, task_inst_id, file_path) VALUES (3641, 3641, 'recordings/eval_63_mod_3_task_3641.wav');
INSERT INTO task_instances (task_inst_id, task_id, module_inst_id, status, task_completing_time) VALUES (3642, 46, 313, 1, '261');
INSERT INTO recordings (recording_id, task_inst_id, file_path) VALUES (3642, 3642, 'recordings/eval_63_mod_3_task_3642.wav');
INSERT INTO module_instances (module_inst_id, module_id, evaluation_id, status) VALUES (314, 4, 63, 3);
INSERT INTO task_instances (task_inst_id, task_id, module_inst_id, status, task_completing_time) VALUES (3643, 47, 314, 0, '19');
INSERT INTO recordings (recording_id, task_inst_id, file_path) VALUES (3643, 3643, 'recordings/eval_63_mod_4_task_3643.wav');
INSERT INTO task_instances (task_inst_id, task_id, module_inst_id, status, task_completing_time) VALUES (3644, 48, 314, 1, '236');
INSERT INTO recordings (recording_id, task_inst_id, file_path) VALUES (3644, 3644, 'recordings/eval_63_mod_4_task_3644.wav');
INSERT INTO task_instances (task_inst_id, task_id, module_inst_id, status, task_completing_time) VALUES (3645, 49, 314, 0, '21');
INSERT INTO recordings (recording_id, task_inst_id, file_path) VALUES (3645, 3645, 'recordings/eval_63_mod_4_task_3645.wav');
INSERT INTO task_instances (task_inst_id, task_id, module_inst_id, status, task_completing_time) VALUES (3646, 50, 314, 1, '174');
INSERT INTO recordings (recording_id, task_inst_id, file_path) VALUES (3646, 3646, 'recordings/eval_63_mod_4_task_3646.wav');
INSERT INTO task_instances (task_inst_id, task_id, module_inst_id, status, task_completing_time) VALUES (3647, 51, 314, 1, '36');
INSERT INTO recordings (recording_id, task_inst_id, file_path) VALUES (3647, 3647, 'recordings/eval_63_mod_4_task_3647.wav');
INSERT INTO task_instances (task_inst_id, task_id, module_inst_id, status, task_completing_time) VALUES (3648, 52, 314, 1, '276');
INSERT INTO recordings (recording_id, task_inst_id, file_path) VALUES (3648, 3648, 'recordings/eval_63_mod_4_task_3648.wav');
INSERT INTO task_instances (task_inst_id, task_id, module_inst_id, status, task_completing_time) VALUES (3649, 53, 314, 0, '275');
INSERT INTO recordings (recording_id, task_inst_id, file_path) VALUES (3649, 3649, 'recordings/eval_63_mod_4_task_3649.wav');
INSERT INTO task_instances (task_inst_id, task_id, module_inst_id, status, task_completing_time) VALUES (3650, 54, 314, 1, '127');
INSERT INTO recordings (recording_id, task_inst_id, file_path) VALUES (3650, 3650, 'recordings/eval_63_mod_4_task_3650.wav');
INSERT INTO task_instances (task_inst_id, task_id, module_inst_id, status, task_completing_time) VALUES (3651, 55, 314, 1, '259');
INSERT INTO recordings (recording_id, task_inst_id, file_path) VALUES (3651, 3651, 'recordings/eval_63_mod_4_task_3651.wav');
INSERT INTO task_instances (task_inst_id, task_id, module_inst_id, status, task_completing_time) VALUES (3652, 56, 314, 1, '57');
INSERT INTO recordings (recording_id, task_inst_id, file_path) VALUES (3652, 3652, 'recordings/eval_63_mod_4_task_3652.wav');
INSERT INTO module_instances (module_inst_id, module_id, evaluation_id, status) VALUES (315, 9001, 63, 3);
INSERT INTO task_instances (task_inst_id, task_id, module_inst_id, status, task_completing_time) VALUES (3653, 9001, 315, 1, '36');
INSERT INTO recordings (recording_id, task_inst_id, file_path) VALUES (3653, 3653, 'recordings/eval_63_mod_9001_task_3653.wav');
INSERT INTO task_instances (task_inst_id, task_id, module_inst_id, status, task_completing_time) VALUES (3654, 9002, 315, 0, '221');
INSERT INTO recordings (recording_id, task_inst_id, file_path) VALUES (3654, 3654, 'recordings/eval_63_mod_9001_task_3654.wav');
INSERT INTO participants (participant_id, name, surname, education_level, sex, birth_date, laterality) VALUES (64, 'uMLj59jgUIKheSwJhN8UCA==', 'qd/j89bgUIKheSwJhN8UCA==', 4, 1, '1944-02-24', 2);
INSERT INTO evaluations (evaluation_id, evaluation_date, evaluator_id, participant_id, status, language) VALUES (64, '2025-11-21 15:45:00', 8, 64, 2, 2);
INSERT INTO module_instances (module_inst_id, module_id, evaluation_id, status) VALUES (316, 1, 64, 3);
INSERT INTO task_instances (task_inst_id, task_id, module_inst_id, status, task_completing_time) VALUES (3655, 1, 316, 1, '15');
INSERT INTO recordings (recording_id, task_inst_id, file_path) VALUES (3655, 3655, 'recordings/eval_64_mod_1_task_3655.wav');
INSERT INTO task_instances (task_inst_id, task_id, module_inst_id, status, task_completing_time) VALUES (3656, 2, 316, 1, '23');
INSERT INTO recordings (recording_id, task_inst_id, file_path) VALUES (3656, 3656, 'recordings/eval_64_mod_1_task_3656.wav');
INSERT INTO task_instances (task_inst_id, task_id, module_inst_id, status, task_completing_time) VALUES (3657, 3, 316, 1, '236');
INSERT INTO recordings (recording_id, task_inst_id, file_path) VALUES (3657, 3657, 'recordings/eval_64_mod_1_task_3657.wav');
INSERT INTO task_instances (task_inst_id, task_id, module_inst_id, status, task_completing_time) VALUES (3658, 4, 316, 1, '25');
INSERT INTO recordings (recording_id, task_inst_id, file_path) VALUES (3658, 3658, 'recordings/eval_64_mod_1_task_3658.wav');
INSERT INTO task_instances (task_inst_id, task_id, module_inst_id, status, task_completing_time) VALUES (3659, 5, 316, 1, '134');
INSERT INTO recordings (recording_id, task_inst_id, file_path) VALUES (3659, 3659, 'recordings/eval_64_mod_1_task_3659.wav');
INSERT INTO task_instances (task_inst_id, task_id, module_inst_id, status, task_completing_time) VALUES (3660, 6, 316, 1, '240');
INSERT INTO recordings (recording_id, task_inst_id, file_path) VALUES (3660, 3660, 'recordings/eval_64_mod_1_task_3660.wav');
INSERT INTO task_instances (task_inst_id, task_id, module_inst_id, status, task_completing_time) VALUES (3661, 7, 316, 1, '284');
INSERT INTO recordings (recording_id, task_inst_id, file_path) VALUES (3661, 3661, 'recordings/eval_64_mod_1_task_3661.wav');
INSERT INTO task_instances (task_inst_id, task_id, module_inst_id, status, task_completing_time) VALUES (3662, 8, 316, 1, '165');
INSERT INTO recordings (recording_id, task_inst_id, file_path) VALUES (3662, 3662, 'recordings/eval_64_mod_1_task_3662.wav');
INSERT INTO task_instances (task_inst_id, task_id, module_inst_id, status, task_completing_time) VALUES (3663, 9, 316, 1, '218');
INSERT INTO recordings (recording_id, task_inst_id, file_path) VALUES (3663, 3663, 'recordings/eval_64_mod_1_task_3663.wav');
INSERT INTO task_instances (task_inst_id, task_id, module_inst_id, status, task_completing_time) VALUES (3664, 10, 316, 1, '239');
INSERT INTO recordings (recording_id, task_inst_id, file_path) VALUES (3664, 3664, 'recordings/eval_64_mod_1_task_3664.wav');
INSERT INTO module_instances (module_inst_id, module_id, evaluation_id, status) VALUES (317, 2, 64, 2);
INSERT INTO task_instances (task_inst_id, task_id, module_inst_id, status, task_completing_time) VALUES (3665, 11, 317, 0, '53');
INSERT INTO recordings (recording_id, task_inst_id, file_path) VALUES (3665, 3665, 'recordings/eval_64_mod_2_task_3665.wav');
INSERT INTO task_instances (task_inst_id, task_id, module_inst_id, status, task_completing_time) VALUES (3666, 12, 317, 1, '230');
INSERT INTO recordings (recording_id, task_inst_id, file_path) VALUES (3666, 3666, 'recordings/eval_64_mod_2_task_3666.wav');
INSERT INTO task_instances (task_inst_id, task_id, module_inst_id, status, task_completing_time) VALUES (3667, 13, 317, 0, '58');
INSERT INTO recordings (recording_id, task_inst_id, file_path) VALUES (3667, 3667, 'recordings/eval_64_mod_2_task_3667.wav');
INSERT INTO task_instances (task_inst_id, task_id, module_inst_id, status, task_completing_time) VALUES (3668, 14, 317, 1, '257');
INSERT INTO recordings (recording_id, task_inst_id, file_path) VALUES (3668, 3668, 'recordings/eval_64_mod_2_task_3668.wav');
INSERT INTO task_instances (task_inst_id, task_id, module_inst_id, status, task_completing_time) VALUES (3669, 15, 317, 1, '194');
INSERT INTO recordings (recording_id, task_inst_id, file_path) VALUES (3669, 3669, 'recordings/eval_64_mod_2_task_3669.wav');
INSERT INTO task_instances (task_inst_id, task_id, module_inst_id, status, task_completing_time) VALUES (3670, 16, 317, 1, '77');
INSERT INTO recordings (recording_id, task_inst_id, file_path) VALUES (3670, 3670, 'recordings/eval_64_mod_2_task_3670.wav');
INSERT INTO task_instances (task_inst_id, task_id, module_inst_id, status, task_completing_time) VALUES (3671, 17, 317, 0, '70');
INSERT INTO recordings (recording_id, task_inst_id, file_path) VALUES (3671, 3671, 'recordings/eval_64_mod_2_task_3671.wav');
INSERT INTO task_instances (task_inst_id, task_id, module_inst_id, status, task_completing_time) VALUES (3672, 18, 317, 1, '68');
INSERT INTO recordings (recording_id, task_inst_id, file_path) VALUES (3672, 3672, 'recordings/eval_64_mod_2_task_3672.wav');
INSERT INTO task_instances (task_inst_id, task_id, module_inst_id, status, task_completing_time) VALUES (3673, 19, 317, 1, '198');
INSERT INTO recordings (recording_id, task_inst_id, file_path) VALUES (3673, 3673, 'recordings/eval_64_mod_2_task_3673.wav');
INSERT INTO task_instances (task_inst_id, task_id, module_inst_id, status, task_completing_time) VALUES (3674, 20, 317, 1, '190');
INSERT INTO recordings (recording_id, task_inst_id, file_path) VALUES (3674, 3674, 'recordings/eval_64_mod_2_task_3674.wav');
INSERT INTO task_instances (task_inst_id, task_id, module_inst_id, status, task_completing_time) VALUES (3675, 21, 317, 1, '41');
INSERT INTO recordings (recording_id, task_inst_id, file_path) VALUES (3675, 3675, 'recordings/eval_64_mod_2_task_3675.wav');
INSERT INTO task_instances (task_inst_id, task_id, module_inst_id, status, task_completing_time) VALUES (3676, 22, 317, 1, '79');
INSERT INTO recordings (recording_id, task_inst_id, file_path) VALUES (3676, 3676, 'recordings/eval_64_mod_2_task_3676.wav');
INSERT INTO task_instances (task_inst_id, task_id, module_inst_id, status, task_completing_time) VALUES (3677, 23, 317, 0, '50');
INSERT INTO recordings (recording_id, task_inst_id, file_path) VALUES (3677, 3677, 'recordings/eval_64_mod_2_task_3677.wav');
INSERT INTO task_instances (task_inst_id, task_id, module_inst_id, status, task_completing_time) VALUES (3678, 24, 317, 1, '176');
INSERT INTO recordings (recording_id, task_inst_id, file_path) VALUES (3678, 3678, 'recordings/eval_64_mod_2_task_3678.wav');
INSERT INTO task_instances (task_inst_id, task_id, module_inst_id, status, task_completing_time) VALUES (3679, 25, 317, 1, '13');
INSERT INTO recordings (recording_id, task_inst_id, file_path) VALUES (3679, 3679, 'recordings/eval_64_mod_2_task_3679.wav');
INSERT INTO task_instances (task_inst_id, task_id, module_inst_id, status, task_completing_time) VALUES (3680, 26, 317, 1, '107');
INSERT INTO recordings (recording_id, task_inst_id, file_path) VALUES (3680, 3680, 'recordings/eval_64_mod_2_task_3680.wav');
INSERT INTO task_instances (task_inst_id, task_id, module_inst_id, status, task_completing_time) VALUES (3681, 27, 317, 1, '251');
INSERT INTO recordings (recording_id, task_inst_id, file_path) VALUES (3681, 3681, 'recordings/eval_64_mod_2_task_3681.wav');
INSERT INTO task_instances (task_inst_id, task_id, module_inst_id, status, task_completing_time) VALUES (3682, 28, 317, 1, '268');
INSERT INTO recordings (recording_id, task_inst_id, file_path) VALUES (3682, 3682, 'recordings/eval_64_mod_2_task_3682.wav');
INSERT INTO task_instances (task_inst_id, task_id, module_inst_id, status, task_completing_time) VALUES (3683, 29, 317, 1, '112');
INSERT INTO recordings (recording_id, task_inst_id, file_path) VALUES (3683, 3683, 'recordings/eval_64_mod_2_task_3683.wav');
INSERT INTO task_instances (task_inst_id, task_id, module_inst_id, status, task_completing_time) VALUES (3684, 30, 317, 0, '23');
INSERT INTO recordings (recording_id, task_inst_id, file_path) VALUES (3684, 3684, 'recordings/eval_64_mod_2_task_3684.wav');
INSERT INTO task_instances (task_inst_id, task_id, module_inst_id, status, task_completing_time) VALUES (3685, 31, 317, 0, '228');
INSERT INTO recordings (recording_id, task_inst_id, file_path) VALUES (3685, 3685, 'recordings/eval_64_mod_2_task_3685.wav');
INSERT INTO task_instances (task_inst_id, task_id, module_inst_id, status, task_completing_time) VALUES (3686, 32, 317, 1, '110');
INSERT INTO recordings (recording_id, task_inst_id, file_path) VALUES (3686, 3686, 'recordings/eval_64_mod_2_task_3686.wav');
INSERT INTO task_instances (task_inst_id, task_id, module_inst_id, status, task_completing_time) VALUES (3687, 33, 317, 1, '20');
INSERT INTO recordings (recording_id, task_inst_id, file_path) VALUES (3687, 3687, 'recordings/eval_64_mod_2_task_3687.wav');
INSERT INTO task_instances (task_inst_id, task_id, module_inst_id, status, task_completing_time) VALUES (3688, 34, 317, 1, '159');
INSERT INTO recordings (recording_id, task_inst_id, file_path) VALUES (3688, 3688, 'recordings/eval_64_mod_2_task_3688.wav');
INSERT INTO task_instances (task_inst_id, task_id, module_inst_id, status, task_completing_time) VALUES (3689, 35, 317, 1, '276');
INSERT INTO recordings (recording_id, task_inst_id, file_path) VALUES (3689, 3689, 'recordings/eval_64_mod_2_task_3689.wav');
INSERT INTO task_instances (task_inst_id, task_id, module_inst_id, status, task_completing_time) VALUES (3690, 36, 317, 1, '295');
INSERT INTO recordings (recording_id, task_inst_id, file_path) VALUES (3690, 3690, 'recordings/eval_64_mod_2_task_3690.wav');
INSERT INTO task_instances (task_inst_id, task_id, module_inst_id, status, task_completing_time) VALUES (3691, 37, 317, 0, '188');
INSERT INTO recordings (recording_id, task_inst_id, file_path) VALUES (3691, 3691, 'recordings/eval_64_mod_2_task_3691.wav');
INSERT INTO module_instances (module_inst_id, module_id, evaluation_id, status) VALUES (318, 3, 64, 3);
INSERT INTO task_instances (task_inst_id, task_id, module_inst_id, status, task_completing_time) VALUES (3692, 38, 318, 1, '20');
INSERT INTO recordings (recording_id, task_inst_id, file_path) VALUES (3692, 3692, 'recordings/eval_64_mod_3_task_3692.wav');
INSERT INTO task_instances (task_inst_id, task_id, module_inst_id, status, task_completing_time) VALUES (3693, 39, 318, 1, '99');
INSERT INTO recordings (recording_id, task_inst_id, file_path) VALUES (3693, 3693, 'recordings/eval_64_mod_3_task_3693.wav');
INSERT INTO task_instances (task_inst_id, task_id, module_inst_id, status, task_completing_time) VALUES (3694, 40, 318, 1, '179');
INSERT INTO recordings (recording_id, task_inst_id, file_path) VALUES (3694, 3694, 'recordings/eval_64_mod_3_task_3694.wav');
INSERT INTO task_instances (task_inst_id, task_id, module_inst_id, status, task_completing_time) VALUES (3695, 41, 318, 1, '96');
INSERT INTO recordings (recording_id, task_inst_id, file_path) VALUES (3695, 3695, 'recordings/eval_64_mod_3_task_3695.wav');
INSERT INTO task_instances (task_inst_id, task_id, module_inst_id, status, task_completing_time) VALUES (3696, 42, 318, 1, '222');
INSERT INTO recordings (recording_id, task_inst_id, file_path) VALUES (3696, 3696, 'recordings/eval_64_mod_3_task_3696.wav');
INSERT INTO task_instances (task_inst_id, task_id, module_inst_id, status, task_completing_time) VALUES (3697, 43, 318, 0, '87');
INSERT INTO recordings (recording_id, task_inst_id, file_path) VALUES (3697, 3697, 'recordings/eval_64_mod_3_task_3697.wav');
INSERT INTO task_instances (task_inst_id, task_id, module_inst_id, status, task_completing_time) VALUES (3698, 44, 318, 1, '184');
INSERT INTO recordings (recording_id, task_inst_id, file_path) VALUES (3698, 3698, 'recordings/eval_64_mod_3_task_3698.wav');
INSERT INTO task_instances (task_inst_id, task_id, module_inst_id, status, task_completing_time) VALUES (3699, 45, 318, 1, '20');
INSERT INTO recordings (recording_id, task_inst_id, file_path) VALUES (3699, 3699, 'recordings/eval_64_mod_3_task_3699.wav');
INSERT INTO task_instances (task_inst_id, task_id, module_inst_id, status, task_completing_time) VALUES (3700, 46, 318, 1, '171');
INSERT INTO recordings (recording_id, task_inst_id, file_path) VALUES (3700, 3700, 'recordings/eval_64_mod_3_task_3700.wav');
INSERT INTO module_instances (module_inst_id, module_id, evaluation_id, status) VALUES (319, 4, 64, 2);
INSERT INTO task_instances (task_inst_id, task_id, module_inst_id, status, task_completing_time) VALUES (3701, 47, 319, 1, '18');
INSERT INTO recordings (recording_id, task_inst_id, file_path) VALUES (3701, 3701, 'recordings/eval_64_mod_4_task_3701.wav');
INSERT INTO task_instances (task_inst_id, task_id, module_inst_id, status, task_completing_time) VALUES (3702, 48, 319, 1, '267');
INSERT INTO recordings (recording_id, task_inst_id, file_path) VALUES (3702, 3702, 'recordings/eval_64_mod_4_task_3702.wav');
INSERT INTO task_instances (task_inst_id, task_id, module_inst_id, status, task_completing_time) VALUES (3703, 49, 319, 1, '110');
INSERT INTO recordings (recording_id, task_inst_id, file_path) VALUES (3703, 3703, 'recordings/eval_64_mod_4_task_3703.wav');
INSERT INTO task_instances (task_inst_id, task_id, module_inst_id, status, task_completing_time) VALUES (3704, 50, 319, 1, '263');
INSERT INTO recordings (recording_id, task_inst_id, file_path) VALUES (3704, 3704, 'recordings/eval_64_mod_4_task_3704.wav');
INSERT INTO task_instances (task_inst_id, task_id, module_inst_id, status, task_completing_time) VALUES (3705, 51, 319, 1, '209');
INSERT INTO recordings (recording_id, task_inst_id, file_path) VALUES (3705, 3705, 'recordings/eval_64_mod_4_task_3705.wav');
INSERT INTO task_instances (task_inst_id, task_id, module_inst_id, status, task_completing_time) VALUES (3706, 52, 319, 1, '72');
INSERT INTO recordings (recording_id, task_inst_id, file_path) VALUES (3706, 3706, 'recordings/eval_64_mod_4_task_3706.wav');
INSERT INTO task_instances (task_inst_id, task_id, module_inst_id, status, task_completing_time) VALUES (3707, 53, 319, 1, '294');
INSERT INTO recordings (recording_id, task_inst_id, file_path) VALUES (3707, 3707, 'recordings/eval_64_mod_4_task_3707.wav');
INSERT INTO task_instances (task_inst_id, task_id, module_inst_id, status, task_completing_time) VALUES (3708, 54, 319, 0, '145');
INSERT INTO recordings (recording_id, task_inst_id, file_path) VALUES (3708, 3708, 'recordings/eval_64_mod_4_task_3708.wav');
INSERT INTO task_instances (task_inst_id, task_id, module_inst_id, status, task_completing_time) VALUES (3709, 55, 319, 1, '89');
INSERT INTO recordings (recording_id, task_inst_id, file_path) VALUES (3709, 3709, 'recordings/eval_64_mod_4_task_3709.wav');
INSERT INTO task_instances (task_inst_id, task_id, module_inst_id, status, task_completing_time) VALUES (3710, 56, 319, 1, '41');
INSERT INTO recordings (recording_id, task_inst_id, file_path) VALUES (3710, 3710, 'recordings/eval_64_mod_4_task_3710.wav');
INSERT INTO module_instances (module_inst_id, module_id, evaluation_id, status) VALUES (320, 9001, 64, 2);
INSERT INTO task_instances (task_inst_id, task_id, module_inst_id, status, task_completing_time) VALUES (3711, 9001, 320, 1, '5');
INSERT INTO recordings (recording_id, task_inst_id, file_path) VALUES (3711, 3711, 'recordings/eval_64_mod_9001_task_3711.wav');
INSERT INTO task_instances (task_inst_id, task_id, module_inst_id, status, task_completing_time) VALUES (3712, 9002, 320, 1, '135');
INSERT INTO recordings (recording_id, task_inst_id, file_path) VALUES (3712, 3712, 'recordings/eval_64_mod_9001_task_3712.wav');
INSERT INTO participants (participant_id, name, surname, education_level, sex, birth_date, laterality) VALUES (65, 'sN9VKtjgUIKheSwJhN8UCA==', 'ud/l/dbgUIKheSwJhN8UCA==', 1, 1, '1967-11-25', 1);
INSERT INTO evaluations (evaluation_id, evaluation_date, evaluator_id, participant_id, status, language) VALUES (65, '2025-10-16 16:42:00', 9, 65, 3, 2);
INSERT INTO module_instances (module_inst_id, module_id, evaluation_id, status) VALUES (321, 1, 65, 2);
INSERT INTO task_instances (task_inst_id, task_id, module_inst_id, status, task_completing_time) VALUES (3713, 1, 321, 1, '15');
INSERT INTO recordings (recording_id, task_inst_id, file_path) VALUES (3713, 3713, 'recordings/eval_65_mod_1_task_3713.wav');
INSERT INTO task_instances (task_inst_id, task_id, module_inst_id, status, task_completing_time) VALUES (3714, 2, 321, 1, '107');
INSERT INTO recordings (recording_id, task_inst_id, file_path) VALUES (3714, 3714, 'recordings/eval_65_mod_1_task_3714.wav');
INSERT INTO task_instances (task_inst_id, task_id, module_inst_id, status, task_completing_time) VALUES (3715, 3, 321, 1, '29');
INSERT INTO recordings (recording_id, task_inst_id, file_path) VALUES (3715, 3715, 'recordings/eval_65_mod_1_task_3715.wav');
INSERT INTO task_instances (task_inst_id, task_id, module_inst_id, status, task_completing_time) VALUES (3716, 4, 321, 0, '200');
INSERT INTO recordings (recording_id, task_inst_id, file_path) VALUES (3716, 3716, 'recordings/eval_65_mod_1_task_3716.wav');
INSERT INTO task_instances (task_inst_id, task_id, module_inst_id, status, task_completing_time) VALUES (3717, 5, 321, 1, '126');
INSERT INTO recordings (recording_id, task_inst_id, file_path) VALUES (3717, 3717, 'recordings/eval_65_mod_1_task_3717.wav');
INSERT INTO task_instances (task_inst_id, task_id, module_inst_id, status, task_completing_time) VALUES (3718, 6, 321, 1, '99');
INSERT INTO recordings (recording_id, task_inst_id, file_path) VALUES (3718, 3718, 'recordings/eval_65_mod_1_task_3718.wav');
INSERT INTO task_instances (task_inst_id, task_id, module_inst_id, status, task_completing_time) VALUES (3719, 7, 321, 1, '197');
INSERT INTO recordings (recording_id, task_inst_id, file_path) VALUES (3719, 3719, 'recordings/eval_65_mod_1_task_3719.wav');
INSERT INTO task_instances (task_inst_id, task_id, module_inst_id, status, task_completing_time) VALUES (3720, 8, 321, 1, '52');
INSERT INTO recordings (recording_id, task_inst_id, file_path) VALUES (3720, 3720, 'recordings/eval_65_mod_1_task_3720.wav');
INSERT INTO task_instances (task_inst_id, task_id, module_inst_id, status, task_completing_time) VALUES (3721, 9, 321, 1, '158');
INSERT INTO recordings (recording_id, task_inst_id, file_path) VALUES (3721, 3721, 'recordings/eval_65_mod_1_task_3721.wav');
INSERT INTO task_instances (task_inst_id, task_id, module_inst_id, status, task_completing_time) VALUES (3722, 10, 321, 1, '161');
INSERT INTO recordings (recording_id, task_inst_id, file_path) VALUES (3722, 3722, 'recordings/eval_65_mod_1_task_3722.wav');
INSERT INTO module_instances (module_inst_id, module_id, evaluation_id, status) VALUES (322, 2, 65, 3);
INSERT INTO task_instances (task_inst_id, task_id, module_inst_id, status, task_completing_time) VALUES (3723, 11, 322, 1, '15');
INSERT INTO recordings (recording_id, task_inst_id, file_path) VALUES (3723, 3723, 'recordings/eval_65_mod_2_task_3723.wav');
INSERT INTO task_instances (task_inst_id, task_id, module_inst_id, status, task_completing_time) VALUES (3724, 12, 322, 0, '70');
INSERT INTO recordings (recording_id, task_inst_id, file_path) VALUES (3724, 3724, 'recordings/eval_65_mod_2_task_3724.wav');
INSERT INTO task_instances (task_inst_id, task_id, module_inst_id, status, task_completing_time) VALUES (3725, 13, 322, 1, '283');
INSERT INTO recordings (recording_id, task_inst_id, file_path) VALUES (3725, 3725, 'recordings/eval_65_mod_2_task_3725.wav');
INSERT INTO task_instances (task_inst_id, task_id, module_inst_id, status, task_completing_time) VALUES (3726, 14, 322, 1, '77');
INSERT INTO recordings (recording_id, task_inst_id, file_path) VALUES (3726, 3726, 'recordings/eval_65_mod_2_task_3726.wav');
INSERT INTO task_instances (task_inst_id, task_id, module_inst_id, status, task_completing_time) VALUES (3727, 15, 322, 1, '39');
INSERT INTO recordings (recording_id, task_inst_id, file_path) VALUES (3727, 3727, 'recordings/eval_65_mod_2_task_3727.wav');
INSERT INTO task_instances (task_inst_id, task_id, module_inst_id, status, task_completing_time) VALUES (3728, 16, 322, 1, '250');
INSERT INTO recordings (recording_id, task_inst_id, file_path) VALUES (3728, 3728, 'recordings/eval_65_mod_2_task_3728.wav');
INSERT INTO task_instances (task_inst_id, task_id, module_inst_id, status, task_completing_time) VALUES (3729, 17, 322, 1, '39');
INSERT INTO recordings (recording_id, task_inst_id, file_path) VALUES (3729, 3729, 'recordings/eval_65_mod_2_task_3729.wav');
INSERT INTO task_instances (task_inst_id, task_id, module_inst_id, status, task_completing_time) VALUES (3730, 18, 322, 1, '123');
INSERT INTO recordings (recording_id, task_inst_id, file_path) VALUES (3730, 3730, 'recordings/eval_65_mod_2_task_3730.wav');
INSERT INTO task_instances (task_inst_id, task_id, module_inst_id, status, task_completing_time) VALUES (3731, 19, 322, 1, '224');
INSERT INTO recordings (recording_id, task_inst_id, file_path) VALUES (3731, 3731, 'recordings/eval_65_mod_2_task_3731.wav');
INSERT INTO task_instances (task_inst_id, task_id, module_inst_id, status, task_completing_time) VALUES (3732, 20, 322, 0, '271');
INSERT INTO recordings (recording_id, task_inst_id, file_path) VALUES (3732, 3732, 'recordings/eval_65_mod_2_task_3732.wav');
INSERT INTO task_instances (task_inst_id, task_id, module_inst_id, status, task_completing_time) VALUES (3733, 21, 322, 1, '14');
INSERT INTO recordings (recording_id, task_inst_id, file_path) VALUES (3733, 3733, 'recordings/eval_65_mod_2_task_3733.wav');
INSERT INTO task_instances (task_inst_id, task_id, module_inst_id, status, task_completing_time) VALUES (3734, 22, 322, 1, '54');
INSERT INTO recordings (recording_id, task_inst_id, file_path) VALUES (3734, 3734, 'recordings/eval_65_mod_2_task_3734.wav');
INSERT INTO task_instances (task_inst_id, task_id, module_inst_id, status, task_completing_time) VALUES (3735, 23, 322, 0, '32');
INSERT INTO recordings (recording_id, task_inst_id, file_path) VALUES (3735, 3735, 'recordings/eval_65_mod_2_task_3735.wav');
INSERT INTO task_instances (task_inst_id, task_id, module_inst_id, status, task_completing_time) VALUES (3736, 24, 322, 1, '292');
INSERT INTO recordings (recording_id, task_inst_id, file_path) VALUES (3736, 3736, 'recordings/eval_65_mod_2_task_3736.wav');
INSERT INTO task_instances (task_inst_id, task_id, module_inst_id, status, task_completing_time) VALUES (3737, 25, 322, 1, '52');
INSERT INTO recordings (recording_id, task_inst_id, file_path) VALUES (3737, 3737, 'recordings/eval_65_mod_2_task_3737.wav');
INSERT INTO task_instances (task_inst_id, task_id, module_inst_id, status, task_completing_time) VALUES (3738, 26, 322, 1, '299');
INSERT INTO recordings (recording_id, task_inst_id, file_path) VALUES (3738, 3738, 'recordings/eval_65_mod_2_task_3738.wav');
INSERT INTO task_instances (task_inst_id, task_id, module_inst_id, status, task_completing_time) VALUES (3739, 27, 322, 1, '167');
INSERT INTO recordings (recording_id, task_inst_id, file_path) VALUES (3739, 3739, 'recordings/eval_65_mod_2_task_3739.wav');
INSERT INTO task_instances (task_inst_id, task_id, module_inst_id, status, task_completing_time) VALUES (3740, 28, 322, 1, '157');
INSERT INTO recordings (recording_id, task_inst_id, file_path) VALUES (3740, 3740, 'recordings/eval_65_mod_2_task_3740.wav');
INSERT INTO task_instances (task_inst_id, task_id, module_inst_id, status, task_completing_time) VALUES (3741, 29, 322, 1, '175');
INSERT INTO recordings (recording_id, task_inst_id, file_path) VALUES (3741, 3741, 'recordings/eval_65_mod_2_task_3741.wav');
INSERT INTO task_instances (task_inst_id, task_id, module_inst_id, status, task_completing_time) VALUES (3742, 30, 322, 1, '39');
INSERT INTO recordings (recording_id, task_inst_id, file_path) VALUES (3742, 3742, 'recordings/eval_65_mod_2_task_3742.wav');
INSERT INTO task_instances (task_inst_id, task_id, module_inst_id, status, task_completing_time) VALUES (3743, 31, 322, 1, '181');
INSERT INTO recordings (recording_id, task_inst_id, file_path) VALUES (3743, 3743, 'recordings/eval_65_mod_2_task_3743.wav');
INSERT INTO task_instances (task_inst_id, task_id, module_inst_id, status, task_completing_time) VALUES (3744, 32, 322, 1, '94');
INSERT INTO recordings (recording_id, task_inst_id, file_path) VALUES (3744, 3744, 'recordings/eval_65_mod_2_task_3744.wav');
INSERT INTO task_instances (task_inst_id, task_id, module_inst_id, status, task_completing_time) VALUES (3745, 33, 322, 1, '256');
INSERT INTO recordings (recording_id, task_inst_id, file_path) VALUES (3745, 3745, 'recordings/eval_65_mod_2_task_3745.wav');
INSERT INTO task_instances (task_inst_id, task_id, module_inst_id, status, task_completing_time) VALUES (3746, 34, 322, 1, '173');
INSERT INTO recordings (recording_id, task_inst_id, file_path) VALUES (3746, 3746, 'recordings/eval_65_mod_2_task_3746.wav');
INSERT INTO task_instances (task_inst_id, task_id, module_inst_id, status, task_completing_time) VALUES (3747, 35, 322, 1, '163');
INSERT INTO recordings (recording_id, task_inst_id, file_path) VALUES (3747, 3747, 'recordings/eval_65_mod_2_task_3747.wav');
INSERT INTO task_instances (task_inst_id, task_id, module_inst_id, status, task_completing_time) VALUES (3748, 36, 322, 0, '141');
INSERT INTO recordings (recording_id, task_inst_id, file_path) VALUES (3748, 3748, 'recordings/eval_65_mod_2_task_3748.wav');
INSERT INTO task_instances (task_inst_id, task_id, module_inst_id, status, task_completing_time) VALUES (3749, 37, 322, 1, '264');
INSERT INTO recordings (recording_id, task_inst_id, file_path) VALUES (3749, 3749, 'recordings/eval_65_mod_2_task_3749.wav');
INSERT INTO module_instances (module_inst_id, module_id, evaluation_id, status) VALUES (323, 3, 65, 2);
INSERT INTO task_instances (task_inst_id, task_id, module_inst_id, status, task_completing_time) VALUES (3750, 38, 323, 0, '32');
INSERT INTO recordings (recording_id, task_inst_id, file_path) VALUES (3750, 3750, 'recordings/eval_65_mod_3_task_3750.wav');
INSERT INTO task_instances (task_inst_id, task_id, module_inst_id, status, task_completing_time) VALUES (3751, 39, 323, 1, '246');
INSERT INTO recordings (recording_id, task_inst_id, file_path) VALUES (3751, 3751, 'recordings/eval_65_mod_3_task_3751.wav');
INSERT INTO task_instances (task_inst_id, task_id, module_inst_id, status, task_completing_time) VALUES (3752, 40, 323, 1, '241');
INSERT INTO recordings (recording_id, task_inst_id, file_path) VALUES (3752, 3752, 'recordings/eval_65_mod_3_task_3752.wav');
INSERT INTO task_instances (task_inst_id, task_id, module_inst_id, status, task_completing_time) VALUES (3753, 41, 323, 1, '94');
INSERT INTO recordings (recording_id, task_inst_id, file_path) VALUES (3753, 3753, 'recordings/eval_65_mod_3_task_3753.wav');
INSERT INTO task_instances (task_inst_id, task_id, module_inst_id, status, task_completing_time) VALUES (3754, 42, 323, 1, '46');
INSERT INTO recordings (recording_id, task_inst_id, file_path) VALUES (3754, 3754, 'recordings/eval_65_mod_3_task_3754.wav');
INSERT INTO task_instances (task_inst_id, task_id, module_inst_id, status, task_completing_time) VALUES (3755, 43, 323, 1, '104');
INSERT INTO recordings (recording_id, task_inst_id, file_path) VALUES (3755, 3755, 'recordings/eval_65_mod_3_task_3755.wav');
INSERT INTO task_instances (task_inst_id, task_id, module_inst_id, status, task_completing_time) VALUES (3756, 44, 323, 1, '46');
INSERT INTO recordings (recording_id, task_inst_id, file_path) VALUES (3756, 3756, 'recordings/eval_65_mod_3_task_3756.wav');
INSERT INTO task_instances (task_inst_id, task_id, module_inst_id, status, task_completing_time) VALUES (3757, 45, 323, 1, '276');
INSERT INTO recordings (recording_id, task_inst_id, file_path) VALUES (3757, 3757, 'recordings/eval_65_mod_3_task_3757.wav');
INSERT INTO task_instances (task_inst_id, task_id, module_inst_id, status, task_completing_time) VALUES (3758, 46, 323, 1, '117');
INSERT INTO recordings (recording_id, task_inst_id, file_path) VALUES (3758, 3758, 'recordings/eval_65_mod_3_task_3758.wav');
INSERT INTO module_instances (module_inst_id, module_id, evaluation_id, status) VALUES (324, 4, 65, 3);
INSERT INTO task_instances (task_inst_id, task_id, module_inst_id, status, task_completing_time) VALUES (3759, 47, 324, 1, '53');
INSERT INTO recordings (recording_id, task_inst_id, file_path) VALUES (3759, 3759, 'recordings/eval_65_mod_4_task_3759.wav');
INSERT INTO task_instances (task_inst_id, task_id, module_inst_id, status, task_completing_time) VALUES (3760, 48, 324, 0, '209');
INSERT INTO recordings (recording_id, task_inst_id, file_path) VALUES (3760, 3760, 'recordings/eval_65_mod_4_task_3760.wav');
INSERT INTO task_instances (task_inst_id, task_id, module_inst_id, status, task_completing_time) VALUES (3761, 49, 324, 1, '89');
INSERT INTO recordings (recording_id, task_inst_id, file_path) VALUES (3761, 3761, 'recordings/eval_65_mod_4_task_3761.wav');
INSERT INTO task_instances (task_inst_id, task_id, module_inst_id, status, task_completing_time) VALUES (3762, 50, 324, 1, '130');
INSERT INTO recordings (recording_id, task_inst_id, file_path) VALUES (3762, 3762, 'recordings/eval_65_mod_4_task_3762.wav');
INSERT INTO task_instances (task_inst_id, task_id, module_inst_id, status, task_completing_time) VALUES (3763, 51, 324, 0, '108');
INSERT INTO recordings (recording_id, task_inst_id, file_path) VALUES (3763, 3763, 'recordings/eval_65_mod_4_task_3763.wav');
INSERT INTO task_instances (task_inst_id, task_id, module_inst_id, status, task_completing_time) VALUES (3764, 52, 324, 0, '137');
INSERT INTO recordings (recording_id, task_inst_id, file_path) VALUES (3764, 3764, 'recordings/eval_65_mod_4_task_3764.wav');
INSERT INTO task_instances (task_inst_id, task_id, module_inst_id, status, task_completing_time) VALUES (3765, 53, 324, 1, '179');
INSERT INTO recordings (recording_id, task_inst_id, file_path) VALUES (3765, 3765, 'recordings/eval_65_mod_4_task_3765.wav');
INSERT INTO task_instances (task_inst_id, task_id, module_inst_id, status, task_completing_time) VALUES (3766, 54, 324, 1, '116');
INSERT INTO recordings (recording_id, task_inst_id, file_path) VALUES (3766, 3766, 'recordings/eval_65_mod_4_task_3766.wav');
INSERT INTO task_instances (task_inst_id, task_id, module_inst_id, status, task_completing_time) VALUES (3767, 55, 324, 1, '284');
INSERT INTO recordings (recording_id, task_inst_id, file_path) VALUES (3767, 3767, 'recordings/eval_65_mod_4_task_3767.wav');
INSERT INTO task_instances (task_inst_id, task_id, module_inst_id, status, task_completing_time) VALUES (3768, 56, 324, 1, '17');
INSERT INTO recordings (recording_id, task_inst_id, file_path) VALUES (3768, 3768, 'recordings/eval_65_mod_4_task_3768.wav');
INSERT INTO module_instances (module_inst_id, module_id, evaluation_id, status) VALUES (325, 9001, 65, 3);
INSERT INTO task_instances (task_inst_id, task_id, module_inst_id, status, task_completing_time) VALUES (3769, 9001, 325, 1, '7');
INSERT INTO recordings (recording_id, task_inst_id, file_path) VALUES (3769, 3769, 'recordings/eval_65_mod_9001_task_3769.wav');
INSERT INTO task_instances (task_inst_id, task_id, module_inst_id, status, task_completing_time) VALUES (3770, 9002, 325, 1, '296');
INSERT INTO recordings (recording_id, task_inst_id, file_path) VALUES (3770, 3770, 'recordings/eval_65_mod_9001_task_3770.wav');
INSERT INTO participants (participant_id, name, surname, education_level, sex, birth_date, laterality) VALUES (66, 'sdHk7NngUIKheSwJhN8UCA==', 'tdz//9KCKeiiei8Kh9wXCw==', 4, 2, '1958-12-21', 2);
INSERT INTO evaluations (evaluation_id, evaluation_date, evaluator_id, participant_id, status, language) VALUES (66, '2025-07-27 14:49:00', 9, 66, 3, 2);
INSERT INTO module_instances (module_inst_id, module_id, evaluation_id, status) VALUES (326, 1, 66, 3);
INSERT INTO task_instances (task_inst_id, task_id, module_inst_id, status, task_completing_time) VALUES (3771, 1, 326, 1, '11');
INSERT INTO recordings (recording_id, task_inst_id, file_path) VALUES (3771, 3771, 'recordings/eval_66_mod_1_task_3771.wav');
INSERT INTO task_instances (task_inst_id, task_id, module_inst_id, status, task_completing_time) VALUES (3772, 2, 326, 0, '227');
INSERT INTO recordings (recording_id, task_inst_id, file_path) VALUES (3772, 3772, 'recordings/eval_66_mod_1_task_3772.wav');
INSERT INTO task_instances (task_inst_id, task_id, module_inst_id, status, task_completing_time) VALUES (3773, 3, 326, 1, '143');
INSERT INTO recordings (recording_id, task_inst_id, file_path) VALUES (3773, 3773, 'recordings/eval_66_mod_1_task_3773.wav');
INSERT INTO task_instances (task_inst_id, task_id, module_inst_id, status, task_completing_time) VALUES (3774, 4, 326, 0, '135');
INSERT INTO recordings (recording_id, task_inst_id, file_path) VALUES (3774, 3774, 'recordings/eval_66_mod_1_task_3774.wav');
INSERT INTO task_instances (task_inst_id, task_id, module_inst_id, status, task_completing_time) VALUES (3775, 5, 326, 1, '86');
INSERT INTO recordings (recording_id, task_inst_id, file_path) VALUES (3775, 3775, 'recordings/eval_66_mod_1_task_3775.wav');
INSERT INTO task_instances (task_inst_id, task_id, module_inst_id, status, task_completing_time) VALUES (3776, 6, 326, 1, '35');
INSERT INTO recordings (recording_id, task_inst_id, file_path) VALUES (3776, 3776, 'recordings/eval_66_mod_1_task_3776.wav');
INSERT INTO task_instances (task_inst_id, task_id, module_inst_id, status, task_completing_time) VALUES (3777, 7, 326, 0, '296');
INSERT INTO recordings (recording_id, task_inst_id, file_path) VALUES (3777, 3777, 'recordings/eval_66_mod_1_task_3777.wav');
INSERT INTO task_instances (task_inst_id, task_id, module_inst_id, status, task_completing_time) VALUES (3778, 8, 326, 1, '83');
INSERT INTO recordings (recording_id, task_inst_id, file_path) VALUES (3778, 3778, 'recordings/eval_66_mod_1_task_3778.wav');
INSERT INTO task_instances (task_inst_id, task_id, module_inst_id, status, task_completing_time) VALUES (3779, 9, 326, 1, '264');
INSERT INTO recordings (recording_id, task_inst_id, file_path) VALUES (3779, 3779, 'recordings/eval_66_mod_1_task_3779.wav');
INSERT INTO task_instances (task_inst_id, task_id, module_inst_id, status, task_completing_time) VALUES (3780, 10, 326, 1, '220');
INSERT INTO recordings (recording_id, task_inst_id, file_path) VALUES (3780, 3780, 'recordings/eval_66_mod_1_task_3780.wav');
INSERT INTO module_instances (module_inst_id, module_id, evaluation_id, status) VALUES (327, 2, 66, 3);
INSERT INTO task_instances (task_inst_id, task_id, module_inst_id, status, task_completing_time) VALUES (3781, 11, 327, 1, '39');
INSERT INTO recordings (recording_id, task_inst_id, file_path) VALUES (3781, 3781, 'recordings/eval_66_mod_2_task_3781.wav');
INSERT INTO task_instances (task_inst_id, task_id, module_inst_id, status, task_completing_time) VALUES (3782, 12, 327, 1, '58');
INSERT INTO recordings (recording_id, task_inst_id, file_path) VALUES (3782, 3782, 'recordings/eval_66_mod_2_task_3782.wav');
INSERT INTO task_instances (task_inst_id, task_id, module_inst_id, status, task_completing_time) VALUES (3783, 13, 327, 1, '88');
INSERT INTO recordings (recording_id, task_inst_id, file_path) VALUES (3783, 3783, 'recordings/eval_66_mod_2_task_3783.wav');
INSERT INTO task_instances (task_inst_id, task_id, module_inst_id, status, task_completing_time) VALUES (3784, 14, 327, 1, '37');
INSERT INTO recordings (recording_id, task_inst_id, file_path) VALUES (3784, 3784, 'recordings/eval_66_mod_2_task_3784.wav');
INSERT INTO task_instances (task_inst_id, task_id, module_inst_id, status, task_completing_time) VALUES (3785, 15, 327, 1, '250');
INSERT INTO recordings (recording_id, task_inst_id, file_path) VALUES (3785, 3785, 'recordings/eval_66_mod_2_task_3785.wav');
INSERT INTO task_instances (task_inst_id, task_id, module_inst_id, status, task_completing_time) VALUES (3786, 16, 327, 1, '100');
INSERT INTO recordings (recording_id, task_inst_id, file_path) VALUES (3786, 3786, 'recordings/eval_66_mod_2_task_3786.wav');
INSERT INTO task_instances (task_inst_id, task_id, module_inst_id, status, task_completing_time) VALUES (3787, 17, 327, 1, '297');
INSERT INTO recordings (recording_id, task_inst_id, file_path) VALUES (3787, 3787, 'recordings/eval_66_mod_2_task_3787.wav');
INSERT INTO task_instances (task_inst_id, task_id, module_inst_id, status, task_completing_time) VALUES (3788, 18, 327, 1, '240');
INSERT INTO recordings (recording_id, task_inst_id, file_path) VALUES (3788, 3788, 'recordings/eval_66_mod_2_task_3788.wav');
INSERT INTO task_instances (task_inst_id, task_id, module_inst_id, status, task_completing_time) VALUES (3789, 19, 327, 1, '250');
INSERT INTO recordings (recording_id, task_inst_id, file_path) VALUES (3789, 3789, 'recordings/eval_66_mod_2_task_3789.wav');
INSERT INTO task_instances (task_inst_id, task_id, module_inst_id, status, task_completing_time) VALUES (3790, 20, 327, 1, '93');
INSERT INTO recordings (recording_id, task_inst_id, file_path) VALUES (3790, 3790, 'recordings/eval_66_mod_2_task_3790.wav');
INSERT INTO task_instances (task_inst_id, task_id, module_inst_id, status, task_completing_time) VALUES (3791, 21, 327, 1, '22');
INSERT INTO recordings (recording_id, task_inst_id, file_path) VALUES (3791, 3791, 'recordings/eval_66_mod_2_task_3791.wav');
INSERT INTO task_instances (task_inst_id, task_id, module_inst_id, status, task_completing_time) VALUES (3792, 22, 327, 1, '209');
INSERT INTO recordings (recording_id, task_inst_id, file_path) VALUES (3792, 3792, 'recordings/eval_66_mod_2_task_3792.wav');
INSERT INTO task_instances (task_inst_id, task_id, module_inst_id, status, task_completing_time) VALUES (3793, 23, 327, 1, '7');
INSERT INTO recordings (recording_id, task_inst_id, file_path) VALUES (3793, 3793, 'recordings/eval_66_mod_2_task_3793.wav');
INSERT INTO task_instances (task_inst_id, task_id, module_inst_id, status, task_completing_time) VALUES (3794, 24, 327, 1, '166');
INSERT INTO recordings (recording_id, task_inst_id, file_path) VALUES (3794, 3794, 'recordings/eval_66_mod_2_task_3794.wav');
INSERT INTO task_instances (task_inst_id, task_id, module_inst_id, status, task_completing_time) VALUES (3795, 25, 327, 1, '7');
INSERT INTO recordings (recording_id, task_inst_id, file_path) VALUES (3795, 3795, 'recordings/eval_66_mod_2_task_3795.wav');
INSERT INTO task_instances (task_inst_id, task_id, module_inst_id, status, task_completing_time) VALUES (3796, 26, 327, 1, '116');
INSERT INTO recordings (recording_id, task_inst_id, file_path) VALUES (3796, 3796, 'recordings/eval_66_mod_2_task_3796.wav');
INSERT INTO task_instances (task_inst_id, task_id, module_inst_id, status, task_completing_time) VALUES (3797, 27, 327, 1, '220');
INSERT INTO recordings (recording_id, task_inst_id, file_path) VALUES (3797, 3797, 'recordings/eval_66_mod_2_task_3797.wav');
INSERT INTO task_instances (task_inst_id, task_id, module_inst_id, status, task_completing_time) VALUES (3798, 28, 327, 0, '228');
INSERT INTO recordings (recording_id, task_inst_id, file_path) VALUES (3798, 3798, 'recordings/eval_66_mod_2_task_3798.wav');
INSERT INTO task_instances (task_inst_id, task_id, module_inst_id, status, task_completing_time) VALUES (3799, 29, 327, 1, '186');
INSERT INTO recordings (recording_id, task_inst_id, file_path) VALUES (3799, 3799, 'recordings/eval_66_mod_2_task_3799.wav');
INSERT INTO task_instances (task_inst_id, task_id, module_inst_id, status, task_completing_time) VALUES (3800, 30, 327, 1, '26');
INSERT INTO recordings (recording_id, task_inst_id, file_path) VALUES (3800, 3800, 'recordings/eval_66_mod_2_task_3800.wav');
INSERT INTO task_instances (task_inst_id, task_id, module_inst_id, status, task_completing_time) VALUES (3801, 31, 327, 1, '259');
INSERT INTO recordings (recording_id, task_inst_id, file_path) VALUES (3801, 3801, 'recordings/eval_66_mod_2_task_3801.wav');
INSERT INTO task_instances (task_inst_id, task_id, module_inst_id, status, task_completing_time) VALUES (3802, 32, 327, 1, '155');
INSERT INTO recordings (recording_id, task_inst_id, file_path) VALUES (3802, 3802, 'recordings/eval_66_mod_2_task_3802.wav');
INSERT INTO task_instances (task_inst_id, task_id, module_inst_id, status, task_completing_time) VALUES (3803, 33, 327, 1, '75');
INSERT INTO recordings (recording_id, task_inst_id, file_path) VALUES (3803, 3803, 'recordings/eval_66_mod_2_task_3803.wav');
INSERT INTO task_instances (task_inst_id, task_id, module_inst_id, status, task_completing_time) VALUES (3804, 34, 327, 1, '247');
INSERT INTO recordings (recording_id, task_inst_id, file_path) VALUES (3804, 3804, 'recordings/eval_66_mod_2_task_3804.wav');
INSERT INTO task_instances (task_inst_id, task_id, module_inst_id, status, task_completing_time) VALUES (3805, 35, 327, 1, '228');
INSERT INTO recordings (recording_id, task_inst_id, file_path) VALUES (3805, 3805, 'recordings/eval_66_mod_2_task_3805.wav');
INSERT INTO task_instances (task_inst_id, task_id, module_inst_id, status, task_completing_time) VALUES (3806, 36, 327, 1, '235');
INSERT INTO recordings (recording_id, task_inst_id, file_path) VALUES (3806, 3806, 'recordings/eval_66_mod_2_task_3806.wav');
INSERT INTO task_instances (task_inst_id, task_id, module_inst_id, status, task_completing_time) VALUES (3807, 37, 327, 1, '176');
INSERT INTO recordings (recording_id, task_inst_id, file_path) VALUES (3807, 3807, 'recordings/eval_66_mod_2_task_3807.wav');
INSERT INTO module_instances (module_inst_id, module_id, evaluation_id, status) VALUES (328, 3, 66, 3);
INSERT INTO task_instances (task_inst_id, task_id, module_inst_id, status, task_completing_time) VALUES (3808, 38, 328, 1, '28');
INSERT INTO recordings (recording_id, task_inst_id, file_path) VALUES (3808, 3808, 'recordings/eval_66_mod_3_task_3808.wav');
INSERT INTO task_instances (task_inst_id, task_id, module_inst_id, status, task_completing_time) VALUES (3809, 39, 328, 1, '198');
INSERT INTO recordings (recording_id, task_inst_id, file_path) VALUES (3809, 3809, 'recordings/eval_66_mod_3_task_3809.wav');
INSERT INTO task_instances (task_inst_id, task_id, module_inst_id, status, task_completing_time) VALUES (3810, 40, 328, 1, '153');
INSERT INTO recordings (recording_id, task_inst_id, file_path) VALUES (3810, 3810, 'recordings/eval_66_mod_3_task_3810.wav');
INSERT INTO task_instances (task_inst_id, task_id, module_inst_id, status, task_completing_time) VALUES (3811, 41, 328, 1, '82');
INSERT INTO recordings (recording_id, task_inst_id, file_path) VALUES (3811, 3811, 'recordings/eval_66_mod_3_task_3811.wav');
INSERT INTO task_instances (task_inst_id, task_id, module_inst_id, status, task_completing_time) VALUES (3812, 42, 328, 0, '213');
INSERT INTO recordings (recording_id, task_inst_id, file_path) VALUES (3812, 3812, 'recordings/eval_66_mod_3_task_3812.wav');
INSERT INTO task_instances (task_inst_id, task_id, module_inst_id, status, task_completing_time) VALUES (3813, 43, 328, 1, '240');
INSERT INTO recordings (recording_id, task_inst_id, file_path) VALUES (3813, 3813, 'recordings/eval_66_mod_3_task_3813.wav');
INSERT INTO task_instances (task_inst_id, task_id, module_inst_id, status, task_completing_time) VALUES (3814, 44, 328, 1, '159');
INSERT INTO recordings (recording_id, task_inst_id, file_path) VALUES (3814, 3814, 'recordings/eval_66_mod_3_task_3814.wav');
INSERT INTO task_instances (task_inst_id, task_id, module_inst_id, status, task_completing_time) VALUES (3815, 45, 328, 1, '236');
INSERT INTO recordings (recording_id, task_inst_id, file_path) VALUES (3815, 3815, 'recordings/eval_66_mod_3_task_3815.wav');
INSERT INTO task_instances (task_inst_id, task_id, module_inst_id, status, task_completing_time) VALUES (3816, 46, 328, 0, '106');
INSERT INTO recordings (recording_id, task_inst_id, file_path) VALUES (3816, 3816, 'recordings/eval_66_mod_3_task_3816.wav');
INSERT INTO module_instances (module_inst_id, module_id, evaluation_id, status) VALUES (329, 4, 66, 1);
INSERT INTO task_instances (task_inst_id, task_id, module_inst_id, status, task_completing_time) VALUES (3817, 47, 329, 0, '23');
INSERT INTO recordings (recording_id, task_inst_id, file_path) VALUES (3817, 3817, 'recordings/eval_66_mod_4_task_3817.wav');
INSERT INTO task_instances (task_inst_id, task_id, module_inst_id, status, task_completing_time) VALUES (3818, 48, 329, 1, '292');
INSERT INTO recordings (recording_id, task_inst_id, file_path) VALUES (3818, 3818, 'recordings/eval_66_mod_4_task_3818.wav');
INSERT INTO task_instances (task_inst_id, task_id, module_inst_id, status, task_completing_time) VALUES (3819, 49, 329, 1, '172');
INSERT INTO recordings (recording_id, task_inst_id, file_path) VALUES (3819, 3819, 'recordings/eval_66_mod_4_task_3819.wav');
INSERT INTO task_instances (task_inst_id, task_id, module_inst_id, status, task_completing_time) VALUES (3820, 50, 329, 1, '34');
INSERT INTO recordings (recording_id, task_inst_id, file_path) VALUES (3820, 3820, 'recordings/eval_66_mod_4_task_3820.wav');
INSERT INTO task_instances (task_inst_id, task_id, module_inst_id, status, task_completing_time) VALUES (3821, 51, 329, 1, '96');
INSERT INTO recordings (recording_id, task_inst_id, file_path) VALUES (3821, 3821, 'recordings/eval_66_mod_4_task_3821.wav');
INSERT INTO task_instances (task_inst_id, task_id, module_inst_id, status, task_completing_time) VALUES (3822, 52, 329, 1, '186');
INSERT INTO recordings (recording_id, task_inst_id, file_path) VALUES (3822, 3822, 'recordings/eval_66_mod_4_task_3822.wav');
INSERT INTO task_instances (task_inst_id, task_id, module_inst_id, status, task_completing_time) VALUES (3823, 53, 329, 1, '191');
INSERT INTO recordings (recording_id, task_inst_id, file_path) VALUES (3823, 3823, 'recordings/eval_66_mod_4_task_3823.wav');
INSERT INTO task_instances (task_inst_id, task_id, module_inst_id, status, task_completing_time) VALUES (3824, 54, 329, 1, '50');
INSERT INTO recordings (recording_id, task_inst_id, file_path) VALUES (3824, 3824, 'recordings/eval_66_mod_4_task_3824.wav');
INSERT INTO task_instances (task_inst_id, task_id, module_inst_id, status, task_completing_time) VALUES (3825, 55, 329, 0, '80');
INSERT INTO recordings (recording_id, task_inst_id, file_path) VALUES (3825, 3825, 'recordings/eval_66_mod_4_task_3825.wav');
INSERT INTO task_instances (task_inst_id, task_id, module_inst_id, status, task_completing_time) VALUES (3826, 56, 329, 1, '34');
INSERT INTO recordings (recording_id, task_inst_id, file_path) VALUES (3826, 3826, 'recordings/eval_66_mod_4_task_3826.wav');
INSERT INTO module_instances (module_inst_id, module_id, evaluation_id, status) VALUES (330, 9001, 66, 2);
INSERT INTO task_instances (task_inst_id, task_id, module_inst_id, status, task_completing_time) VALUES (3827, 9001, 330, 1, '56');
INSERT INTO recordings (recording_id, task_inst_id, file_path) VALUES (3827, 3827, 'recordings/eval_66_mod_9001_task_3827.wav');
INSERT INTO task_instances (task_inst_id, task_id, module_inst_id, status, task_completing_time) VALUES (3828, 9002, 330, 1, '112');
INSERT INTO recordings (recording_id, task_inst_id, file_path) VALUES (3828, 3828, 'recordings/eval_66_mod_9001_task_3828.wav');
INSERT INTO participants (participant_id, name, surname, education_level, sex, birth_date, laterality) VALUES (67, 'udHk5dbgUIKheSwJhN8UCA==', 'u9z77N6POoCjey4Lht0WCg==', 4, 2, '1948-01-22', 2);
INSERT INTO evaluations (evaluation_id, evaluation_date, evaluator_id, participant_id, status, language) VALUES (67, '2025-10-20 10:54:00', 9, 67, 2, 1);
INSERT INTO module_instances (module_inst_id, module_id, evaluation_id, status) VALUES (331, 1, 67, 3);
INSERT INTO task_instances (task_inst_id, task_id, module_inst_id, status, task_completing_time) VALUES (3829, 1, 331, 1, '22');
INSERT INTO recordings (recording_id, task_inst_id, file_path) VALUES (3829, 3829, 'recordings/eval_67_mod_1_task_3829.wav');
INSERT INTO task_instances (task_inst_id, task_id, module_inst_id, status, task_completing_time) VALUES (3830, 2, 331, 0, '130');
INSERT INTO recordings (recording_id, task_inst_id, file_path) VALUES (3830, 3830, 'recordings/eval_67_mod_1_task_3830.wav');
INSERT INTO task_instances (task_inst_id, task_id, module_inst_id, status, task_completing_time) VALUES (3831, 3, 331, 1, '183');
INSERT INTO recordings (recording_id, task_inst_id, file_path) VALUES (3831, 3831, 'recordings/eval_67_mod_1_task_3831.wav');
INSERT INTO task_instances (task_inst_id, task_id, module_inst_id, status, task_completing_time) VALUES (3832, 4, 331, 1, '201');
INSERT INTO recordings (recording_id, task_inst_id, file_path) VALUES (3832, 3832, 'recordings/eval_67_mod_1_task_3832.wav');
INSERT INTO task_instances (task_inst_id, task_id, module_inst_id, status, task_completing_time) VALUES (3833, 5, 331, 0, '62');
INSERT INTO recordings (recording_id, task_inst_id, file_path) VALUES (3833, 3833, 'recordings/eval_67_mod_1_task_3833.wav');
INSERT INTO task_instances (task_inst_id, task_id, module_inst_id, status, task_completing_time) VALUES (3834, 6, 331, 1, '141');
INSERT INTO recordings (recording_id, task_inst_id, file_path) VALUES (3834, 3834, 'recordings/eval_67_mod_1_task_3834.wav');
INSERT INTO task_instances (task_inst_id, task_id, module_inst_id, status, task_completing_time) VALUES (3835, 7, 331, 1, '213');
INSERT INTO recordings (recording_id, task_inst_id, file_path) VALUES (3835, 3835, 'recordings/eval_67_mod_1_task_3835.wav');
INSERT INTO task_instances (task_inst_id, task_id, module_inst_id, status, task_completing_time) VALUES (3836, 8, 331, 0, '120');
INSERT INTO recordings (recording_id, task_inst_id, file_path) VALUES (3836, 3836, 'recordings/eval_67_mod_1_task_3836.wav');
INSERT INTO task_instances (task_inst_id, task_id, module_inst_id, status, task_completing_time) VALUES (3837, 9, 331, 1, '51');
INSERT INTO recordings (recording_id, task_inst_id, file_path) VALUES (3837, 3837, 'recordings/eval_67_mod_1_task_3837.wav');
INSERT INTO task_instances (task_inst_id, task_id, module_inst_id, status, task_completing_time) VALUES (3838, 10, 331, 0, '167');
INSERT INTO recordings (recording_id, task_inst_id, file_path) VALUES (3838, 3838, 'recordings/eval_67_mod_1_task_3838.wav');
INSERT INTO module_instances (module_inst_id, module_id, evaluation_id, status) VALUES (332, 2, 67, 3);
INSERT INTO task_instances (task_inst_id, task_id, module_inst_id, status, task_completing_time) VALUES (3839, 11, 332, 1, '21');
INSERT INTO recordings (recording_id, task_inst_id, file_path) VALUES (3839, 3839, 'recordings/eval_67_mod_2_task_3839.wav');
INSERT INTO task_instances (task_inst_id, task_id, module_inst_id, status, task_completing_time) VALUES (3840, 12, 332, 1, '198');
INSERT INTO recordings (recording_id, task_inst_id, file_path) VALUES (3840, 3840, 'recordings/eval_67_mod_2_task_3840.wav');
INSERT INTO task_instances (task_inst_id, task_id, module_inst_id, status, task_completing_time) VALUES (3841, 13, 332, 1, '172');
INSERT INTO recordings (recording_id, task_inst_id, file_path) VALUES (3841, 3841, 'recordings/eval_67_mod_2_task_3841.wav');
INSERT INTO task_instances (task_inst_id, task_id, module_inst_id, status, task_completing_time) VALUES (3842, 14, 332, 1, '112');
INSERT INTO recordings (recording_id, task_inst_id, file_path) VALUES (3842, 3842, 'recordings/eval_67_mod_2_task_3842.wav');
INSERT INTO task_instances (task_inst_id, task_id, module_inst_id, status, task_completing_time) VALUES (3843, 15, 332, 1, '165');
INSERT INTO recordings (recording_id, task_inst_id, file_path) VALUES (3843, 3843, 'recordings/eval_67_mod_2_task_3843.wav');
INSERT INTO task_instances (task_inst_id, task_id, module_inst_id, status, task_completing_time) VALUES (3844, 16, 332, 1, '115');
INSERT INTO recordings (recording_id, task_inst_id, file_path) VALUES (3844, 3844, 'recordings/eval_67_mod_2_task_3844.wav');
INSERT INTO task_instances (task_inst_id, task_id, module_inst_id, status, task_completing_time) VALUES (3845, 17, 332, 1, '147');
INSERT INTO recordings (recording_id, task_inst_id, file_path) VALUES (3845, 3845, 'recordings/eval_67_mod_2_task_3845.wav');
INSERT INTO task_instances (task_inst_id, task_id, module_inst_id, status, task_completing_time) VALUES (3846, 18, 332, 1, '85');
INSERT INTO recordings (recording_id, task_inst_id, file_path) VALUES (3846, 3846, 'recordings/eval_67_mod_2_task_3846.wav');
INSERT INTO task_instances (task_inst_id, task_id, module_inst_id, status, task_completing_time) VALUES (3847, 19, 332, 1, '60');
INSERT INTO recordings (recording_id, task_inst_id, file_path) VALUES (3847, 3847, 'recordings/eval_67_mod_2_task_3847.wav');
INSERT INTO task_instances (task_inst_id, task_id, module_inst_id, status, task_completing_time) VALUES (3848, 20, 332, 1, '284');
INSERT INTO recordings (recording_id, task_inst_id, file_path) VALUES (3848, 3848, 'recordings/eval_67_mod_2_task_3848.wav');
INSERT INTO task_instances (task_inst_id, task_id, module_inst_id, status, task_completing_time) VALUES (3849, 21, 332, 1, '49');
INSERT INTO recordings (recording_id, task_inst_id, file_path) VALUES (3849, 3849, 'recordings/eval_67_mod_2_task_3849.wav');
INSERT INTO task_instances (task_inst_id, task_id, module_inst_id, status, task_completing_time) VALUES (3850, 22, 332, 1, '107');
INSERT INTO recordings (recording_id, task_inst_id, file_path) VALUES (3850, 3850, 'recordings/eval_67_mod_2_task_3850.wav');
INSERT INTO task_instances (task_inst_id, task_id, module_inst_id, status, task_completing_time) VALUES (3851, 23, 332, 1, '56');
INSERT INTO recordings (recording_id, task_inst_id, file_path) VALUES (3851, 3851, 'recordings/eval_67_mod_2_task_3851.wav');
INSERT INTO task_instances (task_inst_id, task_id, module_inst_id, status, task_completing_time) VALUES (3852, 24, 332, 1, '117');
INSERT INTO recordings (recording_id, task_inst_id, file_path) VALUES (3852, 3852, 'recordings/eval_67_mod_2_task_3852.wav');
INSERT INTO task_instances (task_inst_id, task_id, module_inst_id, status, task_completing_time) VALUES (3853, 25, 332, 0, '17');
INSERT INTO recordings (recording_id, task_inst_id, file_path) VALUES (3853, 3853, 'recordings/eval_67_mod_2_task_3853.wav');
INSERT INTO task_instances (task_inst_id, task_id, module_inst_id, status, task_completing_time) VALUES (3854, 26, 332, 0, '177');
INSERT INTO recordings (recording_id, task_inst_id, file_path) VALUES (3854, 3854, 'recordings/eval_67_mod_2_task_3854.wav');
INSERT INTO task_instances (task_inst_id, task_id, module_inst_id, status, task_completing_time) VALUES (3855, 27, 332, 1, '155');
INSERT INTO recordings (recording_id, task_inst_id, file_path) VALUES (3855, 3855, 'recordings/eval_67_mod_2_task_3855.wav');
INSERT INTO task_instances (task_inst_id, task_id, module_inst_id, status, task_completing_time) VALUES (3856, 28, 332, 0, '155');
INSERT INTO recordings (recording_id, task_inst_id, file_path) VALUES (3856, 3856, 'recordings/eval_67_mod_2_task_3856.wav');
INSERT INTO task_instances (task_inst_id, task_id, module_inst_id, status, task_completing_time) VALUES (3857, 29, 332, 1, '95');
INSERT INTO recordings (recording_id, task_inst_id, file_path) VALUES (3857, 3857, 'recordings/eval_67_mod_2_task_3857.wav');
INSERT INTO task_instances (task_inst_id, task_id, module_inst_id, status, task_completing_time) VALUES (3858, 30, 332, 0, '46');
INSERT INTO recordings (recording_id, task_inst_id, file_path) VALUES (3858, 3858, 'recordings/eval_67_mod_2_task_3858.wav');
INSERT INTO task_instances (task_inst_id, task_id, module_inst_id, status, task_completing_time) VALUES (3859, 31, 332, 1, '53');
INSERT INTO recordings (recording_id, task_inst_id, file_path) VALUES (3859, 3859, 'recordings/eval_67_mod_2_task_3859.wav');
INSERT INTO task_instances (task_inst_id, task_id, module_inst_id, status, task_completing_time) VALUES (3860, 32, 332, 1, '173');
INSERT INTO recordings (recording_id, task_inst_id, file_path) VALUES (3860, 3860, 'recordings/eval_67_mod_2_task_3860.wav');
INSERT INTO task_instances (task_inst_id, task_id, module_inst_id, status, task_completing_time) VALUES (3861, 33, 332, 0, '73');
INSERT INTO recordings (recording_id, task_inst_id, file_path) VALUES (3861, 3861, 'recordings/eval_67_mod_2_task_3861.wav');
INSERT INTO task_instances (task_inst_id, task_id, module_inst_id, status, task_completing_time) VALUES (3862, 34, 332, 1, '96');
INSERT INTO recordings (recording_id, task_inst_id, file_path) VALUES (3862, 3862, 'recordings/eval_67_mod_2_task_3862.wav');
INSERT INTO task_instances (task_inst_id, task_id, module_inst_id, status, task_completing_time) VALUES (3863, 35, 332, 1, '67');
INSERT INTO recordings (recording_id, task_inst_id, file_path) VALUES (3863, 3863, 'recordings/eval_67_mod_2_task_3863.wav');
INSERT INTO task_instances (task_inst_id, task_id, module_inst_id, status, task_completing_time) VALUES (3864, 36, 332, 1, '172');
INSERT INTO recordings (recording_id, task_inst_id, file_path) VALUES (3864, 3864, 'recordings/eval_67_mod_2_task_3864.wav');
INSERT INTO task_instances (task_inst_id, task_id, module_inst_id, status, task_completing_time) VALUES (3865, 37, 332, 0, '25');
INSERT INTO recordings (recording_id, task_inst_id, file_path) VALUES (3865, 3865, 'recordings/eval_67_mod_2_task_3865.wav');
INSERT INTO module_instances (module_inst_id, module_id, evaluation_id, status) VALUES (333, 3, 67, 3);
INSERT INTO task_instances (task_inst_id, task_id, module_inst_id, status, task_completing_time) VALUES (3866, 38, 333, 1, '47');
INSERT INTO recordings (recording_id, task_inst_id, file_path) VALUES (3866, 3866, 'recordings/eval_67_mod_3_task_3866.wav');
INSERT INTO task_instances (task_inst_id, task_id, module_inst_id, status, task_completing_time) VALUES (3867, 39, 333, 1, '159');
INSERT INTO recordings (recording_id, task_inst_id, file_path) VALUES (3867, 3867, 'recordings/eval_67_mod_3_task_3867.wav');
INSERT INTO task_instances (task_inst_id, task_id, module_inst_id, status, task_completing_time) VALUES (3868, 40, 333, 0, '281');
INSERT INTO recordings (recording_id, task_inst_id, file_path) VALUES (3868, 3868, 'recordings/eval_67_mod_3_task_3868.wav');
INSERT INTO task_instances (task_inst_id, task_id, module_inst_id, status, task_completing_time) VALUES (3869, 41, 333, 1, '246');
INSERT INTO recordings (recording_id, task_inst_id, file_path) VALUES (3869, 3869, 'recordings/eval_67_mod_3_task_3869.wav');
INSERT INTO task_instances (task_inst_id, task_id, module_inst_id, status, task_completing_time) VALUES (3870, 42, 333, 1, '268');
INSERT INTO recordings (recording_id, task_inst_id, file_path) VALUES (3870, 3870, 'recordings/eval_67_mod_3_task_3870.wav');
INSERT INTO task_instances (task_inst_id, task_id, module_inst_id, status, task_completing_time) VALUES (3871, 43, 333, 1, '204');
INSERT INTO recordings (recording_id, task_inst_id, file_path) VALUES (3871, 3871, 'recordings/eval_67_mod_3_task_3871.wav');
INSERT INTO task_instances (task_inst_id, task_id, module_inst_id, status, task_completing_time) VALUES (3872, 44, 333, 0, '272');
INSERT INTO recordings (recording_id, task_inst_id, file_path) VALUES (3872, 3872, 'recordings/eval_67_mod_3_task_3872.wav');
INSERT INTO task_instances (task_inst_id, task_id, module_inst_id, status, task_completing_time) VALUES (3873, 45, 333, 1, '83');
INSERT INTO recordings (recording_id, task_inst_id, file_path) VALUES (3873, 3873, 'recordings/eval_67_mod_3_task_3873.wav');
INSERT INTO task_instances (task_inst_id, task_id, module_inst_id, status, task_completing_time) VALUES (3874, 46, 333, 1, '258');
INSERT INTO recordings (recording_id, task_inst_id, file_path) VALUES (3874, 3874, 'recordings/eval_67_mod_3_task_3874.wav');
INSERT INTO module_instances (module_inst_id, module_id, evaluation_id, status) VALUES (334, 4, 67, 3);
INSERT INTO task_instances (task_inst_id, task_id, module_inst_id, status, task_completing_time) VALUES (3875, 47, 334, 1, '5');
INSERT INTO recordings (recording_id, task_inst_id, file_path) VALUES (3875, 3875, 'recordings/eval_67_mod_4_task_3875.wav');
INSERT INTO task_instances (task_inst_id, task_id, module_inst_id, status, task_completing_time) VALUES (3876, 48, 334, 1, '265');
INSERT INTO recordings (recording_id, task_inst_id, file_path) VALUES (3876, 3876, 'recordings/eval_67_mod_4_task_3876.wav');
INSERT INTO task_instances (task_inst_id, task_id, module_inst_id, status, task_completing_time) VALUES (3877, 49, 334, 1, '154');
INSERT INTO recordings (recording_id, task_inst_id, file_path) VALUES (3877, 3877, 'recordings/eval_67_mod_4_task_3877.wav');
INSERT INTO task_instances (task_inst_id, task_id, module_inst_id, status, task_completing_time) VALUES (3878, 50, 334, 1, '295');
INSERT INTO recordings (recording_id, task_inst_id, file_path) VALUES (3878, 3878, 'recordings/eval_67_mod_4_task_3878.wav');
INSERT INTO task_instances (task_inst_id, task_id, module_inst_id, status, task_completing_time) VALUES (3879, 51, 334, 1, '87');
INSERT INTO recordings (recording_id, task_inst_id, file_path) VALUES (3879, 3879, 'recordings/eval_67_mod_4_task_3879.wav');
INSERT INTO task_instances (task_inst_id, task_id, module_inst_id, status, task_completing_time) VALUES (3880, 52, 334, 1, '273');
INSERT INTO recordings (recording_id, task_inst_id, file_path) VALUES (3880, 3880, 'recordings/eval_67_mod_4_task_3880.wav');
INSERT INTO task_instances (task_inst_id, task_id, module_inst_id, status, task_completing_time) VALUES (3881, 53, 334, 0, '100');
INSERT INTO recordings (recording_id, task_inst_id, file_path) VALUES (3881, 3881, 'recordings/eval_67_mod_4_task_3881.wav');
INSERT INTO task_instances (task_inst_id, task_id, module_inst_id, status, task_completing_time) VALUES (3882, 54, 334, 1, '212');
INSERT INTO recordings (recording_id, task_inst_id, file_path) VALUES (3882, 3882, 'recordings/eval_67_mod_4_task_3882.wav');
INSERT INTO task_instances (task_inst_id, task_id, module_inst_id, status, task_completing_time) VALUES (3883, 55, 334, 1, '46');
INSERT INTO recordings (recording_id, task_inst_id, file_path) VALUES (3883, 3883, 'recordings/eval_67_mod_4_task_3883.wav');
INSERT INTO task_instances (task_inst_id, task_id, module_inst_id, status, task_completing_time) VALUES (3884, 56, 334, 1, '32');
INSERT INTO recordings (recording_id, task_inst_id, file_path) VALUES (3884, 3884, 'recordings/eval_67_mod_4_task_3884.wav');
INSERT INTO module_instances (module_inst_id, module_id, evaluation_id, status) VALUES (335, 9001, 67, 3);
INSERT INTO task_instances (task_inst_id, task_id, module_inst_id, status, task_completing_time) VALUES (3885, 9001, 335, 1, '5');
INSERT INTO recordings (recording_id, task_inst_id, file_path) VALUES (3885, 3885, 'recordings/eval_67_mod_9001_task_3885.wav');
INSERT INTO task_instances (task_inst_id, task_id, module_inst_id, status, task_completing_time) VALUES (3886, 9002, 335, 1, '105');
INSERT INTO recordings (recording_id, task_inst_id, file_path) VALUES (3886, 3886, 'recordings/eval_67_mod_9001_task_3886.wav');
INSERT INTO participants (participant_id, name, surname, education_level, sex, birth_date, laterality) VALUES (68, 'vNX64MeOUYOgeC0Ihd4VCQ==', 'tdz//9KCKeiiei8Kh9wXCw==', 4, 2, '1971-01-01', 1);
INSERT INTO evaluations (evaluation_id, evaluation_date, evaluator_id, participant_id, status, language) VALUES (68, '2025-08-12 15:24:00', 9, 68, 2, 1);
INSERT INTO module_instances (module_inst_id, module_id, evaluation_id, status) VALUES (336, 1, 68, 2);
INSERT INTO task_instances (task_inst_id, task_id, module_inst_id, status, task_completing_time) VALUES (3887, 1, 336, 1, '58');
INSERT INTO recordings (recording_id, task_inst_id, file_path) VALUES (3887, 3887, 'recordings/eval_68_mod_1_task_3887.wav');
INSERT INTO task_instances (task_inst_id, task_id, module_inst_id, status, task_completing_time) VALUES (3888, 2, 336, 1, '158');
INSERT INTO recordings (recording_id, task_inst_id, file_path) VALUES (3888, 3888, 'recordings/eval_68_mod_1_task_3888.wav');
INSERT INTO task_instances (task_inst_id, task_id, module_inst_id, status, task_completing_time) VALUES (3889, 3, 336, 0, '132');
INSERT INTO recordings (recording_id, task_inst_id, file_path) VALUES (3889, 3889, 'recordings/eval_68_mod_1_task_3889.wav');
INSERT INTO task_instances (task_inst_id, task_id, module_inst_id, status, task_completing_time) VALUES (3890, 4, 336, 0, '276');
INSERT INTO recordings (recording_id, task_inst_id, file_path) VALUES (3890, 3890, 'recordings/eval_68_mod_1_task_3890.wav');
INSERT INTO task_instances (task_inst_id, task_id, module_inst_id, status, task_completing_time) VALUES (3891, 5, 336, 1, '238');
INSERT INTO recordings (recording_id, task_inst_id, file_path) VALUES (3891, 3891, 'recordings/eval_68_mod_1_task_3891.wav');
INSERT INTO task_instances (task_inst_id, task_id, module_inst_id, status, task_completing_time) VALUES (3892, 6, 336, 1, '23');
INSERT INTO recordings (recording_id, task_inst_id, file_path) VALUES (3892, 3892, 'recordings/eval_68_mod_1_task_3892.wav');
INSERT INTO task_instances (task_inst_id, task_id, module_inst_id, status, task_completing_time) VALUES (3893, 7, 336, 1, '28');
INSERT INTO recordings (recording_id, task_inst_id, file_path) VALUES (3893, 3893, 'recordings/eval_68_mod_1_task_3893.wav');
INSERT INTO task_instances (task_inst_id, task_id, module_inst_id, status, task_completing_time) VALUES (3894, 8, 336, 1, '120');
INSERT INTO recordings (recording_id, task_inst_id, file_path) VALUES (3894, 3894, 'recordings/eval_68_mod_1_task_3894.wav');
INSERT INTO task_instances (task_inst_id, task_id, module_inst_id, status, task_completing_time) VALUES (3895, 9, 336, 1, '234');
INSERT INTO recordings (recording_id, task_inst_id, file_path) VALUES (3895, 3895, 'recordings/eval_68_mod_1_task_3895.wav');
INSERT INTO task_instances (task_inst_id, task_id, module_inst_id, status, task_completing_time) VALUES (3896, 10, 336, 1, '222');
INSERT INTO recordings (recording_id, task_inst_id, file_path) VALUES (3896, 3896, 'recordings/eval_68_mod_1_task_3896.wav');
INSERT INTO module_instances (module_inst_id, module_id, evaluation_id, status) VALUES (337, 2, 68, 2);
INSERT INTO task_instances (task_inst_id, task_id, module_inst_id, status, task_completing_time) VALUES (3897, 11, 337, 1, '22');
INSERT INTO recordings (recording_id, task_inst_id, file_path) VALUES (3897, 3897, 'recordings/eval_68_mod_2_task_3897.wav');
INSERT INTO task_instances (task_inst_id, task_id, module_inst_id, status, task_completing_time) VALUES (3898, 12, 337, 1, '237');
INSERT INTO recordings (recording_id, task_inst_id, file_path) VALUES (3898, 3898, 'recordings/eval_68_mod_2_task_3898.wav');
INSERT INTO task_instances (task_inst_id, task_id, module_inst_id, status, task_completing_time) VALUES (3899, 13, 337, 1, '299');
INSERT INTO recordings (recording_id, task_inst_id, file_path) VALUES (3899, 3899, 'recordings/eval_68_mod_2_task_3899.wav');
INSERT INTO task_instances (task_inst_id, task_id, module_inst_id, status, task_completing_time) VALUES (3900, 14, 337, 1, '146');
INSERT INTO recordings (recording_id, task_inst_id, file_path) VALUES (3900, 3900, 'recordings/eval_68_mod_2_task_3900.wav');
INSERT INTO task_instances (task_inst_id, task_id, module_inst_id, status, task_completing_time) VALUES (3901, 15, 337, 1, '290');
INSERT INTO recordings (recording_id, task_inst_id, file_path) VALUES (3901, 3901, 'recordings/eval_68_mod_2_task_3901.wav');
INSERT INTO task_instances (task_inst_id, task_id, module_inst_id, status, task_completing_time) VALUES (3902, 16, 337, 1, '43');
INSERT INTO recordings (recording_id, task_inst_id, file_path) VALUES (3902, 3902, 'recordings/eval_68_mod_2_task_3902.wav');
INSERT INTO task_instances (task_inst_id, task_id, module_inst_id, status, task_completing_time) VALUES (3903, 17, 337, 1, '46');
INSERT INTO recordings (recording_id, task_inst_id, file_path) VALUES (3903, 3903, 'recordings/eval_68_mod_2_task_3903.wav');
INSERT INTO task_instances (task_inst_id, task_id, module_inst_id, status, task_completing_time) VALUES (3904, 18, 337, 1, '68');
INSERT INTO recordings (recording_id, task_inst_id, file_path) VALUES (3904, 3904, 'recordings/eval_68_mod_2_task_3904.wav');
INSERT INTO task_instances (task_inst_id, task_id, module_inst_id, status, task_completing_time) VALUES (3905, 19, 337, 1, '270');
INSERT INTO recordings (recording_id, task_inst_id, file_path) VALUES (3905, 3905, 'recordings/eval_68_mod_2_task_3905.wav');
INSERT INTO task_instances (task_inst_id, task_id, module_inst_id, status, task_completing_time) VALUES (3906, 20, 337, 1, '182');
INSERT INTO recordings (recording_id, task_inst_id, file_path) VALUES (3906, 3906, 'recordings/eval_68_mod_2_task_3906.wav');
INSERT INTO task_instances (task_inst_id, task_id, module_inst_id, status, task_completing_time) VALUES (3907, 21, 337, 1, '8');
INSERT INTO recordings (recording_id, task_inst_id, file_path) VALUES (3907, 3907, 'recordings/eval_68_mod_2_task_3907.wav');
INSERT INTO task_instances (task_inst_id, task_id, module_inst_id, status, task_completing_time) VALUES (3908, 22, 337, 1, '124');
INSERT INTO recordings (recording_id, task_inst_id, file_path) VALUES (3908, 3908, 'recordings/eval_68_mod_2_task_3908.wav');
INSERT INTO task_instances (task_inst_id, task_id, module_inst_id, status, task_completing_time) VALUES (3909, 23, 337, 1, '42');
INSERT INTO recordings (recording_id, task_inst_id, file_path) VALUES (3909, 3909, 'recordings/eval_68_mod_2_task_3909.wav');
INSERT INTO task_instances (task_inst_id, task_id, module_inst_id, status, task_completing_time) VALUES (3910, 24, 337, 1, '35');
INSERT INTO recordings (recording_id, task_inst_id, file_path) VALUES (3910, 3910, 'recordings/eval_68_mod_2_task_3910.wav');
INSERT INTO task_instances (task_inst_id, task_id, module_inst_id, status, task_completing_time) VALUES (3911, 25, 337, 1, '15');
INSERT INTO recordings (recording_id, task_inst_id, file_path) VALUES (3911, 3911, 'recordings/eval_68_mod_2_task_3911.wav');
INSERT INTO task_instances (task_inst_id, task_id, module_inst_id, status, task_completing_time) VALUES (3912, 26, 337, 1, '62');
INSERT INTO recordings (recording_id, task_inst_id, file_path) VALUES (3912, 3912, 'recordings/eval_68_mod_2_task_3912.wav');
INSERT INTO task_instances (task_inst_id, task_id, module_inst_id, status, task_completing_time) VALUES (3913, 27, 337, 1, '186');
INSERT INTO recordings (recording_id, task_inst_id, file_path) VALUES (3913, 3913, 'recordings/eval_68_mod_2_task_3913.wav');
INSERT INTO task_instances (task_inst_id, task_id, module_inst_id, status, task_completing_time) VALUES (3914, 28, 337, 1, '51');
INSERT INTO recordings (recording_id, task_inst_id, file_path) VALUES (3914, 3914, 'recordings/eval_68_mod_2_task_3914.wav');
INSERT INTO task_instances (task_inst_id, task_id, module_inst_id, status, task_completing_time) VALUES (3915, 29, 337, 1, '103');
INSERT INTO recordings (recording_id, task_inst_id, file_path) VALUES (3915, 3915, 'recordings/eval_68_mod_2_task_3915.wav');
INSERT INTO task_instances (task_inst_id, task_id, module_inst_id, status, task_completing_time) VALUES (3916, 30, 337, 1, '54');
INSERT INTO recordings (recording_id, task_inst_id, file_path) VALUES (3916, 3916, 'recordings/eval_68_mod_2_task_3916.wav');
INSERT INTO task_instances (task_inst_id, task_id, module_inst_id, status, task_completing_time) VALUES (3917, 31, 337, 1, '205');
INSERT INTO recordings (recording_id, task_inst_id, file_path) VALUES (3917, 3917, 'recordings/eval_68_mod_2_task_3917.wav');
INSERT INTO task_instances (task_inst_id, task_id, module_inst_id, status, task_completing_time) VALUES (3918, 32, 337, 1, '288');
INSERT INTO recordings (recording_id, task_inst_id, file_path) VALUES (3918, 3918, 'recordings/eval_68_mod_2_task_3918.wav');
INSERT INTO task_instances (task_inst_id, task_id, module_inst_id, status, task_completing_time) VALUES (3919, 33, 337, 1, '218');
INSERT INTO recordings (recording_id, task_inst_id, file_path) VALUES (3919, 3919, 'recordings/eval_68_mod_2_task_3919.wav');
INSERT INTO task_instances (task_inst_id, task_id, module_inst_id, status, task_completing_time) VALUES (3920, 34, 337, 1, '179');
INSERT INTO recordings (recording_id, task_inst_id, file_path) VALUES (3920, 3920, 'recordings/eval_68_mod_2_task_3920.wav');
INSERT INTO task_instances (task_inst_id, task_id, module_inst_id, status, task_completing_time) VALUES (3921, 35, 337, 0, '146');
INSERT INTO recordings (recording_id, task_inst_id, file_path) VALUES (3921, 3921, 'recordings/eval_68_mod_2_task_3921.wav');
INSERT INTO task_instances (task_inst_id, task_id, module_inst_id, status, task_completing_time) VALUES (3922, 36, 337, 1, '235');
INSERT INTO recordings (recording_id, task_inst_id, file_path) VALUES (3922, 3922, 'recordings/eval_68_mod_2_task_3922.wav');
INSERT INTO task_instances (task_inst_id, task_id, module_inst_id, status, task_completing_time) VALUES (3923, 37, 337, 1, '153');
INSERT INTO recordings (recording_id, task_inst_id, file_path) VALUES (3923, 3923, 'recordings/eval_68_mod_2_task_3923.wav');
INSERT INTO module_instances (module_inst_id, module_id, evaluation_id, status) VALUES (338, 3, 68, 3);
INSERT INTO task_instances (task_inst_id, task_id, module_inst_id, status, task_completing_time) VALUES (3924, 38, 338, 0, '24');
INSERT INTO recordings (recording_id, task_inst_id, file_path) VALUES (3924, 3924, 'recordings/eval_68_mod_3_task_3924.wav');
INSERT INTO task_instances (task_inst_id, task_id, module_inst_id, status, task_completing_time) VALUES (3925, 39, 338, 1, '67');
INSERT INTO recordings (recording_id, task_inst_id, file_path) VALUES (3925, 3925, 'recordings/eval_68_mod_3_task_3925.wav');
INSERT INTO task_instances (task_inst_id, task_id, module_inst_id, status, task_completing_time) VALUES (3926, 40, 338, 1, '129');
INSERT INTO recordings (recording_id, task_inst_id, file_path) VALUES (3926, 3926, 'recordings/eval_68_mod_3_task_3926.wav');
INSERT INTO task_instances (task_inst_id, task_id, module_inst_id, status, task_completing_time) VALUES (3927, 41, 338, 0, '171');
INSERT INTO recordings (recording_id, task_inst_id, file_path) VALUES (3927, 3927, 'recordings/eval_68_mod_3_task_3927.wav');
INSERT INTO task_instances (task_inst_id, task_id, module_inst_id, status, task_completing_time) VALUES (3928, 42, 338, 1, '284');
INSERT INTO recordings (recording_id, task_inst_id, file_path) VALUES (3928, 3928, 'recordings/eval_68_mod_3_task_3928.wav');
INSERT INTO task_instances (task_inst_id, task_id, module_inst_id, status, task_completing_time) VALUES (3929, 43, 338, 1, '164');
INSERT INTO recordings (recording_id, task_inst_id, file_path) VALUES (3929, 3929, 'recordings/eval_68_mod_3_task_3929.wav');
INSERT INTO task_instances (task_inst_id, task_id, module_inst_id, status, task_completing_time) VALUES (3930, 44, 338, 1, '165');
INSERT INTO recordings (recording_id, task_inst_id, file_path) VALUES (3930, 3930, 'recordings/eval_68_mod_3_task_3930.wav');
INSERT INTO task_instances (task_inst_id, task_id, module_inst_id, status, task_completing_time) VALUES (3931, 45, 338, 1, '162');
INSERT INTO recordings (recording_id, task_inst_id, file_path) VALUES (3931, 3931, 'recordings/eval_68_mod_3_task_3931.wav');
INSERT INTO task_instances (task_inst_id, task_id, module_inst_id, status, task_completing_time) VALUES (3932, 46, 338, 0, '194');
INSERT INTO recordings (recording_id, task_inst_id, file_path) VALUES (3932, 3932, 'recordings/eval_68_mod_3_task_3932.wav');
INSERT INTO module_instances (module_inst_id, module_id, evaluation_id, status) VALUES (339, 4, 68, 1);
INSERT INTO task_instances (task_inst_id, task_id, module_inst_id, status, task_completing_time) VALUES (3933, 47, 339, 1, '24');
INSERT INTO recordings (recording_id, task_inst_id, file_path) VALUES (3933, 3933, 'recordings/eval_68_mod_4_task_3933.wav');
INSERT INTO task_instances (task_inst_id, task_id, module_inst_id, status, task_completing_time) VALUES (3934, 48, 339, 1, '103');
INSERT INTO recordings (recording_id, task_inst_id, file_path) VALUES (3934, 3934, 'recordings/eval_68_mod_4_task_3934.wav');
INSERT INTO task_instances (task_inst_id, task_id, module_inst_id, status, task_completing_time) VALUES (3935, 49, 339, 1, '292');
INSERT INTO recordings (recording_id, task_inst_id, file_path) VALUES (3935, 3935, 'recordings/eval_68_mod_4_task_3935.wav');
INSERT INTO task_instances (task_inst_id, task_id, module_inst_id, status, task_completing_time) VALUES (3936, 50, 339, 1, '121');
INSERT INTO recordings (recording_id, task_inst_id, file_path) VALUES (3936, 3936, 'recordings/eval_68_mod_4_task_3936.wav');
INSERT INTO task_instances (task_inst_id, task_id, module_inst_id, status, task_completing_time) VALUES (3937, 51, 339, 0, '273');
INSERT INTO recordings (recording_id, task_inst_id, file_path) VALUES (3937, 3937, 'recordings/eval_68_mod_4_task_3937.wav');
INSERT INTO task_instances (task_inst_id, task_id, module_inst_id, status, task_completing_time) VALUES (3938, 52, 339, 1, '162');
INSERT INTO recordings (recording_id, task_inst_id, file_path) VALUES (3938, 3938, 'recordings/eval_68_mod_4_task_3938.wav');
INSERT INTO task_instances (task_inst_id, task_id, module_inst_id, status, task_completing_time) VALUES (3939, 53, 339, 0, '123');
INSERT INTO recordings (recording_id, task_inst_id, file_path) VALUES (3939, 3939, 'recordings/eval_68_mod_4_task_3939.wav');
INSERT INTO task_instances (task_inst_id, task_id, module_inst_id, status, task_completing_time) VALUES (3940, 54, 339, 1, '31');
INSERT INTO recordings (recording_id, task_inst_id, file_path) VALUES (3940, 3940, 'recordings/eval_68_mod_4_task_3940.wav');
INSERT INTO task_instances (task_inst_id, task_id, module_inst_id, status, task_completing_time) VALUES (3941, 55, 339, 0, '266');
INSERT INTO recordings (recording_id, task_inst_id, file_path) VALUES (3941, 3941, 'recordings/eval_68_mod_4_task_3941.wav');
INSERT INTO task_instances (task_inst_id, task_id, module_inst_id, status, task_completing_time) VALUES (3942, 56, 339, 1, '23');
INSERT INTO recordings (recording_id, task_inst_id, file_path) VALUES (3942, 3942, 'recordings/eval_68_mod_4_task_3942.wav');
INSERT INTO module_instances (module_inst_id, module_id, evaluation_id, status) VALUES (340, 9001, 68, 3);
INSERT INTO task_instances (task_inst_id, task_id, module_inst_id, status, task_completing_time) VALUES (3943, 9001, 340, 1, '13');
INSERT INTO recordings (recording_id, task_inst_id, file_path) VALUES (3943, 3943, 'recordings/eval_68_mod_9001_task_3943.wav');
INSERT INTO task_instances (task_inst_id, task_id, module_inst_id, status, task_completing_time) VALUES (3944, 9002, 340, 1, '140');
INSERT INTO recordings (recording_id, task_inst_id, file_path) VALUES (3944, 3944, 'recordings/eval_68_mod_9001_task_3944.wav');
INSERT INTO participants (participant_id, name, surname, education_level, sex, birth_date, laterality) VALUES (69, 'stX4+96aLuyiei8Kh9wXCw==', 'qdn6/9bgUIKheSwJhN8UCA==', 3, 2, '1948-08-05', 2);
INSERT INTO evaluations (evaluation_id, evaluation_date, evaluator_id, participant_id, status, language) VALUES (69, '2025-10-22 15:02:00', 9, 69, 3, 2);
INSERT INTO module_instances (module_inst_id, module_id, evaluation_id, status) VALUES (341, 1, 69, 3);
INSERT INTO task_instances (task_inst_id, task_id, module_inst_id, status, task_completing_time) VALUES (3945, 1, 341, 0, '59');
INSERT INTO recordings (recording_id, task_inst_id, file_path) VALUES (3945, 3945, 'recordings/eval_69_mod_1_task_3945.wav');
INSERT INTO task_instances (task_inst_id, task_id, module_inst_id, status, task_completing_time) VALUES (3946, 2, 341, 0, '204');
INSERT INTO recordings (recording_id, task_inst_id, file_path) VALUES (3946, 3946, 'recordings/eval_69_mod_1_task_3946.wav');
INSERT INTO task_instances (task_inst_id, task_id, module_inst_id, status, task_completing_time) VALUES (3947, 3, 341, 1, '51');
INSERT INTO recordings (recording_id, task_inst_id, file_path) VALUES (3947, 3947, 'recordings/eval_69_mod_1_task_3947.wav');
INSERT INTO task_instances (task_inst_id, task_id, module_inst_id, status, task_completing_time) VALUES (3948, 4, 341, 1, '78');
INSERT INTO recordings (recording_id, task_inst_id, file_path) VALUES (3948, 3948, 'recordings/eval_69_mod_1_task_3948.wav');
INSERT INTO task_instances (task_inst_id, task_id, module_inst_id, status, task_completing_time) VALUES (3949, 5, 341, 1, '143');
INSERT INTO recordings (recording_id, task_inst_id, file_path) VALUES (3949, 3949, 'recordings/eval_69_mod_1_task_3949.wav');
INSERT INTO task_instances (task_inst_id, task_id, module_inst_id, status, task_completing_time) VALUES (3950, 6, 341, 1, '103');
INSERT INTO recordings (recording_id, task_inst_id, file_path) VALUES (3950, 3950, 'recordings/eval_69_mod_1_task_3950.wav');
INSERT INTO task_instances (task_inst_id, task_id, module_inst_id, status, task_completing_time) VALUES (3951, 7, 341, 1, '229');
INSERT INTO recordings (recording_id, task_inst_id, file_path) VALUES (3951, 3951, 'recordings/eval_69_mod_1_task_3951.wav');
INSERT INTO task_instances (task_inst_id, task_id, module_inst_id, status, task_completing_time) VALUES (3952, 8, 341, 1, '110');
INSERT INTO recordings (recording_id, task_inst_id, file_path) VALUES (3952, 3952, 'recordings/eval_69_mod_1_task_3952.wav');
INSERT INTO task_instances (task_inst_id, task_id, module_inst_id, status, task_completing_time) VALUES (3953, 9, 341, 1, '21');
INSERT INTO recordings (recording_id, task_inst_id, file_path) VALUES (3953, 3953, 'recordings/eval_69_mod_1_task_3953.wav');
INSERT INTO task_instances (task_inst_id, task_id, module_inst_id, status, task_completing_time) VALUES (3954, 10, 341, 1, '26');
INSERT INTO recordings (recording_id, task_inst_id, file_path) VALUES (3954, 3954, 'recordings/eval_69_mod_1_task_3954.wav');
INSERT INTO module_instances (module_inst_id, module_id, evaluation_id, status) VALUES (342, 2, 69, 3);
INSERT INTO task_instances (task_inst_id, task_id, module_inst_id, status, task_completing_time) VALUES (3955, 11, 342, 1, '42');
INSERT INTO recordings (recording_id, task_inst_id, file_path) VALUES (3955, 3955, 'recordings/eval_69_mod_2_task_3955.wav');
INSERT INTO task_instances (task_inst_id, task_id, module_inst_id, status, task_completing_time) VALUES (3956, 12, 342, 0, '292');
INSERT INTO recordings (recording_id, task_inst_id, file_path) VALUES (3956, 3956, 'recordings/eval_69_mod_2_task_3956.wav');
INSERT INTO task_instances (task_inst_id, task_id, module_inst_id, status, task_completing_time) VALUES (3957, 13, 342, 1, '180');
INSERT INTO recordings (recording_id, task_inst_id, file_path) VALUES (3957, 3957, 'recordings/eval_69_mod_2_task_3957.wav');
INSERT INTO task_instances (task_inst_id, task_id, module_inst_id, status, task_completing_time) VALUES (3958, 14, 342, 1, '129');
INSERT INTO recordings (recording_id, task_inst_id, file_path) VALUES (3958, 3958, 'recordings/eval_69_mod_2_task_3958.wav');
INSERT INTO task_instances (task_inst_id, task_id, module_inst_id, status, task_completing_time) VALUES (3959, 15, 342, 1, '224');
INSERT INTO recordings (recording_id, task_inst_id, file_path) VALUES (3959, 3959, 'recordings/eval_69_mod_2_task_3959.wav');
INSERT INTO task_instances (task_inst_id, task_id, module_inst_id, status, task_completing_time) VALUES (3960, 16, 342, 1, '216');
INSERT INTO recordings (recording_id, task_inst_id, file_path) VALUES (3960, 3960, 'recordings/eval_69_mod_2_task_3960.wav');
INSERT INTO task_instances (task_inst_id, task_id, module_inst_id, status, task_completing_time) VALUES (3961, 17, 342, 1, '85');
INSERT INTO recordings (recording_id, task_inst_id, file_path) VALUES (3961, 3961, 'recordings/eval_69_mod_2_task_3961.wav');
INSERT INTO task_instances (task_inst_id, task_id, module_inst_id, status, task_completing_time) VALUES (3962, 18, 342, 0, '246');
INSERT INTO recordings (recording_id, task_inst_id, file_path) VALUES (3962, 3962, 'recordings/eval_69_mod_2_task_3962.wav');
INSERT INTO task_instances (task_inst_id, task_id, module_inst_id, status, task_completing_time) VALUES (3963, 19, 342, 1, '206');
INSERT INTO recordings (recording_id, task_inst_id, file_path) VALUES (3963, 3963, 'recordings/eval_69_mod_2_task_3963.wav');
INSERT INTO task_instances (task_inst_id, task_id, module_inst_id, status, task_completing_time) VALUES (3964, 20, 342, 1, '190');
INSERT INTO recordings (recording_id, task_inst_id, file_path) VALUES (3964, 3964, 'recordings/eval_69_mod_2_task_3964.wav');
INSERT INTO task_instances (task_inst_id, task_id, module_inst_id, status, task_completing_time) VALUES (3965, 21, 342, 1, '33');
INSERT INTO recordings (recording_id, task_inst_id, file_path) VALUES (3965, 3965, 'recordings/eval_69_mod_2_task_3965.wav');
INSERT INTO task_instances (task_inst_id, task_id, module_inst_id, status, task_completing_time) VALUES (3966, 22, 342, 0, '55');
INSERT INTO recordings (recording_id, task_inst_id, file_path) VALUES (3966, 3966, 'recordings/eval_69_mod_2_task_3966.wav');
INSERT INTO task_instances (task_inst_id, task_id, module_inst_id, status, task_completing_time) VALUES (3967, 23, 342, 0, '18');
INSERT INTO recordings (recording_id, task_inst_id, file_path) VALUES (3967, 3967, 'recordings/eval_69_mod_2_task_3967.wav');
INSERT INTO task_instances (task_inst_id, task_id, module_inst_id, status, task_completing_time) VALUES (3968, 24, 342, 1, '81');
INSERT INTO recordings (recording_id, task_inst_id, file_path) VALUES (3968, 3968, 'recordings/eval_69_mod_2_task_3968.wav');
INSERT INTO task_instances (task_inst_id, task_id, module_inst_id, status, task_completing_time) VALUES (3969, 25, 342, 1, '47');
INSERT INTO recordings (recording_id, task_inst_id, file_path) VALUES (3969, 3969, 'recordings/eval_69_mod_2_task_3969.wav');
INSERT INTO task_instances (task_inst_id, task_id, module_inst_id, status, task_completing_time) VALUES (3970, 26, 342, 1, '151');
INSERT INTO recordings (recording_id, task_inst_id, file_path) VALUES (3970, 3970, 'recordings/eval_69_mod_2_task_3970.wav');
INSERT INTO task_instances (task_inst_id, task_id, module_inst_id, status, task_completing_time) VALUES (3971, 27, 342, 1, '58');
INSERT INTO recordings (recording_id, task_inst_id, file_path) VALUES (3971, 3971, 'recordings/eval_69_mod_2_task_3971.wav');
INSERT INTO task_instances (task_inst_id, task_id, module_inst_id, status, task_completing_time) VALUES (3972, 28, 342, 1, '233');
INSERT INTO recordings (recording_id, task_inst_id, file_path) VALUES (3972, 3972, 'recordings/eval_69_mod_2_task_3972.wav');
INSERT INTO task_instances (task_inst_id, task_id, module_inst_id, status, task_completing_time) VALUES (3973, 29, 342, 0, '103');
INSERT INTO recordings (recording_id, task_inst_id, file_path) VALUES (3973, 3973, 'recordings/eval_69_mod_2_task_3973.wav');
INSERT INTO task_instances (task_inst_id, task_id, module_inst_id, status, task_completing_time) VALUES (3974, 30, 342, 1, '55');
INSERT INTO recordings (recording_id, task_inst_id, file_path) VALUES (3974, 3974, 'recordings/eval_69_mod_2_task_3974.wav');
INSERT INTO task_instances (task_inst_id, task_id, module_inst_id, status, task_completing_time) VALUES (3975, 31, 342, 1, '218');
INSERT INTO recordings (recording_id, task_inst_id, file_path) VALUES (3975, 3975, 'recordings/eval_69_mod_2_task_3975.wav');
INSERT INTO task_instances (task_inst_id, task_id, module_inst_id, status, task_completing_time) VALUES (3976, 32, 342, 1, '221');
INSERT INTO recordings (recording_id, task_inst_id, file_path) VALUES (3976, 3976, 'recordings/eval_69_mod_2_task_3976.wav');
INSERT INTO task_instances (task_inst_id, task_id, module_inst_id, status, task_completing_time) VALUES (3977, 33, 342, 1, '77');
INSERT INTO recordings (recording_id, task_inst_id, file_path) VALUES (3977, 3977, 'recordings/eval_69_mod_2_task_3977.wav');
INSERT INTO task_instances (task_inst_id, task_id, module_inst_id, status, task_completing_time) VALUES (3978, 34, 342, 1, '233');
INSERT INTO recordings (recording_id, task_inst_id, file_path) VALUES (3978, 3978, 'recordings/eval_69_mod_2_task_3978.wav');
INSERT INTO task_instances (task_inst_id, task_id, module_inst_id, status, task_completing_time) VALUES (3979, 35, 342, 0, '147');
INSERT INTO recordings (recording_id, task_inst_id, file_path) VALUES (3979, 3979, 'recordings/eval_69_mod_2_task_3979.wav');
INSERT INTO task_instances (task_inst_id, task_id, module_inst_id, status, task_completing_time) VALUES (3980, 36, 342, 1, '70');
INSERT INTO recordings (recording_id, task_inst_id, file_path) VALUES (3980, 3980, 'recordings/eval_69_mod_2_task_3980.wav');
INSERT INTO task_instances (task_inst_id, task_id, module_inst_id, status, task_completing_time) VALUES (3981, 37, 342, 1, '57');
INSERT INTO recordings (recording_id, task_inst_id, file_path) VALUES (3981, 3981, 'recordings/eval_69_mod_2_task_3981.wav');
INSERT INTO module_instances (module_inst_id, module_id, evaluation_id, status) VALUES (343, 3, 69, 1);
INSERT INTO task_instances (task_inst_id, task_id, module_inst_id, status, task_completing_time) VALUES (3982, 38, 343, 0, '48');
INSERT INTO recordings (recording_id, task_inst_id, file_path) VALUES (3982, 3982, 'recordings/eval_69_mod_3_task_3982.wav');
INSERT INTO task_instances (task_inst_id, task_id, module_inst_id, status, task_completing_time) VALUES (3983, 39, 343, 0, '44');
INSERT INTO recordings (recording_id, task_inst_id, file_path) VALUES (3983, 3983, 'recordings/eval_69_mod_3_task_3983.wav');
INSERT INTO task_instances (task_inst_id, task_id, module_inst_id, status, task_completing_time) VALUES (3984, 40, 343, 0, '132');
INSERT INTO recordings (recording_id, task_inst_id, file_path) VALUES (3984, 3984, 'recordings/eval_69_mod_3_task_3984.wav');
INSERT INTO task_instances (task_inst_id, task_id, module_inst_id, status, task_completing_time) VALUES (3985, 41, 343, 0, '58');
INSERT INTO recordings (recording_id, task_inst_id, file_path) VALUES (3985, 3985, 'recordings/eval_69_mod_3_task_3985.wav');
INSERT INTO task_instances (task_inst_id, task_id, module_inst_id, status, task_completing_time) VALUES (3986, 42, 343, 1, '37');
INSERT INTO recordings (recording_id, task_inst_id, file_path) VALUES (3986, 3986, 'recordings/eval_69_mod_3_task_3986.wav');
INSERT INTO task_instances (task_inst_id, task_id, module_inst_id, status, task_completing_time) VALUES (3987, 43, 343, 1, '278');
INSERT INTO recordings (recording_id, task_inst_id, file_path) VALUES (3987, 3987, 'recordings/eval_69_mod_3_task_3987.wav');
INSERT INTO task_instances (task_inst_id, task_id, module_inst_id, status, task_completing_time) VALUES (3988, 44, 343, 0, '129');
INSERT INTO recordings (recording_id, task_inst_id, file_path) VALUES (3988, 3988, 'recordings/eval_69_mod_3_task_3988.wav');
INSERT INTO task_instances (task_inst_id, task_id, module_inst_id, status, task_completing_time) VALUES (3989, 45, 343, 1, '47');
INSERT INTO recordings (recording_id, task_inst_id, file_path) VALUES (3989, 3989, 'recordings/eval_69_mod_3_task_3989.wav');
INSERT INTO task_instances (task_inst_id, task_id, module_inst_id, status, task_completing_time) VALUES (3990, 46, 343, 1, '33');
INSERT INTO recordings (recording_id, task_inst_id, file_path) VALUES (3990, 3990, 'recordings/eval_69_mod_3_task_3990.wav');
INSERT INTO module_instances (module_inst_id, module_id, evaluation_id, status) VALUES (344, 4, 69, 3);
INSERT INTO task_instances (task_inst_id, task_id, module_inst_id, status, task_completing_time) VALUES (3991, 47, 344, 1, '30');
INSERT INTO recordings (recording_id, task_inst_id, file_path) VALUES (3991, 3991, 'recordings/eval_69_mod_4_task_3991.wav');
INSERT INTO task_instances (task_inst_id, task_id, module_inst_id, status, task_completing_time) VALUES (3992, 48, 344, 1, '177');
INSERT INTO recordings (recording_id, task_inst_id, file_path) VALUES (3992, 3992, 'recordings/eval_69_mod_4_task_3992.wav');
INSERT INTO task_instances (task_inst_id, task_id, module_inst_id, status, task_completing_time) VALUES (3993, 49, 344, 0, '230');
INSERT INTO recordings (recording_id, task_inst_id, file_path) VALUES (3993, 3993, 'recordings/eval_69_mod_4_task_3993.wav');
INSERT INTO task_instances (task_inst_id, task_id, module_inst_id, status, task_completing_time) VALUES (3994, 50, 344, 1, '265');
INSERT INTO recordings (recording_id, task_inst_id, file_path) VALUES (3994, 3994, 'recordings/eval_69_mod_4_task_3994.wav');
INSERT INTO task_instances (task_inst_id, task_id, module_inst_id, status, task_completing_time) VALUES (3995, 51, 344, 1, '258');
INSERT INTO recordings (recording_id, task_inst_id, file_path) VALUES (3995, 3995, 'recordings/eval_69_mod_4_task_3995.wav');
INSERT INTO task_instances (task_inst_id, task_id, module_inst_id, status, task_completing_time) VALUES (3996, 52, 344, 1, '76');
INSERT INTO recordings (recording_id, task_inst_id, file_path) VALUES (3996, 3996, 'recordings/eval_69_mod_4_task_3996.wav');
INSERT INTO task_instances (task_inst_id, task_id, module_inst_id, status, task_completing_time) VALUES (3997, 53, 344, 1, '191');
INSERT INTO recordings (recording_id, task_inst_id, file_path) VALUES (3997, 3997, 'recordings/eval_69_mod_4_task_3997.wav');
INSERT INTO task_instances (task_inst_id, task_id, module_inst_id, status, task_completing_time) VALUES (3998, 54, 344, 1, '20');
INSERT INTO recordings (recording_id, task_inst_id, file_path) VALUES (3998, 3998, 'recordings/eval_69_mod_4_task_3998.wav');
INSERT INTO task_instances (task_inst_id, task_id, module_inst_id, status, task_completing_time) VALUES (3999, 55, 344, 1, '133');
INSERT INTO recordings (recording_id, task_inst_id, file_path) VALUES (3999, 3999, 'recordings/eval_69_mod_4_task_3999.wav');
INSERT INTO task_instances (task_inst_id, task_id, module_inst_id, status, task_completing_time) VALUES (4000, 56, 344, 1, '32');
INSERT INTO recordings (recording_id, task_inst_id, file_path) VALUES (4000, 4000, 'recordings/eval_69_mod_4_task_4000.wav');
INSERT INTO module_instances (module_inst_id, module_id, evaluation_id, status) VALUES (345, 9001, 69, 2);
INSERT INTO task_instances (task_inst_id, task_id, module_inst_id, status, task_completing_time) VALUES (4001, 9001, 345, 1, '37');
INSERT INTO recordings (recording_id, task_inst_id, file_path) VALUES (4001, 4001, 'recordings/eval_69_mod_9001_task_4001.wav');
INSERT INTO task_instances (task_inst_id, task_id, module_inst_id, status, task_completing_time) VALUES (4002, 9002, 345, 1, '142');
INSERT INTO recordings (recording_id, task_inst_id, file_path) VALUES (4002, 4002, 'recordings/eval_69_mod_9001_task_4002.wav');
INSERT INTO participants (participant_id, name, surname, education_level, sex, birth_date, laterality) VALUES (70, 'u973hLrmVoSnfyoPgtkSDg==', 'qdn6/9bgUIKheSwJhN8UCA==', 3, 1, '1944-03-04', 2);
INSERT INTO evaluations (evaluation_id, evaluation_date, evaluator_id, participant_id, status, language) VALUES (70, '2025-08-04 08:30:00', 9, 70, 3, 2);
INSERT INTO module_instances (module_inst_id, module_id, evaluation_id, status) VALUES (346, 1, 70, 1);
INSERT INTO task_instances (task_inst_id, task_id, module_inst_id, status, task_completing_time) VALUES (4003, 1, 346, 1, '28');
INSERT INTO recordings (recording_id, task_inst_id, file_path) VALUES (4003, 4003, 'recordings/eval_70_mod_1_task_4003.wav');
INSERT INTO task_instances (task_inst_id, task_id, module_inst_id, status, task_completing_time) VALUES (4004, 2, 346, 1, '68');
INSERT INTO recordings (recording_id, task_inst_id, file_path) VALUES (4004, 4004, 'recordings/eval_70_mod_1_task_4004.wav');
INSERT INTO task_instances (task_inst_id, task_id, module_inst_id, status, task_completing_time) VALUES (4005, 3, 346, 1, '280');
INSERT INTO recordings (recording_id, task_inst_id, file_path) VALUES (4005, 4005, 'recordings/eval_70_mod_1_task_4005.wav');
INSERT INTO task_instances (task_inst_id, task_id, module_inst_id, status, task_completing_time) VALUES (4006, 4, 346, 1, '105');
INSERT INTO recordings (recording_id, task_inst_id, file_path) VALUES (4006, 4006, 'recordings/eval_70_mod_1_task_4006.wav');
INSERT INTO task_instances (task_inst_id, task_id, module_inst_id, status, task_completing_time) VALUES (4007, 5, 346, 1, '108');
INSERT INTO recordings (recording_id, task_inst_id, file_path) VALUES (4007, 4007, 'recordings/eval_70_mod_1_task_4007.wav');
INSERT INTO task_instances (task_inst_id, task_id, module_inst_id, status, task_completing_time) VALUES (4008, 6, 346, 0, '278');
INSERT INTO recordings (recording_id, task_inst_id, file_path) VALUES (4008, 4008, 'recordings/eval_70_mod_1_task_4008.wav');
INSERT INTO task_instances (task_inst_id, task_id, module_inst_id, status, task_completing_time) VALUES (4009, 7, 346, 1, '280');
INSERT INTO recordings (recording_id, task_inst_id, file_path) VALUES (4009, 4009, 'recordings/eval_70_mod_1_task_4009.wav');
INSERT INTO task_instances (task_inst_id, task_id, module_inst_id, status, task_completing_time) VALUES (4010, 8, 346, 1, '172');
INSERT INTO recordings (recording_id, task_inst_id, file_path) VALUES (4010, 4010, 'recordings/eval_70_mod_1_task_4010.wav');
INSERT INTO task_instances (task_inst_id, task_id, module_inst_id, status, task_completing_time) VALUES (4011, 9, 346, 1, '106');
INSERT INTO recordings (recording_id, task_inst_id, file_path) VALUES (4011, 4011, 'recordings/eval_70_mod_1_task_4011.wav');
INSERT INTO task_instances (task_inst_id, task_id, module_inst_id, status, task_completing_time) VALUES (4012, 10, 346, 1, '169');
INSERT INTO recordings (recording_id, task_inst_id, file_path) VALUES (4012, 4012, 'recordings/eval_70_mod_1_task_4012.wav');
INSERT INTO module_instances (module_inst_id, module_id, evaluation_id, status) VALUES (347, 2, 70, 3);
INSERT INTO task_instances (task_inst_id, task_id, module_inst_id, status, task_completing_time) VALUES (4013, 11, 347, 1, '6');
INSERT INTO recordings (recording_id, task_inst_id, file_path) VALUES (4013, 4013, 'recordings/eval_70_mod_2_task_4013.wav');
INSERT INTO task_instances (task_inst_id, task_id, module_inst_id, status, task_completing_time) VALUES (4014, 12, 347, 0, '258');
INSERT INTO recordings (recording_id, task_inst_id, file_path) VALUES (4014, 4014, 'recordings/eval_70_mod_2_task_4014.wav');
INSERT INTO task_instances (task_inst_id, task_id, module_inst_id, status, task_completing_time) VALUES (4015, 13, 347, 1, '108');
INSERT INTO recordings (recording_id, task_inst_id, file_path) VALUES (4015, 4015, 'recordings/eval_70_mod_2_task_4015.wav');
INSERT INTO task_instances (task_inst_id, task_id, module_inst_id, status, task_completing_time) VALUES (4016, 14, 347, 1, '241');
INSERT INTO recordings (recording_id, task_inst_id, file_path) VALUES (4016, 4016, 'recordings/eval_70_mod_2_task_4016.wav');
INSERT INTO task_instances (task_inst_id, task_id, module_inst_id, status, task_completing_time) VALUES (4017, 15, 347, 1, '24');
INSERT INTO recordings (recording_id, task_inst_id, file_path) VALUES (4017, 4017, 'recordings/eval_70_mod_2_task_4017.wav');
INSERT INTO task_instances (task_inst_id, task_id, module_inst_id, status, task_completing_time) VALUES (4018, 16, 347, 1, '239');
INSERT INTO recordings (recording_id, task_inst_id, file_path) VALUES (4018, 4018, 'recordings/eval_70_mod_2_task_4018.wav');
INSERT INTO task_instances (task_inst_id, task_id, module_inst_id, status, task_completing_time) VALUES (4019, 17, 347, 1, '257');
INSERT INTO recordings (recording_id, task_inst_id, file_path) VALUES (4019, 4019, 'recordings/eval_70_mod_2_task_4019.wav');
INSERT INTO task_instances (task_inst_id, task_id, module_inst_id, status, task_completing_time) VALUES (4020, 18, 347, 1, '144');
INSERT INTO recordings (recording_id, task_inst_id, file_path) VALUES (4020, 4020, 'recordings/eval_70_mod_2_task_4020.wav');
INSERT INTO task_instances (task_inst_id, task_id, module_inst_id, status, task_completing_time) VALUES (4021, 19, 347, 1, '260');
INSERT INTO recordings (recording_id, task_inst_id, file_path) VALUES (4021, 4021, 'recordings/eval_70_mod_2_task_4021.wav');
INSERT INTO task_instances (task_inst_id, task_id, module_inst_id, status, task_completing_time) VALUES (4022, 20, 347, 1, '267');
INSERT INTO recordings (recording_id, task_inst_id, file_path) VALUES (4022, 4022, 'recordings/eval_70_mod_2_task_4022.wav');
INSERT INTO task_instances (task_inst_id, task_id, module_inst_id, status, task_completing_time) VALUES (4023, 21, 347, 0, '7');
INSERT INTO recordings (recording_id, task_inst_id, file_path) VALUES (4023, 4023, 'recordings/eval_70_mod_2_task_4023.wav');
INSERT INTO task_instances (task_inst_id, task_id, module_inst_id, status, task_completing_time) VALUES (4024, 22, 347, 1, '246');
INSERT INTO recordings (recording_id, task_inst_id, file_path) VALUES (4024, 4024, 'recordings/eval_70_mod_2_task_4024.wav');
INSERT INTO task_instances (task_inst_id, task_id, module_inst_id, status, task_completing_time) VALUES (4025, 23, 347, 1, '37');
INSERT INTO recordings (recording_id, task_inst_id, file_path) VALUES (4025, 4025, 'recordings/eval_70_mod_2_task_4025.wav');
INSERT INTO task_instances (task_inst_id, task_id, module_inst_id, status, task_completing_time) VALUES (4026, 24, 347, 1, '295');
INSERT INTO recordings (recording_id, task_inst_id, file_path) VALUES (4026, 4026, 'recordings/eval_70_mod_2_task_4026.wav');
INSERT INTO task_instances (task_inst_id, task_id, module_inst_id, status, task_completing_time) VALUES (4027, 25, 347, 1, '21');
INSERT INTO recordings (recording_id, task_inst_id, file_path) VALUES (4027, 4027, 'recordings/eval_70_mod_2_task_4027.wav');
INSERT INTO task_instances (task_inst_id, task_id, module_inst_id, status, task_completing_time) VALUES (4028, 26, 347, 1, '196');
INSERT INTO recordings (recording_id, task_inst_id, file_path) VALUES (4028, 4028, 'recordings/eval_70_mod_2_task_4028.wav');
INSERT INTO task_instances (task_inst_id, task_id, module_inst_id, status, task_completing_time) VALUES (4029, 27, 347, 1, '67');
INSERT INTO recordings (recording_id, task_inst_id, file_path) VALUES (4029, 4029, 'recordings/eval_70_mod_2_task_4029.wav');
INSERT INTO task_instances (task_inst_id, task_id, module_inst_id, status, task_completing_time) VALUES (4030, 28, 347, 1, '147');
INSERT INTO recordings (recording_id, task_inst_id, file_path) VALUES (4030, 4030, 'recordings/eval_70_mod_2_task_4030.wav');
INSERT INTO task_instances (task_inst_id, task_id, module_inst_id, status, task_completing_time) VALUES (4031, 29, 347, 0, '45');
INSERT INTO recordings (recording_id, task_inst_id, file_path) VALUES (4031, 4031, 'recordings/eval_70_mod_2_task_4031.wav');
INSERT INTO task_instances (task_inst_id, task_id, module_inst_id, status, task_completing_time) VALUES (4032, 30, 347, 1, '13');
INSERT INTO recordings (recording_id, task_inst_id, file_path) VALUES (4032, 4032, 'recordings/eval_70_mod_2_task_4032.wav');
INSERT INTO task_instances (task_inst_id, task_id, module_inst_id, status, task_completing_time) VALUES (4033, 31, 347, 1, '119');
INSERT INTO recordings (recording_id, task_inst_id, file_path) VALUES (4033, 4033, 'recordings/eval_70_mod_2_task_4033.wav');
INSERT INTO task_instances (task_inst_id, task_id, module_inst_id, status, task_completing_time) VALUES (4034, 32, 347, 1, '197');
INSERT INTO recordings (recording_id, task_inst_id, file_path) VALUES (4034, 4034, 'recordings/eval_70_mod_2_task_4034.wav');
INSERT INTO task_instances (task_inst_id, task_id, module_inst_id, status, task_completing_time) VALUES (4035, 33, 347, 1, '284');
INSERT INTO recordings (recording_id, task_inst_id, file_path) VALUES (4035, 4035, 'recordings/eval_70_mod_2_task_4035.wav');
INSERT INTO task_instances (task_inst_id, task_id, module_inst_id, status, task_completing_time) VALUES (4036, 34, 347, 1, '117');
INSERT INTO recordings (recording_id, task_inst_id, file_path) VALUES (4036, 4036, 'recordings/eval_70_mod_2_task_4036.wav');
INSERT INTO task_instances (task_inst_id, task_id, module_inst_id, status, task_completing_time) VALUES (4037, 35, 347, 1, '159');
INSERT INTO recordings (recording_id, task_inst_id, file_path) VALUES (4037, 4037, 'recordings/eval_70_mod_2_task_4037.wav');
INSERT INTO task_instances (task_inst_id, task_id, module_inst_id, status, task_completing_time) VALUES (4038, 36, 347, 1, '121');
INSERT INTO recordings (recording_id, task_inst_id, file_path) VALUES (4038, 4038, 'recordings/eval_70_mod_2_task_4038.wav');
INSERT INTO task_instances (task_inst_id, task_id, module_inst_id, status, task_completing_time) VALUES (4039, 37, 347, 0, '87');
INSERT INTO recordings (recording_id, task_inst_id, file_path) VALUES (4039, 4039, 'recordings/eval_70_mod_2_task_4039.wav');
INSERT INTO module_instances (module_inst_id, module_id, evaluation_id, status) VALUES (348, 3, 70, 3);
INSERT INTO task_instances (task_inst_id, task_id, module_inst_id, status, task_completing_time) VALUES (4040, 38, 348, 1, '49');
INSERT INTO recordings (recording_id, task_inst_id, file_path) VALUES (4040, 4040, 'recordings/eval_70_mod_3_task_4040.wav');
INSERT INTO task_instances (task_inst_id, task_id, module_inst_id, status, task_completing_time) VALUES (4041, 39, 348, 1, '247');
INSERT INTO recordings (recording_id, task_inst_id, file_path) VALUES (4041, 4041, 'recordings/eval_70_mod_3_task_4041.wav');
INSERT INTO task_instances (task_inst_id, task_id, module_inst_id, status, task_completing_time) VALUES (4042, 40, 348, 1, '256');
INSERT INTO recordings (recording_id, task_inst_id, file_path) VALUES (4042, 4042, 'recordings/eval_70_mod_3_task_4042.wav');
INSERT INTO task_instances (task_inst_id, task_id, module_inst_id, status, task_completing_time) VALUES (4043, 41, 348, 1, '132');
INSERT INTO recordings (recording_id, task_inst_id, file_path) VALUES (4043, 4043, 'recordings/eval_70_mod_3_task_4043.wav');
INSERT INTO task_instances (task_inst_id, task_id, module_inst_id, status, task_completing_time) VALUES (4044, 42, 348, 1, '39');
INSERT INTO recordings (recording_id, task_inst_id, file_path) VALUES (4044, 4044, 'recordings/eval_70_mod_3_task_4044.wav');
INSERT INTO task_instances (task_inst_id, task_id, module_inst_id, status, task_completing_time) VALUES (4045, 43, 348, 1, '292');
INSERT INTO recordings (recording_id, task_inst_id, file_path) VALUES (4045, 4045, 'recordings/eval_70_mod_3_task_4045.wav');
INSERT INTO task_instances (task_inst_id, task_id, module_inst_id, status, task_completing_time) VALUES (4046, 44, 348, 1, '246');
INSERT INTO recordings (recording_id, task_inst_id, file_path) VALUES (4046, 4046, 'recordings/eval_70_mod_3_task_4046.wav');
INSERT INTO task_instances (task_inst_id, task_id, module_inst_id, status, task_completing_time) VALUES (4047, 45, 348, 1, '193');
INSERT INTO recordings (recording_id, task_inst_id, file_path) VALUES (4047, 4047, 'recordings/eval_70_mod_3_task_4047.wav');
INSERT INTO task_instances (task_inst_id, task_id, module_inst_id, status, task_completing_time) VALUES (4048, 46, 348, 1, '172');
INSERT INTO recordings (recording_id, task_inst_id, file_path) VALUES (4048, 4048, 'recordings/eval_70_mod_3_task_4048.wav');
INSERT INTO module_instances (module_inst_id, module_id, evaluation_id, status) VALUES (349, 4, 70, 2);
INSERT INTO task_instances (task_inst_id, task_id, module_inst_id, status, task_completing_time) VALUES (4049, 47, 349, 1, '29');
INSERT INTO recordings (recording_id, task_inst_id, file_path) VALUES (4049, 4049, 'recordings/eval_70_mod_4_task_4049.wav');
INSERT INTO task_instances (task_inst_id, task_id, module_inst_id, status, task_completing_time) VALUES (4050, 48, 349, 1, '232');
INSERT INTO recordings (recording_id, task_inst_id, file_path) VALUES (4050, 4050, 'recordings/eval_70_mod_4_task_4050.wav');
INSERT INTO task_instances (task_inst_id, task_id, module_inst_id, status, task_completing_time) VALUES (4051, 49, 349, 0, '173');
INSERT INTO recordings (recording_id, task_inst_id, file_path) VALUES (4051, 4051, 'recordings/eval_70_mod_4_task_4051.wav');
INSERT INTO task_instances (task_inst_id, task_id, module_inst_id, status, task_completing_time) VALUES (4052, 50, 349, 1, '198');
INSERT INTO recordings (recording_id, task_inst_id, file_path) VALUES (4052, 4052, 'recordings/eval_70_mod_4_task_4052.wav');
INSERT INTO task_instances (task_inst_id, task_id, module_inst_id, status, task_completing_time) VALUES (4053, 51, 349, 1, '194');
INSERT INTO recordings (recording_id, task_inst_id, file_path) VALUES (4053, 4053, 'recordings/eval_70_mod_4_task_4053.wav');
INSERT INTO task_instances (task_inst_id, task_id, module_inst_id, status, task_completing_time) VALUES (4054, 52, 349, 1, '80');
INSERT INTO recordings (recording_id, task_inst_id, file_path) VALUES (4054, 4054, 'recordings/eval_70_mod_4_task_4054.wav');
INSERT INTO task_instances (task_inst_id, task_id, module_inst_id, status, task_completing_time) VALUES (4055, 53, 349, 1, '144');
INSERT INTO recordings (recording_id, task_inst_id, file_path) VALUES (4055, 4055, 'recordings/eval_70_mod_4_task_4055.wav');
INSERT INTO task_instances (task_inst_id, task_id, module_inst_id, status, task_completing_time) VALUES (4056, 54, 349, 0, '252');
INSERT INTO recordings (recording_id, task_inst_id, file_path) VALUES (4056, 4056, 'recordings/eval_70_mod_4_task_4056.wav');
INSERT INTO task_instances (task_inst_id, task_id, module_inst_id, status, task_completing_time) VALUES (4057, 55, 349, 1, '167');
INSERT INTO recordings (recording_id, task_inst_id, file_path) VALUES (4057, 4057, 'recordings/eval_70_mod_4_task_4057.wav');
INSERT INTO task_instances (task_inst_id, task_id, module_inst_id, status, task_completing_time) VALUES (4058, 56, 349, 0, '7');
INSERT INTO recordings (recording_id, task_inst_id, file_path) VALUES (4058, 4058, 'recordings/eval_70_mod_4_task_4058.wav');
INSERT INTO module_instances (module_inst_id, module_id, evaluation_id, status) VALUES (350, 9001, 70, 3);
INSERT INTO task_instances (task_inst_id, task_id, module_inst_id, status, task_completing_time) VALUES (4059, 9001, 350, 1, '42');
INSERT INTO recordings (recording_id, task_inst_id, file_path) VALUES (4059, 4059, 'recordings/eval_70_mod_9001_task_4059.wav');
INSERT INTO task_instances (task_inst_id, task_id, module_inst_id, status, task_completing_time) VALUES (4060, 9002, 350, 1, '188');
INSERT INTO recordings (recording_id, task_inst_id, file_path) VALUES (4060, 4060, 'recordings/eval_70_mod_9001_task_4060.wav');
INSERT INTO participants (participant_id, name, surname, education_level, sex, birth_date, laterality) VALUES (71, 'tsX16MTgUIKheSwJhN8UCA==', 'qdn6/9bgUIKheSwJhN8UCA==', 4, 1, '1977-01-13', 2);
INSERT INTO evaluations (evaluation_id, evaluation_date, evaluator_id, participant_id, status, language) VALUES (71, '2025-09-01 11:15:00', 9, 71, 3, 2);
INSERT INTO module_instances (module_inst_id, module_id, evaluation_id, status) VALUES (351, 1, 71, 3);
INSERT INTO task_instances (task_inst_id, task_id, module_inst_id, status, task_completing_time) VALUES (4061, 1, 351, 0, '39');
INSERT INTO recordings (recording_id, task_inst_id, file_path) VALUES (4061, 4061, 'recordings/eval_71_mod_1_task_4061.wav');
INSERT INTO task_instances (task_inst_id, task_id, module_inst_id, status, task_completing_time) VALUES (4062, 2, 351, 0, '129');
INSERT INTO recordings (recording_id, task_inst_id, file_path) VALUES (4062, 4062, 'recordings/eval_71_mod_1_task_4062.wav');
INSERT INTO task_instances (task_inst_id, task_id, module_inst_id, status, task_completing_time) VALUES (4063, 3, 351, 1, '63');
INSERT INTO recordings (recording_id, task_inst_id, file_path) VALUES (4063, 4063, 'recordings/eval_71_mod_1_task_4063.wav');
INSERT INTO task_instances (task_inst_id, task_id, module_inst_id, status, task_completing_time) VALUES (4064, 4, 351, 1, '32');
INSERT INTO recordings (recording_id, task_inst_id, file_path) VALUES (4064, 4064, 'recordings/eval_71_mod_1_task_4064.wav');
INSERT INTO task_instances (task_inst_id, task_id, module_inst_id, status, task_completing_time) VALUES (4065, 5, 351, 0, '174');
INSERT INTO recordings (recording_id, task_inst_id, file_path) VALUES (4065, 4065, 'recordings/eval_71_mod_1_task_4065.wav');
INSERT INTO task_instances (task_inst_id, task_id, module_inst_id, status, task_completing_time) VALUES (4066, 6, 351, 1, '181');
INSERT INTO recordings (recording_id, task_inst_id, file_path) VALUES (4066, 4066, 'recordings/eval_71_mod_1_task_4066.wav');
INSERT INTO task_instances (task_inst_id, task_id, module_inst_id, status, task_completing_time) VALUES (4067, 7, 351, 1, '168');
INSERT INTO recordings (recording_id, task_inst_id, file_path) VALUES (4067, 4067, 'recordings/eval_71_mod_1_task_4067.wav');
INSERT INTO task_instances (task_inst_id, task_id, module_inst_id, status, task_completing_time) VALUES (4068, 8, 351, 1, '213');
INSERT INTO recordings (recording_id, task_inst_id, file_path) VALUES (4068, 4068, 'recordings/eval_71_mod_1_task_4068.wav');
INSERT INTO task_instances (task_inst_id, task_id, module_inst_id, status, task_completing_time) VALUES (4069, 9, 351, 1, '123');
INSERT INTO recordings (recording_id, task_inst_id, file_path) VALUES (4069, 4069, 'recordings/eval_71_mod_1_task_4069.wav');
INSERT INTO task_instances (task_inst_id, task_id, module_inst_id, status, task_completing_time) VALUES (4070, 10, 351, 0, '56');
INSERT INTO recordings (recording_id, task_inst_id, file_path) VALUES (4070, 4070, 'recordings/eval_71_mod_1_task_4070.wav');
INSERT INTO module_instances (module_inst_id, module_id, evaluation_id, status) VALUES (352, 2, 71, 3);
INSERT INTO task_instances (task_inst_id, task_id, module_inst_id, status, task_completing_time) VALUES (4071, 11, 352, 1, '57');
INSERT INTO recordings (recording_id, task_inst_id, file_path) VALUES (4071, 4071, 'recordings/eval_71_mod_2_task_4071.wav');
INSERT INTO task_instances (task_inst_id, task_id, module_inst_id, status, task_completing_time) VALUES (4072, 12, 352, 1, '109');
INSERT INTO recordings (recording_id, task_inst_id, file_path) VALUES (4072, 4072, 'recordings/eval_71_mod_2_task_4072.wav');
INSERT INTO task_instances (task_inst_id, task_id, module_inst_id, status, task_completing_time) VALUES (4073, 13, 352, 1, '77');
INSERT INTO recordings (recording_id, task_inst_id, file_path) VALUES (4073, 4073, 'recordings/eval_71_mod_2_task_4073.wav');
INSERT INTO task_instances (task_inst_id, task_id, module_inst_id, status, task_completing_time) VALUES (4074, 14, 352, 1, '118');
INSERT INTO recordings (recording_id, task_inst_id, file_path) VALUES (4074, 4074, 'recordings/eval_71_mod_2_task_4074.wav');
INSERT INTO task_instances (task_inst_id, task_id, module_inst_id, status, task_completing_time) VALUES (4075, 15, 352, 1, '193');
INSERT INTO recordings (recording_id, task_inst_id, file_path) VALUES (4075, 4075, 'recordings/eval_71_mod_2_task_4075.wav');
INSERT INTO task_instances (task_inst_id, task_id, module_inst_id, status, task_completing_time) VALUES (4076, 16, 352, 1, '71');
INSERT INTO recordings (recording_id, task_inst_id, file_path) VALUES (4076, 4076, 'recordings/eval_71_mod_2_task_4076.wav');
INSERT INTO task_instances (task_inst_id, task_id, module_inst_id, status, task_completing_time) VALUES (4077, 17, 352, 1, '133');
INSERT INTO recordings (recording_id, task_inst_id, file_path) VALUES (4077, 4077, 'recordings/eval_71_mod_2_task_4077.wav');
INSERT INTO task_instances (task_inst_id, task_id, module_inst_id, status, task_completing_time) VALUES (4078, 18, 352, 1, '210');
INSERT INTO recordings (recording_id, task_inst_id, file_path) VALUES (4078, 4078, 'recordings/eval_71_mod_2_task_4078.wav');
INSERT INTO task_instances (task_inst_id, task_id, module_inst_id, status, task_completing_time) VALUES (4079, 19, 352, 1, '268');
INSERT INTO recordings (recording_id, task_inst_id, file_path) VALUES (4079, 4079, 'recordings/eval_71_mod_2_task_4079.wav');
INSERT INTO task_instances (task_inst_id, task_id, module_inst_id, status, task_completing_time) VALUES (4080, 20, 352, 1, '261');
INSERT INTO recordings (recording_id, task_inst_id, file_path) VALUES (4080, 4080, 'recordings/eval_71_mod_2_task_4080.wav');
INSERT INTO task_instances (task_inst_id, task_id, module_inst_id, status, task_completing_time) VALUES (4081, 21, 352, 0, '55');
INSERT INTO recordings (recording_id, task_inst_id, file_path) VALUES (4081, 4081, 'recordings/eval_71_mod_2_task_4081.wav');
INSERT INTO task_instances (task_inst_id, task_id, module_inst_id, status, task_completing_time) VALUES (4082, 22, 352, 0, '45');
INSERT INTO recordings (recording_id, task_inst_id, file_path) VALUES (4082, 4082, 'recordings/eval_71_mod_2_task_4082.wav');
INSERT INTO task_instances (task_inst_id, task_id, module_inst_id, status, task_completing_time) VALUES (4083, 23, 352, 1, '23');
INSERT INTO recordings (recording_id, task_inst_id, file_path) VALUES (4083, 4083, 'recordings/eval_71_mod_2_task_4083.wav');
INSERT INTO task_instances (task_inst_id, task_id, module_inst_id, status, task_completing_time) VALUES (4084, 24, 352, 1, '39');
INSERT INTO recordings (recording_id, task_inst_id, file_path) VALUES (4084, 4084, 'recordings/eval_71_mod_2_task_4084.wav');
INSERT INTO task_instances (task_inst_id, task_id, module_inst_id, status, task_completing_time) VALUES (4085, 25, 352, 1, '10');
INSERT INTO recordings (recording_id, task_inst_id, file_path) VALUES (4085, 4085, 'recordings/eval_71_mod_2_task_4085.wav');
INSERT INTO task_instances (task_inst_id, task_id, module_inst_id, status, task_completing_time) VALUES (4086, 26, 352, 1, '95');
INSERT INTO recordings (recording_id, task_inst_id, file_path) VALUES (4086, 4086, 'recordings/eval_71_mod_2_task_4086.wav');
INSERT INTO task_instances (task_inst_id, task_id, module_inst_id, status, task_completing_time) VALUES (4087, 27, 352, 1, '255');
INSERT INTO recordings (recording_id, task_inst_id, file_path) VALUES (4087, 4087, 'recordings/eval_71_mod_2_task_4087.wav');
INSERT INTO task_instances (task_inst_id, task_id, module_inst_id, status, task_completing_time) VALUES (4088, 28, 352, 1, '203');
INSERT INTO recordings (recording_id, task_inst_id, file_path) VALUES (4088, 4088, 'recordings/eval_71_mod_2_task_4088.wav');
INSERT INTO task_instances (task_inst_id, task_id, module_inst_id, status, task_completing_time) VALUES (4089, 29, 352, 1, '130');
INSERT INTO recordings (recording_id, task_inst_id, file_path) VALUES (4089, 4089, 'recordings/eval_71_mod_2_task_4089.wav');
INSERT INTO task_instances (task_inst_id, task_id, module_inst_id, status, task_completing_time) VALUES (4090, 30, 352, 1, '13');
INSERT INTO recordings (recording_id, task_inst_id, file_path) VALUES (4090, 4090, 'recordings/eval_71_mod_2_task_4090.wav');
INSERT INTO task_instances (task_inst_id, task_id, module_inst_id, status, task_completing_time) VALUES (4091, 31, 352, 0, '213');
INSERT INTO recordings (recording_id, task_inst_id, file_path) VALUES (4091, 4091, 'recordings/eval_71_mod_2_task_4091.wav');
INSERT INTO task_instances (task_inst_id, task_id, module_inst_id, status, task_completing_time) VALUES (4092, 32, 352, 1, '110');
INSERT INTO recordings (recording_id, task_inst_id, file_path) VALUES (4092, 4092, 'recordings/eval_71_mod_2_task_4092.wav');
INSERT INTO task_instances (task_inst_id, task_id, module_inst_id, status, task_completing_time) VALUES (4093, 33, 352, 1, '260');
INSERT INTO recordings (recording_id, task_inst_id, file_path) VALUES (4093, 4093, 'recordings/eval_71_mod_2_task_4093.wav');
INSERT INTO task_instances (task_inst_id, task_id, module_inst_id, status, task_completing_time) VALUES (4094, 34, 352, 1, '63');
INSERT INTO recordings (recording_id, task_inst_id, file_path) VALUES (4094, 4094, 'recordings/eval_71_mod_2_task_4094.wav');
INSERT INTO task_instances (task_inst_id, task_id, module_inst_id, status, task_completing_time) VALUES (4095, 35, 352, 1, '89');
INSERT INTO recordings (recording_id, task_inst_id, file_path) VALUES (4095, 4095, 'recordings/eval_71_mod_2_task_4095.wav');
INSERT INTO task_instances (task_inst_id, task_id, module_inst_id, status, task_completing_time) VALUES (4096, 36, 352, 1, '42');
INSERT INTO recordings (recording_id, task_inst_id, file_path) VALUES (4096, 4096, 'recordings/eval_71_mod_2_task_4096.wav');
INSERT INTO task_instances (task_inst_id, task_id, module_inst_id, status, task_completing_time) VALUES (4097, 37, 352, 1, '159');
INSERT INTO recordings (recording_id, task_inst_id, file_path) VALUES (4097, 4097, 'recordings/eval_71_mod_2_task_4097.wav');
INSERT INTO module_instances (module_inst_id, module_id, evaluation_id, status) VALUES (353, 3, 71, 3);
INSERT INTO task_instances (task_inst_id, task_id, module_inst_id, status, task_completing_time) VALUES (4098, 38, 353, 0, '18');
INSERT INTO recordings (recording_id, task_inst_id, file_path) VALUES (4098, 4098, 'recordings/eval_71_mod_3_task_4098.wav');
INSERT INTO task_instances (task_inst_id, task_id, module_inst_id, status, task_completing_time) VALUES (4099, 39, 353, 1, '184');
INSERT INTO recordings (recording_id, task_inst_id, file_path) VALUES (4099, 4099, 'recordings/eval_71_mod_3_task_4099.wav');
INSERT INTO task_instances (task_inst_id, task_id, module_inst_id, status, task_completing_time) VALUES (4100, 40, 353, 0, '211');
INSERT INTO recordings (recording_id, task_inst_id, file_path) VALUES (4100, 4100, 'recordings/eval_71_mod_3_task_4100.wav');
INSERT INTO task_instances (task_inst_id, task_id, module_inst_id, status, task_completing_time) VALUES (4101, 41, 353, 1, '59');
INSERT INTO recordings (recording_id, task_inst_id, file_path) VALUES (4101, 4101, 'recordings/eval_71_mod_3_task_4101.wav');
INSERT INTO task_instances (task_inst_id, task_id, module_inst_id, status, task_completing_time) VALUES (4102, 42, 353, 1, '162');
INSERT INTO recordings (recording_id, task_inst_id, file_path) VALUES (4102, 4102, 'recordings/eval_71_mod_3_task_4102.wav');
INSERT INTO task_instances (task_inst_id, task_id, module_inst_id, status, task_completing_time) VALUES (4103, 43, 353, 1, '160');
INSERT INTO recordings (recording_id, task_inst_id, file_path) VALUES (4103, 4103, 'recordings/eval_71_mod_3_task_4103.wav');
INSERT INTO task_instances (task_inst_id, task_id, module_inst_id, status, task_completing_time) VALUES (4104, 44, 353, 1, '77');
INSERT INTO recordings (recording_id, task_inst_id, file_path) VALUES (4104, 4104, 'recordings/eval_71_mod_3_task_4104.wav');
INSERT INTO task_instances (task_inst_id, task_id, module_inst_id, status, task_completing_time) VALUES (4105, 45, 353, 1, '162');
INSERT INTO recordings (recording_id, task_inst_id, file_path) VALUES (4105, 4105, 'recordings/eval_71_mod_3_task_4105.wav');
INSERT INTO task_instances (task_inst_id, task_id, module_inst_id, status, task_completing_time) VALUES (4106, 46, 353, 1, '207');
INSERT INTO recordings (recording_id, task_inst_id, file_path) VALUES (4106, 4106, 'recordings/eval_71_mod_3_task_4106.wav');
INSERT INTO module_instances (module_inst_id, module_id, evaluation_id, status) VALUES (354, 4, 71, 3);
INSERT INTO task_instances (task_inst_id, task_id, module_inst_id, status, task_completing_time) VALUES (4107, 47, 354, 1, '10');
INSERT INTO recordings (recording_id, task_inst_id, file_path) VALUES (4107, 4107, 'recordings/eval_71_mod_4_task_4107.wav');
INSERT INTO task_instances (task_inst_id, task_id, module_inst_id, status, task_completing_time) VALUES (4108, 48, 354, 0, '241');
INSERT INTO recordings (recording_id, task_inst_id, file_path) VALUES (4108, 4108, 'recordings/eval_71_mod_4_task_4108.wav');
INSERT INTO task_instances (task_inst_id, task_id, module_inst_id, status, task_completing_time) VALUES (4109, 49, 354, 1, '268');
INSERT INTO recordings (recording_id, task_inst_id, file_path) VALUES (4109, 4109, 'recordings/eval_71_mod_4_task_4109.wav');
INSERT INTO task_instances (task_inst_id, task_id, module_inst_id, status, task_completing_time) VALUES (4110, 50, 354, 1, '214');
INSERT INTO recordings (recording_id, task_inst_id, file_path) VALUES (4110, 4110, 'recordings/eval_71_mod_4_task_4110.wav');
INSERT INTO task_instances (task_inst_id, task_id, module_inst_id, status, task_completing_time) VALUES (4111, 51, 354, 1, '166');
INSERT INTO recordings (recording_id, task_inst_id, file_path) VALUES (4111, 4111, 'recordings/eval_71_mod_4_task_4111.wav');
INSERT INTO task_instances (task_inst_id, task_id, module_inst_id, status, task_completing_time) VALUES (4112, 52, 354, 1, '88');
INSERT INTO recordings (recording_id, task_inst_id, file_path) VALUES (4112, 4112, 'recordings/eval_71_mod_4_task_4112.wav');
INSERT INTO task_instances (task_inst_id, task_id, module_inst_id, status, task_completing_time) VALUES (4113, 53, 354, 1, '40');
INSERT INTO recordings (recording_id, task_inst_id, file_path) VALUES (4113, 4113, 'recordings/eval_71_mod_4_task_4113.wav');
INSERT INTO task_instances (task_inst_id, task_id, module_inst_id, status, task_completing_time) VALUES (4114, 54, 354, 1, '204');
INSERT INTO recordings (recording_id, task_inst_id, file_path) VALUES (4114, 4114, 'recordings/eval_71_mod_4_task_4114.wav');
INSERT INTO task_instances (task_inst_id, task_id, module_inst_id, status, task_completing_time) VALUES (4115, 55, 354, 1, '185');
INSERT INTO recordings (recording_id, task_inst_id, file_path) VALUES (4115, 4115, 'recordings/eval_71_mod_4_task_4115.wav');
INSERT INTO task_instances (task_inst_id, task_id, module_inst_id, status, task_completing_time) VALUES (4116, 56, 354, 1, '33');
INSERT INTO recordings (recording_id, task_inst_id, file_path) VALUES (4116, 4116, 'recordings/eval_71_mod_4_task_4116.wav');
INSERT INTO module_instances (module_inst_id, module_id, evaluation_id, status) VALUES (355, 9001, 71, 3);
INSERT INTO task_instances (task_inst_id, task_id, module_inst_id, status, task_completing_time) VALUES (4117, 9001, 355, 1, '40');
INSERT INTO recordings (recording_id, task_inst_id, file_path) VALUES (4117, 4117, 'recordings/eval_71_mod_9001_task_4117.wav');
INSERT INTO task_instances (task_inst_id, task_id, module_inst_id, status, task_completing_time) VALUES (4118, 9002, 355, 1, '122');
INSERT INTO recordings (recording_id, task_inst_id, file_path) VALUES (4118, 4118, 'recordings/eval_71_mod_9001_task_4118.wav');
INSERT INTO participants (participant_id, name, surname, education_level, sex, birth_date, laterality) VALUES (72, 'qdHk6LvnV4WmfisOg9gTDw==', 'qdn6/9bgUIKheSwJhN8UCA==', 4, 1, '1963-09-22', 2);
INSERT INTO evaluations (evaluation_id, evaluation_date, evaluator_id, participant_id, status, language) VALUES (72, '2025-08-02 11:45:00', 9, 72, 2, 1);
INSERT INTO module_instances (module_inst_id, module_id, evaluation_id, status) VALUES (356, 1, 72, 3);
INSERT INTO task_instances (task_inst_id, task_id, module_inst_id, status, task_completing_time) VALUES (4119, 1, 356, 1, '10');
INSERT INTO recordings (recording_id, task_inst_id, file_path) VALUES (4119, 4119, 'recordings/eval_72_mod_1_task_4119.wav');
INSERT INTO task_instances (task_inst_id, task_id, module_inst_id, status, task_completing_time) VALUES (4120, 2, 356, 1, '169');
INSERT INTO recordings (recording_id, task_inst_id, file_path) VALUES (4120, 4120, 'recordings/eval_72_mod_1_task_4120.wav');
INSERT INTO task_instances (task_inst_id, task_id, module_inst_id, status, task_completing_time) VALUES (4121, 3, 356, 1, '39');
INSERT INTO recordings (recording_id, task_inst_id, file_path) VALUES (4121, 4121, 'recordings/eval_72_mod_1_task_4121.wav');
INSERT INTO task_instances (task_inst_id, task_id, module_inst_id, status, task_completing_time) VALUES (4122, 4, 356, 1, '277');
INSERT INTO recordings (recording_id, task_inst_id, file_path) VALUES (4122, 4122, 'recordings/eval_72_mod_1_task_4122.wav');
INSERT INTO task_instances (task_inst_id, task_id, module_inst_id, status, task_completing_time) VALUES (4123, 5, 356, 1, '34');
INSERT INTO recordings (recording_id, task_inst_id, file_path) VALUES (4123, 4123, 'recordings/eval_72_mod_1_task_4123.wav');
INSERT INTO task_instances (task_inst_id, task_id, module_inst_id, status, task_completing_time) VALUES (4124, 6, 356, 0, '298');
INSERT INTO recordings (recording_id, task_inst_id, file_path) VALUES (4124, 4124, 'recordings/eval_72_mod_1_task_4124.wav');
INSERT INTO task_instances (task_inst_id, task_id, module_inst_id, status, task_completing_time) VALUES (4125, 7, 356, 0, '243');
INSERT INTO recordings (recording_id, task_inst_id, file_path) VALUES (4125, 4125, 'recordings/eval_72_mod_1_task_4125.wav');
INSERT INTO task_instances (task_inst_id, task_id, module_inst_id, status, task_completing_time) VALUES (4126, 8, 356, 1, '109');
INSERT INTO recordings (recording_id, task_inst_id, file_path) VALUES (4126, 4126, 'recordings/eval_72_mod_1_task_4126.wav');
INSERT INTO task_instances (task_inst_id, task_id, module_inst_id, status, task_completing_time) VALUES (4127, 9, 356, 0, '51');
INSERT INTO recordings (recording_id, task_inst_id, file_path) VALUES (4127, 4127, 'recordings/eval_72_mod_1_task_4127.wav');
INSERT INTO task_instances (task_inst_id, task_id, module_inst_id, status, task_completing_time) VALUES (4128, 10, 356, 0, '148');
INSERT INTO recordings (recording_id, task_inst_id, file_path) VALUES (4128, 4128, 'recordings/eval_72_mod_1_task_4128.wav');
INSERT INTO module_instances (module_inst_id, module_id, evaluation_id, status) VALUES (357, 2, 72, 2);
INSERT INTO task_instances (task_inst_id, task_id, module_inst_id, status, task_completing_time) VALUES (4129, 11, 357, 0, '7');
INSERT INTO recordings (recording_id, task_inst_id, file_path) VALUES (4129, 4129, 'recordings/eval_72_mod_2_task_4129.wav');
INSERT INTO task_instances (task_inst_id, task_id, module_inst_id, status, task_completing_time) VALUES (4130, 12, 357, 1, '218');
INSERT INTO recordings (recording_id, task_inst_id, file_path) VALUES (4130, 4130, 'recordings/eval_72_mod_2_task_4130.wav');
INSERT INTO task_instances (task_inst_id, task_id, module_inst_id, status, task_completing_time) VALUES (4131, 13, 357, 0, '186');
INSERT INTO recordings (recording_id, task_inst_id, file_path) VALUES (4131, 4131, 'recordings/eval_72_mod_2_task_4131.wav');
INSERT INTO task_instances (task_inst_id, task_id, module_inst_id, status, task_completing_time) VALUES (4132, 14, 357, 1, '153');
INSERT INTO recordings (recording_id, task_inst_id, file_path) VALUES (4132, 4132, 'recordings/eval_72_mod_2_task_4132.wav');
INSERT INTO task_instances (task_inst_id, task_id, module_inst_id, status, task_completing_time) VALUES (4133, 15, 357, 1, '279');
INSERT INTO recordings (recording_id, task_inst_id, file_path) VALUES (4133, 4133, 'recordings/eval_72_mod_2_task_4133.wav');
INSERT INTO task_instances (task_inst_id, task_id, module_inst_id, status, task_completing_time) VALUES (4134, 16, 357, 1, '135');
INSERT INTO recordings (recording_id, task_inst_id, file_path) VALUES (4134, 4134, 'recordings/eval_72_mod_2_task_4134.wav');
INSERT INTO task_instances (task_inst_id, task_id, module_inst_id, status, task_completing_time) VALUES (4135, 17, 357, 1, '297');
INSERT INTO recordings (recording_id, task_inst_id, file_path) VALUES (4135, 4135, 'recordings/eval_72_mod_2_task_4135.wav');
INSERT INTO task_instances (task_inst_id, task_id, module_inst_id, status, task_completing_time) VALUES (4136, 18, 357, 1, '258');
INSERT INTO recordings (recording_id, task_inst_id, file_path) VALUES (4136, 4136, 'recordings/eval_72_mod_2_task_4136.wav');
INSERT INTO task_instances (task_inst_id, task_id, module_inst_id, status, task_completing_time) VALUES (4137, 19, 357, 1, '277');
INSERT INTO recordings (recording_id, task_inst_id, file_path) VALUES (4137, 4137, 'recordings/eval_72_mod_2_task_4137.wav');
INSERT INTO task_instances (task_inst_id, task_id, module_inst_id, status, task_completing_time) VALUES (4138, 20, 357, 1, '265');
INSERT INTO recordings (recording_id, task_inst_id, file_path) VALUES (4138, 4138, 'recordings/eval_72_mod_2_task_4138.wav');
INSERT INTO task_instances (task_inst_id, task_id, module_inst_id, status, task_completing_time) VALUES (4139, 21, 357, 0, '16');
INSERT INTO recordings (recording_id, task_inst_id, file_path) VALUES (4139, 4139, 'recordings/eval_72_mod_2_task_4139.wav');
INSERT INTO task_instances (task_inst_id, task_id, module_inst_id, status, task_completing_time) VALUES (4140, 22, 357, 0, '201');
INSERT INTO recordings (recording_id, task_inst_id, file_path) VALUES (4140, 4140, 'recordings/eval_72_mod_2_task_4140.wav');
INSERT INTO task_instances (task_inst_id, task_id, module_inst_id, status, task_completing_time) VALUES (4141, 23, 357, 1, '57');
INSERT INTO recordings (recording_id, task_inst_id, file_path) VALUES (4141, 4141, 'recordings/eval_72_mod_2_task_4141.wav');
INSERT INTO task_instances (task_inst_id, task_id, module_inst_id, status, task_completing_time) VALUES (4142, 24, 357, 1, '280');
INSERT INTO recordings (recording_id, task_inst_id, file_path) VALUES (4142, 4142, 'recordings/eval_72_mod_2_task_4142.wav');
INSERT INTO task_instances (task_inst_id, task_id, module_inst_id, status, task_completing_time) VALUES (4143, 25, 357, 1, '27');
INSERT INTO recordings (recording_id, task_inst_id, file_path) VALUES (4143, 4143, 'recordings/eval_72_mod_2_task_4143.wav');
INSERT INTO task_instances (task_inst_id, task_id, module_inst_id, status, task_completing_time) VALUES (4144, 26, 357, 1, '54');
INSERT INTO recordings (recording_id, task_inst_id, file_path) VALUES (4144, 4144, 'recordings/eval_72_mod_2_task_4144.wav');
INSERT INTO task_instances (task_inst_id, task_id, module_inst_id, status, task_completing_time) VALUES (4145, 27, 357, 1, '152');
INSERT INTO recordings (recording_id, task_inst_id, file_path) VALUES (4145, 4145, 'recordings/eval_72_mod_2_task_4145.wav');
INSERT INTO task_instances (task_inst_id, task_id, module_inst_id, status, task_completing_time) VALUES (4146, 28, 357, 1, '118');
INSERT INTO recordings (recording_id, task_inst_id, file_path) VALUES (4146, 4146, 'recordings/eval_72_mod_2_task_4146.wav');
INSERT INTO task_instances (task_inst_id, task_id, module_inst_id, status, task_completing_time) VALUES (4147, 29, 357, 1, '241');
INSERT INTO recordings (recording_id, task_inst_id, file_path) VALUES (4147, 4147, 'recordings/eval_72_mod_2_task_4147.wav');
INSERT INTO task_instances (task_inst_id, task_id, module_inst_id, status, task_completing_time) VALUES (4148, 30, 357, 1, '57');
INSERT INTO recordings (recording_id, task_inst_id, file_path) VALUES (4148, 4148, 'recordings/eval_72_mod_2_task_4148.wav');
INSERT INTO task_instances (task_inst_id, task_id, module_inst_id, status, task_completing_time) VALUES (4149, 31, 357, 0, '247');
INSERT INTO recordings (recording_id, task_inst_id, file_path) VALUES (4149, 4149, 'recordings/eval_72_mod_2_task_4149.wav');
INSERT INTO task_instances (task_inst_id, task_id, module_inst_id, status, task_completing_time) VALUES (4150, 32, 357, 1, '295');
INSERT INTO recordings (recording_id, task_inst_id, file_path) VALUES (4150, 4150, 'recordings/eval_72_mod_2_task_4150.wav');
INSERT INTO task_instances (task_inst_id, task_id, module_inst_id, status, task_completing_time) VALUES (4151, 33, 357, 0, '92');
INSERT INTO recordings (recording_id, task_inst_id, file_path) VALUES (4151, 4151, 'recordings/eval_72_mod_2_task_4151.wav');
INSERT INTO task_instances (task_inst_id, task_id, module_inst_id, status, task_completing_time) VALUES (4152, 34, 357, 1, '190');
INSERT INTO recordings (recording_id, task_inst_id, file_path) VALUES (4152, 4152, 'recordings/eval_72_mod_2_task_4152.wav');
INSERT INTO task_instances (task_inst_id, task_id, module_inst_id, status, task_completing_time) VALUES (4153, 35, 357, 1, '82');
INSERT INTO recordings (recording_id, task_inst_id, file_path) VALUES (4153, 4153, 'recordings/eval_72_mod_2_task_4153.wav');
INSERT INTO task_instances (task_inst_id, task_id, module_inst_id, status, task_completing_time) VALUES (4154, 36, 357, 0, '156');
INSERT INTO recordings (recording_id, task_inst_id, file_path) VALUES (4154, 4154, 'recordings/eval_72_mod_2_task_4154.wav');
INSERT INTO task_instances (task_inst_id, task_id, module_inst_id, status, task_completing_time) VALUES (4155, 37, 357, 0, '135');
INSERT INTO recordings (recording_id, task_inst_id, file_path) VALUES (4155, 4155, 'recordings/eval_72_mod_2_task_4155.wav');
INSERT INTO module_instances (module_inst_id, module_id, evaluation_id, status) VALUES (358, 3, 72, 3);
INSERT INTO task_instances (task_inst_id, task_id, module_inst_id, status, task_completing_time) VALUES (4156, 38, 358, 1, '56');
INSERT INTO recordings (recording_id, task_inst_id, file_path) VALUES (4156, 4156, 'recordings/eval_72_mod_3_task_4156.wav');
INSERT INTO task_instances (task_inst_id, task_id, module_inst_id, status, task_completing_time) VALUES (4157, 39, 358, 1, '152');
INSERT INTO recordings (recording_id, task_inst_id, file_path) VALUES (4157, 4157, 'recordings/eval_72_mod_3_task_4157.wav');
INSERT INTO task_instances (task_inst_id, task_id, module_inst_id, status, task_completing_time) VALUES (4158, 40, 358, 1, '143');
INSERT INTO recordings (recording_id, task_inst_id, file_path) VALUES (4158, 4158, 'recordings/eval_72_mod_3_task_4158.wav');
INSERT INTO task_instances (task_inst_id, task_id, module_inst_id, status, task_completing_time) VALUES (4159, 41, 358, 1, '59');
INSERT INTO recordings (recording_id, task_inst_id, file_path) VALUES (4159, 4159, 'recordings/eval_72_mod_3_task_4159.wav');
INSERT INTO task_instances (task_inst_id, task_id, module_inst_id, status, task_completing_time) VALUES (4160, 42, 358, 1, '288');
INSERT INTO recordings (recording_id, task_inst_id, file_path) VALUES (4160, 4160, 'recordings/eval_72_mod_3_task_4160.wav');
INSERT INTO task_instances (task_inst_id, task_id, module_inst_id, status, task_completing_time) VALUES (4161, 43, 358, 1, '246');
INSERT INTO recordings (recording_id, task_inst_id, file_path) VALUES (4161, 4161, 'recordings/eval_72_mod_3_task_4161.wav');
INSERT INTO task_instances (task_inst_id, task_id, module_inst_id, status, task_completing_time) VALUES (4162, 44, 358, 1, '121');
INSERT INTO recordings (recording_id, task_inst_id, file_path) VALUES (4162, 4162, 'recordings/eval_72_mod_3_task_4162.wav');
INSERT INTO task_instances (task_inst_id, task_id, module_inst_id, status, task_completing_time) VALUES (4163, 45, 358, 1, '264');
INSERT INTO recordings (recording_id, task_inst_id, file_path) VALUES (4163, 4163, 'recordings/eval_72_mod_3_task_4163.wav');
INSERT INTO task_instances (task_inst_id, task_id, module_inst_id, status, task_completing_time) VALUES (4164, 46, 358, 1, '162');
INSERT INTO recordings (recording_id, task_inst_id, file_path) VALUES (4164, 4164, 'recordings/eval_72_mod_3_task_4164.wav');
INSERT INTO module_instances (module_inst_id, module_id, evaluation_id, status) VALUES (359, 4, 72, 3);
INSERT INTO task_instances (task_inst_id, task_id, module_inst_id, status, task_completing_time) VALUES (4165, 47, 359, 0, '52');
INSERT INTO recordings (recording_id, task_inst_id, file_path) VALUES (4165, 4165, 'recordings/eval_72_mod_4_task_4165.wav');
INSERT INTO task_instances (task_inst_id, task_id, module_inst_id, status, task_completing_time) VALUES (4166, 48, 359, 1, '296');
INSERT INTO recordings (recording_id, task_inst_id, file_path) VALUES (4166, 4166, 'recordings/eval_72_mod_4_task_4166.wav');
INSERT INTO task_instances (task_inst_id, task_id, module_inst_id, status, task_completing_time) VALUES (4167, 49, 359, 1, '109');
INSERT INTO recordings (recording_id, task_inst_id, file_path) VALUES (4167, 4167, 'recordings/eval_72_mod_4_task_4167.wav');
INSERT INTO task_instances (task_inst_id, task_id, module_inst_id, status, task_completing_time) VALUES (4168, 50, 359, 1, '199');
INSERT INTO recordings (recording_id, task_inst_id, file_path) VALUES (4168, 4168, 'recordings/eval_72_mod_4_task_4168.wav');
INSERT INTO task_instances (task_inst_id, task_id, module_inst_id, status, task_completing_time) VALUES (4169, 51, 359, 0, '147');
INSERT INTO recordings (recording_id, task_inst_id, file_path) VALUES (4169, 4169, 'recordings/eval_72_mod_4_task_4169.wav');
INSERT INTO task_instances (task_inst_id, task_id, module_inst_id, status, task_completing_time) VALUES (4170, 52, 359, 1, '142');
INSERT INTO recordings (recording_id, task_inst_id, file_path) VALUES (4170, 4170, 'recordings/eval_72_mod_4_task_4170.wav');
INSERT INTO task_instances (task_inst_id, task_id, module_inst_id, status, task_completing_time) VALUES (4171, 53, 359, 1, '189');
INSERT INTO recordings (recording_id, task_inst_id, file_path) VALUES (4171, 4171, 'recordings/eval_72_mod_4_task_4171.wav');
INSERT INTO task_instances (task_inst_id, task_id, module_inst_id, status, task_completing_time) VALUES (4172, 54, 359, 1, '131');
INSERT INTO recordings (recording_id, task_inst_id, file_path) VALUES (4172, 4172, 'recordings/eval_72_mod_4_task_4172.wav');
INSERT INTO task_instances (task_inst_id, task_id, module_inst_id, status, task_completing_time) VALUES (4173, 55, 359, 1, '160');
INSERT INTO recordings (recording_id, task_inst_id, file_path) VALUES (4173, 4173, 'recordings/eval_72_mod_4_task_4173.wav');
INSERT INTO task_instances (task_inst_id, task_id, module_inst_id, status, task_completing_time) VALUES (4174, 56, 359, 1, '22');
INSERT INTO recordings (recording_id, task_inst_id, file_path) VALUES (4174, 4174, 'recordings/eval_72_mod_4_task_4174.wav');
INSERT INTO module_instances (module_inst_id, module_id, evaluation_id, status) VALUES (360, 9001, 72, 2);
INSERT INTO task_instances (task_inst_id, task_id, module_inst_id, status, task_completing_time) VALUES (4175, 9001, 360, 1, '51');
INSERT INTO recordings (recording_id, task_inst_id, file_path) VALUES (4175, 4175, 'recordings/eval_72_mod_9001_task_4175.wav');
INSERT INTO task_instances (task_inst_id, task_id, module_inst_id, status, task_completing_time) VALUES (4176, 9002, 360, 0, '139');
INSERT INTO recordings (recording_id, task_inst_id, file_path) VALUES (4176, 4176, 'recordings/eval_72_mod_9001_task_4176.wav');
INSERT INTO participants (participant_id, name, surname, education_level, sex, birth_date, laterality) VALUES (73, 'sN9VKtjgUIKheSwJhN8UCA==', 'tdz//9KCKeiiei8Kh9wXCw==', 5, 1, '1965-11-10', 2);
INSERT INTO evaluations (evaluation_id, evaluation_date, evaluator_id, participant_id, status, language) VALUES (73, '2025-09-27 14:23:00', 9, 73, 3, 1);
INSERT INTO module_instances (module_inst_id, module_id, evaluation_id, status) VALUES (361, 1, 73, 3);
INSERT INTO task_instances (task_inst_id, task_id, module_inst_id, status, task_completing_time) VALUES (4177, 1, 361, 1, '38');
INSERT INTO recordings (recording_id, task_inst_id, file_path) VALUES (4177, 4177, 'recordings/eval_73_mod_1_task_4177.wav');
INSERT INTO task_instances (task_inst_id, task_id, module_inst_id, status, task_completing_time) VALUES (4178, 2, 361, 1, '45');
INSERT INTO recordings (recording_id, task_inst_id, file_path) VALUES (4178, 4178, 'recordings/eval_73_mod_1_task_4178.wav');
INSERT INTO task_instances (task_inst_id, task_id, module_inst_id, status, task_completing_time) VALUES (4179, 3, 361, 1, '116');
INSERT INTO recordings (recording_id, task_inst_id, file_path) VALUES (4179, 4179, 'recordings/eval_73_mod_1_task_4179.wav');
INSERT INTO task_instances (task_inst_id, task_id, module_inst_id, status, task_completing_time) VALUES (4180, 4, 361, 1, '209');
INSERT INTO recordings (recording_id, task_inst_id, file_path) VALUES (4180, 4180, 'recordings/eval_73_mod_1_task_4180.wav');
INSERT INTO task_instances (task_inst_id, task_id, module_inst_id, status, task_completing_time) VALUES (4181, 5, 361, 1, '187');
INSERT INTO recordings (recording_id, task_inst_id, file_path) VALUES (4181, 4181, 'recordings/eval_73_mod_1_task_4181.wav');
INSERT INTO task_instances (task_inst_id, task_id, module_inst_id, status, task_completing_time) VALUES (4182, 6, 361, 1, '273');
INSERT INTO recordings (recording_id, task_inst_id, file_path) VALUES (4182, 4182, 'recordings/eval_73_mod_1_task_4182.wav');
INSERT INTO task_instances (task_inst_id, task_id, module_inst_id, status, task_completing_time) VALUES (4183, 7, 361, 1, '150');
INSERT INTO recordings (recording_id, task_inst_id, file_path) VALUES (4183, 4183, 'recordings/eval_73_mod_1_task_4183.wav');
INSERT INTO task_instances (task_inst_id, task_id, module_inst_id, status, task_completing_time) VALUES (4184, 8, 361, 1, '45');
INSERT INTO recordings (recording_id, task_inst_id, file_path) VALUES (4184, 4184, 'recordings/eval_73_mod_1_task_4184.wav');
INSERT INTO task_instances (task_inst_id, task_id, module_inst_id, status, task_completing_time) VALUES (4185, 9, 361, 1, '124');
INSERT INTO recordings (recording_id, task_inst_id, file_path) VALUES (4185, 4185, 'recordings/eval_73_mod_1_task_4185.wav');
INSERT INTO task_instances (task_inst_id, task_id, module_inst_id, status, task_completing_time) VALUES (4186, 10, 361, 1, '202');
INSERT INTO recordings (recording_id, task_inst_id, file_path) VALUES (4186, 4186, 'recordings/eval_73_mod_1_task_4186.wav');
INSERT INTO module_instances (module_inst_id, module_id, evaluation_id, status) VALUES (362, 2, 73, 3);
INSERT INTO task_instances (task_inst_id, task_id, module_inst_id, status, task_completing_time) VALUES (4187, 11, 362, 1, '14');
INSERT INTO recordings (recording_id, task_inst_id, file_path) VALUES (4187, 4187, 'recordings/eval_73_mod_2_task_4187.wav');
INSERT INTO task_instances (task_inst_id, task_id, module_inst_id, status, task_completing_time) VALUES (4188, 12, 362, 1, '24');
INSERT INTO recordings (recording_id, task_inst_id, file_path) VALUES (4188, 4188, 'recordings/eval_73_mod_2_task_4188.wav');
INSERT INTO task_instances (task_inst_id, task_id, module_inst_id, status, task_completing_time) VALUES (4189, 13, 362, 1, '244');
INSERT INTO recordings (recording_id, task_inst_id, file_path) VALUES (4189, 4189, 'recordings/eval_73_mod_2_task_4189.wav');
INSERT INTO task_instances (task_inst_id, task_id, module_inst_id, status, task_completing_time) VALUES (4190, 14, 362, 1, '136');
INSERT INTO recordings (recording_id, task_inst_id, file_path) VALUES (4190, 4190, 'recordings/eval_73_mod_2_task_4190.wav');
INSERT INTO task_instances (task_inst_id, task_id, module_inst_id, status, task_completing_time) VALUES (4191, 15, 362, 1, '270');
INSERT INTO recordings (recording_id, task_inst_id, file_path) VALUES (4191, 4191, 'recordings/eval_73_mod_2_task_4191.wav');
INSERT INTO task_instances (task_inst_id, task_id, module_inst_id, status, task_completing_time) VALUES (4192, 16, 362, 1, '244');
INSERT INTO recordings (recording_id, task_inst_id, file_path) VALUES (4192, 4192, 'recordings/eval_73_mod_2_task_4192.wav');
INSERT INTO task_instances (task_inst_id, task_id, module_inst_id, status, task_completing_time) VALUES (4193, 17, 362, 1, '233');
INSERT INTO recordings (recording_id, task_inst_id, file_path) VALUES (4193, 4193, 'recordings/eval_73_mod_2_task_4193.wav');
INSERT INTO task_instances (task_inst_id, task_id, module_inst_id, status, task_completing_time) VALUES (4194, 18, 362, 1, '135');
INSERT INTO recordings (recording_id, task_inst_id, file_path) VALUES (4194, 4194, 'recordings/eval_73_mod_2_task_4194.wav');
INSERT INTO task_instances (task_inst_id, task_id, module_inst_id, status, task_completing_time) VALUES (4195, 19, 362, 1, '269');
INSERT INTO recordings (recording_id, task_inst_id, file_path) VALUES (4195, 4195, 'recordings/eval_73_mod_2_task_4195.wav');
INSERT INTO task_instances (task_inst_id, task_id, module_inst_id, status, task_completing_time) VALUES (4196, 20, 362, 1, '23');
INSERT INTO recordings (recording_id, task_inst_id, file_path) VALUES (4196, 4196, 'recordings/eval_73_mod_2_task_4196.wav');
INSERT INTO task_instances (task_inst_id, task_id, module_inst_id, status, task_completing_time) VALUES (4197, 21, 362, 1, '36');
INSERT INTO recordings (recording_id, task_inst_id, file_path) VALUES (4197, 4197, 'recordings/eval_73_mod_2_task_4197.wav');
INSERT INTO task_instances (task_inst_id, task_id, module_inst_id, status, task_completing_time) VALUES (4198, 22, 362, 1, '20');
INSERT INTO recordings (recording_id, task_inst_id, file_path) VALUES (4198, 4198, 'recordings/eval_73_mod_2_task_4198.wav');
INSERT INTO task_instances (task_inst_id, task_id, module_inst_id, status, task_completing_time) VALUES (4199, 23, 362, 1, '33');
INSERT INTO recordings (recording_id, task_inst_id, file_path) VALUES (4199, 4199, 'recordings/eval_73_mod_2_task_4199.wav');
INSERT INTO task_instances (task_inst_id, task_id, module_inst_id, status, task_completing_time) VALUES (4200, 24, 362, 1, '172');
INSERT INTO recordings (recording_id, task_inst_id, file_path) VALUES (4200, 4200, 'recordings/eval_73_mod_2_task_4200.wav');
INSERT INTO task_instances (task_inst_id, task_id, module_inst_id, status, task_completing_time) VALUES (4201, 25, 362, 1, '24');
INSERT INTO recordings (recording_id, task_inst_id, file_path) VALUES (4201, 4201, 'recordings/eval_73_mod_2_task_4201.wav');
INSERT INTO task_instances (task_inst_id, task_id, module_inst_id, status, task_completing_time) VALUES (4202, 26, 362, 1, '262');
INSERT INTO recordings (recording_id, task_inst_id, file_path) VALUES (4202, 4202, 'recordings/eval_73_mod_2_task_4202.wav');
INSERT INTO task_instances (task_inst_id, task_id, module_inst_id, status, task_completing_time) VALUES (4203, 27, 362, 1, '212');
INSERT INTO recordings (recording_id, task_inst_id, file_path) VALUES (4203, 4203, 'recordings/eval_73_mod_2_task_4203.wav');
INSERT INTO task_instances (task_inst_id, task_id, module_inst_id, status, task_completing_time) VALUES (4204, 28, 362, 1, '292');
INSERT INTO recordings (recording_id, task_inst_id, file_path) VALUES (4204, 4204, 'recordings/eval_73_mod_2_task_4204.wav');
INSERT INTO task_instances (task_inst_id, task_id, module_inst_id, status, task_completing_time) VALUES (4205, 29, 362, 1, '141');
INSERT INTO recordings (recording_id, task_inst_id, file_path) VALUES (4205, 4205, 'recordings/eval_73_mod_2_task_4205.wav');
INSERT INTO task_instances (task_inst_id, task_id, module_inst_id, status, task_completing_time) VALUES (4206, 30, 362, 0, '47');
INSERT INTO recordings (recording_id, task_inst_id, file_path) VALUES (4206, 4206, 'recordings/eval_73_mod_2_task_4206.wav');
INSERT INTO task_instances (task_inst_id, task_id, module_inst_id, status, task_completing_time) VALUES (4207, 31, 362, 1, '267');
INSERT INTO recordings (recording_id, task_inst_id, file_path) VALUES (4207, 4207, 'recordings/eval_73_mod_2_task_4207.wav');
INSERT INTO task_instances (task_inst_id, task_id, module_inst_id, status, task_completing_time) VALUES (4208, 32, 362, 1, '163');
INSERT INTO recordings (recording_id, task_inst_id, file_path) VALUES (4208, 4208, 'recordings/eval_73_mod_2_task_4208.wav');
INSERT INTO task_instances (task_inst_id, task_id, module_inst_id, status, task_completing_time) VALUES (4209, 33, 362, 1, '179');
INSERT INTO recordings (recording_id, task_inst_id, file_path) VALUES (4209, 4209, 'recordings/eval_73_mod_2_task_4209.wav');
INSERT INTO task_instances (task_inst_id, task_id, module_inst_id, status, task_completing_time) VALUES (4210, 34, 362, 0, '92');
INSERT INTO recordings (recording_id, task_inst_id, file_path) VALUES (4210, 4210, 'recordings/eval_73_mod_2_task_4210.wav');
INSERT INTO task_instances (task_inst_id, task_id, module_inst_id, status, task_completing_time) VALUES (4211, 35, 362, 1, '32');
INSERT INTO recordings (recording_id, task_inst_id, file_path) VALUES (4211, 4211, 'recordings/eval_73_mod_2_task_4211.wav');
INSERT INTO task_instances (task_inst_id, task_id, module_inst_id, status, task_completing_time) VALUES (4212, 36, 362, 1, '174');
INSERT INTO recordings (recording_id, task_inst_id, file_path) VALUES (4212, 4212, 'recordings/eval_73_mod_2_task_4212.wav');
INSERT INTO task_instances (task_inst_id, task_id, module_inst_id, status, task_completing_time) VALUES (4213, 37, 362, 1, '55');
INSERT INTO recordings (recording_id, task_inst_id, file_path) VALUES (4213, 4213, 'recordings/eval_73_mod_2_task_4213.wav');
INSERT INTO module_instances (module_inst_id, module_id, evaluation_id, status) VALUES (363, 3, 73, 3);
INSERT INTO task_instances (task_inst_id, task_id, module_inst_id, status, task_completing_time) VALUES (4214, 38, 363, 1, '28');
INSERT INTO recordings (recording_id, task_inst_id, file_path) VALUES (4214, 4214, 'recordings/eval_73_mod_3_task_4214.wav');
INSERT INTO task_instances (task_inst_id, task_id, module_inst_id, status, task_completing_time) VALUES (4215, 39, 363, 1, '163');
INSERT INTO recordings (recording_id, task_inst_id, file_path) VALUES (4215, 4215, 'recordings/eval_73_mod_3_task_4215.wav');
INSERT INTO task_instances (task_inst_id, task_id, module_inst_id, status, task_completing_time) VALUES (4216, 40, 363, 1, '272');
INSERT INTO recordings (recording_id, task_inst_id, file_path) VALUES (4216, 4216, 'recordings/eval_73_mod_3_task_4216.wav');
INSERT INTO task_instances (task_inst_id, task_id, module_inst_id, status, task_completing_time) VALUES (4217, 41, 363, 1, '42');
INSERT INTO recordings (recording_id, task_inst_id, file_path) VALUES (4217, 4217, 'recordings/eval_73_mod_3_task_4217.wav');
INSERT INTO task_instances (task_inst_id, task_id, module_inst_id, status, task_completing_time) VALUES (4218, 42, 363, 1, '139');
INSERT INTO recordings (recording_id, task_inst_id, file_path) VALUES (4218, 4218, 'recordings/eval_73_mod_3_task_4218.wav');
INSERT INTO task_instances (task_inst_id, task_id, module_inst_id, status, task_completing_time) VALUES (4219, 43, 363, 1, '62');
INSERT INTO recordings (recording_id, task_inst_id, file_path) VALUES (4219, 4219, 'recordings/eval_73_mod_3_task_4219.wav');
INSERT INTO task_instances (task_inst_id, task_id, module_inst_id, status, task_completing_time) VALUES (4220, 44, 363, 1, '155');
INSERT INTO recordings (recording_id, task_inst_id, file_path) VALUES (4220, 4220, 'recordings/eval_73_mod_3_task_4220.wav');
INSERT INTO task_instances (task_inst_id, task_id, module_inst_id, status, task_completing_time) VALUES (4221, 45, 363, 0, '205');
INSERT INTO recordings (recording_id, task_inst_id, file_path) VALUES (4221, 4221, 'recordings/eval_73_mod_3_task_4221.wav');
INSERT INTO task_instances (task_inst_id, task_id, module_inst_id, status, task_completing_time) VALUES (4222, 46, 363, 1, '48');
INSERT INTO recordings (recording_id, task_inst_id, file_path) VALUES (4222, 4222, 'recordings/eval_73_mod_3_task_4222.wav');
INSERT INTO module_instances (module_inst_id, module_id, evaluation_id, status) VALUES (364, 4, 73, 3);
INSERT INTO task_instances (task_inst_id, task_id, module_inst_id, status, task_completing_time) VALUES (4223, 47, 364, 1, '55');
INSERT INTO recordings (recording_id, task_inst_id, file_path) VALUES (4223, 4223, 'recordings/eval_73_mod_4_task_4223.wav');
INSERT INTO task_instances (task_inst_id, task_id, module_inst_id, status, task_completing_time) VALUES (4224, 48, 364, 1, '108');
INSERT INTO recordings (recording_id, task_inst_id, file_path) VALUES (4224, 4224, 'recordings/eval_73_mod_4_task_4224.wav');
INSERT INTO task_instances (task_inst_id, task_id, module_inst_id, status, task_completing_time) VALUES (4225, 49, 364, 1, '257');
INSERT INTO recordings (recording_id, task_inst_id, file_path) VALUES (4225, 4225, 'recordings/eval_73_mod_4_task_4225.wav');
INSERT INTO task_instances (task_inst_id, task_id, module_inst_id, status, task_completing_time) VALUES (4226, 50, 364, 1, '64');
INSERT INTO recordings (recording_id, task_inst_id, file_path) VALUES (4226, 4226, 'recordings/eval_73_mod_4_task_4226.wav');
INSERT INTO task_instances (task_inst_id, task_id, module_inst_id, status, task_completing_time) VALUES (4227, 51, 364, 1, '48');
INSERT INTO recordings (recording_id, task_inst_id, file_path) VALUES (4227, 4227, 'recordings/eval_73_mod_4_task_4227.wav');
INSERT INTO task_instances (task_inst_id, task_id, module_inst_id, status, task_completing_time) VALUES (4228, 52, 364, 1, '238');
INSERT INTO recordings (recording_id, task_inst_id, file_path) VALUES (4228, 4228, 'recordings/eval_73_mod_4_task_4228.wav');
INSERT INTO task_instances (task_inst_id, task_id, module_inst_id, status, task_completing_time) VALUES (4229, 53, 364, 1, '227');
INSERT INTO recordings (recording_id, task_inst_id, file_path) VALUES (4229, 4229, 'recordings/eval_73_mod_4_task_4229.wav');
INSERT INTO task_instances (task_inst_id, task_id, module_inst_id, status, task_completing_time) VALUES (4230, 54, 364, 1, '234');
INSERT INTO recordings (recording_id, task_inst_id, file_path) VALUES (4230, 4230, 'recordings/eval_73_mod_4_task_4230.wav');
INSERT INTO task_instances (task_inst_id, task_id, module_inst_id, status, task_completing_time) VALUES (4231, 55, 364, 1, '228');
INSERT INTO recordings (recording_id, task_inst_id, file_path) VALUES (4231, 4231, 'recordings/eval_73_mod_4_task_4231.wav');
INSERT INTO task_instances (task_inst_id, task_id, module_inst_id, status, task_completing_time) VALUES (4232, 56, 364, 0, '21');
INSERT INTO recordings (recording_id, task_inst_id, file_path) VALUES (4232, 4232, 'recordings/eval_73_mod_4_task_4232.wav');
INSERT INTO module_instances (module_inst_id, module_id, evaluation_id, status) VALUES (365, 9001, 73, 3);
INSERT INTO task_instances (task_inst_id, task_id, module_inst_id, status, task_completing_time) VALUES (4233, 9001, 365, 1, '10');
INSERT INTO recordings (recording_id, task_inst_id, file_path) VALUES (4233, 4233, 'recordings/eval_73_mod_9001_task_4233.wav');
INSERT INTO task_instances (task_inst_id, task_id, module_inst_id, status, task_completing_time) VALUES (4234, 9002, 365, 1, '123');
INSERT INTO recordings (recording_id, task_inst_id, file_path) VALUES (4234, 4234, 'recordings/eval_73_mod_9001_task_4234.wav');
INSERT INTO participants (participant_id, name, surname, education_level, sex, birth_date, laterality) VALUES (74, 'sdHk7NngUIKheSwJhN8UCA==', 'ud/l/dbgUIKheSwJhN8UCA==', 3, 2, '1949-02-16', 1);
INSERT INTO evaluations (evaluation_id, evaluation_date, evaluator_id, participant_id, status, language) VALUES (74, '2025-09-02 14:43:00', 9, 74, 3, 1);
INSERT INTO module_instances (module_inst_id, module_id, evaluation_id, status) VALUES (366, 1, 74, 3);
INSERT INTO task_instances (task_inst_id, task_id, module_inst_id, status, task_completing_time) VALUES (4235, 1, 366, 1, '9');
INSERT INTO recordings (recording_id, task_inst_id, file_path) VALUES (4235, 4235, 'recordings/eval_74_mod_1_task_4235.wav');
INSERT INTO task_instances (task_inst_id, task_id, module_inst_id, status, task_completing_time) VALUES (4236, 2, 366, 1, '34');
INSERT INTO recordings (recording_id, task_inst_id, file_path) VALUES (4236, 4236, 'recordings/eval_74_mod_1_task_4236.wav');
INSERT INTO task_instances (task_inst_id, task_id, module_inst_id, status, task_completing_time) VALUES (4237, 3, 366, 0, '217');
INSERT INTO recordings (recording_id, task_inst_id, file_path) VALUES (4237, 4237, 'recordings/eval_74_mod_1_task_4237.wav');
INSERT INTO task_instances (task_inst_id, task_id, module_inst_id, status, task_completing_time) VALUES (4238, 4, 366, 1, '45');
INSERT INTO recordings (recording_id, task_inst_id, file_path) VALUES (4238, 4238, 'recordings/eval_74_mod_1_task_4238.wav');
INSERT INTO task_instances (task_inst_id, task_id, module_inst_id, status, task_completing_time) VALUES (4239, 5, 366, 1, '178');
INSERT INTO recordings (recording_id, task_inst_id, file_path) VALUES (4239, 4239, 'recordings/eval_74_mod_1_task_4239.wav');
INSERT INTO task_instances (task_inst_id, task_id, module_inst_id, status, task_completing_time) VALUES (4240, 6, 366, 1, '270');
INSERT INTO recordings (recording_id, task_inst_id, file_path) VALUES (4240, 4240, 'recordings/eval_74_mod_1_task_4240.wav');
INSERT INTO task_instances (task_inst_id, task_id, module_inst_id, status, task_completing_time) VALUES (4241, 7, 366, 0, '35');
INSERT INTO recordings (recording_id, task_inst_id, file_path) VALUES (4241, 4241, 'recordings/eval_74_mod_1_task_4241.wav');
INSERT INTO task_instances (task_inst_id, task_id, module_inst_id, status, task_completing_time) VALUES (4242, 8, 366, 1, '160');
INSERT INTO recordings (recording_id, task_inst_id, file_path) VALUES (4242, 4242, 'recordings/eval_74_mod_1_task_4242.wav');
INSERT INTO task_instances (task_inst_id, task_id, module_inst_id, status, task_completing_time) VALUES (4243, 9, 366, 1, '200');
INSERT INTO recordings (recording_id, task_inst_id, file_path) VALUES (4243, 4243, 'recordings/eval_74_mod_1_task_4243.wav');
INSERT INTO task_instances (task_inst_id, task_id, module_inst_id, status, task_completing_time) VALUES (4244, 10, 366, 1, '161');
INSERT INTO recordings (recording_id, task_inst_id, file_path) VALUES (4244, 4244, 'recordings/eval_74_mod_1_task_4244.wav');
INSERT INTO module_instances (module_inst_id, module_id, evaluation_id, status) VALUES (367, 2, 74, 3);
INSERT INTO task_instances (task_inst_id, task_id, module_inst_id, status, task_completing_time) VALUES (4245, 11, 367, 1, '10');
INSERT INTO recordings (recording_id, task_inst_id, file_path) VALUES (4245, 4245, 'recordings/eval_74_mod_2_task_4245.wav');
INSERT INTO task_instances (task_inst_id, task_id, module_inst_id, status, task_completing_time) VALUES (4246, 12, 367, 1, '149');
INSERT INTO recordings (recording_id, task_inst_id, file_path) VALUES (4246, 4246, 'recordings/eval_74_mod_2_task_4246.wav');
INSERT INTO task_instances (task_inst_id, task_id, module_inst_id, status, task_completing_time) VALUES (4247, 13, 367, 1, '184');
INSERT INTO recordings (recording_id, task_inst_id, file_path) VALUES (4247, 4247, 'recordings/eval_74_mod_2_task_4247.wav');
INSERT INTO task_instances (task_inst_id, task_id, module_inst_id, status, task_completing_time) VALUES (4248, 14, 367, 1, '155');
INSERT INTO recordings (recording_id, task_inst_id, file_path) VALUES (4248, 4248, 'recordings/eval_74_mod_2_task_4248.wav');
INSERT INTO task_instances (task_inst_id, task_id, module_inst_id, status, task_completing_time) VALUES (4249, 15, 367, 1, '188');
INSERT INTO recordings (recording_id, task_inst_id, file_path) VALUES (4249, 4249, 'recordings/eval_74_mod_2_task_4249.wav');
INSERT INTO task_instances (task_inst_id, task_id, module_inst_id, status, task_completing_time) VALUES (4250, 16, 367, 0, '72');
INSERT INTO recordings (recording_id, task_inst_id, file_path) VALUES (4250, 4250, 'recordings/eval_74_mod_2_task_4250.wav');
INSERT INTO task_instances (task_inst_id, task_id, module_inst_id, status, task_completing_time) VALUES (4251, 17, 367, 0, '291');
INSERT INTO recordings (recording_id, task_inst_id, file_path) VALUES (4251, 4251, 'recordings/eval_74_mod_2_task_4251.wav');
INSERT INTO task_instances (task_inst_id, task_id, module_inst_id, status, task_completing_time) VALUES (4252, 18, 367, 1, '251');
INSERT INTO recordings (recording_id, task_inst_id, file_path) VALUES (4252, 4252, 'recordings/eval_74_mod_2_task_4252.wav');
INSERT INTO task_instances (task_inst_id, task_id, module_inst_id, status, task_completing_time) VALUES (4253, 19, 367, 0, '201');
INSERT INTO recordings (recording_id, task_inst_id, file_path) VALUES (4253, 4253, 'recordings/eval_74_mod_2_task_4253.wav');
INSERT INTO task_instances (task_inst_id, task_id, module_inst_id, status, task_completing_time) VALUES (4254, 20, 367, 1, '214');
INSERT INTO recordings (recording_id, task_inst_id, file_path) VALUES (4254, 4254, 'recordings/eval_74_mod_2_task_4254.wav');
INSERT INTO task_instances (task_inst_id, task_id, module_inst_id, status, task_completing_time) VALUES (4255, 21, 367, 1, '45');
INSERT INTO recordings (recording_id, task_inst_id, file_path) VALUES (4255, 4255, 'recordings/eval_74_mod_2_task_4255.wav');
INSERT INTO task_instances (task_inst_id, task_id, module_inst_id, status, task_completing_time) VALUES (4256, 22, 367, 1, '217');
INSERT INTO recordings (recording_id, task_inst_id, file_path) VALUES (4256, 4256, 'recordings/eval_74_mod_2_task_4256.wav');
INSERT INTO task_instances (task_inst_id, task_id, module_inst_id, status, task_completing_time) VALUES (4257, 23, 367, 1, '51');
INSERT INTO recordings (recording_id, task_inst_id, file_path) VALUES (4257, 4257, 'recordings/eval_74_mod_2_task_4257.wav');
INSERT INTO task_instances (task_inst_id, task_id, module_inst_id, status, task_completing_time) VALUES (4258, 24, 367, 1, '219');
INSERT INTO recordings (recording_id, task_inst_id, file_path) VALUES (4258, 4258, 'recordings/eval_74_mod_2_task_4258.wav');
INSERT INTO task_instances (task_inst_id, task_id, module_inst_id, status, task_completing_time) VALUES (4259, 25, 367, 1, '6');
INSERT INTO recordings (recording_id, task_inst_id, file_path) VALUES (4259, 4259, 'recordings/eval_74_mod_2_task_4259.wav');
INSERT INTO task_instances (task_inst_id, task_id, module_inst_id, status, task_completing_time) VALUES (4260, 26, 367, 0, '81');
INSERT INTO recordings (recording_id, task_inst_id, file_path) VALUES (4260, 4260, 'recordings/eval_74_mod_2_task_4260.wav');
INSERT INTO task_instances (task_inst_id, task_id, module_inst_id, status, task_completing_time) VALUES (4261, 27, 367, 1, '93');
INSERT INTO recordings (recording_id, task_inst_id, file_path) VALUES (4261, 4261, 'recordings/eval_74_mod_2_task_4261.wav');
INSERT INTO task_instances (task_inst_id, task_id, module_inst_id, status, task_completing_time) VALUES (4262, 28, 367, 1, '30');
INSERT INTO recordings (recording_id, task_inst_id, file_path) VALUES (4262, 4262, 'recordings/eval_74_mod_2_task_4262.wav');
INSERT INTO task_instances (task_inst_id, task_id, module_inst_id, status, task_completing_time) VALUES (4263, 29, 367, 1, '222');
INSERT INTO recordings (recording_id, task_inst_id, file_path) VALUES (4263, 4263, 'recordings/eval_74_mod_2_task_4263.wav');
INSERT INTO task_instances (task_inst_id, task_id, module_inst_id, status, task_completing_time) VALUES (4264, 30, 367, 1, '51');
INSERT INTO recordings (recording_id, task_inst_id, file_path) VALUES (4264, 4264, 'recordings/eval_74_mod_2_task_4264.wav');
INSERT INTO task_instances (task_inst_id, task_id, module_inst_id, status, task_completing_time) VALUES (4265, 31, 367, 1, '218');
INSERT INTO recordings (recording_id, task_inst_id, file_path) VALUES (4265, 4265, 'recordings/eval_74_mod_2_task_4265.wav');
INSERT INTO task_instances (task_inst_id, task_id, module_inst_id, status, task_completing_time) VALUES (4266, 32, 367, 1, '71');
INSERT INTO recordings (recording_id, task_inst_id, file_path) VALUES (4266, 4266, 'recordings/eval_74_mod_2_task_4266.wav');
INSERT INTO task_instances (task_inst_id, task_id, module_inst_id, status, task_completing_time) VALUES (4267, 33, 367, 1, '267');
INSERT INTO recordings (recording_id, task_inst_id, file_path) VALUES (4267, 4267, 'recordings/eval_74_mod_2_task_4267.wav');
INSERT INTO task_instances (task_inst_id, task_id, module_inst_id, status, task_completing_time) VALUES (4268, 34, 367, 0, '285');
INSERT INTO recordings (recording_id, task_inst_id, file_path) VALUES (4268, 4268, 'recordings/eval_74_mod_2_task_4268.wav');
INSERT INTO task_instances (task_inst_id, task_id, module_inst_id, status, task_completing_time) VALUES (4269, 35, 367, 1, '290');
INSERT INTO recordings (recording_id, task_inst_id, file_path) VALUES (4269, 4269, 'recordings/eval_74_mod_2_task_4269.wav');
INSERT INTO task_instances (task_inst_id, task_id, module_inst_id, status, task_completing_time) VALUES (4270, 36, 367, 1, '57');
INSERT INTO recordings (recording_id, task_inst_id, file_path) VALUES (4270, 4270, 'recordings/eval_74_mod_2_task_4270.wav');
INSERT INTO task_instances (task_inst_id, task_id, module_inst_id, status, task_completing_time) VALUES (4271, 37, 367, 1, '250');
INSERT INTO recordings (recording_id, task_inst_id, file_path) VALUES (4271, 4271, 'recordings/eval_74_mod_2_task_4271.wav');
INSERT INTO module_instances (module_inst_id, module_id, evaluation_id, status) VALUES (368, 3, 74, 3);
INSERT INTO task_instances (task_inst_id, task_id, module_inst_id, status, task_completing_time) VALUES (4272, 38, 368, 1, '31');
INSERT INTO recordings (recording_id, task_inst_id, file_path) VALUES (4272, 4272, 'recordings/eval_74_mod_3_task_4272.wav');
INSERT INTO task_instances (task_inst_id, task_id, module_inst_id, status, task_completing_time) VALUES (4273, 39, 368, 1, '82');
INSERT INTO recordings (recording_id, task_inst_id, file_path) VALUES (4273, 4273, 'recordings/eval_74_mod_3_task_4273.wav');
INSERT INTO task_instances (task_inst_id, task_id, module_inst_id, status, task_completing_time) VALUES (4274, 40, 368, 1, '37');
INSERT INTO recordings (recording_id, task_inst_id, file_path) VALUES (4274, 4274, 'recordings/eval_74_mod_3_task_4274.wav');
INSERT INTO task_instances (task_inst_id, task_id, module_inst_id, status, task_completing_time) VALUES (4275, 41, 368, 1, '164');
INSERT INTO recordings (recording_id, task_inst_id, file_path) VALUES (4275, 4275, 'recordings/eval_74_mod_3_task_4275.wav');
INSERT INTO task_instances (task_inst_id, task_id, module_inst_id, status, task_completing_time) VALUES (4276, 42, 368, 1, '168');
INSERT INTO recordings (recording_id, task_inst_id, file_path) VALUES (4276, 4276, 'recordings/eval_74_mod_3_task_4276.wav');
INSERT INTO task_instances (task_inst_id, task_id, module_inst_id, status, task_completing_time) VALUES (4277, 43, 368, 1, '279');
INSERT INTO recordings (recording_id, task_inst_id, file_path) VALUES (4277, 4277, 'recordings/eval_74_mod_3_task_4277.wav');
INSERT INTO task_instances (task_inst_id, task_id, module_inst_id, status, task_completing_time) VALUES (4278, 44, 368, 1, '140');
INSERT INTO recordings (recording_id, task_inst_id, file_path) VALUES (4278, 4278, 'recordings/eval_74_mod_3_task_4278.wav');
INSERT INTO task_instances (task_inst_id, task_id, module_inst_id, status, task_completing_time) VALUES (4279, 45, 368, 1, '97');
INSERT INTO recordings (recording_id, task_inst_id, file_path) VALUES (4279, 4279, 'recordings/eval_74_mod_3_task_4279.wav');
INSERT INTO task_instances (task_inst_id, task_id, module_inst_id, status, task_completing_time) VALUES (4280, 46, 368, 1, '239');
INSERT INTO recordings (recording_id, task_inst_id, file_path) VALUES (4280, 4280, 'recordings/eval_74_mod_3_task_4280.wav');
INSERT INTO module_instances (module_inst_id, module_id, evaluation_id, status) VALUES (369, 4, 74, 3);
INSERT INTO task_instances (task_inst_id, task_id, module_inst_id, status, task_completing_time) VALUES (4281, 47, 369, 1, '31');
INSERT INTO recordings (recording_id, task_inst_id, file_path) VALUES (4281, 4281, 'recordings/eval_74_mod_4_task_4281.wav');
INSERT INTO task_instances (task_inst_id, task_id, module_inst_id, status, task_completing_time) VALUES (4282, 48, 369, 1, '53');
INSERT INTO recordings (recording_id, task_inst_id, file_path) VALUES (4282, 4282, 'recordings/eval_74_mod_4_task_4282.wav');
INSERT INTO task_instances (task_inst_id, task_id, module_inst_id, status, task_completing_time) VALUES (4283, 49, 369, 1, '275');
INSERT INTO recordings (recording_id, task_inst_id, file_path) VALUES (4283, 4283, 'recordings/eval_74_mod_4_task_4283.wav');
INSERT INTO task_instances (task_inst_id, task_id, module_inst_id, status, task_completing_time) VALUES (4284, 50, 369, 1, '240');
INSERT INTO recordings (recording_id, task_inst_id, file_path) VALUES (4284, 4284, 'recordings/eval_74_mod_4_task_4284.wav');
INSERT INTO task_instances (task_inst_id, task_id, module_inst_id, status, task_completing_time) VALUES (4285, 51, 369, 1, '251');
INSERT INTO recordings (recording_id, task_inst_id, file_path) VALUES (4285, 4285, 'recordings/eval_74_mod_4_task_4285.wav');
INSERT INTO task_instances (task_inst_id, task_id, module_inst_id, status, task_completing_time) VALUES (4286, 52, 369, 1, '60');
INSERT INTO recordings (recording_id, task_inst_id, file_path) VALUES (4286, 4286, 'recordings/eval_74_mod_4_task_4286.wav');
INSERT INTO task_instances (task_inst_id, task_id, module_inst_id, status, task_completing_time) VALUES (4287, 53, 369, 1, '264');
INSERT INTO recordings (recording_id, task_inst_id, file_path) VALUES (4287, 4287, 'recordings/eval_74_mod_4_task_4287.wav');
INSERT INTO task_instances (task_inst_id, task_id, module_inst_id, status, task_completing_time) VALUES (4288, 54, 369, 1, '238');
INSERT INTO recordings (recording_id, task_inst_id, file_path) VALUES (4288, 4288, 'recordings/eval_74_mod_4_task_4288.wav');
INSERT INTO task_instances (task_inst_id, task_id, module_inst_id, status, task_completing_time) VALUES (4289, 55, 369, 0, '201');
INSERT INTO recordings (recording_id, task_inst_id, file_path) VALUES (4289, 4289, 'recordings/eval_74_mod_4_task_4289.wav');
INSERT INTO task_instances (task_inst_id, task_id, module_inst_id, status, task_completing_time) VALUES (4290, 56, 369, 1, '7');
INSERT INTO recordings (recording_id, task_inst_id, file_path) VALUES (4290, 4290, 'recordings/eval_74_mod_4_task_4290.wav');
INSERT INTO module_instances (module_inst_id, module_id, evaluation_id, status) VALUES (370, 9001, 74, 3);
INSERT INTO task_instances (task_inst_id, task_id, module_inst_id, status, task_completing_time) VALUES (4291, 9001, 370, 1, '54');
INSERT INTO recordings (recording_id, task_inst_id, file_path) VALUES (4291, 4291, 'recordings/eval_74_mod_9001_task_4291.wav');
INSERT INTO task_instances (task_inst_id, task_id, module_inst_id, status, task_completing_time) VALUES (4292, 9002, 370, 1, '26');
INSERT INTO recordings (recording_id, task_inst_id, file_path) VALUES (4292, 4292, 'recordings/eval_74_mod_9001_task_4292.wav');
INSERT INTO participants (participant_id, name, surname, education_level, sex, birth_date, laterality) VALUES (75, 'stX4+96aLuyiei8Kh9wXCw==', 'vd/77MTgUIKheSwJhN8UCA==', 2, 1, '1941-02-28', 1);
INSERT INTO evaluations (evaluation_id, evaluation_date, evaluator_id, participant_id, status, language) VALUES (75, '2025-08-24 16:35:00', 9, 75, 2, 1);
INSERT INTO module_instances (module_inst_id, module_id, evaluation_id, status) VALUES (371, 1, 75, 2);
INSERT INTO task_instances (task_inst_id, task_id, module_inst_id, status, task_completing_time) VALUES (4293, 1, 371, 1, '19');
INSERT INTO recordings (recording_id, task_inst_id, file_path) VALUES (4293, 4293, 'recordings/eval_75_mod_1_task_4293.wav');
INSERT INTO task_instances (task_inst_id, task_id, module_inst_id, status, task_completing_time) VALUES (4294, 2, 371, 0, '187');
INSERT INTO recordings (recording_id, task_inst_id, file_path) VALUES (4294, 4294, 'recordings/eval_75_mod_1_task_4294.wav');
INSERT INTO task_instances (task_inst_id, task_id, module_inst_id, status, task_completing_time) VALUES (4295, 3, 371, 1, '229');
INSERT INTO recordings (recording_id, task_inst_id, file_path) VALUES (4295, 4295, 'recordings/eval_75_mod_1_task_4295.wav');
INSERT INTO task_instances (task_inst_id, task_id, module_inst_id, status, task_completing_time) VALUES (4296, 4, 371, 0, '181');
INSERT INTO recordings (recording_id, task_inst_id, file_path) VALUES (4296, 4296, 'recordings/eval_75_mod_1_task_4296.wav');
INSERT INTO task_instances (task_inst_id, task_id, module_inst_id, status, task_completing_time) VALUES (4297, 5, 371, 1, '59');
INSERT INTO recordings (recording_id, task_inst_id, file_path) VALUES (4297, 4297, 'recordings/eval_75_mod_1_task_4297.wav');
INSERT INTO task_instances (task_inst_id, task_id, module_inst_id, status, task_completing_time) VALUES (4298, 6, 371, 1, '203');
INSERT INTO recordings (recording_id, task_inst_id, file_path) VALUES (4298, 4298, 'recordings/eval_75_mod_1_task_4298.wav');
INSERT INTO task_instances (task_inst_id, task_id, module_inst_id, status, task_completing_time) VALUES (4299, 7, 371, 1, '54');
INSERT INTO recordings (recording_id, task_inst_id, file_path) VALUES (4299, 4299, 'recordings/eval_75_mod_1_task_4299.wav');
INSERT INTO task_instances (task_inst_id, task_id, module_inst_id, status, task_completing_time) VALUES (4300, 8, 371, 1, '153');
INSERT INTO recordings (recording_id, task_inst_id, file_path) VALUES (4300, 4300, 'recordings/eval_75_mod_1_task_4300.wav');
INSERT INTO task_instances (task_inst_id, task_id, module_inst_id, status, task_completing_time) VALUES (4301, 9, 371, 1, '21');
INSERT INTO recordings (recording_id, task_inst_id, file_path) VALUES (4301, 4301, 'recordings/eval_75_mod_1_task_4301.wav');
INSERT INTO task_instances (task_inst_id, task_id, module_inst_id, status, task_completing_time) VALUES (4302, 10, 371, 0, '60');
INSERT INTO recordings (recording_id, task_inst_id, file_path) VALUES (4302, 4302, 'recordings/eval_75_mod_1_task_4302.wav');
INSERT INTO module_instances (module_inst_id, module_id, evaluation_id, status) VALUES (372, 2, 75, 3);
INSERT INTO task_instances (task_inst_id, task_id, module_inst_id, status, task_completing_time) VALUES (4303, 11, 372, 0, '12');
INSERT INTO recordings (recording_id, task_inst_id, file_path) VALUES (4303, 4303, 'recordings/eval_75_mod_2_task_4303.wav');
INSERT INTO task_instances (task_inst_id, task_id, module_inst_id, status, task_completing_time) VALUES (4304, 12, 372, 0, '263');
INSERT INTO recordings (recording_id, task_inst_id, file_path) VALUES (4304, 4304, 'recordings/eval_75_mod_2_task_4304.wav');
INSERT INTO task_instances (task_inst_id, task_id, module_inst_id, status, task_completing_time) VALUES (4305, 13, 372, 0, '179');
INSERT INTO recordings (recording_id, task_inst_id, file_path) VALUES (4305, 4305, 'recordings/eval_75_mod_2_task_4305.wav');
INSERT INTO task_instances (task_inst_id, task_id, module_inst_id, status, task_completing_time) VALUES (4306, 14, 372, 1, '220');
INSERT INTO recordings (recording_id, task_inst_id, file_path) VALUES (4306, 4306, 'recordings/eval_75_mod_2_task_4306.wav');
INSERT INTO task_instances (task_inst_id, task_id, module_inst_id, status, task_completing_time) VALUES (4307, 15, 372, 1, '88');
INSERT INTO recordings (recording_id, task_inst_id, file_path) VALUES (4307, 4307, 'recordings/eval_75_mod_2_task_4307.wav');
INSERT INTO task_instances (task_inst_id, task_id, module_inst_id, status, task_completing_time) VALUES (4308, 16, 372, 1, '204');
INSERT INTO recordings (recording_id, task_inst_id, file_path) VALUES (4308, 4308, 'recordings/eval_75_mod_2_task_4308.wav');
INSERT INTO task_instances (task_inst_id, task_id, module_inst_id, status, task_completing_time) VALUES (4309, 17, 372, 1, '227');
INSERT INTO recordings (recording_id, task_inst_id, file_path) VALUES (4309, 4309, 'recordings/eval_75_mod_2_task_4309.wav');
INSERT INTO task_instances (task_inst_id, task_id, module_inst_id, status, task_completing_time) VALUES (4310, 18, 372, 1, '78');
INSERT INTO recordings (recording_id, task_inst_id, file_path) VALUES (4310, 4310, 'recordings/eval_75_mod_2_task_4310.wav');
INSERT INTO task_instances (task_inst_id, task_id, module_inst_id, status, task_completing_time) VALUES (4311, 19, 372, 0, '208');
INSERT INTO recordings (recording_id, task_inst_id, file_path) VALUES (4311, 4311, 'recordings/eval_75_mod_2_task_4311.wav');
INSERT INTO task_instances (task_inst_id, task_id, module_inst_id, status, task_completing_time) VALUES (4312, 20, 372, 1, '279');
INSERT INTO recordings (recording_id, task_inst_id, file_path) VALUES (4312, 4312, 'recordings/eval_75_mod_2_task_4312.wav');
INSERT INTO task_instances (task_inst_id, task_id, module_inst_id, status, task_completing_time) VALUES (4313, 21, 372, 1, '25');
INSERT INTO recordings (recording_id, task_inst_id, file_path) VALUES (4313, 4313, 'recordings/eval_75_mod_2_task_4313.wav');
INSERT INTO task_instances (task_inst_id, task_id, module_inst_id, status, task_completing_time) VALUES (4314, 22, 372, 1, '34');
INSERT INTO recordings (recording_id, task_inst_id, file_path) VALUES (4314, 4314, 'recordings/eval_75_mod_2_task_4314.wav');
INSERT INTO task_instances (task_inst_id, task_id, module_inst_id, status, task_completing_time) VALUES (4315, 23, 372, 1, '44');
INSERT INTO recordings (recording_id, task_inst_id, file_path) VALUES (4315, 4315, 'recordings/eval_75_mod_2_task_4315.wav');
INSERT INTO task_instances (task_inst_id, task_id, module_inst_id, status, task_completing_time) VALUES (4316, 24, 372, 1, '248');
INSERT INTO recordings (recording_id, task_inst_id, file_path) VALUES (4316, 4316, 'recordings/eval_75_mod_2_task_4316.wav');
INSERT INTO task_instances (task_inst_id, task_id, module_inst_id, status, task_completing_time) VALUES (4317, 25, 372, 1, '46');
INSERT INTO recordings (recording_id, task_inst_id, file_path) VALUES (4317, 4317, 'recordings/eval_75_mod_2_task_4317.wav');
INSERT INTO task_instances (task_inst_id, task_id, module_inst_id, status, task_completing_time) VALUES (4318, 26, 372, 1, '247');
INSERT INTO recordings (recording_id, task_inst_id, file_path) VALUES (4318, 4318, 'recordings/eval_75_mod_2_task_4318.wav');
INSERT INTO task_instances (task_inst_id, task_id, module_inst_id, status, task_completing_time) VALUES (4319, 27, 372, 1, '37');
INSERT INTO recordings (recording_id, task_inst_id, file_path) VALUES (4319, 4319, 'recordings/eval_75_mod_2_task_4319.wav');
INSERT INTO task_instances (task_inst_id, task_id, module_inst_id, status, task_completing_time) VALUES (4320, 28, 372, 0, '20');
INSERT INTO recordings (recording_id, task_inst_id, file_path) VALUES (4320, 4320, 'recordings/eval_75_mod_2_task_4320.wav');
INSERT INTO task_instances (task_inst_id, task_id, module_inst_id, status, task_completing_time) VALUES (4321, 29, 372, 1, '172');
INSERT INTO recordings (recording_id, task_inst_id, file_path) VALUES (4321, 4321, 'recordings/eval_75_mod_2_task_4321.wav');
INSERT INTO task_instances (task_inst_id, task_id, module_inst_id, status, task_completing_time) VALUES (4322, 30, 372, 1, '8');
INSERT INTO recordings (recording_id, task_inst_id, file_path) VALUES (4322, 4322, 'recordings/eval_75_mod_2_task_4322.wav');
INSERT INTO task_instances (task_inst_id, task_id, module_inst_id, status, task_completing_time) VALUES (4323, 31, 372, 1, '48');
INSERT INTO recordings (recording_id, task_inst_id, file_path) VALUES (4323, 4323, 'recordings/eval_75_mod_2_task_4323.wav');
INSERT INTO task_instances (task_inst_id, task_id, module_inst_id, status, task_completing_time) VALUES (4324, 32, 372, 1, '260');
INSERT INTO recordings (recording_id, task_inst_id, file_path) VALUES (4324, 4324, 'recordings/eval_75_mod_2_task_4324.wav');
INSERT INTO task_instances (task_inst_id, task_id, module_inst_id, status, task_completing_time) VALUES (4325, 33, 372, 1, '217');
INSERT INTO recordings (recording_id, task_inst_id, file_path) VALUES (4325, 4325, 'recordings/eval_75_mod_2_task_4325.wav');
INSERT INTO task_instances (task_inst_id, task_id, module_inst_id, status, task_completing_time) VALUES (4326, 34, 372, 1, '242');
INSERT INTO recordings (recording_id, task_inst_id, file_path) VALUES (4326, 4326, 'recordings/eval_75_mod_2_task_4326.wav');
INSERT INTO task_instances (task_inst_id, task_id, module_inst_id, status, task_completing_time) VALUES (4327, 35, 372, 1, '20');
INSERT INTO recordings (recording_id, task_inst_id, file_path) VALUES (4327, 4327, 'recordings/eval_75_mod_2_task_4327.wav');
INSERT INTO task_instances (task_inst_id, task_id, module_inst_id, status, task_completing_time) VALUES (4328, 36, 372, 1, '107');
INSERT INTO recordings (recording_id, task_inst_id, file_path) VALUES (4328, 4328, 'recordings/eval_75_mod_2_task_4328.wav');
INSERT INTO task_instances (task_inst_id, task_id, module_inst_id, status, task_completing_time) VALUES (4329, 37, 372, 0, '77');
INSERT INTO recordings (recording_id, task_inst_id, file_path) VALUES (4329, 4329, 'recordings/eval_75_mod_2_task_4329.wav');
INSERT INTO module_instances (module_inst_id, module_id, evaluation_id, status) VALUES (373, 3, 75, 3);
INSERT INTO task_instances (task_inst_id, task_id, module_inst_id, status, task_completing_time) VALUES (4330, 38, 373, 1, '35');
INSERT INTO recordings (recording_id, task_inst_id, file_path) VALUES (4330, 4330, 'recordings/eval_75_mod_3_task_4330.wav');
INSERT INTO task_instances (task_inst_id, task_id, module_inst_id, status, task_completing_time) VALUES (4331, 39, 373, 1, '282');
INSERT INTO recordings (recording_id, task_inst_id, file_path) VALUES (4331, 4331, 'recordings/eval_75_mod_3_task_4331.wav');
INSERT INTO task_instances (task_inst_id, task_id, module_inst_id, status, task_completing_time) VALUES (4332, 40, 373, 1, '91');
INSERT INTO recordings (recording_id, task_inst_id, file_path) VALUES (4332, 4332, 'recordings/eval_75_mod_3_task_4332.wav');
INSERT INTO task_instances (task_inst_id, task_id, module_inst_id, status, task_completing_time) VALUES (4333, 41, 373, 1, '217');
INSERT INTO recordings (recording_id, task_inst_id, file_path) VALUES (4333, 4333, 'recordings/eval_75_mod_3_task_4333.wav');
INSERT INTO task_instances (task_inst_id, task_id, module_inst_id, status, task_completing_time) VALUES (4334, 42, 373, 1, '169');
INSERT INTO recordings (recording_id, task_inst_id, file_path) VALUES (4334, 4334, 'recordings/eval_75_mod_3_task_4334.wav');
INSERT INTO task_instances (task_inst_id, task_id, module_inst_id, status, task_completing_time) VALUES (4335, 43, 373, 1, '154');
INSERT INTO recordings (recording_id, task_inst_id, file_path) VALUES (4335, 4335, 'recordings/eval_75_mod_3_task_4335.wav');
INSERT INTO task_instances (task_inst_id, task_id, module_inst_id, status, task_completing_time) VALUES (4336, 44, 373, 1, '152');
INSERT INTO recordings (recording_id, task_inst_id, file_path) VALUES (4336, 4336, 'recordings/eval_75_mod_3_task_4336.wav');
INSERT INTO task_instances (task_inst_id, task_id, module_inst_id, status, task_completing_time) VALUES (4337, 45, 373, 1, '111');
INSERT INTO recordings (recording_id, task_inst_id, file_path) VALUES (4337, 4337, 'recordings/eval_75_mod_3_task_4337.wav');
INSERT INTO task_instances (task_inst_id, task_id, module_inst_id, status, task_completing_time) VALUES (4338, 46, 373, 1, '228');
INSERT INTO recordings (recording_id, task_inst_id, file_path) VALUES (4338, 4338, 'recordings/eval_75_mod_3_task_4338.wav');
INSERT INTO module_instances (module_inst_id, module_id, evaluation_id, status) VALUES (374, 4, 75, 3);
INSERT INTO task_instances (task_inst_id, task_id, module_inst_id, status, task_completing_time) VALUES (4339, 47, 374, 1, '18');
INSERT INTO recordings (recording_id, task_inst_id, file_path) VALUES (4339, 4339, 'recordings/eval_75_mod_4_task_4339.wav');
INSERT INTO task_instances (task_inst_id, task_id, module_inst_id, status, task_completing_time) VALUES (4340, 48, 374, 1, '244');
INSERT INTO recordings (recording_id, task_inst_id, file_path) VALUES (4340, 4340, 'recordings/eval_75_mod_4_task_4340.wav');
INSERT INTO task_instances (task_inst_id, task_id, module_inst_id, status, task_completing_time) VALUES (4341, 49, 374, 0, '33');
INSERT INTO recordings (recording_id, task_inst_id, file_path) VALUES (4341, 4341, 'recordings/eval_75_mod_4_task_4341.wav');
INSERT INTO task_instances (task_inst_id, task_id, module_inst_id, status, task_completing_time) VALUES (4342, 50, 374, 0, '162');
INSERT INTO recordings (recording_id, task_inst_id, file_path) VALUES (4342, 4342, 'recordings/eval_75_mod_4_task_4342.wav');
INSERT INTO task_instances (task_inst_id, task_id, module_inst_id, status, task_completing_time) VALUES (4343, 51, 374, 1, '175');
INSERT INTO recordings (recording_id, task_inst_id, file_path) VALUES (4343, 4343, 'recordings/eval_75_mod_4_task_4343.wav');
INSERT INTO task_instances (task_inst_id, task_id, module_inst_id, status, task_completing_time) VALUES (4344, 52, 374, 1, '208');
INSERT INTO recordings (recording_id, task_inst_id, file_path) VALUES (4344, 4344, 'recordings/eval_75_mod_4_task_4344.wav');
INSERT INTO task_instances (task_inst_id, task_id, module_inst_id, status, task_completing_time) VALUES (4345, 53, 374, 1, '240');
INSERT INTO recordings (recording_id, task_inst_id, file_path) VALUES (4345, 4345, 'recordings/eval_75_mod_4_task_4345.wav');
INSERT INTO task_instances (task_inst_id, task_id, module_inst_id, status, task_completing_time) VALUES (4346, 54, 374, 0, '186');
INSERT INTO recordings (recording_id, task_inst_id, file_path) VALUES (4346, 4346, 'recordings/eval_75_mod_4_task_4346.wav');
INSERT INTO task_instances (task_inst_id, task_id, module_inst_id, status, task_completing_time) VALUES (4347, 55, 374, 1, '221');
INSERT INTO recordings (recording_id, task_inst_id, file_path) VALUES (4347, 4347, 'recordings/eval_75_mod_4_task_4347.wav');
INSERT INTO task_instances (task_inst_id, task_id, module_inst_id, status, task_completing_time) VALUES (4348, 56, 374, 1, '51');
INSERT INTO recordings (recording_id, task_inst_id, file_path) VALUES (4348, 4348, 'recordings/eval_75_mod_4_task_4348.wav');
INSERT INTO module_instances (module_inst_id, module_id, evaluation_id, status) VALUES (375, 9001, 75, 3);
INSERT INTO task_instances (task_inst_id, task_id, module_inst_id, status, task_completing_time) VALUES (4349, 9001, 375, 1, '21');
INSERT INTO recordings (recording_id, task_inst_id, file_path) VALUES (4349, 4349, 'recordings/eval_75_mod_9001_task_4349.wav');
INSERT INTO task_instances (task_inst_id, task_id, module_inst_id, status, task_completing_time) VALUES (4350, 9002, 375, 1, '227');
INSERT INTO recordings (recording_id, task_inst_id, file_path) VALUES (4350, 4350, 'recordings/eval_75_mod_9001_task_4350.wav');
INSERT INTO participants (participant_id, name, surname, education_level, sex, birth_date, laterality) VALUES (76, 'tcRVKMGCNICjey4Lht0WCg==', 'qdn6/9bgUIKheSwJhN8UCA==', 2, 1, '1948-11-09', 2);
INSERT INTO evaluations (evaluation_id, evaluation_date, evaluator_id, participant_id, status, language) VALUES (76, '2025-09-27 15:00:00', 9, 76, 2, 1);
INSERT INTO module_instances (module_inst_id, module_id, evaluation_id, status) VALUES (376, 1, 76, 3);
INSERT INTO task_instances (task_inst_id, task_id, module_inst_id, status, task_completing_time) VALUES (4351, 1, 376, 1, '49');
INSERT INTO recordings (recording_id, task_inst_id, file_path) VALUES (4351, 4351, 'recordings/eval_76_mod_1_task_4351.wav');
INSERT INTO task_instances (task_inst_id, task_id, module_inst_id, status, task_completing_time) VALUES (4352, 2, 376, 1, '217');
INSERT INTO recordings (recording_id, task_inst_id, file_path) VALUES (4352, 4352, 'recordings/eval_76_mod_1_task_4352.wav');
INSERT INTO task_instances (task_inst_id, task_id, module_inst_id, status, task_completing_time) VALUES (4353, 3, 376, 0, '163');
INSERT INTO recordings (recording_id, task_inst_id, file_path) VALUES (4353, 4353, 'recordings/eval_76_mod_1_task_4353.wav');
INSERT INTO task_instances (task_inst_id, task_id, module_inst_id, status, task_completing_time) VALUES (4354, 4, 376, 1, '81');
INSERT INTO recordings (recording_id, task_inst_id, file_path) VALUES (4354, 4354, 'recordings/eval_76_mod_1_task_4354.wav');
INSERT INTO task_instances (task_inst_id, task_id, module_inst_id, status, task_completing_time) VALUES (4355, 5, 376, 1, '177');
INSERT INTO recordings (recording_id, task_inst_id, file_path) VALUES (4355, 4355, 'recordings/eval_76_mod_1_task_4355.wav');
INSERT INTO task_instances (task_inst_id, task_id, module_inst_id, status, task_completing_time) VALUES (4356, 6, 376, 1, '261');
INSERT INTO recordings (recording_id, task_inst_id, file_path) VALUES (4356, 4356, 'recordings/eval_76_mod_1_task_4356.wav');
INSERT INTO task_instances (task_inst_id, task_id, module_inst_id, status, task_completing_time) VALUES (4357, 7, 376, 1, '137');
INSERT INTO recordings (recording_id, task_inst_id, file_path) VALUES (4357, 4357, 'recordings/eval_76_mod_1_task_4357.wav');
INSERT INTO task_instances (task_inst_id, task_id, module_inst_id, status, task_completing_time) VALUES (4358, 8, 376, 1, '238');
INSERT INTO recordings (recording_id, task_inst_id, file_path) VALUES (4358, 4358, 'recordings/eval_76_mod_1_task_4358.wav');
INSERT INTO task_instances (task_inst_id, task_id, module_inst_id, status, task_completing_time) VALUES (4359, 9, 376, 1, '43');
INSERT INTO recordings (recording_id, task_inst_id, file_path) VALUES (4359, 4359, 'recordings/eval_76_mod_1_task_4359.wav');
INSERT INTO task_instances (task_inst_id, task_id, module_inst_id, status, task_completing_time) VALUES (4360, 10, 376, 0, '20');
INSERT INTO recordings (recording_id, task_inst_id, file_path) VALUES (4360, 4360, 'recordings/eval_76_mod_1_task_4360.wav');
INSERT INTO module_instances (module_inst_id, module_id, evaluation_id, status) VALUES (377, 2, 76, 3);
INSERT INTO task_instances (task_inst_id, task_id, module_inst_id, status, task_completing_time) VALUES (4361, 11, 377, 1, '32');
INSERT INTO recordings (recording_id, task_inst_id, file_path) VALUES (4361, 4361, 'recordings/eval_76_mod_2_task_4361.wav');
INSERT INTO task_instances (task_inst_id, task_id, module_inst_id, status, task_completing_time) VALUES (4362, 12, 377, 1, '199');
INSERT INTO recordings (recording_id, task_inst_id, file_path) VALUES (4362, 4362, 'recordings/eval_76_mod_2_task_4362.wav');
INSERT INTO task_instances (task_inst_id, task_id, module_inst_id, status, task_completing_time) VALUES (4363, 13, 377, 1, '271');
INSERT INTO recordings (recording_id, task_inst_id, file_path) VALUES (4363, 4363, 'recordings/eval_76_mod_2_task_4363.wav');
INSERT INTO task_instances (task_inst_id, task_id, module_inst_id, status, task_completing_time) VALUES (4364, 14, 377, 1, '120');
INSERT INTO recordings (recording_id, task_inst_id, file_path) VALUES (4364, 4364, 'recordings/eval_76_mod_2_task_4364.wav');
INSERT INTO task_instances (task_inst_id, task_id, module_inst_id, status, task_completing_time) VALUES (4365, 15, 377, 1, '265');
INSERT INTO recordings (recording_id, task_inst_id, file_path) VALUES (4365, 4365, 'recordings/eval_76_mod_2_task_4365.wav');
INSERT INTO task_instances (task_inst_id, task_id, module_inst_id, status, task_completing_time) VALUES (4366, 16, 377, 1, '270');
INSERT INTO recordings (recording_id, task_inst_id, file_path) VALUES (4366, 4366, 'recordings/eval_76_mod_2_task_4366.wav');
INSERT INTO task_instances (task_inst_id, task_id, module_inst_id, status, task_completing_time) VALUES (4367, 17, 377, 1, '229');
INSERT INTO recordings (recording_id, task_inst_id, file_path) VALUES (4367, 4367, 'recordings/eval_76_mod_2_task_4367.wav');
INSERT INTO task_instances (task_inst_id, task_id, module_inst_id, status, task_completing_time) VALUES (4368, 18, 377, 1, '58');
INSERT INTO recordings (recording_id, task_inst_id, file_path) VALUES (4368, 4368, 'recordings/eval_76_mod_2_task_4368.wav');
INSERT INTO task_instances (task_inst_id, task_id, module_inst_id, status, task_completing_time) VALUES (4369, 19, 377, 1, '272');
INSERT INTO recordings (recording_id, task_inst_id, file_path) VALUES (4369, 4369, 'recordings/eval_76_mod_2_task_4369.wav');
INSERT INTO task_instances (task_inst_id, task_id, module_inst_id, status, task_completing_time) VALUES (4370, 20, 377, 1, '164');
INSERT INTO recordings (recording_id, task_inst_id, file_path) VALUES (4370, 4370, 'recordings/eval_76_mod_2_task_4370.wav');
INSERT INTO task_instances (task_inst_id, task_id, module_inst_id, status, task_completing_time) VALUES (4371, 21, 377, 1, '36');
INSERT INTO recordings (recording_id, task_inst_id, file_path) VALUES (4371, 4371, 'recordings/eval_76_mod_2_task_4371.wav');
INSERT INTO task_instances (task_inst_id, task_id, module_inst_id, status, task_completing_time) VALUES (4372, 22, 377, 1, '102');
INSERT INTO recordings (recording_id, task_inst_id, file_path) VALUES (4372, 4372, 'recordings/eval_76_mod_2_task_4372.wav');
INSERT INTO task_instances (task_inst_id, task_id, module_inst_id, status, task_completing_time) VALUES (4373, 23, 377, 1, '10');
INSERT INTO recordings (recording_id, task_inst_id, file_path) VALUES (4373, 4373, 'recordings/eval_76_mod_2_task_4373.wav');
INSERT INTO task_instances (task_inst_id, task_id, module_inst_id, status, task_completing_time) VALUES (4374, 24, 377, 0, '242');
INSERT INTO recordings (recording_id, task_inst_id, file_path) VALUES (4374, 4374, 'recordings/eval_76_mod_2_task_4374.wav');
INSERT INTO task_instances (task_inst_id, task_id, module_inst_id, status, task_completing_time) VALUES (4375, 25, 377, 1, '23');
INSERT INTO recordings (recording_id, task_inst_id, file_path) VALUES (4375, 4375, 'recordings/eval_76_mod_2_task_4375.wav');
INSERT INTO task_instances (task_inst_id, task_id, module_inst_id, status, task_completing_time) VALUES (4376, 26, 377, 1, '184');
INSERT INTO recordings (recording_id, task_inst_id, file_path) VALUES (4376, 4376, 'recordings/eval_76_mod_2_task_4376.wav');
INSERT INTO task_instances (task_inst_id, task_id, module_inst_id, status, task_completing_time) VALUES (4377, 27, 377, 1, '162');
INSERT INTO recordings (recording_id, task_inst_id, file_path) VALUES (4377, 4377, 'recordings/eval_76_mod_2_task_4377.wav');
INSERT INTO task_instances (task_inst_id, task_id, module_inst_id, status, task_completing_time) VALUES (4378, 28, 377, 1, '78');
INSERT INTO recordings (recording_id, task_inst_id, file_path) VALUES (4378, 4378, 'recordings/eval_76_mod_2_task_4378.wav');
INSERT INTO task_instances (task_inst_id, task_id, module_inst_id, status, task_completing_time) VALUES (4379, 29, 377, 0, '96');
INSERT INTO recordings (recording_id, task_inst_id, file_path) VALUES (4379, 4379, 'recordings/eval_76_mod_2_task_4379.wav');
INSERT INTO task_instances (task_inst_id, task_id, module_inst_id, status, task_completing_time) VALUES (4380, 30, 377, 1, '42');
INSERT INTO recordings (recording_id, task_inst_id, file_path) VALUES (4380, 4380, 'recordings/eval_76_mod_2_task_4380.wav');
INSERT INTO task_instances (task_inst_id, task_id, module_inst_id, status, task_completing_time) VALUES (4381, 31, 377, 1, '20');
INSERT INTO recordings (recording_id, task_inst_id, file_path) VALUES (4381, 4381, 'recordings/eval_76_mod_2_task_4381.wav');
INSERT INTO task_instances (task_inst_id, task_id, module_inst_id, status, task_completing_time) VALUES (4382, 32, 377, 1, '64');
INSERT INTO recordings (recording_id, task_inst_id, file_path) VALUES (4382, 4382, 'recordings/eval_76_mod_2_task_4382.wav');
INSERT INTO task_instances (task_inst_id, task_id, module_inst_id, status, task_completing_time) VALUES (4383, 33, 377, 1, '67');
INSERT INTO recordings (recording_id, task_inst_id, file_path) VALUES (4383, 4383, 'recordings/eval_76_mod_2_task_4383.wav');
INSERT INTO task_instances (task_inst_id, task_id, module_inst_id, status, task_completing_time) VALUES (4384, 34, 377, 1, '191');
INSERT INTO recordings (recording_id, task_inst_id, file_path) VALUES (4384, 4384, 'recordings/eval_76_mod_2_task_4384.wav');
INSERT INTO task_instances (task_inst_id, task_id, module_inst_id, status, task_completing_time) VALUES (4385, 35, 377, 0, '213');
INSERT INTO recordings (recording_id, task_inst_id, file_path) VALUES (4385, 4385, 'recordings/eval_76_mod_2_task_4385.wav');
INSERT INTO task_instances (task_inst_id, task_id, module_inst_id, status, task_completing_time) VALUES (4386, 36, 377, 1, '42');
INSERT INTO recordings (recording_id, task_inst_id, file_path) VALUES (4386, 4386, 'recordings/eval_76_mod_2_task_4386.wav');
INSERT INTO task_instances (task_inst_id, task_id, module_inst_id, status, task_completing_time) VALUES (4387, 37, 377, 1, '219');
INSERT INTO recordings (recording_id, task_inst_id, file_path) VALUES (4387, 4387, 'recordings/eval_76_mod_2_task_4387.wav');
INSERT INTO module_instances (module_inst_id, module_id, evaluation_id, status) VALUES (378, 3, 76, 2);
INSERT INTO task_instances (task_inst_id, task_id, module_inst_id, status, task_completing_time) VALUES (4388, 38, 378, 1, '24');
INSERT INTO recordings (recording_id, task_inst_id, file_path) VALUES (4388, 4388, 'recordings/eval_76_mod_3_task_4388.wav');
INSERT INTO task_instances (task_inst_id, task_id, module_inst_id, status, task_completing_time) VALUES (4389, 39, 378, 0, '69');
INSERT INTO recordings (recording_id, task_inst_id, file_path) VALUES (4389, 4389, 'recordings/eval_76_mod_3_task_4389.wav');
INSERT INTO task_instances (task_inst_id, task_id, module_inst_id, status, task_completing_time) VALUES (4390, 40, 378, 1, '139');
INSERT INTO recordings (recording_id, task_inst_id, file_path) VALUES (4390, 4390, 'recordings/eval_76_mod_3_task_4390.wav');
INSERT INTO task_instances (task_inst_id, task_id, module_inst_id, status, task_completing_time) VALUES (4391, 41, 378, 0, '281');
INSERT INTO recordings (recording_id, task_inst_id, file_path) VALUES (4391, 4391, 'recordings/eval_76_mod_3_task_4391.wav');
INSERT INTO task_instances (task_inst_id, task_id, module_inst_id, status, task_completing_time) VALUES (4392, 42, 378, 1, '259');
INSERT INTO recordings (recording_id, task_inst_id, file_path) VALUES (4392, 4392, 'recordings/eval_76_mod_3_task_4392.wav');
INSERT INTO task_instances (task_inst_id, task_id, module_inst_id, status, task_completing_time) VALUES (4393, 43, 378, 0, '153');
INSERT INTO recordings (recording_id, task_inst_id, file_path) VALUES (4393, 4393, 'recordings/eval_76_mod_3_task_4393.wav');
INSERT INTO task_instances (task_inst_id, task_id, module_inst_id, status, task_completing_time) VALUES (4394, 44, 378, 1, '220');
INSERT INTO recordings (recording_id, task_inst_id, file_path) VALUES (4394, 4394, 'recordings/eval_76_mod_3_task_4394.wav');
INSERT INTO task_instances (task_inst_id, task_id, module_inst_id, status, task_completing_time) VALUES (4395, 45, 378, 1, '150');
INSERT INTO recordings (recording_id, task_inst_id, file_path) VALUES (4395, 4395, 'recordings/eval_76_mod_3_task_4395.wav');
INSERT INTO task_instances (task_inst_id, task_id, module_inst_id, status, task_completing_time) VALUES (4396, 46, 378, 1, '117');
INSERT INTO recordings (recording_id, task_inst_id, file_path) VALUES (4396, 4396, 'recordings/eval_76_mod_3_task_4396.wav');
INSERT INTO module_instances (module_inst_id, module_id, evaluation_id, status) VALUES (379, 4, 76, 3);
INSERT INTO task_instances (task_inst_id, task_id, module_inst_id, status, task_completing_time) VALUES (4397, 47, 379, 1, '19');
INSERT INTO recordings (recording_id, task_inst_id, file_path) VALUES (4397, 4397, 'recordings/eval_76_mod_4_task_4397.wav');
INSERT INTO task_instances (task_inst_id, task_id, module_inst_id, status, task_completing_time) VALUES (4398, 48, 379, 1, '289');
INSERT INTO recordings (recording_id, task_inst_id, file_path) VALUES (4398, 4398, 'recordings/eval_76_mod_4_task_4398.wav');
INSERT INTO task_instances (task_inst_id, task_id, module_inst_id, status, task_completing_time) VALUES (4399, 49, 379, 1, '134');
INSERT INTO recordings (recording_id, task_inst_id, file_path) VALUES (4399, 4399, 'recordings/eval_76_mod_4_task_4399.wav');
INSERT INTO task_instances (task_inst_id, task_id, module_inst_id, status, task_completing_time) VALUES (4400, 50, 379, 0, '207');
INSERT INTO recordings (recording_id, task_inst_id, file_path) VALUES (4400, 4400, 'recordings/eval_76_mod_4_task_4400.wav');
INSERT INTO task_instances (task_inst_id, task_id, module_inst_id, status, task_completing_time) VALUES (4401, 51, 379, 0, '211');
INSERT INTO recordings (recording_id, task_inst_id, file_path) VALUES (4401, 4401, 'recordings/eval_76_mod_4_task_4401.wav');
INSERT INTO task_instances (task_inst_id, task_id, module_inst_id, status, task_completing_time) VALUES (4402, 52, 379, 1, '208');
INSERT INTO recordings (recording_id, task_inst_id, file_path) VALUES (4402, 4402, 'recordings/eval_76_mod_4_task_4402.wav');
INSERT INTO task_instances (task_inst_id, task_id, module_inst_id, status, task_completing_time) VALUES (4403, 53, 379, 1, '230');
INSERT INTO recordings (recording_id, task_inst_id, file_path) VALUES (4403, 4403, 'recordings/eval_76_mod_4_task_4403.wav');
INSERT INTO task_instances (task_inst_id, task_id, module_inst_id, status, task_completing_time) VALUES (4404, 54, 379, 1, '263');
INSERT INTO recordings (recording_id, task_inst_id, file_path) VALUES (4404, 4404, 'recordings/eval_76_mod_4_task_4404.wav');
INSERT INTO task_instances (task_inst_id, task_id, module_inst_id, status, task_completing_time) VALUES (4405, 55, 379, 1, '90');
INSERT INTO recordings (recording_id, task_inst_id, file_path) VALUES (4405, 4405, 'recordings/eval_76_mod_4_task_4405.wav');
INSERT INTO task_instances (task_inst_id, task_id, module_inst_id, status, task_completing_time) VALUES (4406, 56, 379, 0, '17');
INSERT INTO recordings (recording_id, task_inst_id, file_path) VALUES (4406, 4406, 'recordings/eval_76_mod_4_task_4406.wav');
INSERT INTO module_instances (module_inst_id, module_id, evaluation_id, status) VALUES (380, 9001, 76, 3);
INSERT INTO task_instances (task_inst_id, task_id, module_inst_id, status, task_completing_time) VALUES (4407, 9001, 380, 0, '23');
INSERT INTO recordings (recording_id, task_inst_id, file_path) VALUES (4407, 4407, 'recordings/eval_76_mod_9001_task_4407.wav');
INSERT INTO task_instances (task_inst_id, task_id, module_inst_id, status, task_completing_time) VALUES (4408, 9002, 380, 1, '103');
INSERT INTO recordings (recording_id, task_inst_id, file_path) VALUES (4408, 4408, 'recordings/eval_76_mod_9001_task_4408.wav');
INSERT INTO participants (participant_id, name, surname, education_level, sex, birth_date, laterality) VALUES (77, 'tcRVKMGCNICjey4Lht0WCg==', 'qtXk7N6ZOoCjey4Lht0WCg==', 4, 2, '1978-09-15', 1);
INSERT INTO evaluations (evaluation_id, evaluation_date, evaluator_id, participant_id, status, language) VALUES (77, '2025-09-14 15:33:00', 10, 77, 3, 1);
INSERT INTO module_instances (module_inst_id, module_id, evaluation_id, status) VALUES (381, 1, 77, 3);
INSERT INTO task_instances (task_inst_id, task_id, module_inst_id, status, task_completing_time) VALUES (4409, 1, 381, 1, '37');
INSERT INTO recordings (recording_id, task_inst_id, file_path) VALUES (4409, 4409, 'recordings/eval_77_mod_1_task_4409.wav');
INSERT INTO task_instances (task_inst_id, task_id, module_inst_id, status, task_completing_time) VALUES (4410, 2, 381, 1, '274');
INSERT INTO recordings (recording_id, task_inst_id, file_path) VALUES (4410, 4410, 'recordings/eval_77_mod_1_task_4410.wav');
INSERT INTO task_instances (task_inst_id, task_id, module_inst_id, status, task_completing_time) VALUES (4411, 3, 381, 0, '71');
INSERT INTO recordings (recording_id, task_inst_id, file_path) VALUES (4411, 4411, 'recordings/eval_77_mod_1_task_4411.wav');
INSERT INTO task_instances (task_inst_id, task_id, module_inst_id, status, task_completing_time) VALUES (4412, 4, 381, 0, '147');
INSERT INTO recordings (recording_id, task_inst_id, file_path) VALUES (4412, 4412, 'recordings/eval_77_mod_1_task_4412.wav');
INSERT INTO task_instances (task_inst_id, task_id, module_inst_id, status, task_completing_time) VALUES (4413, 5, 381, 1, '208');
INSERT INTO recordings (recording_id, task_inst_id, file_path) VALUES (4413, 4413, 'recordings/eval_77_mod_1_task_4413.wav');
INSERT INTO task_instances (task_inst_id, task_id, module_inst_id, status, task_completing_time) VALUES (4414, 6, 381, 1, '254');
INSERT INTO recordings (recording_id, task_inst_id, file_path) VALUES (4414, 4414, 'recordings/eval_77_mod_1_task_4414.wav');
INSERT INTO task_instances (task_inst_id, task_id, module_inst_id, status, task_completing_time) VALUES (4415, 7, 381, 1, '196');
INSERT INTO recordings (recording_id, task_inst_id, file_path) VALUES (4415, 4415, 'recordings/eval_77_mod_1_task_4415.wav');
INSERT INTO task_instances (task_inst_id, task_id, module_inst_id, status, task_completing_time) VALUES (4416, 8, 381, 1, '95');
INSERT INTO recordings (recording_id, task_inst_id, file_path) VALUES (4416, 4416, 'recordings/eval_77_mod_1_task_4416.wav');
INSERT INTO task_instances (task_inst_id, task_id, module_inst_id, status, task_completing_time) VALUES (4417, 9, 381, 1, '191');
INSERT INTO recordings (recording_id, task_inst_id, file_path) VALUES (4417, 4417, 'recordings/eval_77_mod_1_task_4417.wav');
INSERT INTO task_instances (task_inst_id, task_id, module_inst_id, status, task_completing_time) VALUES (4418, 10, 381, 1, '144');
INSERT INTO recordings (recording_id, task_inst_id, file_path) VALUES (4418, 4418, 'recordings/eval_77_mod_1_task_4418.wav');
INSERT INTO module_instances (module_inst_id, module_id, evaluation_id, status) VALUES (382, 2, 77, 3);
INSERT INTO task_instances (task_inst_id, task_id, module_inst_id, status, task_completing_time) VALUES (4419, 11, 382, 1, '19');
INSERT INTO recordings (recording_id, task_inst_id, file_path) VALUES (4419, 4419, 'recordings/eval_77_mod_2_task_4419.wav');
INSERT INTO task_instances (task_inst_id, task_id, module_inst_id, status, task_completing_time) VALUES (4420, 12, 382, 1, '158');
INSERT INTO recordings (recording_id, task_inst_id, file_path) VALUES (4420, 4420, 'recordings/eval_77_mod_2_task_4420.wav');
INSERT INTO task_instances (task_inst_id, task_id, module_inst_id, status, task_completing_time) VALUES (4421, 13, 382, 1, '215');
INSERT INTO recordings (recording_id, task_inst_id, file_path) VALUES (4421, 4421, 'recordings/eval_77_mod_2_task_4421.wav');
INSERT INTO task_instances (task_inst_id, task_id, module_inst_id, status, task_completing_time) VALUES (4422, 14, 382, 1, '105');
INSERT INTO recordings (recording_id, task_inst_id, file_path) VALUES (4422, 4422, 'recordings/eval_77_mod_2_task_4422.wav');
INSERT INTO task_instances (task_inst_id, task_id, module_inst_id, status, task_completing_time) VALUES (4423, 15, 382, 1, '49');
INSERT INTO recordings (recording_id, task_inst_id, file_path) VALUES (4423, 4423, 'recordings/eval_77_mod_2_task_4423.wav');
INSERT INTO task_instances (task_inst_id, task_id, module_inst_id, status, task_completing_time) VALUES (4424, 16, 382, 0, '142');
INSERT INTO recordings (recording_id, task_inst_id, file_path) VALUES (4424, 4424, 'recordings/eval_77_mod_2_task_4424.wav');
INSERT INTO task_instances (task_inst_id, task_id, module_inst_id, status, task_completing_time) VALUES (4425, 17, 382, 1, '216');
INSERT INTO recordings (recording_id, task_inst_id, file_path) VALUES (4425, 4425, 'recordings/eval_77_mod_2_task_4425.wav');
INSERT INTO task_instances (task_inst_id, task_id, module_inst_id, status, task_completing_time) VALUES (4426, 18, 382, 1, '78');
INSERT INTO recordings (recording_id, task_inst_id, file_path) VALUES (4426, 4426, 'recordings/eval_77_mod_2_task_4426.wav');
INSERT INTO task_instances (task_inst_id, task_id, module_inst_id, status, task_completing_time) VALUES (4427, 19, 382, 1, '28');
INSERT INTO recordings (recording_id, task_inst_id, file_path) VALUES (4427, 4427, 'recordings/eval_77_mod_2_task_4427.wav');
INSERT INTO task_instances (task_inst_id, task_id, module_inst_id, status, task_completing_time) VALUES (4428, 20, 382, 0, '47');
INSERT INTO recordings (recording_id, task_inst_id, file_path) VALUES (4428, 4428, 'recordings/eval_77_mod_2_task_4428.wav');
INSERT INTO task_instances (task_inst_id, task_id, module_inst_id, status, task_completing_time) VALUES (4429, 21, 382, 1, '32');
INSERT INTO recordings (recording_id, task_inst_id, file_path) VALUES (4429, 4429, 'recordings/eval_77_mod_2_task_4429.wav');
INSERT INTO task_instances (task_inst_id, task_id, module_inst_id, status, task_completing_time) VALUES (4430, 22, 382, 1, '259');
INSERT INTO recordings (recording_id, task_inst_id, file_path) VALUES (4430, 4430, 'recordings/eval_77_mod_2_task_4430.wav');
INSERT INTO task_instances (task_inst_id, task_id, module_inst_id, status, task_completing_time) VALUES (4431, 23, 382, 1, '9');
INSERT INTO recordings (recording_id, task_inst_id, file_path) VALUES (4431, 4431, 'recordings/eval_77_mod_2_task_4431.wav');
INSERT INTO task_instances (task_inst_id, task_id, module_inst_id, status, task_completing_time) VALUES (4432, 24, 382, 1, '211');
INSERT INTO recordings (recording_id, task_inst_id, file_path) VALUES (4432, 4432, 'recordings/eval_77_mod_2_task_4432.wav');
INSERT INTO task_instances (task_inst_id, task_id, module_inst_id, status, task_completing_time) VALUES (4433, 25, 382, 1, '59');
INSERT INTO recordings (recording_id, task_inst_id, file_path) VALUES (4433, 4433, 'recordings/eval_77_mod_2_task_4433.wav');
INSERT INTO task_instances (task_inst_id, task_id, module_inst_id, status, task_completing_time) VALUES (4434, 26, 382, 1, '61');
INSERT INTO recordings (recording_id, task_inst_id, file_path) VALUES (4434, 4434, 'recordings/eval_77_mod_2_task_4434.wav');
INSERT INTO task_instances (task_inst_id, task_id, module_inst_id, status, task_completing_time) VALUES (4435, 27, 382, 1, '192');
INSERT INTO recordings (recording_id, task_inst_id, file_path) VALUES (4435, 4435, 'recordings/eval_77_mod_2_task_4435.wav');
INSERT INTO task_instances (task_inst_id, task_id, module_inst_id, status, task_completing_time) VALUES (4436, 28, 382, 0, '230');
INSERT INTO recordings (recording_id, task_inst_id, file_path) VALUES (4436, 4436, 'recordings/eval_77_mod_2_task_4436.wav');
INSERT INTO task_instances (task_inst_id, task_id, module_inst_id, status, task_completing_time) VALUES (4437, 29, 382, 1, '271');
INSERT INTO recordings (recording_id, task_inst_id, file_path) VALUES (4437, 4437, 'recordings/eval_77_mod_2_task_4437.wav');
INSERT INTO task_instances (task_inst_id, task_id, module_inst_id, status, task_completing_time) VALUES (4438, 30, 382, 1, '55');
INSERT INTO recordings (recording_id, task_inst_id, file_path) VALUES (4438, 4438, 'recordings/eval_77_mod_2_task_4438.wav');
INSERT INTO task_instances (task_inst_id, task_id, module_inst_id, status, task_completing_time) VALUES (4439, 31, 382, 1, '294');
INSERT INTO recordings (recording_id, task_inst_id, file_path) VALUES (4439, 4439, 'recordings/eval_77_mod_2_task_4439.wav');
INSERT INTO task_instances (task_inst_id, task_id, module_inst_id, status, task_completing_time) VALUES (4440, 32, 382, 1, '205');
INSERT INTO recordings (recording_id, task_inst_id, file_path) VALUES (4440, 4440, 'recordings/eval_77_mod_2_task_4440.wav');
INSERT INTO task_instances (task_inst_id, task_id, module_inst_id, status, task_completing_time) VALUES (4441, 33, 382, 0, '201');
INSERT INTO recordings (recording_id, task_inst_id, file_path) VALUES (4441, 4441, 'recordings/eval_77_mod_2_task_4441.wav');
INSERT INTO task_instances (task_inst_id, task_id, module_inst_id, status, task_completing_time) VALUES (4442, 34, 382, 1, '254');
INSERT INTO recordings (recording_id, task_inst_id, file_path) VALUES (4442, 4442, 'recordings/eval_77_mod_2_task_4442.wav');
INSERT INTO task_instances (task_inst_id, task_id, module_inst_id, status, task_completing_time) VALUES (4443, 35, 382, 1, '71');
INSERT INTO recordings (recording_id, task_inst_id, file_path) VALUES (4443, 4443, 'recordings/eval_77_mod_2_task_4443.wav');
INSERT INTO task_instances (task_inst_id, task_id, module_inst_id, status, task_completing_time) VALUES (4444, 36, 382, 1, '202');
INSERT INTO recordings (recording_id, task_inst_id, file_path) VALUES (4444, 4444, 'recordings/eval_77_mod_2_task_4444.wav');
INSERT INTO task_instances (task_inst_id, task_id, module_inst_id, status, task_completing_time) VALUES (4445, 37, 382, 1, '265');
INSERT INTO recordings (recording_id, task_inst_id, file_path) VALUES (4445, 4445, 'recordings/eval_77_mod_2_task_4445.wav');
INSERT INTO module_instances (module_inst_id, module_id, evaluation_id, status) VALUES (383, 3, 77, 2);
INSERT INTO task_instances (task_inst_id, task_id, module_inst_id, status, task_completing_time) VALUES (4446, 38, 383, 1, '28');
INSERT INTO recordings (recording_id, task_inst_id, file_path) VALUES (4446, 4446, 'recordings/eval_77_mod_3_task_4446.wav');
INSERT INTO task_instances (task_inst_id, task_id, module_inst_id, status, task_completing_time) VALUES (4447, 39, 383, 1, '243');
INSERT INTO recordings (recording_id, task_inst_id, file_path) VALUES (4447, 4447, 'recordings/eval_77_mod_3_task_4447.wav');
INSERT INTO task_instances (task_inst_id, task_id, module_inst_id, status, task_completing_time) VALUES (4448, 40, 383, 1, '69');
INSERT INTO recordings (recording_id, task_inst_id, file_path) VALUES (4448, 4448, 'recordings/eval_77_mod_3_task_4448.wav');
INSERT INTO task_instances (task_inst_id, task_id, module_inst_id, status, task_completing_time) VALUES (4449, 41, 383, 1, '268');
INSERT INTO recordings (recording_id, task_inst_id, file_path) VALUES (4449, 4449, 'recordings/eval_77_mod_3_task_4449.wav');
INSERT INTO task_instances (task_inst_id, task_id, module_inst_id, status, task_completing_time) VALUES (4450, 42, 383, 1, '94');
INSERT INTO recordings (recording_id, task_inst_id, file_path) VALUES (4450, 4450, 'recordings/eval_77_mod_3_task_4450.wav');
INSERT INTO task_instances (task_inst_id, task_id, module_inst_id, status, task_completing_time) VALUES (4451, 43, 383, 1, '266');
INSERT INTO recordings (recording_id, task_inst_id, file_path) VALUES (4451, 4451, 'recordings/eval_77_mod_3_task_4451.wav');
INSERT INTO task_instances (task_inst_id, task_id, module_inst_id, status, task_completing_time) VALUES (4452, 44, 383, 1, '267');
INSERT INTO recordings (recording_id, task_inst_id, file_path) VALUES (4452, 4452, 'recordings/eval_77_mod_3_task_4452.wav');
INSERT INTO task_instances (task_inst_id, task_id, module_inst_id, status, task_completing_time) VALUES (4453, 45, 383, 0, '57');
INSERT INTO recordings (recording_id, task_inst_id, file_path) VALUES (4453, 4453, 'recordings/eval_77_mod_3_task_4453.wav');
INSERT INTO task_instances (task_inst_id, task_id, module_inst_id, status, task_completing_time) VALUES (4454, 46, 383, 1, '284');
INSERT INTO recordings (recording_id, task_inst_id, file_path) VALUES (4454, 4454, 'recordings/eval_77_mod_3_task_4454.wav');
INSERT INTO module_instances (module_inst_id, module_id, evaluation_id, status) VALUES (384, 4, 77, 1);
INSERT INTO task_instances (task_inst_id, task_id, module_inst_id, status, task_completing_time) VALUES (4455, 47, 384, 1, '57');
INSERT INTO recordings (recording_id, task_inst_id, file_path) VALUES (4455, 4455, 'recordings/eval_77_mod_4_task_4455.wav');
INSERT INTO task_instances (task_inst_id, task_id, module_inst_id, status, task_completing_time) VALUES (4456, 48, 384, 1, '208');
INSERT INTO recordings (recording_id, task_inst_id, file_path) VALUES (4456, 4456, 'recordings/eval_77_mod_4_task_4456.wav');
INSERT INTO task_instances (task_inst_id, task_id, module_inst_id, status, task_completing_time) VALUES (4457, 49, 384, 1, '299');
INSERT INTO recordings (recording_id, task_inst_id, file_path) VALUES (4457, 4457, 'recordings/eval_77_mod_4_task_4457.wav');
INSERT INTO task_instances (task_inst_id, task_id, module_inst_id, status, task_completing_time) VALUES (4458, 50, 384, 1, '256');
INSERT INTO recordings (recording_id, task_inst_id, file_path) VALUES (4458, 4458, 'recordings/eval_77_mod_4_task_4458.wav');
INSERT INTO task_instances (task_inst_id, task_id, module_inst_id, status, task_completing_time) VALUES (4459, 51, 384, 1, '141');
INSERT INTO recordings (recording_id, task_inst_id, file_path) VALUES (4459, 4459, 'recordings/eval_77_mod_4_task_4459.wav');
INSERT INTO task_instances (task_inst_id, task_id, module_inst_id, status, task_completing_time) VALUES (4460, 52, 384, 0, '126');
INSERT INTO recordings (recording_id, task_inst_id, file_path) VALUES (4460, 4460, 'recordings/eval_77_mod_4_task_4460.wav');
INSERT INTO task_instances (task_inst_id, task_id, module_inst_id, status, task_completing_time) VALUES (4461, 53, 384, 1, '193');
INSERT INTO recordings (recording_id, task_inst_id, file_path) VALUES (4461, 4461, 'recordings/eval_77_mod_4_task_4461.wav');
INSERT INTO task_instances (task_inst_id, task_id, module_inst_id, status, task_completing_time) VALUES (4462, 54, 384, 1, '299');
INSERT INTO recordings (recording_id, task_inst_id, file_path) VALUES (4462, 4462, 'recordings/eval_77_mod_4_task_4462.wav');
INSERT INTO task_instances (task_inst_id, task_id, module_inst_id, status, task_completing_time) VALUES (4463, 55, 384, 1, '136');
INSERT INTO recordings (recording_id, task_inst_id, file_path) VALUES (4463, 4463, 'recordings/eval_77_mod_4_task_4463.wav');
INSERT INTO task_instances (task_inst_id, task_id, module_inst_id, status, task_completing_time) VALUES (4464, 56, 384, 1, '13');
INSERT INTO recordings (recording_id, task_inst_id, file_path) VALUES (4464, 4464, 'recordings/eval_77_mod_4_task_4464.wav');
INSERT INTO module_instances (module_inst_id, module_id, evaluation_id, status) VALUES (385, 9001, 77, 3);
INSERT INTO task_instances (task_inst_id, task_id, module_inst_id, status, task_completing_time) VALUES (4465, 9001, 385, 1, '59');
INSERT INTO recordings (recording_id, task_inst_id, file_path) VALUES (4465, 4465, 'recordings/eval_77_mod_9001_task_4465.wav');
INSERT INTO task_instances (task_inst_id, task_id, module_inst_id, status, task_completing_time) VALUES (4466, 9002, 385, 0, '197');
INSERT INTO recordings (recording_id, task_inst_id, file_path) VALUES (4466, 4466, 'recordings/eval_77_mod_9001_task_4466.wav');
INSERT INTO participants (participant_id, name, surname, education_level, sex, birth_date, laterality) VALUES (78, 't9Hk4NmKUYOgeC0Ihd4VCQ==', 'u9z77N6POoCjey4Lht0WCg==', 2, 2, '1949-04-15', 2);
INSERT INTO evaluations (evaluation_id, evaluation_date, evaluator_id, participant_id, status, language) VALUES (78, '2025-09-16 12:31:00', 10, 78, 3, 1);
INSERT INTO module_instances (module_inst_id, module_id, evaluation_id, status) VALUES (386, 1, 78, 3);
INSERT INTO task_instances (task_inst_id, task_id, module_inst_id, status, task_completing_time) VALUES (4467, 1, 386, 1, '40');
INSERT INTO recordings (recording_id, task_inst_id, file_path) VALUES (4467, 4467, 'recordings/eval_78_mod_1_task_4467.wav');
INSERT INTO task_instances (task_inst_id, task_id, module_inst_id, status, task_completing_time) VALUES (4468, 2, 386, 1, '257');
INSERT INTO recordings (recording_id, task_inst_id, file_path) VALUES (4468, 4468, 'recordings/eval_78_mod_1_task_4468.wav');
INSERT INTO task_instances (task_inst_id, task_id, module_inst_id, status, task_completing_time) VALUES (4469, 3, 386, 1, '57');
INSERT INTO recordings (recording_id, task_inst_id, file_path) VALUES (4469, 4469, 'recordings/eval_78_mod_1_task_4469.wav');
INSERT INTO task_instances (task_inst_id, task_id, module_inst_id, status, task_completing_time) VALUES (4470, 4, 386, 0, '72');
INSERT INTO recordings (recording_id, task_inst_id, file_path) VALUES (4470, 4470, 'recordings/eval_78_mod_1_task_4470.wav');
INSERT INTO task_instances (task_inst_id, task_id, module_inst_id, status, task_completing_time) VALUES (4471, 5, 386, 1, '160');
INSERT INTO recordings (recording_id, task_inst_id, file_path) VALUES (4471, 4471, 'recordings/eval_78_mod_1_task_4471.wav');
INSERT INTO task_instances (task_inst_id, task_id, module_inst_id, status, task_completing_time) VALUES (4472, 6, 386, 1, '257');
INSERT INTO recordings (recording_id, task_inst_id, file_path) VALUES (4472, 4472, 'recordings/eval_78_mod_1_task_4472.wav');
INSERT INTO task_instances (task_inst_id, task_id, module_inst_id, status, task_completing_time) VALUES (4473, 7, 386, 0, '223');
INSERT INTO recordings (recording_id, task_inst_id, file_path) VALUES (4473, 4473, 'recordings/eval_78_mod_1_task_4473.wav');
INSERT INTO task_instances (task_inst_id, task_id, module_inst_id, status, task_completing_time) VALUES (4474, 8, 386, 1, '117');
INSERT INTO recordings (recording_id, task_inst_id, file_path) VALUES (4474, 4474, 'recordings/eval_78_mod_1_task_4474.wav');
INSERT INTO task_instances (task_inst_id, task_id, module_inst_id, status, task_completing_time) VALUES (4475, 9, 386, 1, '42');
INSERT INTO recordings (recording_id, task_inst_id, file_path) VALUES (4475, 4475, 'recordings/eval_78_mod_1_task_4475.wav');
INSERT INTO task_instances (task_inst_id, task_id, module_inst_id, status, task_completing_time) VALUES (4476, 10, 386, 1, '153');
INSERT INTO recordings (recording_id, task_inst_id, file_path) VALUES (4476, 4476, 'recordings/eval_78_mod_1_task_4476.wav');
INSERT INTO module_instances (module_inst_id, module_id, evaluation_id, status) VALUES (387, 2, 78, 3);
INSERT INTO task_instances (task_inst_id, task_id, module_inst_id, status, task_completing_time) VALUES (4477, 11, 387, 1, '31');
INSERT INTO recordings (recording_id, task_inst_id, file_path) VALUES (4477, 4477, 'recordings/eval_78_mod_2_task_4477.wav');
INSERT INTO task_instances (task_inst_id, task_id, module_inst_id, status, task_completing_time) VALUES (4478, 12, 387, 1, '292');
INSERT INTO recordings (recording_id, task_inst_id, file_path) VALUES (4478, 4478, 'recordings/eval_78_mod_2_task_4478.wav');
INSERT INTO task_instances (task_inst_id, task_id, module_inst_id, status, task_completing_time) VALUES (4479, 13, 387, 1, '237');
INSERT INTO recordings (recording_id, task_inst_id, file_path) VALUES (4479, 4479, 'recordings/eval_78_mod_2_task_4479.wav');
INSERT INTO task_instances (task_inst_id, task_id, module_inst_id, status, task_completing_time) VALUES (4480, 14, 387, 1, '66');
INSERT INTO recordings (recording_id, task_inst_id, file_path) VALUES (4480, 4480, 'recordings/eval_78_mod_2_task_4480.wav');
INSERT INTO task_instances (task_inst_id, task_id, module_inst_id, status, task_completing_time) VALUES (4481, 15, 387, 1, '212');
INSERT INTO recordings (recording_id, task_inst_id, file_path) VALUES (4481, 4481, 'recordings/eval_78_mod_2_task_4481.wav');
INSERT INTO task_instances (task_inst_id, task_id, module_inst_id, status, task_completing_time) VALUES (4482, 16, 387, 1, '199');
INSERT INTO recordings (recording_id, task_inst_id, file_path) VALUES (4482, 4482, 'recordings/eval_78_mod_2_task_4482.wav');
INSERT INTO task_instances (task_inst_id, task_id, module_inst_id, status, task_completing_time) VALUES (4483, 17, 387, 0, '124');
INSERT INTO recordings (recording_id, task_inst_id, file_path) VALUES (4483, 4483, 'recordings/eval_78_mod_2_task_4483.wav');
INSERT INTO task_instances (task_inst_id, task_id, module_inst_id, status, task_completing_time) VALUES (4484, 18, 387, 1, '229');
INSERT INTO recordings (recording_id, task_inst_id, file_path) VALUES (4484, 4484, 'recordings/eval_78_mod_2_task_4484.wav');
INSERT INTO task_instances (task_inst_id, task_id, module_inst_id, status, task_completing_time) VALUES (4485, 19, 387, 1, '92');
INSERT INTO recordings (recording_id, task_inst_id, file_path) VALUES (4485, 4485, 'recordings/eval_78_mod_2_task_4485.wav');
INSERT INTO task_instances (task_inst_id, task_id, module_inst_id, status, task_completing_time) VALUES (4486, 20, 387, 1, '187');
INSERT INTO recordings (recording_id, task_inst_id, file_path) VALUES (4486, 4486, 'recordings/eval_78_mod_2_task_4486.wav');
INSERT INTO task_instances (task_inst_id, task_id, module_inst_id, status, task_completing_time) VALUES (4487, 21, 387, 1, '39');
INSERT INTO recordings (recording_id, task_inst_id, file_path) VALUES (4487, 4487, 'recordings/eval_78_mod_2_task_4487.wav');
INSERT INTO task_instances (task_inst_id, task_id, module_inst_id, status, task_completing_time) VALUES (4488, 22, 387, 1, '276');
INSERT INTO recordings (recording_id, task_inst_id, file_path) VALUES (4488, 4488, 'recordings/eval_78_mod_2_task_4488.wav');
INSERT INTO task_instances (task_inst_id, task_id, module_inst_id, status, task_completing_time) VALUES (4489, 23, 387, 1, '25');
INSERT INTO recordings (recording_id, task_inst_id, file_path) VALUES (4489, 4489, 'recordings/eval_78_mod_2_task_4489.wav');
INSERT INTO task_instances (task_inst_id, task_id, module_inst_id, status, task_completing_time) VALUES (4490, 24, 387, 1, '267');
INSERT INTO recordings (recording_id, task_inst_id, file_path) VALUES (4490, 4490, 'recordings/eval_78_mod_2_task_4490.wav');
INSERT INTO task_instances (task_inst_id, task_id, module_inst_id, status, task_completing_time) VALUES (4491, 25, 387, 0, '59');
INSERT INTO recordings (recording_id, task_inst_id, file_path) VALUES (4491, 4491, 'recordings/eval_78_mod_2_task_4491.wav');
INSERT INTO task_instances (task_inst_id, task_id, module_inst_id, status, task_completing_time) VALUES (4492, 26, 387, 1, '154');
INSERT INTO recordings (recording_id, task_inst_id, file_path) VALUES (4492, 4492, 'recordings/eval_78_mod_2_task_4492.wav');
INSERT INTO task_instances (task_inst_id, task_id, module_inst_id, status, task_completing_time) VALUES (4493, 27, 387, 1, '125');
INSERT INTO recordings (recording_id, task_inst_id, file_path) VALUES (4493, 4493, 'recordings/eval_78_mod_2_task_4493.wav');
INSERT INTO task_instances (task_inst_id, task_id, module_inst_id, status, task_completing_time) VALUES (4494, 28, 387, 0, '201');
INSERT INTO recordings (recording_id, task_inst_id, file_path) VALUES (4494, 4494, 'recordings/eval_78_mod_2_task_4494.wav');
INSERT INTO task_instances (task_inst_id, task_id, module_inst_id, status, task_completing_time) VALUES (4495, 29, 387, 1, '122');
INSERT INTO recordings (recording_id, task_inst_id, file_path) VALUES (4495, 4495, 'recordings/eval_78_mod_2_task_4495.wav');
INSERT INTO task_instances (task_inst_id, task_id, module_inst_id, status, task_completing_time) VALUES (4496, 30, 387, 0, '39');
INSERT INTO recordings (recording_id, task_inst_id, file_path) VALUES (4496, 4496, 'recordings/eval_78_mod_2_task_4496.wav');
INSERT INTO task_instances (task_inst_id, task_id, module_inst_id, status, task_completing_time) VALUES (4497, 31, 387, 0, '268');
INSERT INTO recordings (recording_id, task_inst_id, file_path) VALUES (4497, 4497, 'recordings/eval_78_mod_2_task_4497.wav');
INSERT INTO task_instances (task_inst_id, task_id, module_inst_id, status, task_completing_time) VALUES (4498, 32, 387, 1, '233');
INSERT INTO recordings (recording_id, task_inst_id, file_path) VALUES (4498, 4498, 'recordings/eval_78_mod_2_task_4498.wav');
INSERT INTO task_instances (task_inst_id, task_id, module_inst_id, status, task_completing_time) VALUES (4499, 33, 387, 1, '237');
INSERT INTO recordings (recording_id, task_inst_id, file_path) VALUES (4499, 4499, 'recordings/eval_78_mod_2_task_4499.wav');
INSERT INTO task_instances (task_inst_id, task_id, module_inst_id, status, task_completing_time) VALUES (4500, 34, 387, 0, '212');
INSERT INTO recordings (recording_id, task_inst_id, file_path) VALUES (4500, 4500, 'recordings/eval_78_mod_2_task_4500.wav');
INSERT INTO task_instances (task_inst_id, task_id, module_inst_id, status, task_completing_time) VALUES (4501, 35, 387, 1, '81');
INSERT INTO recordings (recording_id, task_inst_id, file_path) VALUES (4501, 4501, 'recordings/eval_78_mod_2_task_4501.wav');
INSERT INTO task_instances (task_inst_id, task_id, module_inst_id, status, task_completing_time) VALUES (4502, 36, 387, 0, '51');
INSERT INTO recordings (recording_id, task_inst_id, file_path) VALUES (4502, 4502, 'recordings/eval_78_mod_2_task_4502.wav');
INSERT INTO task_instances (task_inst_id, task_id, module_inst_id, status, task_completing_time) VALUES (4503, 37, 387, 1, '165');
INSERT INTO recordings (recording_id, task_inst_id, file_path) VALUES (4503, 4503, 'recordings/eval_78_mod_2_task_4503.wav');
INSERT INTO module_instances (module_inst_id, module_id, evaluation_id, status) VALUES (388, 3, 78, 3);
INSERT INTO task_instances (task_inst_id, task_id, module_inst_id, status, task_completing_time) VALUES (4504, 38, 388, 0, '55');
INSERT INTO recordings (recording_id, task_inst_id, file_path) VALUES (4504, 4504, 'recordings/eval_78_mod_3_task_4504.wav');
INSERT INTO task_instances (task_inst_id, task_id, module_inst_id, status, task_completing_time) VALUES (4505, 39, 388, 1, '248');
INSERT INTO recordings (recording_id, task_inst_id, file_path) VALUES (4505, 4505, 'recordings/eval_78_mod_3_task_4505.wav');
INSERT INTO task_instances (task_inst_id, task_id, module_inst_id, status, task_completing_time) VALUES (4506, 40, 388, 1, '244');
INSERT INTO recordings (recording_id, task_inst_id, file_path) VALUES (4506, 4506, 'recordings/eval_78_mod_3_task_4506.wav');
INSERT INTO task_instances (task_inst_id, task_id, module_inst_id, status, task_completing_time) VALUES (4507, 41, 388, 0, '151');
INSERT INTO recordings (recording_id, task_inst_id, file_path) VALUES (4507, 4507, 'recordings/eval_78_mod_3_task_4507.wav');
INSERT INTO task_instances (task_inst_id, task_id, module_inst_id, status, task_completing_time) VALUES (4508, 42, 388, 1, '126');
INSERT INTO recordings (recording_id, task_inst_id, file_path) VALUES (4508, 4508, 'recordings/eval_78_mod_3_task_4508.wav');
INSERT INTO task_instances (task_inst_id, task_id, module_inst_id, status, task_completing_time) VALUES (4509, 43, 388, 1, '67');
INSERT INTO recordings (recording_id, task_inst_id, file_path) VALUES (4509, 4509, 'recordings/eval_78_mod_3_task_4509.wav');
INSERT INTO task_instances (task_inst_id, task_id, module_inst_id, status, task_completing_time) VALUES (4510, 44, 388, 1, '74');
INSERT INTO recordings (recording_id, task_inst_id, file_path) VALUES (4510, 4510, 'recordings/eval_78_mod_3_task_4510.wav');
INSERT INTO task_instances (task_inst_id, task_id, module_inst_id, status, task_completing_time) VALUES (4511, 45, 388, 0, '270');
INSERT INTO recordings (recording_id, task_inst_id, file_path) VALUES (4511, 4511, 'recordings/eval_78_mod_3_task_4511.wav');
INSERT INTO task_instances (task_inst_id, task_id, module_inst_id, status, task_completing_time) VALUES (4512, 46, 388, 1, '293');
INSERT INTO recordings (recording_id, task_inst_id, file_path) VALUES (4512, 4512, 'recordings/eval_78_mod_3_task_4512.wav');
INSERT INTO module_instances (module_inst_id, module_id, evaluation_id, status) VALUES (389, 4, 78, 1);
INSERT INTO task_instances (task_inst_id, task_id, module_inst_id, status, task_completing_time) VALUES (4513, 47, 389, 0, '26');
INSERT INTO recordings (recording_id, task_inst_id, file_path) VALUES (4513, 4513, 'recordings/eval_78_mod_4_task_4513.wav');
INSERT INTO task_instances (task_inst_id, task_id, module_inst_id, status, task_completing_time) VALUES (4514, 48, 389, 1, '132');
INSERT INTO recordings (recording_id, task_inst_id, file_path) VALUES (4514, 4514, 'recordings/eval_78_mod_4_task_4514.wav');
INSERT INTO task_instances (task_inst_id, task_id, module_inst_id, status, task_completing_time) VALUES (4515, 49, 389, 1, '104');
INSERT INTO recordings (recording_id, task_inst_id, file_path) VALUES (4515, 4515, 'recordings/eval_78_mod_4_task_4515.wav');
INSERT INTO task_instances (task_inst_id, task_id, module_inst_id, status, task_completing_time) VALUES (4516, 50, 389, 1, '46');
INSERT INTO recordings (recording_id, task_inst_id, file_path) VALUES (4516, 4516, 'recordings/eval_78_mod_4_task_4516.wav');
INSERT INTO task_instances (task_inst_id, task_id, module_inst_id, status, task_completing_time) VALUES (4517, 51, 389, 0, '282');
INSERT INTO recordings (recording_id, task_inst_id, file_path) VALUES (4517, 4517, 'recordings/eval_78_mod_4_task_4517.wav');
INSERT INTO task_instances (task_inst_id, task_id, module_inst_id, status, task_completing_time) VALUES (4518, 52, 389, 1, '85');
INSERT INTO recordings (recording_id, task_inst_id, file_path) VALUES (4518, 4518, 'recordings/eval_78_mod_4_task_4518.wav');
INSERT INTO task_instances (task_inst_id, task_id, module_inst_id, status, task_completing_time) VALUES (4519, 53, 389, 1, '187');
INSERT INTO recordings (recording_id, task_inst_id, file_path) VALUES (4519, 4519, 'recordings/eval_78_mod_4_task_4519.wav');
INSERT INTO task_instances (task_inst_id, task_id, module_inst_id, status, task_completing_time) VALUES (4520, 54, 389, 1, '129');
INSERT INTO recordings (recording_id, task_inst_id, file_path) VALUES (4520, 4520, 'recordings/eval_78_mod_4_task_4520.wav');
INSERT INTO task_instances (task_inst_id, task_id, module_inst_id, status, task_completing_time) VALUES (4521, 55, 389, 1, '297');
INSERT INTO recordings (recording_id, task_inst_id, file_path) VALUES (4521, 4521, 'recordings/eval_78_mod_4_task_4521.wav');
INSERT INTO task_instances (task_inst_id, task_id, module_inst_id, status, task_completing_time) VALUES (4522, 56, 389, 1, '41');
INSERT INTO recordings (recording_id, task_inst_id, file_path) VALUES (4522, 4522, 'recordings/eval_78_mod_4_task_4522.wav');
INSERT INTO module_instances (module_inst_id, module_id, evaluation_id, status) VALUES (390, 9001, 78, 3);
INSERT INTO task_instances (task_inst_id, task_id, module_inst_id, status, task_completing_time) VALUES (4523, 9001, 390, 1, '59');
INSERT INTO recordings (recording_id, task_inst_id, file_path) VALUES (4523, 4523, 'recordings/eval_78_mod_9001_task_4523.wav');
INSERT INTO task_instances (task_inst_id, task_id, module_inst_id, status, task_completing_time) VALUES (4524, 9002, 390, 1, '193');
INSERT INTO recordings (recording_id, task_inst_id, file_path) VALUES (4524, 4524, 'recordings/eval_78_mod_9001_task_4524.wav');
INSERT INTO participants (participant_id, name, surname, education_level, sex, birth_date, laterality) VALUES (79, 'tcRVKMGCNICjey4Lht0WCg==', 'tdz//9KCKeiiei8Kh9wXCw==', 5, 1, '1951-01-09', 1);
INSERT INTO evaluations (evaluation_id, evaluation_date, evaluator_id, participant_id, status, language) VALUES (79, '2025-10-01 12:17:00', 10, 79, 3, 2);
INSERT INTO module_instances (module_inst_id, module_id, evaluation_id, status) VALUES (391, 1, 79, 3);
INSERT INTO task_instances (task_inst_id, task_id, module_inst_id, status, task_completing_time) VALUES (4525, 1, 391, 0, '22');
INSERT INTO recordings (recording_id, task_inst_id, file_path) VALUES (4525, 4525, 'recordings/eval_79_mod_1_task_4525.wav');
INSERT INTO task_instances (task_inst_id, task_id, module_inst_id, status, task_completing_time) VALUES (4526, 2, 391, 1, '264');
INSERT INTO recordings (recording_id, task_inst_id, file_path) VALUES (4526, 4526, 'recordings/eval_79_mod_1_task_4526.wav');
INSERT INTO task_instances (task_inst_id, task_id, module_inst_id, status, task_completing_time) VALUES (4527, 3, 391, 1, '230');
INSERT INTO recordings (recording_id, task_inst_id, file_path) VALUES (4527, 4527, 'recordings/eval_79_mod_1_task_4527.wav');
INSERT INTO task_instances (task_inst_id, task_id, module_inst_id, status, task_completing_time) VALUES (4528, 4, 391, 1, '207');
INSERT INTO recordings (recording_id, task_inst_id, file_path) VALUES (4528, 4528, 'recordings/eval_79_mod_1_task_4528.wav');
INSERT INTO task_instances (task_inst_id, task_id, module_inst_id, status, task_completing_time) VALUES (4529, 5, 391, 1, '261');
INSERT INTO recordings (recording_id, task_inst_id, file_path) VALUES (4529, 4529, 'recordings/eval_79_mod_1_task_4529.wav');
INSERT INTO task_instances (task_inst_id, task_id, module_inst_id, status, task_completing_time) VALUES (4530, 6, 391, 1, '206');
INSERT INTO recordings (recording_id, task_inst_id, file_path) VALUES (4530, 4530, 'recordings/eval_79_mod_1_task_4530.wav');
INSERT INTO task_instances (task_inst_id, task_id, module_inst_id, status, task_completing_time) VALUES (4531, 7, 391, 1, '243');
INSERT INTO recordings (recording_id, task_inst_id, file_path) VALUES (4531, 4531, 'recordings/eval_79_mod_1_task_4531.wav');
INSERT INTO task_instances (task_inst_id, task_id, module_inst_id, status, task_completing_time) VALUES (4532, 8, 391, 1, '101');
INSERT INTO recordings (recording_id, task_inst_id, file_path) VALUES (4532, 4532, 'recordings/eval_79_mod_1_task_4532.wav');
INSERT INTO task_instances (task_inst_id, task_id, module_inst_id, status, task_completing_time) VALUES (4533, 9, 391, 1, '285');
INSERT INTO recordings (recording_id, task_inst_id, file_path) VALUES (4533, 4533, 'recordings/eval_79_mod_1_task_4533.wav');
INSERT INTO task_instances (task_inst_id, task_id, module_inst_id, status, task_completing_time) VALUES (4534, 10, 391, 0, '98');
INSERT INTO recordings (recording_id, task_inst_id, file_path) VALUES (4534, 4534, 'recordings/eval_79_mod_1_task_4534.wav');
INSERT INTO module_instances (module_inst_id, module_id, evaluation_id, status) VALUES (392, 2, 79, 3);
INSERT INTO task_instances (task_inst_id, task_id, module_inst_id, status, task_completing_time) VALUES (4535, 11, 392, 1, '12');
INSERT INTO recordings (recording_id, task_inst_id, file_path) VALUES (4535, 4535, 'recordings/eval_79_mod_2_task_4535.wav');
INSERT INTO task_instances (task_inst_id, task_id, module_inst_id, status, task_completing_time) VALUES (4536, 12, 392, 1, '190');
INSERT INTO recordings (recording_id, task_inst_id, file_path) VALUES (4536, 4536, 'recordings/eval_79_mod_2_task_4536.wav');
INSERT INTO task_instances (task_inst_id, task_id, module_inst_id, status, task_completing_time) VALUES (4537, 13, 392, 0, '283');
INSERT INTO recordings (recording_id, task_inst_id, file_path) VALUES (4537, 4537, 'recordings/eval_79_mod_2_task_4537.wav');
INSERT INTO task_instances (task_inst_id, task_id, module_inst_id, status, task_completing_time) VALUES (4538, 14, 392, 1, '256');
INSERT INTO recordings (recording_id, task_inst_id, file_path) VALUES (4538, 4538, 'recordings/eval_79_mod_2_task_4538.wav');
INSERT INTO task_instances (task_inst_id, task_id, module_inst_id, status, task_completing_time) VALUES (4539, 15, 392, 1, '265');
INSERT INTO recordings (recording_id, task_inst_id, file_path) VALUES (4539, 4539, 'recordings/eval_79_mod_2_task_4539.wav');
INSERT INTO task_instances (task_inst_id, task_id, module_inst_id, status, task_completing_time) VALUES (4540, 16, 392, 1, '81');
INSERT INTO recordings (recording_id, task_inst_id, file_path) VALUES (4540, 4540, 'recordings/eval_79_mod_2_task_4540.wav');
INSERT INTO task_instances (task_inst_id, task_id, module_inst_id, status, task_completing_time) VALUES (4541, 17, 392, 1, '244');
INSERT INTO recordings (recording_id, task_inst_id, file_path) VALUES (4541, 4541, 'recordings/eval_79_mod_2_task_4541.wav');
INSERT INTO task_instances (task_inst_id, task_id, module_inst_id, status, task_completing_time) VALUES (4542, 18, 392, 1, '25');
INSERT INTO recordings (recording_id, task_inst_id, file_path) VALUES (4542, 4542, 'recordings/eval_79_mod_2_task_4542.wav');
INSERT INTO task_instances (task_inst_id, task_id, module_inst_id, status, task_completing_time) VALUES (4543, 19, 392, 1, '44');
INSERT INTO recordings (recording_id, task_inst_id, file_path) VALUES (4543, 4543, 'recordings/eval_79_mod_2_task_4543.wav');
INSERT INTO task_instances (task_inst_id, task_id, module_inst_id, status, task_completing_time) VALUES (4544, 20, 392, 0, '200');
INSERT INTO recordings (recording_id, task_inst_id, file_path) VALUES (4544, 4544, 'recordings/eval_79_mod_2_task_4544.wav');
INSERT INTO task_instances (task_inst_id, task_id, module_inst_id, status, task_completing_time) VALUES (4545, 21, 392, 1, '30');
INSERT INTO recordings (recording_id, task_inst_id, file_path) VALUES (4545, 4545, 'recordings/eval_79_mod_2_task_4545.wav');
INSERT INTO task_instances (task_inst_id, task_id, module_inst_id, status, task_completing_time) VALUES (4546, 22, 392, 1, '211');
INSERT INTO recordings (recording_id, task_inst_id, file_path) VALUES (4546, 4546, 'recordings/eval_79_mod_2_task_4546.wav');
INSERT INTO task_instances (task_inst_id, task_id, module_inst_id, status, task_completing_time) VALUES (4547, 23, 392, 1, '55');
INSERT INTO recordings (recording_id, task_inst_id, file_path) VALUES (4547, 4547, 'recordings/eval_79_mod_2_task_4547.wav');
INSERT INTO task_instances (task_inst_id, task_id, module_inst_id, status, task_completing_time) VALUES (4548, 24, 392, 1, '71');
INSERT INTO recordings (recording_id, task_inst_id, file_path) VALUES (4548, 4548, 'recordings/eval_79_mod_2_task_4548.wav');
INSERT INTO task_instances (task_inst_id, task_id, module_inst_id, status, task_completing_time) VALUES (4549, 25, 392, 1, '43');
INSERT INTO recordings (recording_id, task_inst_id, file_path) VALUES (4549, 4549, 'recordings/eval_79_mod_2_task_4549.wav');
INSERT INTO task_instances (task_inst_id, task_id, module_inst_id, status, task_completing_time) VALUES (4550, 26, 392, 1, '217');
INSERT INTO recordings (recording_id, task_inst_id, file_path) VALUES (4550, 4550, 'recordings/eval_79_mod_2_task_4550.wav');
INSERT INTO task_instances (task_inst_id, task_id, module_inst_id, status, task_completing_time) VALUES (4551, 27, 392, 0, '223');
INSERT INTO recordings (recording_id, task_inst_id, file_path) VALUES (4551, 4551, 'recordings/eval_79_mod_2_task_4551.wav');
INSERT INTO task_instances (task_inst_id, task_id, module_inst_id, status, task_completing_time) VALUES (4552, 28, 392, 1, '277');
INSERT INTO recordings (recording_id, task_inst_id, file_path) VALUES (4552, 4552, 'recordings/eval_79_mod_2_task_4552.wav');
INSERT INTO task_instances (task_inst_id, task_id, module_inst_id, status, task_completing_time) VALUES (4553, 29, 392, 1, '66');
INSERT INTO recordings (recording_id, task_inst_id, file_path) VALUES (4553, 4553, 'recordings/eval_79_mod_2_task_4553.wav');
INSERT INTO task_instances (task_inst_id, task_id, module_inst_id, status, task_completing_time) VALUES (4554, 30, 392, 1, '22');
INSERT INTO recordings (recording_id, task_inst_id, file_path) VALUES (4554, 4554, 'recordings/eval_79_mod_2_task_4554.wav');
INSERT INTO task_instances (task_inst_id, task_id, module_inst_id, status, task_completing_time) VALUES (4555, 31, 392, 1, '173');
INSERT INTO recordings (recording_id, task_inst_id, file_path) VALUES (4555, 4555, 'recordings/eval_79_mod_2_task_4555.wav');
INSERT INTO task_instances (task_inst_id, task_id, module_inst_id, status, task_completing_time) VALUES (4556, 32, 392, 1, '143');
INSERT INTO recordings (recording_id, task_inst_id, file_path) VALUES (4556, 4556, 'recordings/eval_79_mod_2_task_4556.wav');
INSERT INTO task_instances (task_inst_id, task_id, module_inst_id, status, task_completing_time) VALUES (4557, 33, 392, 1, '247');
INSERT INTO recordings (recording_id, task_inst_id, file_path) VALUES (4557, 4557, 'recordings/eval_79_mod_2_task_4557.wav');
INSERT INTO task_instances (task_inst_id, task_id, module_inst_id, status, task_completing_time) VALUES (4558, 34, 392, 0, '241');
INSERT INTO recordings (recording_id, task_inst_id, file_path) VALUES (4558, 4558, 'recordings/eval_79_mod_2_task_4558.wav');
INSERT INTO task_instances (task_inst_id, task_id, module_inst_id, status, task_completing_time) VALUES (4559, 35, 392, 0, '68');
INSERT INTO recordings (recording_id, task_inst_id, file_path) VALUES (4559, 4559, 'recordings/eval_79_mod_2_task_4559.wav');
INSERT INTO task_instances (task_inst_id, task_id, module_inst_id, status, task_completing_time) VALUES (4560, 36, 392, 1, '238');
INSERT INTO recordings (recording_id, task_inst_id, file_path) VALUES (4560, 4560, 'recordings/eval_79_mod_2_task_4560.wav');
INSERT INTO task_instances (task_inst_id, task_id, module_inst_id, status, task_completing_time) VALUES (4561, 37, 392, 1, '220');
INSERT INTO recordings (recording_id, task_inst_id, file_path) VALUES (4561, 4561, 'recordings/eval_79_mod_2_task_4561.wav');
INSERT INTO module_instances (module_inst_id, module_id, evaluation_id, status) VALUES (393, 3, 79, 3);
INSERT INTO task_instances (task_inst_id, task_id, module_inst_id, status, task_completing_time) VALUES (4562, 38, 393, 1, '36');
INSERT INTO recordings (recording_id, task_inst_id, file_path) VALUES (4562, 4562, 'recordings/eval_79_mod_3_task_4562.wav');
INSERT INTO task_instances (task_inst_id, task_id, module_inst_id, status, task_completing_time) VALUES (4563, 39, 393, 1, '293');
INSERT INTO recordings (recording_id, task_inst_id, file_path) VALUES (4563, 4563, 'recordings/eval_79_mod_3_task_4563.wav');
INSERT INTO task_instances (task_inst_id, task_id, module_inst_id, status, task_completing_time) VALUES (4564, 40, 393, 1, '212');
INSERT INTO recordings (recording_id, task_inst_id, file_path) VALUES (4564, 4564, 'recordings/eval_79_mod_3_task_4564.wav');
INSERT INTO task_instances (task_inst_id, task_id, module_inst_id, status, task_completing_time) VALUES (4565, 41, 393, 1, '217');
INSERT INTO recordings (recording_id, task_inst_id, file_path) VALUES (4565, 4565, 'recordings/eval_79_mod_3_task_4565.wav');
INSERT INTO task_instances (task_inst_id, task_id, module_inst_id, status, task_completing_time) VALUES (4566, 42, 393, 1, '233');
INSERT INTO recordings (recording_id, task_inst_id, file_path) VALUES (4566, 4566, 'recordings/eval_79_mod_3_task_4566.wav');
INSERT INTO task_instances (task_inst_id, task_id, module_inst_id, status, task_completing_time) VALUES (4567, 43, 393, 1, '74');
INSERT INTO recordings (recording_id, task_inst_id, file_path) VALUES (4567, 4567, 'recordings/eval_79_mod_3_task_4567.wav');
INSERT INTO task_instances (task_inst_id, task_id, module_inst_id, status, task_completing_time) VALUES (4568, 44, 393, 1, '244');
INSERT INTO recordings (recording_id, task_inst_id, file_path) VALUES (4568, 4568, 'recordings/eval_79_mod_3_task_4568.wav');
INSERT INTO task_instances (task_inst_id, task_id, module_inst_id, status, task_completing_time) VALUES (4569, 45, 393, 1, '51');
INSERT INTO recordings (recording_id, task_inst_id, file_path) VALUES (4569, 4569, 'recordings/eval_79_mod_3_task_4569.wav');
INSERT INTO task_instances (task_inst_id, task_id, module_inst_id, status, task_completing_time) VALUES (4570, 46, 393, 1, '179');
INSERT INTO recordings (recording_id, task_inst_id, file_path) VALUES (4570, 4570, 'recordings/eval_79_mod_3_task_4570.wav');
INSERT INTO module_instances (module_inst_id, module_id, evaluation_id, status) VALUES (394, 4, 79, 3);
INSERT INTO task_instances (task_inst_id, task_id, module_inst_id, status, task_completing_time) VALUES (4571, 47, 394, 1, '57');
INSERT INTO recordings (recording_id, task_inst_id, file_path) VALUES (4571, 4571, 'recordings/eval_79_mod_4_task_4571.wav');
INSERT INTO task_instances (task_inst_id, task_id, module_inst_id, status, task_completing_time) VALUES (4572, 48, 394, 1, '25');
INSERT INTO recordings (recording_id, task_inst_id, file_path) VALUES (4572, 4572, 'recordings/eval_79_mod_4_task_4572.wav');
INSERT INTO task_instances (task_inst_id, task_id, module_inst_id, status, task_completing_time) VALUES (4573, 49, 394, 0, '263');
INSERT INTO recordings (recording_id, task_inst_id, file_path) VALUES (4573, 4573, 'recordings/eval_79_mod_4_task_4573.wav');
INSERT INTO task_instances (task_inst_id, task_id, module_inst_id, status, task_completing_time) VALUES (4574, 50, 394, 1, '270');
INSERT INTO recordings (recording_id, task_inst_id, file_path) VALUES (4574, 4574, 'recordings/eval_79_mod_4_task_4574.wav');
INSERT INTO task_instances (task_inst_id, task_id, module_inst_id, status, task_completing_time) VALUES (4575, 51, 394, 1, '30');
INSERT INTO recordings (recording_id, task_inst_id, file_path) VALUES (4575, 4575, 'recordings/eval_79_mod_4_task_4575.wav');
INSERT INTO task_instances (task_inst_id, task_id, module_inst_id, status, task_completing_time) VALUES (4576, 52, 394, 1, '109');
INSERT INTO recordings (recording_id, task_inst_id, file_path) VALUES (4576, 4576, 'recordings/eval_79_mod_4_task_4576.wav');
INSERT INTO task_instances (task_inst_id, task_id, module_inst_id, status, task_completing_time) VALUES (4577, 53, 394, 0, '67');
INSERT INTO recordings (recording_id, task_inst_id, file_path) VALUES (4577, 4577, 'recordings/eval_79_mod_4_task_4577.wav');
INSERT INTO task_instances (task_inst_id, task_id, module_inst_id, status, task_completing_time) VALUES (4578, 54, 394, 1, '168');
INSERT INTO recordings (recording_id, task_inst_id, file_path) VALUES (4578, 4578, 'recordings/eval_79_mod_4_task_4578.wav');
INSERT INTO task_instances (task_inst_id, task_id, module_inst_id, status, task_completing_time) VALUES (4579, 55, 394, 1, '144');
INSERT INTO recordings (recording_id, task_inst_id, file_path) VALUES (4579, 4579, 'recordings/eval_79_mod_4_task_4579.wav');
INSERT INTO task_instances (task_inst_id, task_id, module_inst_id, status, task_completing_time) VALUES (4580, 56, 394, 1, '22');
INSERT INTO recordings (recording_id, task_inst_id, file_path) VALUES (4580, 4580, 'recordings/eval_79_mod_4_task_4580.wav');
INSERT INTO module_instances (module_inst_id, module_id, evaluation_id, status) VALUES (395, 9001, 79, 3);
INSERT INTO task_instances (task_inst_id, task_id, module_inst_id, status, task_completing_time) VALUES (4581, 9001, 395, 1, '36');
INSERT INTO recordings (recording_id, task_inst_id, file_path) VALUES (4581, 4581, 'recordings/eval_79_mod_9001_task_4581.wav');
INSERT INTO task_instances (task_inst_id, task_id, module_inst_id, status, task_completing_time) VALUES (4582, 9002, 395, 0, '219');
INSERT INTO recordings (recording_id, task_inst_id, file_path) VALUES (4582, 4582, 'recordings/eval_79_mod_9001_task_4582.wav');
INSERT INTO participants (participant_id, name, surname, education_level, sex, birth_date, laterality) VALUES (80, 'sdHk7NngUIKheSwJhN8UCA==', 'ud/l/dbgUIKheSwJhN8UCA==', 4, 2, '1983-01-12', 1);
INSERT INTO evaluations (evaluation_id, evaluation_date, evaluator_id, participant_id, status, language) VALUES (80, '2025-10-30 10:21:00', 10, 80, 3, 2);
INSERT INTO module_instances (module_inst_id, module_id, evaluation_id, status) VALUES (396, 1, 80, 3);
INSERT INTO task_instances (task_inst_id, task_id, module_inst_id, status, task_completing_time) VALUES (4583, 1, 396, 1, '28');
INSERT INTO recordings (recording_id, task_inst_id, file_path) VALUES (4583, 4583, 'recordings/eval_80_mod_1_task_4583.wav');
INSERT INTO task_instances (task_inst_id, task_id, module_inst_id, status, task_completing_time) VALUES (4584, 2, 396, 1, '161');
INSERT INTO recordings (recording_id, task_inst_id, file_path) VALUES (4584, 4584, 'recordings/eval_80_mod_1_task_4584.wav');
INSERT INTO task_instances (task_inst_id, task_id, module_inst_id, status, task_completing_time) VALUES (4585, 3, 396, 1, '74');
INSERT INTO recordings (recording_id, task_inst_id, file_path) VALUES (4585, 4585, 'recordings/eval_80_mod_1_task_4585.wav');
INSERT INTO task_instances (task_inst_id, task_id, module_inst_id, status, task_completing_time) VALUES (4586, 4, 396, 1, '151');
INSERT INTO recordings (recording_id, task_inst_id, file_path) VALUES (4586, 4586, 'recordings/eval_80_mod_1_task_4586.wav');
INSERT INTO task_instances (task_inst_id, task_id, module_inst_id, status, task_completing_time) VALUES (4587, 5, 396, 1, '182');
INSERT INTO recordings (recording_id, task_inst_id, file_path) VALUES (4587, 4587, 'recordings/eval_80_mod_1_task_4587.wav');
INSERT INTO task_instances (task_inst_id, task_id, module_inst_id, status, task_completing_time) VALUES (4588, 6, 396, 1, '272');
INSERT INTO recordings (recording_id, task_inst_id, file_path) VALUES (4588, 4588, 'recordings/eval_80_mod_1_task_4588.wav');
INSERT INTO task_instances (task_inst_id, task_id, module_inst_id, status, task_completing_time) VALUES (4589, 7, 396, 1, '227');
INSERT INTO recordings (recording_id, task_inst_id, file_path) VALUES (4589, 4589, 'recordings/eval_80_mod_1_task_4589.wav');
INSERT INTO task_instances (task_inst_id, task_id, module_inst_id, status, task_completing_time) VALUES (4590, 8, 396, 1, '102');
INSERT INTO recordings (recording_id, task_inst_id, file_path) VALUES (4590, 4590, 'recordings/eval_80_mod_1_task_4590.wav');
INSERT INTO task_instances (task_inst_id, task_id, module_inst_id, status, task_completing_time) VALUES (4591, 9, 396, 1, '207');
INSERT INTO recordings (recording_id, task_inst_id, file_path) VALUES (4591, 4591, 'recordings/eval_80_mod_1_task_4591.wav');
INSERT INTO task_instances (task_inst_id, task_id, module_inst_id, status, task_completing_time) VALUES (4592, 10, 396, 0, '125');
INSERT INTO recordings (recording_id, task_inst_id, file_path) VALUES (4592, 4592, 'recordings/eval_80_mod_1_task_4592.wav');
INSERT INTO module_instances (module_inst_id, module_id, evaluation_id, status) VALUES (397, 2, 80, 3);
INSERT INTO task_instances (task_inst_id, task_id, module_inst_id, status, task_completing_time) VALUES (4593, 11, 397, 0, '37');
INSERT INTO recordings (recording_id, task_inst_id, file_path) VALUES (4593, 4593, 'recordings/eval_80_mod_2_task_4593.wav');
INSERT INTO task_instances (task_inst_id, task_id, module_inst_id, status, task_completing_time) VALUES (4594, 12, 397, 1, '173');
INSERT INTO recordings (recording_id, task_inst_id, file_path) VALUES (4594, 4594, 'recordings/eval_80_mod_2_task_4594.wav');
INSERT INTO task_instances (task_inst_id, task_id, module_inst_id, status, task_completing_time) VALUES (4595, 13, 397, 1, '29');
INSERT INTO recordings (recording_id, task_inst_id, file_path) VALUES (4595, 4595, 'recordings/eval_80_mod_2_task_4595.wav');
INSERT INTO task_instances (task_inst_id, task_id, module_inst_id, status, task_completing_time) VALUES (4596, 14, 397, 1, '168');
INSERT INTO recordings (recording_id, task_inst_id, file_path) VALUES (4596, 4596, 'recordings/eval_80_mod_2_task_4596.wav');
INSERT INTO task_instances (task_inst_id, task_id, module_inst_id, status, task_completing_time) VALUES (4597, 15, 397, 0, '234');
INSERT INTO recordings (recording_id, task_inst_id, file_path) VALUES (4597, 4597, 'recordings/eval_80_mod_2_task_4597.wav');
INSERT INTO task_instances (task_inst_id, task_id, module_inst_id, status, task_completing_time) VALUES (4598, 16, 397, 1, '136');
INSERT INTO recordings (recording_id, task_inst_id, file_path) VALUES (4598, 4598, 'recordings/eval_80_mod_2_task_4598.wav');
INSERT INTO task_instances (task_inst_id, task_id, module_inst_id, status, task_completing_time) VALUES (4599, 17, 397, 1, '216');
INSERT INTO recordings (recording_id, task_inst_id, file_path) VALUES (4599, 4599, 'recordings/eval_80_mod_2_task_4599.wav');
INSERT INTO task_instances (task_inst_id, task_id, module_inst_id, status, task_completing_time) VALUES (4600, 18, 397, 1, '154');
INSERT INTO recordings (recording_id, task_inst_id, file_path) VALUES (4600, 4600, 'recordings/eval_80_mod_2_task_4600.wav');
INSERT INTO task_instances (task_inst_id, task_id, module_inst_id, status, task_completing_time) VALUES (4601, 19, 397, 1, '33');
INSERT INTO recordings (recording_id, task_inst_id, file_path) VALUES (4601, 4601, 'recordings/eval_80_mod_2_task_4601.wav');
INSERT INTO task_instances (task_inst_id, task_id, module_inst_id, status, task_completing_time) VALUES (4602, 20, 397, 1, '166');
INSERT INTO recordings (recording_id, task_inst_id, file_path) VALUES (4602, 4602, 'recordings/eval_80_mod_2_task_4602.wav');
INSERT INTO task_instances (task_inst_id, task_id, module_inst_id, status, task_completing_time) VALUES (4603, 21, 397, 1, '24');
INSERT INTO recordings (recording_id, task_inst_id, file_path) VALUES (4603, 4603, 'recordings/eval_80_mod_2_task_4603.wav');
INSERT INTO task_instances (task_inst_id, task_id, module_inst_id, status, task_completing_time) VALUES (4604, 22, 397, 1, '67');
INSERT INTO recordings (recording_id, task_inst_id, file_path) VALUES (4604, 4604, 'recordings/eval_80_mod_2_task_4604.wav');
INSERT INTO task_instances (task_inst_id, task_id, module_inst_id, status, task_completing_time) VALUES (4605, 23, 397, 1, '51');
INSERT INTO recordings (recording_id, task_inst_id, file_path) VALUES (4605, 4605, 'recordings/eval_80_mod_2_task_4605.wav');
INSERT INTO task_instances (task_inst_id, task_id, module_inst_id, status, task_completing_time) VALUES (4606, 24, 397, 1, '283');
INSERT INTO recordings (recording_id, task_inst_id, file_path) VALUES (4606, 4606, 'recordings/eval_80_mod_2_task_4606.wav');
INSERT INTO task_instances (task_inst_id, task_id, module_inst_id, status, task_completing_time) VALUES (4607, 25, 397, 0, '50');
INSERT INTO recordings (recording_id, task_inst_id, file_path) VALUES (4607, 4607, 'recordings/eval_80_mod_2_task_4607.wav');
INSERT INTO task_instances (task_inst_id, task_id, module_inst_id, status, task_completing_time) VALUES (4608, 26, 397, 1, '281');
INSERT INTO recordings (recording_id, task_inst_id, file_path) VALUES (4608, 4608, 'recordings/eval_80_mod_2_task_4608.wav');
INSERT INTO task_instances (task_inst_id, task_id, module_inst_id, status, task_completing_time) VALUES (4609, 27, 397, 1, '116');
INSERT INTO recordings (recording_id, task_inst_id, file_path) VALUES (4609, 4609, 'recordings/eval_80_mod_2_task_4609.wav');
INSERT INTO task_instances (task_inst_id, task_id, module_inst_id, status, task_completing_time) VALUES (4610, 28, 397, 1, '82');
INSERT INTO recordings (recording_id, task_inst_id, file_path) VALUES (4610, 4610, 'recordings/eval_80_mod_2_task_4610.wav');
INSERT INTO task_instances (task_inst_id, task_id, module_inst_id, status, task_completing_time) VALUES (4611, 29, 397, 1, '142');
INSERT INTO recordings (recording_id, task_inst_id, file_path) VALUES (4611, 4611, 'recordings/eval_80_mod_2_task_4611.wav');
INSERT INTO task_instances (task_inst_id, task_id, module_inst_id, status, task_completing_time) VALUES (4612, 30, 397, 0, '59');
INSERT INTO recordings (recording_id, task_inst_id, file_path) VALUES (4612, 4612, 'recordings/eval_80_mod_2_task_4612.wav');
INSERT INTO task_instances (task_inst_id, task_id, module_inst_id, status, task_completing_time) VALUES (4613, 31, 397, 1, '154');
INSERT INTO recordings (recording_id, task_inst_id, file_path) VALUES (4613, 4613, 'recordings/eval_80_mod_2_task_4613.wav');
INSERT INTO task_instances (task_inst_id, task_id, module_inst_id, status, task_completing_time) VALUES (4614, 32, 397, 0, '230');
INSERT INTO recordings (recording_id, task_inst_id, file_path) VALUES (4614, 4614, 'recordings/eval_80_mod_2_task_4614.wav');
INSERT INTO task_instances (task_inst_id, task_id, module_inst_id, status, task_completing_time) VALUES (4615, 33, 397, 0, '226');
INSERT INTO recordings (recording_id, task_inst_id, file_path) VALUES (4615, 4615, 'recordings/eval_80_mod_2_task_4615.wav');
INSERT INTO task_instances (task_inst_id, task_id, module_inst_id, status, task_completing_time) VALUES (4616, 34, 397, 1, '121');
INSERT INTO recordings (recording_id, task_inst_id, file_path) VALUES (4616, 4616, 'recordings/eval_80_mod_2_task_4616.wav');
INSERT INTO task_instances (task_inst_id, task_id, module_inst_id, status, task_completing_time) VALUES (4617, 35, 397, 1, '54');
INSERT INTO recordings (recording_id, task_inst_id, file_path) VALUES (4617, 4617, 'recordings/eval_80_mod_2_task_4617.wav');
INSERT INTO task_instances (task_inst_id, task_id, module_inst_id, status, task_completing_time) VALUES (4618, 36, 397, 1, '292');
INSERT INTO recordings (recording_id, task_inst_id, file_path) VALUES (4618, 4618, 'recordings/eval_80_mod_2_task_4618.wav');
INSERT INTO task_instances (task_inst_id, task_id, module_inst_id, status, task_completing_time) VALUES (4619, 37, 397, 1, '294');
INSERT INTO recordings (recording_id, task_inst_id, file_path) VALUES (4619, 4619, 'recordings/eval_80_mod_2_task_4619.wav');
INSERT INTO module_instances (module_inst_id, module_id, evaluation_id, status) VALUES (398, 3, 80, 3);
INSERT INTO task_instances (task_inst_id, task_id, module_inst_id, status, task_completing_time) VALUES (4620, 38, 398, 1, '38');
INSERT INTO recordings (recording_id, task_inst_id, file_path) VALUES (4620, 4620, 'recordings/eval_80_mod_3_task_4620.wav');
INSERT INTO task_instances (task_inst_id, task_id, module_inst_id, status, task_completing_time) VALUES (4621, 39, 398, 1, '298');
INSERT INTO recordings (recording_id, task_inst_id, file_path) VALUES (4621, 4621, 'recordings/eval_80_mod_3_task_4621.wav');
INSERT INTO task_instances (task_inst_id, task_id, module_inst_id, status, task_completing_time) VALUES (4622, 40, 398, 1, '250');
INSERT INTO recordings (recording_id, task_inst_id, file_path) VALUES (4622, 4622, 'recordings/eval_80_mod_3_task_4622.wav');
INSERT INTO task_instances (task_inst_id, task_id, module_inst_id, status, task_completing_time) VALUES (4623, 41, 398, 1, '271');
INSERT INTO recordings (recording_id, task_inst_id, file_path) VALUES (4623, 4623, 'recordings/eval_80_mod_3_task_4623.wav');
INSERT INTO task_instances (task_inst_id, task_id, module_inst_id, status, task_completing_time) VALUES (4624, 42, 398, 1, '206');
INSERT INTO recordings (recording_id, task_inst_id, file_path) VALUES (4624, 4624, 'recordings/eval_80_mod_3_task_4624.wav');
INSERT INTO task_instances (task_inst_id, task_id, module_inst_id, status, task_completing_time) VALUES (4625, 43, 398, 1, '75');
INSERT INTO recordings (recording_id, task_inst_id, file_path) VALUES (4625, 4625, 'recordings/eval_80_mod_3_task_4625.wav');
INSERT INTO task_instances (task_inst_id, task_id, module_inst_id, status, task_completing_time) VALUES (4626, 44, 398, 1, '232');
INSERT INTO recordings (recording_id, task_inst_id, file_path) VALUES (4626, 4626, 'recordings/eval_80_mod_3_task_4626.wav');
INSERT INTO task_instances (task_inst_id, task_id, module_inst_id, status, task_completing_time) VALUES (4627, 45, 398, 0, '20');
INSERT INTO recordings (recording_id, task_inst_id, file_path) VALUES (4627, 4627, 'recordings/eval_80_mod_3_task_4627.wav');
INSERT INTO task_instances (task_inst_id, task_id, module_inst_id, status, task_completing_time) VALUES (4628, 46, 398, 1, '102');
INSERT INTO recordings (recording_id, task_inst_id, file_path) VALUES (4628, 4628, 'recordings/eval_80_mod_3_task_4628.wav');
INSERT INTO module_instances (module_inst_id, module_id, evaluation_id, status) VALUES (399, 4, 80, 3);
INSERT INTO task_instances (task_inst_id, task_id, module_inst_id, status, task_completing_time) VALUES (4629, 47, 399, 1, '5');
INSERT INTO recordings (recording_id, task_inst_id, file_path) VALUES (4629, 4629, 'recordings/eval_80_mod_4_task_4629.wav');
INSERT INTO task_instances (task_inst_id, task_id, module_inst_id, status, task_completing_time) VALUES (4630, 48, 399, 0, '175');
INSERT INTO recordings (recording_id, task_inst_id, file_path) VALUES (4630, 4630, 'recordings/eval_80_mod_4_task_4630.wav');
INSERT INTO task_instances (task_inst_id, task_id, module_inst_id, status, task_completing_time) VALUES (4631, 49, 399, 1, '257');
INSERT INTO recordings (recording_id, task_inst_id, file_path) VALUES (4631, 4631, 'recordings/eval_80_mod_4_task_4631.wav');
INSERT INTO task_instances (task_inst_id, task_id, module_inst_id, status, task_completing_time) VALUES (4632, 50, 399, 1, '86');
INSERT INTO recordings (recording_id, task_inst_id, file_path) VALUES (4632, 4632, 'recordings/eval_80_mod_4_task_4632.wav');
INSERT INTO task_instances (task_inst_id, task_id, module_inst_id, status, task_completing_time) VALUES (4633, 51, 399, 1, '240');
INSERT INTO recordings (recording_id, task_inst_id, file_path) VALUES (4633, 4633, 'recordings/eval_80_mod_4_task_4633.wav');
INSERT INTO task_instances (task_inst_id, task_id, module_inst_id, status, task_completing_time) VALUES (4634, 52, 399, 1, '141');
INSERT INTO recordings (recording_id, task_inst_id, file_path) VALUES (4634, 4634, 'recordings/eval_80_mod_4_task_4634.wav');
INSERT INTO task_instances (task_inst_id, task_id, module_inst_id, status, task_completing_time) VALUES (4635, 53, 399, 1, '77');
INSERT INTO recordings (recording_id, task_inst_id, file_path) VALUES (4635, 4635, 'recordings/eval_80_mod_4_task_4635.wav');
INSERT INTO task_instances (task_inst_id, task_id, module_inst_id, status, task_completing_time) VALUES (4636, 54, 399, 1, '99');
INSERT INTO recordings (recording_id, task_inst_id, file_path) VALUES (4636, 4636, 'recordings/eval_80_mod_4_task_4636.wav');
INSERT INTO task_instances (task_inst_id, task_id, module_inst_id, status, task_completing_time) VALUES (4637, 55, 399, 0, '76');
INSERT INTO recordings (recording_id, task_inst_id, file_path) VALUES (4637, 4637, 'recordings/eval_80_mod_4_task_4637.wav');
INSERT INTO task_instances (task_inst_id, task_id, module_inst_id, status, task_completing_time) VALUES (4638, 56, 399, 0, '38');
INSERT INTO recordings (recording_id, task_inst_id, file_path) VALUES (4638, 4638, 'recordings/eval_80_mod_4_task_4638.wav');
INSERT INTO module_instances (module_inst_id, module_id, evaluation_id, status) VALUES (400, 9001, 80, 3);
INSERT INTO task_instances (task_inst_id, task_id, module_inst_id, status, task_completing_time) VALUES (4639, 9001, 400, 1, '12');
INSERT INTO recordings (recording_id, task_inst_id, file_path) VALUES (4639, 4639, 'recordings/eval_80_mod_9001_task_4639.wav');
INSERT INTO task_instances (task_inst_id, task_id, module_inst_id, status, task_completing_time) VALUES (4640, 9002, 400, 1, '131');
INSERT INTO recordings (recording_id, task_inst_id, file_path) VALUES (4640, 4640, 'recordings/eval_80_mod_9001_task_4640.wav');
INSERT INTO participants (participant_id, name, surname, education_level, sex, birth_date, laterality) VALUES (81, 'qtHi+3RGOODLdSAFiNMYBA==', 'tdz//9KCKeiiei8Kh9wXCw==', 5, 2, '1975-05-23', 2);
INSERT INTO evaluations (evaluation_id, evaluation_date, evaluator_id, participant_id, status, language) VALUES (81, '2025-10-21 13:33:00', 10, 81, 3, 2);
INSERT INTO module_instances (module_inst_id, module_id, evaluation_id, status) VALUES (401, 1, 81, 2);
INSERT INTO task_instances (task_inst_id, task_id, module_inst_id, status, task_completing_time) VALUES (4641, 1, 401, 1, '33');
INSERT INTO recordings (recording_id, task_inst_id, file_path) VALUES (4641, 4641, 'recordings/eval_81_mod_1_task_4641.wav');
INSERT INTO task_instances (task_inst_id, task_id, module_inst_id, status, task_completing_time) VALUES (4642, 2, 401, 1, '211');
INSERT INTO recordings (recording_id, task_inst_id, file_path) VALUES (4642, 4642, 'recordings/eval_81_mod_1_task_4642.wav');
INSERT INTO task_instances (task_inst_id, task_id, module_inst_id, status, task_completing_time) VALUES (4643, 3, 401, 1, '108');
INSERT INTO recordings (recording_id, task_inst_id, file_path) VALUES (4643, 4643, 'recordings/eval_81_mod_1_task_4643.wav');
INSERT INTO task_instances (task_inst_id, task_id, module_inst_id, status, task_completing_time) VALUES (4644, 4, 401, 1, '298');
INSERT INTO recordings (recording_id, task_inst_id, file_path) VALUES (4644, 4644, 'recordings/eval_81_mod_1_task_4644.wav');
INSERT INTO task_instances (task_inst_id, task_id, module_inst_id, status, task_completing_time) VALUES (4645, 5, 401, 0, '282');
INSERT INTO recordings (recording_id, task_inst_id, file_path) VALUES (4645, 4645, 'recordings/eval_81_mod_1_task_4645.wav');
INSERT INTO task_instances (task_inst_id, task_id, module_inst_id, status, task_completing_time) VALUES (4646, 6, 401, 1, '282');
INSERT INTO recordings (recording_id, task_inst_id, file_path) VALUES (4646, 4646, 'recordings/eval_81_mod_1_task_4646.wav');
INSERT INTO task_instances (task_inst_id, task_id, module_inst_id, status, task_completing_time) VALUES (4647, 7, 401, 1, '148');
INSERT INTO recordings (recording_id, task_inst_id, file_path) VALUES (4647, 4647, 'recordings/eval_81_mod_1_task_4647.wav');
INSERT INTO task_instances (task_inst_id, task_id, module_inst_id, status, task_completing_time) VALUES (4648, 8, 401, 1, '175');
INSERT INTO recordings (recording_id, task_inst_id, file_path) VALUES (4648, 4648, 'recordings/eval_81_mod_1_task_4648.wav');
INSERT INTO task_instances (task_inst_id, task_id, module_inst_id, status, task_completing_time) VALUES (4649, 9, 401, 1, '154');
INSERT INTO recordings (recording_id, task_inst_id, file_path) VALUES (4649, 4649, 'recordings/eval_81_mod_1_task_4649.wav');
INSERT INTO task_instances (task_inst_id, task_id, module_inst_id, status, task_completing_time) VALUES (4650, 10, 401, 1, '175');
INSERT INTO recordings (recording_id, task_inst_id, file_path) VALUES (4650, 4650, 'recordings/eval_81_mod_1_task_4650.wav');
INSERT INTO module_instances (module_inst_id, module_id, evaluation_id, status) VALUES (402, 2, 81, 1);
INSERT INTO task_instances (task_inst_id, task_id, module_inst_id, status, task_completing_time) VALUES (4651, 11, 402, 1, '23');
INSERT INTO recordings (recording_id, task_inst_id, file_path) VALUES (4651, 4651, 'recordings/eval_81_mod_2_task_4651.wav');
INSERT INTO task_instances (task_inst_id, task_id, module_inst_id, status, task_completing_time) VALUES (4652, 12, 402, 1, '116');
INSERT INTO recordings (recording_id, task_inst_id, file_path) VALUES (4652, 4652, 'recordings/eval_81_mod_2_task_4652.wav');
INSERT INTO task_instances (task_inst_id, task_id, module_inst_id, status, task_completing_time) VALUES (4653, 13, 402, 1, '100');
INSERT INTO recordings (recording_id, task_inst_id, file_path) VALUES (4653, 4653, 'recordings/eval_81_mod_2_task_4653.wav');
INSERT INTO task_instances (task_inst_id, task_id, module_inst_id, status, task_completing_time) VALUES (4654, 14, 402, 0, '140');
INSERT INTO recordings (recording_id, task_inst_id, file_path) VALUES (4654, 4654, 'recordings/eval_81_mod_2_task_4654.wav');
INSERT INTO task_instances (task_inst_id, task_id, module_inst_id, status, task_completing_time) VALUES (4655, 15, 402, 1, '167');
INSERT INTO recordings (recording_id, task_inst_id, file_path) VALUES (4655, 4655, 'recordings/eval_81_mod_2_task_4655.wav');
INSERT INTO task_instances (task_inst_id, task_id, module_inst_id, status, task_completing_time) VALUES (4656, 16, 402, 1, '244');
INSERT INTO recordings (recording_id, task_inst_id, file_path) VALUES (4656, 4656, 'recordings/eval_81_mod_2_task_4656.wav');
INSERT INTO task_instances (task_inst_id, task_id, module_inst_id, status, task_completing_time) VALUES (4657, 17, 402, 0, '81');
INSERT INTO recordings (recording_id, task_inst_id, file_path) VALUES (4657, 4657, 'recordings/eval_81_mod_2_task_4657.wav');
INSERT INTO task_instances (task_inst_id, task_id, module_inst_id, status, task_completing_time) VALUES (4658, 18, 402, 1, '47');
INSERT INTO recordings (recording_id, task_inst_id, file_path) VALUES (4658, 4658, 'recordings/eval_81_mod_2_task_4658.wav');
INSERT INTO task_instances (task_inst_id, task_id, module_inst_id, status, task_completing_time) VALUES (4659, 19, 402, 1, '47');
INSERT INTO recordings (recording_id, task_inst_id, file_path) VALUES (4659, 4659, 'recordings/eval_81_mod_2_task_4659.wav');
INSERT INTO task_instances (task_inst_id, task_id, module_inst_id, status, task_completing_time) VALUES (4660, 20, 402, 1, '115');
INSERT INTO recordings (recording_id, task_inst_id, file_path) VALUES (4660, 4660, 'recordings/eval_81_mod_2_task_4660.wav');
INSERT INTO task_instances (task_inst_id, task_id, module_inst_id, status, task_completing_time) VALUES (4661, 21, 402, 0, '58');
INSERT INTO recordings (recording_id, task_inst_id, file_path) VALUES (4661, 4661, 'recordings/eval_81_mod_2_task_4661.wav');
INSERT INTO task_instances (task_inst_id, task_id, module_inst_id, status, task_completing_time) VALUES (4662, 22, 402, 1, '150');
INSERT INTO recordings (recording_id, task_inst_id, file_path) VALUES (4662, 4662, 'recordings/eval_81_mod_2_task_4662.wav');
INSERT INTO task_instances (task_inst_id, task_id, module_inst_id, status, task_completing_time) VALUES (4663, 23, 402, 1, '34');
INSERT INTO recordings (recording_id, task_inst_id, file_path) VALUES (4663, 4663, 'recordings/eval_81_mod_2_task_4663.wav');
INSERT INTO task_instances (task_inst_id, task_id, module_inst_id, status, task_completing_time) VALUES (4664, 24, 402, 1, '72');
INSERT INTO recordings (recording_id, task_inst_id, file_path) VALUES (4664, 4664, 'recordings/eval_81_mod_2_task_4664.wav');
INSERT INTO task_instances (task_inst_id, task_id, module_inst_id, status, task_completing_time) VALUES (4665, 25, 402, 1, '50');
INSERT INTO recordings (recording_id, task_inst_id, file_path) VALUES (4665, 4665, 'recordings/eval_81_mod_2_task_4665.wav');
INSERT INTO task_instances (task_inst_id, task_id, module_inst_id, status, task_completing_time) VALUES (4666, 26, 402, 1, '25');
INSERT INTO recordings (recording_id, task_inst_id, file_path) VALUES (4666, 4666, 'recordings/eval_81_mod_2_task_4666.wav');
INSERT INTO task_instances (task_inst_id, task_id, module_inst_id, status, task_completing_time) VALUES (4667, 27, 402, 1, '95');
INSERT INTO recordings (recording_id, task_inst_id, file_path) VALUES (4667, 4667, 'recordings/eval_81_mod_2_task_4667.wav');
INSERT INTO task_instances (task_inst_id, task_id, module_inst_id, status, task_completing_time) VALUES (4668, 28, 402, 1, '263');
INSERT INTO recordings (recording_id, task_inst_id, file_path) VALUES (4668, 4668, 'recordings/eval_81_mod_2_task_4668.wav');
INSERT INTO task_instances (task_inst_id, task_id, module_inst_id, status, task_completing_time) VALUES (4669, 29, 402, 1, '285');
INSERT INTO recordings (recording_id, task_inst_id, file_path) VALUES (4669, 4669, 'recordings/eval_81_mod_2_task_4669.wav');
INSERT INTO task_instances (task_inst_id, task_id, module_inst_id, status, task_completing_time) VALUES (4670, 30, 402, 1, '35');
INSERT INTO recordings (recording_id, task_inst_id, file_path) VALUES (4670, 4670, 'recordings/eval_81_mod_2_task_4670.wav');
INSERT INTO task_instances (task_inst_id, task_id, module_inst_id, status, task_completing_time) VALUES (4671, 31, 402, 1, '119');
INSERT INTO recordings (recording_id, task_inst_id, file_path) VALUES (4671, 4671, 'recordings/eval_81_mod_2_task_4671.wav');
INSERT INTO task_instances (task_inst_id, task_id, module_inst_id, status, task_completing_time) VALUES (4672, 32, 402, 1, '185');
INSERT INTO recordings (recording_id, task_inst_id, file_path) VALUES (4672, 4672, 'recordings/eval_81_mod_2_task_4672.wav');
INSERT INTO task_instances (task_inst_id, task_id, module_inst_id, status, task_completing_time) VALUES (4673, 33, 402, 1, '249');
INSERT INTO recordings (recording_id, task_inst_id, file_path) VALUES (4673, 4673, 'recordings/eval_81_mod_2_task_4673.wav');
INSERT INTO task_instances (task_inst_id, task_id, module_inst_id, status, task_completing_time) VALUES (4674, 34, 402, 1, '269');
INSERT INTO recordings (recording_id, task_inst_id, file_path) VALUES (4674, 4674, 'recordings/eval_81_mod_2_task_4674.wav');
INSERT INTO task_instances (task_inst_id, task_id, module_inst_id, status, task_completing_time) VALUES (4675, 35, 402, 1, '29');
INSERT INTO recordings (recording_id, task_inst_id, file_path) VALUES (4675, 4675, 'recordings/eval_81_mod_2_task_4675.wav');
INSERT INTO task_instances (task_inst_id, task_id, module_inst_id, status, task_completing_time) VALUES (4676, 36, 402, 1, '142');
INSERT INTO recordings (recording_id, task_inst_id, file_path) VALUES (4676, 4676, 'recordings/eval_81_mod_2_task_4676.wav');
INSERT INTO task_instances (task_inst_id, task_id, module_inst_id, status, task_completing_time) VALUES (4677, 37, 402, 1, '170');
INSERT INTO recordings (recording_id, task_inst_id, file_path) VALUES (4677, 4677, 'recordings/eval_81_mod_2_task_4677.wav');
INSERT INTO module_instances (module_inst_id, module_id, evaluation_id, status) VALUES (403, 3, 81, 3);
INSERT INTO task_instances (task_inst_id, task_id, module_inst_id, status, task_completing_time) VALUES (4678, 38, 403, 1, '5');
INSERT INTO recordings (recording_id, task_inst_id, file_path) VALUES (4678, 4678, 'recordings/eval_81_mod_3_task_4678.wav');
INSERT INTO task_instances (task_inst_id, task_id, module_inst_id, status, task_completing_time) VALUES (4679, 39, 403, 1, '130');
INSERT INTO recordings (recording_id, task_inst_id, file_path) VALUES (4679, 4679, 'recordings/eval_81_mod_3_task_4679.wav');
INSERT INTO task_instances (task_inst_id, task_id, module_inst_id, status, task_completing_time) VALUES (4680, 40, 403, 1, '54');
INSERT INTO recordings (recording_id, task_inst_id, file_path) VALUES (4680, 4680, 'recordings/eval_81_mod_3_task_4680.wav');
INSERT INTO task_instances (task_inst_id, task_id, module_inst_id, status, task_completing_time) VALUES (4681, 41, 403, 0, '218');
INSERT INTO recordings (recording_id, task_inst_id, file_path) VALUES (4681, 4681, 'recordings/eval_81_mod_3_task_4681.wav');
INSERT INTO task_instances (task_inst_id, task_id, module_inst_id, status, task_completing_time) VALUES (4682, 42, 403, 1, '27');
INSERT INTO recordings (recording_id, task_inst_id, file_path) VALUES (4682, 4682, 'recordings/eval_81_mod_3_task_4682.wav');
INSERT INTO task_instances (task_inst_id, task_id, module_inst_id, status, task_completing_time) VALUES (4683, 43, 403, 1, '186');
INSERT INTO recordings (recording_id, task_inst_id, file_path) VALUES (4683, 4683, 'recordings/eval_81_mod_3_task_4683.wav');
INSERT INTO task_instances (task_inst_id, task_id, module_inst_id, status, task_completing_time) VALUES (4684, 44, 403, 1, '130');
INSERT INTO recordings (recording_id, task_inst_id, file_path) VALUES (4684, 4684, 'recordings/eval_81_mod_3_task_4684.wav');
INSERT INTO task_instances (task_inst_id, task_id, module_inst_id, status, task_completing_time) VALUES (4685, 45, 403, 1, '279');
INSERT INTO recordings (recording_id, task_inst_id, file_path) VALUES (4685, 4685, 'recordings/eval_81_mod_3_task_4685.wav');
INSERT INTO task_instances (task_inst_id, task_id, module_inst_id, status, task_completing_time) VALUES (4686, 46, 403, 1, '150');
INSERT INTO recordings (recording_id, task_inst_id, file_path) VALUES (4686, 4686, 'recordings/eval_81_mod_3_task_4686.wav');
INSERT INTO module_instances (module_inst_id, module_id, evaluation_id, status) VALUES (404, 4, 81, 3);
INSERT INTO task_instances (task_inst_id, task_id, module_inst_id, status, task_completing_time) VALUES (4687, 47, 404, 0, '15');
INSERT INTO recordings (recording_id, task_inst_id, file_path) VALUES (4687, 4687, 'recordings/eval_81_mod_4_task_4687.wav');
INSERT INTO task_instances (task_inst_id, task_id, module_inst_id, status, task_completing_time) VALUES (4688, 48, 404, 1, '102');
INSERT INTO recordings (recording_id, task_inst_id, file_path) VALUES (4688, 4688, 'recordings/eval_81_mod_4_task_4688.wav');
INSERT INTO task_instances (task_inst_id, task_id, module_inst_id, status, task_completing_time) VALUES (4689, 49, 404, 1, '235');
INSERT INTO recordings (recording_id, task_inst_id, file_path) VALUES (4689, 4689, 'recordings/eval_81_mod_4_task_4689.wav');
INSERT INTO task_instances (task_inst_id, task_id, module_inst_id, status, task_completing_time) VALUES (4690, 50, 404, 1, '114');
INSERT INTO recordings (recording_id, task_inst_id, file_path) VALUES (4690, 4690, 'recordings/eval_81_mod_4_task_4690.wav');
INSERT INTO task_instances (task_inst_id, task_id, module_inst_id, status, task_completing_time) VALUES (4691, 51, 404, 1, '260');
INSERT INTO recordings (recording_id, task_inst_id, file_path) VALUES (4691, 4691, 'recordings/eval_81_mod_4_task_4691.wav');
INSERT INTO task_instances (task_inst_id, task_id, module_inst_id, status, task_completing_time) VALUES (4692, 52, 404, 1, '157');
INSERT INTO recordings (recording_id, task_inst_id, file_path) VALUES (4692, 4692, 'recordings/eval_81_mod_4_task_4692.wav');
INSERT INTO task_instances (task_inst_id, task_id, module_inst_id, status, task_completing_time) VALUES (4693, 53, 404, 1, '226');
INSERT INTO recordings (recording_id, task_inst_id, file_path) VALUES (4693, 4693, 'recordings/eval_81_mod_4_task_4693.wav');
INSERT INTO task_instances (task_inst_id, task_id, module_inst_id, status, task_completing_time) VALUES (4694, 54, 404, 1, '49');
INSERT INTO recordings (recording_id, task_inst_id, file_path) VALUES (4694, 4694, 'recordings/eval_81_mod_4_task_4694.wav');
INSERT INTO task_instances (task_inst_id, task_id, module_inst_id, status, task_completing_time) VALUES (4695, 55, 404, 1, '75');
INSERT INTO recordings (recording_id, task_inst_id, file_path) VALUES (4695, 4695, 'recordings/eval_81_mod_4_task_4695.wav');
INSERT INTO task_instances (task_inst_id, task_id, module_inst_id, status, task_completing_time) VALUES (4696, 56, 404, 1, '12');
INSERT INTO recordings (recording_id, task_inst_id, file_path) VALUES (4696, 4696, 'recordings/eval_81_mod_4_task_4696.wav');
INSERT INTO module_instances (module_inst_id, module_id, evaluation_id, status) VALUES (405, 9001, 81, 3);
INSERT INTO task_instances (task_inst_id, task_id, module_inst_id, status, task_completing_time) VALUES (4697, 9001, 405, 1, '45');
INSERT INTO recordings (recording_id, task_inst_id, file_path) VALUES (4697, 4697, 'recordings/eval_81_mod_9001_task_4697.wav');
INSERT INTO task_instances (task_inst_id, task_id, module_inst_id, status, task_completing_time) VALUES (4698, 9002, 405, 1, '113');
INSERT INTO recordings (recording_id, task_inst_id, file_path) VALUES (4698, 4698, 'recordings/eval_81_mod_9001_task_4698.wav');
INSERT INTO participants (participant_id, name, surname, education_level, sex, birth_date, laterality) VALUES (82, 'tsX16MTgUIKheSwJhN8UCA==', 'ttn76LvnV4WmfisOg9gTDw==', 4, 1, '1959-02-28', 1);
INSERT INTO evaluations (evaluation_id, evaluation_date, evaluator_id, participant_id, status, language) VALUES (82, '2025-11-05 09:51:00', 10, 82, 2, 1);
INSERT INTO module_instances (module_inst_id, module_id, evaluation_id, status) VALUES (406, 1, 82, 3);
INSERT INTO task_instances (task_inst_id, task_id, module_inst_id, status, task_completing_time) VALUES (4699, 1, 406, 1, '10');
INSERT INTO recordings (recording_id, task_inst_id, file_path) VALUES (4699, 4699, 'recordings/eval_82_mod_1_task_4699.wav');
INSERT INTO task_instances (task_inst_id, task_id, module_inst_id, status, task_completing_time) VALUES (4700, 2, 406, 1, '64');
INSERT INTO recordings (recording_id, task_inst_id, file_path) VALUES (4700, 4700, 'recordings/eval_82_mod_1_task_4700.wav');
INSERT INTO task_instances (task_inst_id, task_id, module_inst_id, status, task_completing_time) VALUES (4701, 3, 406, 1, '127');
INSERT INTO recordings (recording_id, task_inst_id, file_path) VALUES (4701, 4701, 'recordings/eval_82_mod_1_task_4701.wav');
INSERT INTO task_instances (task_inst_id, task_id, module_inst_id, status, task_completing_time) VALUES (4702, 4, 406, 1, '67');
INSERT INTO recordings (recording_id, task_inst_id, file_path) VALUES (4702, 4702, 'recordings/eval_82_mod_1_task_4702.wav');
INSERT INTO task_instances (task_inst_id, task_id, module_inst_id, status, task_completing_time) VALUES (4703, 5, 406, 1, '145');
INSERT INTO recordings (recording_id, task_inst_id, file_path) VALUES (4703, 4703, 'recordings/eval_82_mod_1_task_4703.wav');
INSERT INTO task_instances (task_inst_id, task_id, module_inst_id, status, task_completing_time) VALUES (4704, 6, 406, 1, '50');
INSERT INTO recordings (recording_id, task_inst_id, file_path) VALUES (4704, 4704, 'recordings/eval_82_mod_1_task_4704.wav');
INSERT INTO task_instances (task_inst_id, task_id, module_inst_id, status, task_completing_time) VALUES (4705, 7, 406, 0, '236');
INSERT INTO recordings (recording_id, task_inst_id, file_path) VALUES (4705, 4705, 'recordings/eval_82_mod_1_task_4705.wav');
INSERT INTO task_instances (task_inst_id, task_id, module_inst_id, status, task_completing_time) VALUES (4706, 8, 406, 1, '30');
INSERT INTO recordings (recording_id, task_inst_id, file_path) VALUES (4706, 4706, 'recordings/eval_82_mod_1_task_4706.wav');
INSERT INTO task_instances (task_inst_id, task_id, module_inst_id, status, task_completing_time) VALUES (4707, 9, 406, 1, '173');
INSERT INTO recordings (recording_id, task_inst_id, file_path) VALUES (4707, 4707, 'recordings/eval_82_mod_1_task_4707.wav');
INSERT INTO task_instances (task_inst_id, task_id, module_inst_id, status, task_completing_time) VALUES (4708, 10, 406, 1, '127');
INSERT INTO recordings (recording_id, task_inst_id, file_path) VALUES (4708, 4708, 'recordings/eval_82_mod_1_task_4708.wav');
INSERT INTO module_instances (module_inst_id, module_id, evaluation_id, status) VALUES (407, 2, 82, 2);
INSERT INTO task_instances (task_inst_id, task_id, module_inst_id, status, task_completing_time) VALUES (4709, 11, 407, 1, '46');
INSERT INTO recordings (recording_id, task_inst_id, file_path) VALUES (4709, 4709, 'recordings/eval_82_mod_2_task_4709.wav');
INSERT INTO task_instances (task_inst_id, task_id, module_inst_id, status, task_completing_time) VALUES (4710, 12, 407, 1, '249');
INSERT INTO recordings (recording_id, task_inst_id, file_path) VALUES (4710, 4710, 'recordings/eval_82_mod_2_task_4710.wav');
INSERT INTO task_instances (task_inst_id, task_id, module_inst_id, status, task_completing_time) VALUES (4711, 13, 407, 0, '124');
INSERT INTO recordings (recording_id, task_inst_id, file_path) VALUES (4711, 4711, 'recordings/eval_82_mod_2_task_4711.wav');
INSERT INTO task_instances (task_inst_id, task_id, module_inst_id, status, task_completing_time) VALUES (4712, 14, 407, 1, '141');
INSERT INTO recordings (recording_id, task_inst_id, file_path) VALUES (4712, 4712, 'recordings/eval_82_mod_2_task_4712.wav');
INSERT INTO task_instances (task_inst_id, task_id, module_inst_id, status, task_completing_time) VALUES (4713, 15, 407, 1, '162');
INSERT INTO recordings (recording_id, task_inst_id, file_path) VALUES (4713, 4713, 'recordings/eval_82_mod_2_task_4713.wav');
INSERT INTO task_instances (task_inst_id, task_id, module_inst_id, status, task_completing_time) VALUES (4714, 16, 407, 1, '171');
INSERT INTO recordings (recording_id, task_inst_id, file_path) VALUES (4714, 4714, 'recordings/eval_82_mod_2_task_4714.wav');
INSERT INTO task_instances (task_inst_id, task_id, module_inst_id, status, task_completing_time) VALUES (4715, 17, 407, 1, '243');
INSERT INTO recordings (recording_id, task_inst_id, file_path) VALUES (4715, 4715, 'recordings/eval_82_mod_2_task_4715.wav');
INSERT INTO task_instances (task_inst_id, task_id, module_inst_id, status, task_completing_time) VALUES (4716, 18, 407, 0, '79');
INSERT INTO recordings (recording_id, task_inst_id, file_path) VALUES (4716, 4716, 'recordings/eval_82_mod_2_task_4716.wav');
INSERT INTO task_instances (task_inst_id, task_id, module_inst_id, status, task_completing_time) VALUES (4717, 19, 407, 1, '79');
INSERT INTO recordings (recording_id, task_inst_id, file_path) VALUES (4717, 4717, 'recordings/eval_82_mod_2_task_4717.wav');
INSERT INTO task_instances (task_inst_id, task_id, module_inst_id, status, task_completing_time) VALUES (4718, 20, 407, 0, '215');
INSERT INTO recordings (recording_id, task_inst_id, file_path) VALUES (4718, 4718, 'recordings/eval_82_mod_2_task_4718.wav');
INSERT INTO task_instances (task_inst_id, task_id, module_inst_id, status, task_completing_time) VALUES (4719, 21, 407, 1, '38');
INSERT INTO recordings (recording_id, task_inst_id, file_path) VALUES (4719, 4719, 'recordings/eval_82_mod_2_task_4719.wav');
INSERT INTO task_instances (task_inst_id, task_id, module_inst_id, status, task_completing_time) VALUES (4720, 22, 407, 1, '291');
INSERT INTO recordings (recording_id, task_inst_id, file_path) VALUES (4720, 4720, 'recordings/eval_82_mod_2_task_4720.wav');
INSERT INTO task_instances (task_inst_id, task_id, module_inst_id, status, task_completing_time) VALUES (4721, 23, 407, 1, '44');
INSERT INTO recordings (recording_id, task_inst_id, file_path) VALUES (4721, 4721, 'recordings/eval_82_mod_2_task_4721.wav');
INSERT INTO task_instances (task_inst_id, task_id, module_inst_id, status, task_completing_time) VALUES (4722, 24, 407, 0, '32');
INSERT INTO recordings (recording_id, task_inst_id, file_path) VALUES (4722, 4722, 'recordings/eval_82_mod_2_task_4722.wav');
INSERT INTO task_instances (task_inst_id, task_id, module_inst_id, status, task_completing_time) VALUES (4723, 25, 407, 1, '33');
INSERT INTO recordings (recording_id, task_inst_id, file_path) VALUES (4723, 4723, 'recordings/eval_82_mod_2_task_4723.wav');
INSERT INTO task_instances (task_inst_id, task_id, module_inst_id, status, task_completing_time) VALUES (4724, 26, 407, 1, '163');
INSERT INTO recordings (recording_id, task_inst_id, file_path) VALUES (4724, 4724, 'recordings/eval_82_mod_2_task_4724.wav');
INSERT INTO task_instances (task_inst_id, task_id, module_inst_id, status, task_completing_time) VALUES (4725, 27, 407, 1, '144');
INSERT INTO recordings (recording_id, task_inst_id, file_path) VALUES (4725, 4725, 'recordings/eval_82_mod_2_task_4725.wav');
INSERT INTO task_instances (task_inst_id, task_id, module_inst_id, status, task_completing_time) VALUES (4726, 28, 407, 0, '80');
INSERT INTO recordings (recording_id, task_inst_id, file_path) VALUES (4726, 4726, 'recordings/eval_82_mod_2_task_4726.wav');
INSERT INTO task_instances (task_inst_id, task_id, module_inst_id, status, task_completing_time) VALUES (4727, 29, 407, 1, '179');
INSERT INTO recordings (recording_id, task_inst_id, file_path) VALUES (4727, 4727, 'recordings/eval_82_mod_2_task_4727.wav');
INSERT INTO task_instances (task_inst_id, task_id, module_inst_id, status, task_completing_time) VALUES (4728, 30, 407, 1, '38');
INSERT INTO recordings (recording_id, task_inst_id, file_path) VALUES (4728, 4728, 'recordings/eval_82_mod_2_task_4728.wav');
INSERT INTO task_instances (task_inst_id, task_id, module_inst_id, status, task_completing_time) VALUES (4729, 31, 407, 1, '183');
INSERT INTO recordings (recording_id, task_inst_id, file_path) VALUES (4729, 4729, 'recordings/eval_82_mod_2_task_4729.wav');
INSERT INTO task_instances (task_inst_id, task_id, module_inst_id, status, task_completing_time) VALUES (4730, 32, 407, 1, '32');
INSERT INTO recordings (recording_id, task_inst_id, file_path) VALUES (4730, 4730, 'recordings/eval_82_mod_2_task_4730.wav');
INSERT INTO task_instances (task_inst_id, task_id, module_inst_id, status, task_completing_time) VALUES (4731, 33, 407, 0, '289');
INSERT INTO recordings (recording_id, task_inst_id, file_path) VALUES (4731, 4731, 'recordings/eval_82_mod_2_task_4731.wav');
INSERT INTO task_instances (task_inst_id, task_id, module_inst_id, status, task_completing_time) VALUES (4732, 34, 407, 1, '110');
INSERT INTO recordings (recording_id, task_inst_id, file_path) VALUES (4732, 4732, 'recordings/eval_82_mod_2_task_4732.wav');
INSERT INTO task_instances (task_inst_id, task_id, module_inst_id, status, task_completing_time) VALUES (4733, 35, 407, 1, '112');
INSERT INTO recordings (recording_id, task_inst_id, file_path) VALUES (4733, 4733, 'recordings/eval_82_mod_2_task_4733.wav');
INSERT INTO task_instances (task_inst_id, task_id, module_inst_id, status, task_completing_time) VALUES (4734, 36, 407, 1, '127');
INSERT INTO recordings (recording_id, task_inst_id, file_path) VALUES (4734, 4734, 'recordings/eval_82_mod_2_task_4734.wav');
INSERT INTO task_instances (task_inst_id, task_id, module_inst_id, status, task_completing_time) VALUES (4735, 37, 407, 1, '262');
INSERT INTO recordings (recording_id, task_inst_id, file_path) VALUES (4735, 4735, 'recordings/eval_82_mod_2_task_4735.wav');
INSERT INTO module_instances (module_inst_id, module_id, evaluation_id, status) VALUES (408, 3, 82, 3);
INSERT INTO task_instances (task_inst_id, task_id, module_inst_id, status, task_completing_time) VALUES (4736, 38, 408, 1, '22');
INSERT INTO recordings (recording_id, task_inst_id, file_path) VALUES (4736, 4736, 'recordings/eval_82_mod_3_task_4736.wav');
INSERT INTO task_instances (task_inst_id, task_id, module_inst_id, status, task_completing_time) VALUES (4737, 39, 408, 1, '70');
INSERT INTO recordings (recording_id, task_inst_id, file_path) VALUES (4737, 4737, 'recordings/eval_82_mod_3_task_4737.wav');
INSERT INTO task_instances (task_inst_id, task_id, module_inst_id, status, task_completing_time) VALUES (4738, 40, 408, 1, '108');
INSERT INTO recordings (recording_id, task_inst_id, file_path) VALUES (4738, 4738, 'recordings/eval_82_mod_3_task_4738.wav');
INSERT INTO task_instances (task_inst_id, task_id, module_inst_id, status, task_completing_time) VALUES (4739, 41, 408, 1, '296');
INSERT INTO recordings (recording_id, task_inst_id, file_path) VALUES (4739, 4739, 'recordings/eval_82_mod_3_task_4739.wav');
INSERT INTO task_instances (task_inst_id, task_id, module_inst_id, status, task_completing_time) VALUES (4740, 42, 408, 1, '75');
INSERT INTO recordings (recording_id, task_inst_id, file_path) VALUES (4740, 4740, 'recordings/eval_82_mod_3_task_4740.wav');
INSERT INTO task_instances (task_inst_id, task_id, module_inst_id, status, task_completing_time) VALUES (4741, 43, 408, 1, '40');
INSERT INTO recordings (recording_id, task_inst_id, file_path) VALUES (4741, 4741, 'recordings/eval_82_mod_3_task_4741.wav');
INSERT INTO task_instances (task_inst_id, task_id, module_inst_id, status, task_completing_time) VALUES (4742, 44, 408, 1, '254');
INSERT INTO recordings (recording_id, task_inst_id, file_path) VALUES (4742, 4742, 'recordings/eval_82_mod_3_task_4742.wav');
INSERT INTO task_instances (task_inst_id, task_id, module_inst_id, status, task_completing_time) VALUES (4743, 45, 408, 1, '275');
INSERT INTO recordings (recording_id, task_inst_id, file_path) VALUES (4743, 4743, 'recordings/eval_82_mod_3_task_4743.wav');
INSERT INTO task_instances (task_inst_id, task_id, module_inst_id, status, task_completing_time) VALUES (4744, 46, 408, 0, '84');
INSERT INTO recordings (recording_id, task_inst_id, file_path) VALUES (4744, 4744, 'recordings/eval_82_mod_3_task_4744.wav');
INSERT INTO module_instances (module_inst_id, module_id, evaluation_id, status) VALUES (409, 4, 82, 3);
INSERT INTO task_instances (task_inst_id, task_id, module_inst_id, status, task_completing_time) VALUES (4745, 47, 409, 1, '23');
INSERT INTO recordings (recording_id, task_inst_id, file_path) VALUES (4745, 4745, 'recordings/eval_82_mod_4_task_4745.wav');
INSERT INTO task_instances (task_inst_id, task_id, module_inst_id, status, task_completing_time) VALUES (4746, 48, 409, 1, '197');
INSERT INTO recordings (recording_id, task_inst_id, file_path) VALUES (4746, 4746, 'recordings/eval_82_mod_4_task_4746.wav');
INSERT INTO task_instances (task_inst_id, task_id, module_inst_id, status, task_completing_time) VALUES (4747, 49, 409, 0, '105');
INSERT INTO recordings (recording_id, task_inst_id, file_path) VALUES (4747, 4747, 'recordings/eval_82_mod_4_task_4747.wav');
INSERT INTO task_instances (task_inst_id, task_id, module_inst_id, status, task_completing_time) VALUES (4748, 50, 409, 1, '229');
INSERT INTO recordings (recording_id, task_inst_id, file_path) VALUES (4748, 4748, 'recordings/eval_82_mod_4_task_4748.wav');
INSERT INTO task_instances (task_inst_id, task_id, module_inst_id, status, task_completing_time) VALUES (4749, 51, 409, 1, '191');
INSERT INTO recordings (recording_id, task_inst_id, file_path) VALUES (4749, 4749, 'recordings/eval_82_mod_4_task_4749.wav');
INSERT INTO task_instances (task_inst_id, task_id, module_inst_id, status, task_completing_time) VALUES (4750, 52, 409, 0, '26');
INSERT INTO recordings (recording_id, task_inst_id, file_path) VALUES (4750, 4750, 'recordings/eval_82_mod_4_task_4750.wav');
INSERT INTO task_instances (task_inst_id, task_id, module_inst_id, status, task_completing_time) VALUES (4751, 53, 409, 0, '216');
INSERT INTO recordings (recording_id, task_inst_id, file_path) VALUES (4751, 4751, 'recordings/eval_82_mod_4_task_4751.wav');
INSERT INTO task_instances (task_inst_id, task_id, module_inst_id, status, task_completing_time) VALUES (4752, 54, 409, 1, '100');
INSERT INTO recordings (recording_id, task_inst_id, file_path) VALUES (4752, 4752, 'recordings/eval_82_mod_4_task_4752.wav');
INSERT INTO task_instances (task_inst_id, task_id, module_inst_id, status, task_completing_time) VALUES (4753, 55, 409, 1, '129');
INSERT INTO recordings (recording_id, task_inst_id, file_path) VALUES (4753, 4753, 'recordings/eval_82_mod_4_task_4753.wav');
INSERT INTO task_instances (task_inst_id, task_id, module_inst_id, status, task_completing_time) VALUES (4754, 56, 409, 1, '27');
INSERT INTO recordings (recording_id, task_inst_id, file_path) VALUES (4754, 4754, 'recordings/eval_82_mod_4_task_4754.wav');
INSERT INTO module_instances (module_inst_id, module_id, evaluation_id, status) VALUES (410, 9001, 82, 3);
INSERT INTO task_instances (task_inst_id, task_id, module_inst_id, status, task_completing_time) VALUES (4755, 9001, 410, 1, '47');
INSERT INTO recordings (recording_id, task_inst_id, file_path) VALUES (4755, 4755, 'recordings/eval_82_mod_9001_task_4755.wav');
INSERT INTO task_instances (task_inst_id, task_id, module_inst_id, status, task_completing_time) VALUES (4756, 9002, 410, 1, '85');
INSERT INTO recordings (recording_id, task_inst_id, file_path) VALUES (4756, 4756, 'recordings/eval_82_mod_9001_task_4756.wav');
INSERT INTO participants (participant_id, name, surname, education_level, sex, birth_date, laterality) VALUES (83, 'vNX64MeOUYOgeC0Ihd4VCQ==', 'vd/77MTgUIKheSwJhN8UCA==', 2, 1, '1959-05-13', 1);
INSERT INTO evaluations (evaluation_id, evaluation_date, evaluator_id, participant_id, status, language) VALUES (83, '2025-09-09 09:45:00', 10, 83, 1, 1);
INSERT INTO module_instances (module_inst_id, module_id, evaluation_id, status) VALUES (411, 1, 83, 3);
INSERT INTO task_instances (task_inst_id, task_id, module_inst_id, status, task_completing_time) VALUES (4757, 1, 411, 1, '55');
INSERT INTO recordings (recording_id, task_inst_id, file_path) VALUES (4757, 4757, 'recordings/eval_83_mod_1_task_4757.wav');
INSERT INTO task_instances (task_inst_id, task_id, module_inst_id, status, task_completing_time) VALUES (4758, 2, 411, 1, '203');
INSERT INTO recordings (recording_id, task_inst_id, file_path) VALUES (4758, 4758, 'recordings/eval_83_mod_1_task_4758.wav');
INSERT INTO task_instances (task_inst_id, task_id, module_inst_id, status, task_completing_time) VALUES (4759, 3, 411, 0, '69');
INSERT INTO recordings (recording_id, task_inst_id, file_path) VALUES (4759, 4759, 'recordings/eval_83_mod_1_task_4759.wav');
INSERT INTO task_instances (task_inst_id, task_id, module_inst_id, status, task_completing_time) VALUES (4760, 4, 411, 1, '272');
INSERT INTO recordings (recording_id, task_inst_id, file_path) VALUES (4760, 4760, 'recordings/eval_83_mod_1_task_4760.wav');
INSERT INTO task_instances (task_inst_id, task_id, module_inst_id, status, task_completing_time) VALUES (4761, 5, 411, 1, '50');
INSERT INTO recordings (recording_id, task_inst_id, file_path) VALUES (4761, 4761, 'recordings/eval_83_mod_1_task_4761.wav');
INSERT INTO task_instances (task_inst_id, task_id, module_inst_id, status, task_completing_time) VALUES (4762, 6, 411, 1, '68');
INSERT INTO recordings (recording_id, task_inst_id, file_path) VALUES (4762, 4762, 'recordings/eval_83_mod_1_task_4762.wav');
INSERT INTO task_instances (task_inst_id, task_id, module_inst_id, status, task_completing_time) VALUES (4763, 7, 411, 1, '34');
INSERT INTO recordings (recording_id, task_inst_id, file_path) VALUES (4763, 4763, 'recordings/eval_83_mod_1_task_4763.wav');
INSERT INTO task_instances (task_inst_id, task_id, module_inst_id, status, task_completing_time) VALUES (4764, 8, 411, 1, '135');
INSERT INTO recordings (recording_id, task_inst_id, file_path) VALUES (4764, 4764, 'recordings/eval_83_mod_1_task_4764.wav');
INSERT INTO task_instances (task_inst_id, task_id, module_inst_id, status, task_completing_time) VALUES (4765, 9, 411, 1, '290');
INSERT INTO recordings (recording_id, task_inst_id, file_path) VALUES (4765, 4765, 'recordings/eval_83_mod_1_task_4765.wav');
INSERT INTO task_instances (task_inst_id, task_id, module_inst_id, status, task_completing_time) VALUES (4766, 10, 411, 1, '87');
INSERT INTO recordings (recording_id, task_inst_id, file_path) VALUES (4766, 4766, 'recordings/eval_83_mod_1_task_4766.wav');
INSERT INTO module_instances (module_inst_id, module_id, evaluation_id, status) VALUES (412, 2, 83, 2);
INSERT INTO task_instances (task_inst_id, task_id, module_inst_id, status, task_completing_time) VALUES (4767, 11, 412, 1, '37');
INSERT INTO recordings (recording_id, task_inst_id, file_path) VALUES (4767, 4767, 'recordings/eval_83_mod_2_task_4767.wav');
INSERT INTO task_instances (task_inst_id, task_id, module_inst_id, status, task_completing_time) VALUES (4768, 12, 412, 1, '139');
INSERT INTO recordings (recording_id, task_inst_id, file_path) VALUES (4768, 4768, 'recordings/eval_83_mod_2_task_4768.wav');
INSERT INTO task_instances (task_inst_id, task_id, module_inst_id, status, task_completing_time) VALUES (4769, 13, 412, 1, '119');
INSERT INTO recordings (recording_id, task_inst_id, file_path) VALUES (4769, 4769, 'recordings/eval_83_mod_2_task_4769.wav');
INSERT INTO task_instances (task_inst_id, task_id, module_inst_id, status, task_completing_time) VALUES (4770, 14, 412, 1, '29');
INSERT INTO recordings (recording_id, task_inst_id, file_path) VALUES (4770, 4770, 'recordings/eval_83_mod_2_task_4770.wav');
INSERT INTO task_instances (task_inst_id, task_id, module_inst_id, status, task_completing_time) VALUES (4771, 15, 412, 1, '247');
INSERT INTO recordings (recording_id, task_inst_id, file_path) VALUES (4771, 4771, 'recordings/eval_83_mod_2_task_4771.wav');
INSERT INTO task_instances (task_inst_id, task_id, module_inst_id, status, task_completing_time) VALUES (4772, 16, 412, 1, '297');
INSERT INTO recordings (recording_id, task_inst_id, file_path) VALUES (4772, 4772, 'recordings/eval_83_mod_2_task_4772.wav');
INSERT INTO task_instances (task_inst_id, task_id, module_inst_id, status, task_completing_time) VALUES (4773, 17, 412, 1, '94');
INSERT INTO recordings (recording_id, task_inst_id, file_path) VALUES (4773, 4773, 'recordings/eval_83_mod_2_task_4773.wav');
INSERT INTO task_instances (task_inst_id, task_id, module_inst_id, status, task_completing_time) VALUES (4774, 18, 412, 1, '151');
INSERT INTO recordings (recording_id, task_inst_id, file_path) VALUES (4774, 4774, 'recordings/eval_83_mod_2_task_4774.wav');
INSERT INTO task_instances (task_inst_id, task_id, module_inst_id, status, task_completing_time) VALUES (4775, 19, 412, 1, '101');
INSERT INTO recordings (recording_id, task_inst_id, file_path) VALUES (4775, 4775, 'recordings/eval_83_mod_2_task_4775.wav');
INSERT INTO task_instances (task_inst_id, task_id, module_inst_id, status, task_completing_time) VALUES (4776, 20, 412, 0, '59');
INSERT INTO recordings (recording_id, task_inst_id, file_path) VALUES (4776, 4776, 'recordings/eval_83_mod_2_task_4776.wav');
INSERT INTO task_instances (task_inst_id, task_id, module_inst_id, status, task_completing_time) VALUES (4777, 21, 412, 1, '56');
INSERT INTO recordings (recording_id, task_inst_id, file_path) VALUES (4777, 4777, 'recordings/eval_83_mod_2_task_4777.wav');
INSERT INTO task_instances (task_inst_id, task_id, module_inst_id, status, task_completing_time) VALUES (4778, 22, 412, 1, '160');
INSERT INTO recordings (recording_id, task_inst_id, file_path) VALUES (4778, 4778, 'recordings/eval_83_mod_2_task_4778.wav');
INSERT INTO task_instances (task_inst_id, task_id, module_inst_id, status, task_completing_time) VALUES (4779, 23, 412, 1, '35');
INSERT INTO recordings (recording_id, task_inst_id, file_path) VALUES (4779, 4779, 'recordings/eval_83_mod_2_task_4779.wav');
INSERT INTO task_instances (task_inst_id, task_id, module_inst_id, status, task_completing_time) VALUES (4780, 24, 412, 0, '142');
INSERT INTO recordings (recording_id, task_inst_id, file_path) VALUES (4780, 4780, 'recordings/eval_83_mod_2_task_4780.wav');
INSERT INTO task_instances (task_inst_id, task_id, module_inst_id, status, task_completing_time) VALUES (4781, 25, 412, 1, '36');
INSERT INTO recordings (recording_id, task_inst_id, file_path) VALUES (4781, 4781, 'recordings/eval_83_mod_2_task_4781.wav');
INSERT INTO task_instances (task_inst_id, task_id, module_inst_id, status, task_completing_time) VALUES (4782, 26, 412, 1, '267');
INSERT INTO recordings (recording_id, task_inst_id, file_path) VALUES (4782, 4782, 'recordings/eval_83_mod_2_task_4782.wav');
INSERT INTO task_instances (task_inst_id, task_id, module_inst_id, status, task_completing_time) VALUES (4783, 27, 412, 0, '275');
INSERT INTO recordings (recording_id, task_inst_id, file_path) VALUES (4783, 4783, 'recordings/eval_83_mod_2_task_4783.wav');
INSERT INTO task_instances (task_inst_id, task_id, module_inst_id, status, task_completing_time) VALUES (4784, 28, 412, 0, '70');
INSERT INTO recordings (recording_id, task_inst_id, file_path) VALUES (4784, 4784, 'recordings/eval_83_mod_2_task_4784.wav');
INSERT INTO task_instances (task_inst_id, task_id, module_inst_id, status, task_completing_time) VALUES (4785, 29, 412, 1, '197');
INSERT INTO recordings (recording_id, task_inst_id, file_path) VALUES (4785, 4785, 'recordings/eval_83_mod_2_task_4785.wav');
INSERT INTO task_instances (task_inst_id, task_id, module_inst_id, status, task_completing_time) VALUES (4786, 30, 412, 1, '20');
INSERT INTO recordings (recording_id, task_inst_id, file_path) VALUES (4786, 4786, 'recordings/eval_83_mod_2_task_4786.wav');
INSERT INTO task_instances (task_inst_id, task_id, module_inst_id, status, task_completing_time) VALUES (4787, 31, 412, 1, '236');
INSERT INTO recordings (recording_id, task_inst_id, file_path) VALUES (4787, 4787, 'recordings/eval_83_mod_2_task_4787.wav');
INSERT INTO task_instances (task_inst_id, task_id, module_inst_id, status, task_completing_time) VALUES (4788, 32, 412, 1, '183');
INSERT INTO recordings (recording_id, task_inst_id, file_path) VALUES (4788, 4788, 'recordings/eval_83_mod_2_task_4788.wav');
INSERT INTO task_instances (task_inst_id, task_id, module_inst_id, status, task_completing_time) VALUES (4789, 33, 412, 0, '35');
INSERT INTO recordings (recording_id, task_inst_id, file_path) VALUES (4789, 4789, 'recordings/eval_83_mod_2_task_4789.wav');
INSERT INTO task_instances (task_inst_id, task_id, module_inst_id, status, task_completing_time) VALUES (4790, 34, 412, 0, '74');
INSERT INTO recordings (recording_id, task_inst_id, file_path) VALUES (4790, 4790, 'recordings/eval_83_mod_2_task_4790.wav');
INSERT INTO task_instances (task_inst_id, task_id, module_inst_id, status, task_completing_time) VALUES (4791, 35, 412, 1, '66');
INSERT INTO recordings (recording_id, task_inst_id, file_path) VALUES (4791, 4791, 'recordings/eval_83_mod_2_task_4791.wav');
INSERT INTO task_instances (task_inst_id, task_id, module_inst_id, status, task_completing_time) VALUES (4792, 36, 412, 1, '246');
INSERT INTO recordings (recording_id, task_inst_id, file_path) VALUES (4792, 4792, 'recordings/eval_83_mod_2_task_4792.wav');
INSERT INTO task_instances (task_inst_id, task_id, module_inst_id, status, task_completing_time) VALUES (4793, 37, 412, 1, '258');
INSERT INTO recordings (recording_id, task_inst_id, file_path) VALUES (4793, 4793, 'recordings/eval_83_mod_2_task_4793.wav');
INSERT INTO module_instances (module_inst_id, module_id, evaluation_id, status) VALUES (413, 3, 83, 3);
INSERT INTO task_instances (task_inst_id, task_id, module_inst_id, status, task_completing_time) VALUES (4794, 38, 413, 1, '58');
INSERT INTO recordings (recording_id, task_inst_id, file_path) VALUES (4794, 4794, 'recordings/eval_83_mod_3_task_4794.wav');
INSERT INTO task_instances (task_inst_id, task_id, module_inst_id, status, task_completing_time) VALUES (4795, 39, 413, 1, '258');
INSERT INTO recordings (recording_id, task_inst_id, file_path) VALUES (4795, 4795, 'recordings/eval_83_mod_3_task_4795.wav');
INSERT INTO task_instances (task_inst_id, task_id, module_inst_id, status, task_completing_time) VALUES (4796, 40, 413, 1, '89');
INSERT INTO recordings (recording_id, task_inst_id, file_path) VALUES (4796, 4796, 'recordings/eval_83_mod_3_task_4796.wav');
INSERT INTO task_instances (task_inst_id, task_id, module_inst_id, status, task_completing_time) VALUES (4797, 41, 413, 1, '195');
INSERT INTO recordings (recording_id, task_inst_id, file_path) VALUES (4797, 4797, 'recordings/eval_83_mod_3_task_4797.wav');
INSERT INTO task_instances (task_inst_id, task_id, module_inst_id, status, task_completing_time) VALUES (4798, 42, 413, 1, '86');
INSERT INTO recordings (recording_id, task_inst_id, file_path) VALUES (4798, 4798, 'recordings/eval_83_mod_3_task_4798.wav');
INSERT INTO task_instances (task_inst_id, task_id, module_inst_id, status, task_completing_time) VALUES (4799, 43, 413, 1, '47');
INSERT INTO recordings (recording_id, task_inst_id, file_path) VALUES (4799, 4799, 'recordings/eval_83_mod_3_task_4799.wav');
INSERT INTO task_instances (task_inst_id, task_id, module_inst_id, status, task_completing_time) VALUES (4800, 44, 413, 1, '146');
INSERT INTO recordings (recording_id, task_inst_id, file_path) VALUES (4800, 4800, 'recordings/eval_83_mod_3_task_4800.wav');
INSERT INTO task_instances (task_inst_id, task_id, module_inst_id, status, task_completing_time) VALUES (4801, 45, 413, 1, '30');
INSERT INTO recordings (recording_id, task_inst_id, file_path) VALUES (4801, 4801, 'recordings/eval_83_mod_3_task_4801.wav');
INSERT INTO task_instances (task_inst_id, task_id, module_inst_id, status, task_completing_time) VALUES (4802, 46, 413, 0, '290');
INSERT INTO recordings (recording_id, task_inst_id, file_path) VALUES (4802, 4802, 'recordings/eval_83_mod_3_task_4802.wav');
INSERT INTO module_instances (module_inst_id, module_id, evaluation_id, status) VALUES (414, 4, 83, 2);
INSERT INTO task_instances (task_inst_id, task_id, module_inst_id, status, task_completing_time) VALUES (4803, 47, 414, 1, '7');
INSERT INTO recordings (recording_id, task_inst_id, file_path) VALUES (4803, 4803, 'recordings/eval_83_mod_4_task_4803.wav');
INSERT INTO task_instances (task_inst_id, task_id, module_inst_id, status, task_completing_time) VALUES (4804, 48, 414, 1, '96');
INSERT INTO recordings (recording_id, task_inst_id, file_path) VALUES (4804, 4804, 'recordings/eval_83_mod_4_task_4804.wav');
INSERT INTO task_instances (task_inst_id, task_id, module_inst_id, status, task_completing_time) VALUES (4805, 49, 414, 1, '52');
INSERT INTO recordings (recording_id, task_inst_id, file_path) VALUES (4805, 4805, 'recordings/eval_83_mod_4_task_4805.wav');
INSERT INTO task_instances (task_inst_id, task_id, module_inst_id, status, task_completing_time) VALUES (4806, 50, 414, 1, '142');
INSERT INTO recordings (recording_id, task_inst_id, file_path) VALUES (4806, 4806, 'recordings/eval_83_mod_4_task_4806.wav');
INSERT INTO task_instances (task_inst_id, task_id, module_inst_id, status, task_completing_time) VALUES (4807, 51, 414, 1, '44');
INSERT INTO recordings (recording_id, task_inst_id, file_path) VALUES (4807, 4807, 'recordings/eval_83_mod_4_task_4807.wav');
INSERT INTO task_instances (task_inst_id, task_id, module_inst_id, status, task_completing_time) VALUES (4808, 52, 414, 1, '198');
INSERT INTO recordings (recording_id, task_inst_id, file_path) VALUES (4808, 4808, 'recordings/eval_83_mod_4_task_4808.wav');
INSERT INTO task_instances (task_inst_id, task_id, module_inst_id, status, task_completing_time) VALUES (4809, 53, 414, 1, '140');
INSERT INTO recordings (recording_id, task_inst_id, file_path) VALUES (4809, 4809, 'recordings/eval_83_mod_4_task_4809.wav');
INSERT INTO task_instances (task_inst_id, task_id, module_inst_id, status, task_completing_time) VALUES (4810, 54, 414, 1, '21');
INSERT INTO recordings (recording_id, task_inst_id, file_path) VALUES (4810, 4810, 'recordings/eval_83_mod_4_task_4810.wav');
INSERT INTO task_instances (task_inst_id, task_id, module_inst_id, status, task_completing_time) VALUES (4811, 55, 414, 0, '270');
INSERT INTO recordings (recording_id, task_inst_id, file_path) VALUES (4811, 4811, 'recordings/eval_83_mod_4_task_4811.wav');
INSERT INTO task_instances (task_inst_id, task_id, module_inst_id, status, task_completing_time) VALUES (4812, 56, 414, 1, '45');
INSERT INTO recordings (recording_id, task_inst_id, file_path) VALUES (4812, 4812, 'recordings/eval_83_mod_4_task_4812.wav');
INSERT INTO module_instances (module_inst_id, module_id, evaluation_id, status) VALUES (415, 9001, 83, 3);
INSERT INTO task_instances (task_inst_id, task_id, module_inst_id, status, task_completing_time) VALUES (4813, 9001, 415, 1, '39');
INSERT INTO recordings (recording_id, task_inst_id, file_path) VALUES (4813, 4813, 'recordings/eval_83_mod_9001_task_4813.wav');
INSERT INTO task_instances (task_inst_id, task_id, module_inst_id, status, task_completing_time) VALUES (4814, 9002, 415, 1, '295');
INSERT INTO recordings (recording_id, task_inst_id, file_path) VALUES (4814, 4814, 'recordings/eval_83_mod_9001_task_4814.wav');
INSERT INTO participants (participant_id, name, surname, education_level, sex, birth_date, laterality) VALUES (84, 'u973hLrmVoSnfyoPgtkSDg==', 'qd/j89bgUIKheSwJhN8UCA==', 4, 2, '1981-02-20', 2);
INSERT INTO evaluations (evaluation_id, evaluation_date, evaluator_id, participant_id, status, language) VALUES (84, '2025-09-23 14:15:00', 10, 84, 3, 1);
INSERT INTO module_instances (module_inst_id, module_id, evaluation_id, status) VALUES (416, 1, 84, 3);
INSERT INTO task_instances (task_inst_id, task_id, module_inst_id, status, task_completing_time) VALUES (4815, 1, 416, 1, '10');
INSERT INTO recordings (recording_id, task_inst_id, file_path) VALUES (4815, 4815, 'recordings/eval_84_mod_1_task_4815.wav');
INSERT INTO task_instances (task_inst_id, task_id, module_inst_id, status, task_completing_time) VALUES (4816, 2, 416, 1, '95');
INSERT INTO recordings (recording_id, task_inst_id, file_path) VALUES (4816, 4816, 'recordings/eval_84_mod_1_task_4816.wav');
INSERT INTO task_instances (task_inst_id, task_id, module_inst_id, status, task_completing_time) VALUES (4817, 3, 416, 1, '47');
INSERT INTO recordings (recording_id, task_inst_id, file_path) VALUES (4817, 4817, 'recordings/eval_84_mod_1_task_4817.wav');
INSERT INTO task_instances (task_inst_id, task_id, module_inst_id, status, task_completing_time) VALUES (4818, 4, 416, 1, '272');
INSERT INTO recordings (recording_id, task_inst_id, file_path) VALUES (4818, 4818, 'recordings/eval_84_mod_1_task_4818.wav');
INSERT INTO task_instances (task_inst_id, task_id, module_inst_id, status, task_completing_time) VALUES (4819, 5, 416, 0, '102');
INSERT INTO recordings (recording_id, task_inst_id, file_path) VALUES (4819, 4819, 'recordings/eval_84_mod_1_task_4819.wav');
INSERT INTO task_instances (task_inst_id, task_id, module_inst_id, status, task_completing_time) VALUES (4820, 6, 416, 1, '57');
INSERT INTO recordings (recording_id, task_inst_id, file_path) VALUES (4820, 4820, 'recordings/eval_84_mod_1_task_4820.wav');
INSERT INTO task_instances (task_inst_id, task_id, module_inst_id, status, task_completing_time) VALUES (4821, 7, 416, 0, '249');
INSERT INTO recordings (recording_id, task_inst_id, file_path) VALUES (4821, 4821, 'recordings/eval_84_mod_1_task_4821.wav');
INSERT INTO task_instances (task_inst_id, task_id, module_inst_id, status, task_completing_time) VALUES (4822, 8, 416, 1, '212');
INSERT INTO recordings (recording_id, task_inst_id, file_path) VALUES (4822, 4822, 'recordings/eval_84_mod_1_task_4822.wav');
INSERT INTO task_instances (task_inst_id, task_id, module_inst_id, status, task_completing_time) VALUES (4823, 9, 416, 1, '245');
INSERT INTO recordings (recording_id, task_inst_id, file_path) VALUES (4823, 4823, 'recordings/eval_84_mod_1_task_4823.wav');
INSERT INTO task_instances (task_inst_id, task_id, module_inst_id, status, task_completing_time) VALUES (4824, 10, 416, 1, '231');
INSERT INTO recordings (recording_id, task_inst_id, file_path) VALUES (4824, 4824, 'recordings/eval_84_mod_1_task_4824.wav');
INSERT INTO module_instances (module_inst_id, module_id, evaluation_id, status) VALUES (417, 2, 84, 2);
INSERT INTO task_instances (task_inst_id, task_id, module_inst_id, status, task_completing_time) VALUES (4825, 11, 417, 1, '29');
INSERT INTO recordings (recording_id, task_inst_id, file_path) VALUES (4825, 4825, 'recordings/eval_84_mod_2_task_4825.wav');
INSERT INTO task_instances (task_inst_id, task_id, module_inst_id, status, task_completing_time) VALUES (4826, 12, 417, 1, '255');
INSERT INTO recordings (recording_id, task_inst_id, file_path) VALUES (4826, 4826, 'recordings/eval_84_mod_2_task_4826.wav');
INSERT INTO task_instances (task_inst_id, task_id, module_inst_id, status, task_completing_time) VALUES (4827, 13, 417, 1, '138');
INSERT INTO recordings (recording_id, task_inst_id, file_path) VALUES (4827, 4827, 'recordings/eval_84_mod_2_task_4827.wav');
INSERT INTO task_instances (task_inst_id, task_id, module_inst_id, status, task_completing_time) VALUES (4828, 14, 417, 1, '298');
INSERT INTO recordings (recording_id, task_inst_id, file_path) VALUES (4828, 4828, 'recordings/eval_84_mod_2_task_4828.wav');
INSERT INTO task_instances (task_inst_id, task_id, module_inst_id, status, task_completing_time) VALUES (4829, 15, 417, 1, '38');
INSERT INTO recordings (recording_id, task_inst_id, file_path) VALUES (4829, 4829, 'recordings/eval_84_mod_2_task_4829.wav');
INSERT INTO task_instances (task_inst_id, task_id, module_inst_id, status, task_completing_time) VALUES (4830, 16, 417, 0, '214');
INSERT INTO recordings (recording_id, task_inst_id, file_path) VALUES (4830, 4830, 'recordings/eval_84_mod_2_task_4830.wav');
INSERT INTO task_instances (task_inst_id, task_id, module_inst_id, status, task_completing_time) VALUES (4831, 17, 417, 1, '150');
INSERT INTO recordings (recording_id, task_inst_id, file_path) VALUES (4831, 4831, 'recordings/eval_84_mod_2_task_4831.wav');
INSERT INTO task_instances (task_inst_id, task_id, module_inst_id, status, task_completing_time) VALUES (4832, 18, 417, 1, '91');
INSERT INTO recordings (recording_id, task_inst_id, file_path) VALUES (4832, 4832, 'recordings/eval_84_mod_2_task_4832.wav');
INSERT INTO task_instances (task_inst_id, task_id, module_inst_id, status, task_completing_time) VALUES (4833, 19, 417, 1, '23');
INSERT INTO recordings (recording_id, task_inst_id, file_path) VALUES (4833, 4833, 'recordings/eval_84_mod_2_task_4833.wav');
INSERT INTO task_instances (task_inst_id, task_id, module_inst_id, status, task_completing_time) VALUES (4834, 20, 417, 1, '77');
INSERT INTO recordings (recording_id, task_inst_id, file_path) VALUES (4834, 4834, 'recordings/eval_84_mod_2_task_4834.wav');
INSERT INTO task_instances (task_inst_id, task_id, module_inst_id, status, task_completing_time) VALUES (4835, 21, 417, 1, '29');
INSERT INTO recordings (recording_id, task_inst_id, file_path) VALUES (4835, 4835, 'recordings/eval_84_mod_2_task_4835.wav');
INSERT INTO task_instances (task_inst_id, task_id, module_inst_id, status, task_completing_time) VALUES (4836, 22, 417, 1, '240');
INSERT INTO recordings (recording_id, task_inst_id, file_path) VALUES (4836, 4836, 'recordings/eval_84_mod_2_task_4836.wav');
INSERT INTO task_instances (task_inst_id, task_id, module_inst_id, status, task_completing_time) VALUES (4837, 23, 417, 1, '17');
INSERT INTO recordings (recording_id, task_inst_id, file_path) VALUES (4837, 4837, 'recordings/eval_84_mod_2_task_4837.wav');
INSERT INTO task_instances (task_inst_id, task_id, module_inst_id, status, task_completing_time) VALUES (4838, 24, 417, 0, '132');
INSERT INTO recordings (recording_id, task_inst_id, file_path) VALUES (4838, 4838, 'recordings/eval_84_mod_2_task_4838.wav');
INSERT INTO task_instances (task_inst_id, task_id, module_inst_id, status, task_completing_time) VALUES (4839, 25, 417, 1, '59');
INSERT INTO recordings (recording_id, task_inst_id, file_path) VALUES (4839, 4839, 'recordings/eval_84_mod_2_task_4839.wav');
INSERT INTO task_instances (task_inst_id, task_id, module_inst_id, status, task_completing_time) VALUES (4840, 26, 417, 1, '232');
INSERT INTO recordings (recording_id, task_inst_id, file_path) VALUES (4840, 4840, 'recordings/eval_84_mod_2_task_4840.wav');
INSERT INTO task_instances (task_inst_id, task_id, module_inst_id, status, task_completing_time) VALUES (4841, 27, 417, 1, '256');
INSERT INTO recordings (recording_id, task_inst_id, file_path) VALUES (4841, 4841, 'recordings/eval_84_mod_2_task_4841.wav');
INSERT INTO task_instances (task_inst_id, task_id, module_inst_id, status, task_completing_time) VALUES (4842, 28, 417, 0, '21');
INSERT INTO recordings (recording_id, task_inst_id, file_path) VALUES (4842, 4842, 'recordings/eval_84_mod_2_task_4842.wav');
INSERT INTO task_instances (task_inst_id, task_id, module_inst_id, status, task_completing_time) VALUES (4843, 29, 417, 0, '293');
INSERT INTO recordings (recording_id, task_inst_id, file_path) VALUES (4843, 4843, 'recordings/eval_84_mod_2_task_4843.wav');
INSERT INTO task_instances (task_inst_id, task_id, module_inst_id, status, task_completing_time) VALUES (4844, 30, 417, 1, '36');
INSERT INTO recordings (recording_id, task_inst_id, file_path) VALUES (4844, 4844, 'recordings/eval_84_mod_2_task_4844.wav');
INSERT INTO task_instances (task_inst_id, task_id, module_inst_id, status, task_completing_time) VALUES (4845, 31, 417, 0, '256');
INSERT INTO recordings (recording_id, task_inst_id, file_path) VALUES (4845, 4845, 'recordings/eval_84_mod_2_task_4845.wav');
INSERT INTO task_instances (task_inst_id, task_id, module_inst_id, status, task_completing_time) VALUES (4846, 32, 417, 1, '138');
INSERT INTO recordings (recording_id, task_inst_id, file_path) VALUES (4846, 4846, 'recordings/eval_84_mod_2_task_4846.wav');
INSERT INTO task_instances (task_inst_id, task_id, module_inst_id, status, task_completing_time) VALUES (4847, 33, 417, 1, '175');
INSERT INTO recordings (recording_id, task_inst_id, file_path) VALUES (4847, 4847, 'recordings/eval_84_mod_2_task_4847.wav');
INSERT INTO task_instances (task_inst_id, task_id, module_inst_id, status, task_completing_time) VALUES (4848, 34, 417, 0, '231');
INSERT INTO recordings (recording_id, task_inst_id, file_path) VALUES (4848, 4848, 'recordings/eval_84_mod_2_task_4848.wav');
INSERT INTO task_instances (task_inst_id, task_id, module_inst_id, status, task_completing_time) VALUES (4849, 35, 417, 1, '54');
INSERT INTO recordings (recording_id, task_inst_id, file_path) VALUES (4849, 4849, 'recordings/eval_84_mod_2_task_4849.wav');
INSERT INTO task_instances (task_inst_id, task_id, module_inst_id, status, task_completing_time) VALUES (4850, 36, 417, 0, '65');
INSERT INTO recordings (recording_id, task_inst_id, file_path) VALUES (4850, 4850, 'recordings/eval_84_mod_2_task_4850.wav');
INSERT INTO task_instances (task_inst_id, task_id, module_inst_id, status, task_completing_time) VALUES (4851, 37, 417, 1, '129');
INSERT INTO recordings (recording_id, task_inst_id, file_path) VALUES (4851, 4851, 'recordings/eval_84_mod_2_task_4851.wav');
INSERT INTO module_instances (module_inst_id, module_id, evaluation_id, status) VALUES (418, 3, 84, 3);
INSERT INTO task_instances (task_inst_id, task_id, module_inst_id, status, task_completing_time) VALUES (4852, 38, 418, 0, '58');
INSERT INTO recordings (recording_id, task_inst_id, file_path) VALUES (4852, 4852, 'recordings/eval_84_mod_3_task_4852.wav');
INSERT INTO task_instances (task_inst_id, task_id, module_inst_id, status, task_completing_time) VALUES (4853, 39, 418, 0, '121');
INSERT INTO recordings (recording_id, task_inst_id, file_path) VALUES (4853, 4853, 'recordings/eval_84_mod_3_task_4853.wav');
INSERT INTO task_instances (task_inst_id, task_id, module_inst_id, status, task_completing_time) VALUES (4854, 40, 418, 0, '152');
INSERT INTO recordings (recording_id, task_inst_id, file_path) VALUES (4854, 4854, 'recordings/eval_84_mod_3_task_4854.wav');
INSERT INTO task_instances (task_inst_id, task_id, module_inst_id, status, task_completing_time) VALUES (4855, 41, 418, 1, '140');
INSERT INTO recordings (recording_id, task_inst_id, file_path) VALUES (4855, 4855, 'recordings/eval_84_mod_3_task_4855.wav');
INSERT INTO task_instances (task_inst_id, task_id, module_inst_id, status, task_completing_time) VALUES (4856, 42, 418, 0, '251');
INSERT INTO recordings (recording_id, task_inst_id, file_path) VALUES (4856, 4856, 'recordings/eval_84_mod_3_task_4856.wav');
INSERT INTO task_instances (task_inst_id, task_id, module_inst_id, status, task_completing_time) VALUES (4857, 43, 418, 1, '294');
INSERT INTO recordings (recording_id, task_inst_id, file_path) VALUES (4857, 4857, 'recordings/eval_84_mod_3_task_4857.wav');
INSERT INTO task_instances (task_inst_id, task_id, module_inst_id, status, task_completing_time) VALUES (4858, 44, 418, 1, '96');
INSERT INTO recordings (recording_id, task_inst_id, file_path) VALUES (4858, 4858, 'recordings/eval_84_mod_3_task_4858.wav');
INSERT INTO task_instances (task_inst_id, task_id, module_inst_id, status, task_completing_time) VALUES (4859, 45, 418, 1, '29');
INSERT INTO recordings (recording_id, task_inst_id, file_path) VALUES (4859, 4859, 'recordings/eval_84_mod_3_task_4859.wav');
INSERT INTO task_instances (task_inst_id, task_id, module_inst_id, status, task_completing_time) VALUES (4860, 46, 418, 1, '210');
INSERT INTO recordings (recording_id, task_inst_id, file_path) VALUES (4860, 4860, 'recordings/eval_84_mod_3_task_4860.wav');
INSERT INTO module_instances (module_inst_id, module_id, evaluation_id, status) VALUES (419, 4, 84, 3);
INSERT INTO task_instances (task_inst_id, task_id, module_inst_id, status, task_completing_time) VALUES (4861, 47, 419, 0, '37');
INSERT INTO recordings (recording_id, task_inst_id, file_path) VALUES (4861, 4861, 'recordings/eval_84_mod_4_task_4861.wav');
INSERT INTO task_instances (task_inst_id, task_id, module_inst_id, status, task_completing_time) VALUES (4862, 48, 419, 1, '127');
INSERT INTO recordings (recording_id, task_inst_id, file_path) VALUES (4862, 4862, 'recordings/eval_84_mod_4_task_4862.wav');
INSERT INTO task_instances (task_inst_id, task_id, module_inst_id, status, task_completing_time) VALUES (4863, 49, 419, 1, '146');
INSERT INTO recordings (recording_id, task_inst_id, file_path) VALUES (4863, 4863, 'recordings/eval_84_mod_4_task_4863.wav');
INSERT INTO task_instances (task_inst_id, task_id, module_inst_id, status, task_completing_time) VALUES (4864, 50, 419, 0, '34');
INSERT INTO recordings (recording_id, task_inst_id, file_path) VALUES (4864, 4864, 'recordings/eval_84_mod_4_task_4864.wav');
INSERT INTO task_instances (task_inst_id, task_id, module_inst_id, status, task_completing_time) VALUES (4865, 51, 419, 1, '55');
INSERT INTO recordings (recording_id, task_inst_id, file_path) VALUES (4865, 4865, 'recordings/eval_84_mod_4_task_4865.wav');
INSERT INTO task_instances (task_inst_id, task_id, module_inst_id, status, task_completing_time) VALUES (4866, 52, 419, 1, '142');
INSERT INTO recordings (recording_id, task_inst_id, file_path) VALUES (4866, 4866, 'recordings/eval_84_mod_4_task_4866.wav');
INSERT INTO task_instances (task_inst_id, task_id, module_inst_id, status, task_completing_time) VALUES (4867, 53, 419, 1, '65');
INSERT INTO recordings (recording_id, task_inst_id, file_path) VALUES (4867, 4867, 'recordings/eval_84_mod_4_task_4867.wav');
INSERT INTO task_instances (task_inst_id, task_id, module_inst_id, status, task_completing_time) VALUES (4868, 54, 419, 1, '195');
INSERT INTO recordings (recording_id, task_inst_id, file_path) VALUES (4868, 4868, 'recordings/eval_84_mod_4_task_4868.wav');
INSERT INTO task_instances (task_inst_id, task_id, module_inst_id, status, task_completing_time) VALUES (4869, 55, 419, 0, '275');
INSERT INTO recordings (recording_id, task_inst_id, file_path) VALUES (4869, 4869, 'recordings/eval_84_mod_4_task_4869.wav');
INSERT INTO task_instances (task_inst_id, task_id, module_inst_id, status, task_completing_time) VALUES (4870, 56, 419, 1, '22');
INSERT INTO recordings (recording_id, task_inst_id, file_path) VALUES (4870, 4870, 'recordings/eval_84_mod_4_task_4870.wav');
INSERT INTO module_instances (module_inst_id, module_id, evaluation_id, status) VALUES (420, 9001, 84, 2);
INSERT INTO task_instances (task_inst_id, task_id, module_inst_id, status, task_completing_time) VALUES (4871, 9001, 420, 1, '36');
INSERT INTO recordings (recording_id, task_inst_id, file_path) VALUES (4871, 4871, 'recordings/eval_84_mod_9001_task_4871.wav');
INSERT INTO task_instances (task_inst_id, task_id, module_inst_id, status, task_completing_time) VALUES (4872, 9002, 420, 1, '79');
INSERT INTO recordings (recording_id, task_inst_id, file_path) VALUES (4872, 4872, 'recordings/eval_84_mod_9001_task_4872.wav');
INSERT INTO participants (participant_id, name, surname, education_level, sex, birth_date, laterality) VALUES (85, 'tNn15tuKKICjey4Lht0WCg==', 'vd/77MTgUIKheSwJhN8UCA==', 5, 2, '1943-07-20', 2);
INSERT INTO evaluations (evaluation_id, evaluation_date, evaluator_id, participant_id, status, language) VALUES (85, '2025-08-25 12:27:00', 10, 85, 3, 1);
INSERT INTO module_instances (module_inst_id, module_id, evaluation_id, status) VALUES (421, 1, 85, 3);
INSERT INTO task_instances (task_inst_id, task_id, module_inst_id, status, task_completing_time) VALUES (4873, 1, 421, 0, '35');
INSERT INTO recordings (recording_id, task_inst_id, file_path) VALUES (4873, 4873, 'recordings/eval_85_mod_1_task_4873.wav');
INSERT INTO task_instances (task_inst_id, task_id, module_inst_id, status, task_completing_time) VALUES (4874, 2, 421, 1, '273');
INSERT INTO recordings (recording_id, task_inst_id, file_path) VALUES (4874, 4874, 'recordings/eval_85_mod_1_task_4874.wav');
INSERT INTO task_instances (task_inst_id, task_id, module_inst_id, status, task_completing_time) VALUES (4875, 3, 421, 1, '192');
INSERT INTO recordings (recording_id, task_inst_id, file_path) VALUES (4875, 4875, 'recordings/eval_85_mod_1_task_4875.wav');
INSERT INTO task_instances (task_inst_id, task_id, module_inst_id, status, task_completing_time) VALUES (4876, 4, 421, 1, '226');
INSERT INTO recordings (recording_id, task_inst_id, file_path) VALUES (4876, 4876, 'recordings/eval_85_mod_1_task_4876.wav');
INSERT INTO task_instances (task_inst_id, task_id, module_inst_id, status, task_completing_time) VALUES (4877, 5, 421, 1, '49');
INSERT INTO recordings (recording_id, task_inst_id, file_path) VALUES (4877, 4877, 'recordings/eval_85_mod_1_task_4877.wav');
INSERT INTO task_instances (task_inst_id, task_id, module_inst_id, status, task_completing_time) VALUES (4878, 6, 421, 1, '288');
INSERT INTO recordings (recording_id, task_inst_id, file_path) VALUES (4878, 4878, 'recordings/eval_85_mod_1_task_4878.wav');
INSERT INTO task_instances (task_inst_id, task_id, module_inst_id, status, task_completing_time) VALUES (4879, 7, 421, 1, '71');
INSERT INTO recordings (recording_id, task_inst_id, file_path) VALUES (4879, 4879, 'recordings/eval_85_mod_1_task_4879.wav');
INSERT INTO task_instances (task_inst_id, task_id, module_inst_id, status, task_completing_time) VALUES (4880, 8, 421, 1, '32');
INSERT INTO recordings (recording_id, task_inst_id, file_path) VALUES (4880, 4880, 'recordings/eval_85_mod_1_task_4880.wav');
INSERT INTO task_instances (task_inst_id, task_id, module_inst_id, status, task_completing_time) VALUES (4881, 9, 421, 1, '155');
INSERT INTO recordings (recording_id, task_inst_id, file_path) VALUES (4881, 4881, 'recordings/eval_85_mod_1_task_4881.wav');
INSERT INTO task_instances (task_inst_id, task_id, module_inst_id, status, task_completing_time) VALUES (4882, 10, 421, 1, '58');
INSERT INTO recordings (recording_id, task_inst_id, file_path) VALUES (4882, 4882, 'recordings/eval_85_mod_1_task_4882.wav');
INSERT INTO module_instances (module_inst_id, module_id, evaluation_id, status) VALUES (422, 2, 85, 3);
INSERT INTO task_instances (task_inst_id, task_id, module_inst_id, status, task_completing_time) VALUES (4883, 11, 422, 1, '55');
INSERT INTO recordings (recording_id, task_inst_id, file_path) VALUES (4883, 4883, 'recordings/eval_85_mod_2_task_4883.wav');
INSERT INTO task_instances (task_inst_id, task_id, module_inst_id, status, task_completing_time) VALUES (4884, 12, 422, 1, '209');
INSERT INTO recordings (recording_id, task_inst_id, file_path) VALUES (4884, 4884, 'recordings/eval_85_mod_2_task_4884.wav');
INSERT INTO task_instances (task_inst_id, task_id, module_inst_id, status, task_completing_time) VALUES (4885, 13, 422, 1, '293');
INSERT INTO recordings (recording_id, task_inst_id, file_path) VALUES (4885, 4885, 'recordings/eval_85_mod_2_task_4885.wav');
INSERT INTO task_instances (task_inst_id, task_id, module_inst_id, status, task_completing_time) VALUES (4886, 14, 422, 1, '27');
INSERT INTO recordings (recording_id, task_inst_id, file_path) VALUES (4886, 4886, 'recordings/eval_85_mod_2_task_4886.wav');
INSERT INTO task_instances (task_inst_id, task_id, module_inst_id, status, task_completing_time) VALUES (4887, 15, 422, 1, '151');
INSERT INTO recordings (recording_id, task_inst_id, file_path) VALUES (4887, 4887, 'recordings/eval_85_mod_2_task_4887.wav');
INSERT INTO task_instances (task_inst_id, task_id, module_inst_id, status, task_completing_time) VALUES (4888, 16, 422, 1, '276');
INSERT INTO recordings (recording_id, task_inst_id, file_path) VALUES (4888, 4888, 'recordings/eval_85_mod_2_task_4888.wav');
INSERT INTO task_instances (task_inst_id, task_id, module_inst_id, status, task_completing_time) VALUES (4889, 17, 422, 1, '179');
INSERT INTO recordings (recording_id, task_inst_id, file_path) VALUES (4889, 4889, 'recordings/eval_85_mod_2_task_4889.wav');
INSERT INTO task_instances (task_inst_id, task_id, module_inst_id, status, task_completing_time) VALUES (4890, 18, 422, 1, '63');
INSERT INTO recordings (recording_id, task_inst_id, file_path) VALUES (4890, 4890, 'recordings/eval_85_mod_2_task_4890.wav');
INSERT INTO task_instances (task_inst_id, task_id, module_inst_id, status, task_completing_time) VALUES (4891, 19, 422, 1, '113');
INSERT INTO recordings (recording_id, task_inst_id, file_path) VALUES (4891, 4891, 'recordings/eval_85_mod_2_task_4891.wav');
INSERT INTO task_instances (task_inst_id, task_id, module_inst_id, status, task_completing_time) VALUES (4892, 20, 422, 1, '138');
INSERT INTO recordings (recording_id, task_inst_id, file_path) VALUES (4892, 4892, 'recordings/eval_85_mod_2_task_4892.wav');
INSERT INTO task_instances (task_inst_id, task_id, module_inst_id, status, task_completing_time) VALUES (4893, 21, 422, 0, '50');
INSERT INTO recordings (recording_id, task_inst_id, file_path) VALUES (4893, 4893, 'recordings/eval_85_mod_2_task_4893.wav');
INSERT INTO task_instances (task_inst_id, task_id, module_inst_id, status, task_completing_time) VALUES (4894, 22, 422, 1, '128');
INSERT INTO recordings (recording_id, task_inst_id, file_path) VALUES (4894, 4894, 'recordings/eval_85_mod_2_task_4894.wav');
INSERT INTO task_instances (task_inst_id, task_id, module_inst_id, status, task_completing_time) VALUES (4895, 23, 422, 1, '29');
INSERT INTO recordings (recording_id, task_inst_id, file_path) VALUES (4895, 4895, 'recordings/eval_85_mod_2_task_4895.wav');
INSERT INTO task_instances (task_inst_id, task_id, module_inst_id, status, task_completing_time) VALUES (4896, 24, 422, 1, '187');
INSERT INTO recordings (recording_id, task_inst_id, file_path) VALUES (4896, 4896, 'recordings/eval_85_mod_2_task_4896.wav');
INSERT INTO task_instances (task_inst_id, task_id, module_inst_id, status, task_completing_time) VALUES (4897, 25, 422, 1, '12');
INSERT INTO recordings (recording_id, task_inst_id, file_path) VALUES (4897, 4897, 'recordings/eval_85_mod_2_task_4897.wav');
INSERT INTO task_instances (task_inst_id, task_id, module_inst_id, status, task_completing_time) VALUES (4898, 26, 422, 0, '175');
INSERT INTO recordings (recording_id, task_inst_id, file_path) VALUES (4898, 4898, 'recordings/eval_85_mod_2_task_4898.wav');
INSERT INTO task_instances (task_inst_id, task_id, module_inst_id, status, task_completing_time) VALUES (4899, 27, 422, 1, '262');
INSERT INTO recordings (recording_id, task_inst_id, file_path) VALUES (4899, 4899, 'recordings/eval_85_mod_2_task_4899.wav');
INSERT INTO task_instances (task_inst_id, task_id, module_inst_id, status, task_completing_time) VALUES (4900, 28, 422, 1, '277');
INSERT INTO recordings (recording_id, task_inst_id, file_path) VALUES (4900, 4900, 'recordings/eval_85_mod_2_task_4900.wav');
INSERT INTO task_instances (task_inst_id, task_id, module_inst_id, status, task_completing_time) VALUES (4901, 29, 422, 0, '181');
INSERT INTO recordings (recording_id, task_inst_id, file_path) VALUES (4901, 4901, 'recordings/eval_85_mod_2_task_4901.wav');
INSERT INTO task_instances (task_inst_id, task_id, module_inst_id, status, task_completing_time) VALUES (4902, 30, 422, 1, '21');
INSERT INTO recordings (recording_id, task_inst_id, file_path) VALUES (4902, 4902, 'recordings/eval_85_mod_2_task_4902.wav');
INSERT INTO task_instances (task_inst_id, task_id, module_inst_id, status, task_completing_time) VALUES (4903, 31, 422, 1, '46');
INSERT INTO recordings (recording_id, task_inst_id, file_path) VALUES (4903, 4903, 'recordings/eval_85_mod_2_task_4903.wav');
INSERT INTO task_instances (task_inst_id, task_id, module_inst_id, status, task_completing_time) VALUES (4904, 32, 422, 1, '21');
INSERT INTO recordings (recording_id, task_inst_id, file_path) VALUES (4904, 4904, 'recordings/eval_85_mod_2_task_4904.wav');
INSERT INTO task_instances (task_inst_id, task_id, module_inst_id, status, task_completing_time) VALUES (4905, 33, 422, 1, '282');
INSERT INTO recordings (recording_id, task_inst_id, file_path) VALUES (4905, 4905, 'recordings/eval_85_mod_2_task_4905.wav');
INSERT INTO task_instances (task_inst_id, task_id, module_inst_id, status, task_completing_time) VALUES (4906, 34, 422, 1, '153');
INSERT INTO recordings (recording_id, task_inst_id, file_path) VALUES (4906, 4906, 'recordings/eval_85_mod_2_task_4906.wav');
INSERT INTO task_instances (task_inst_id, task_id, module_inst_id, status, task_completing_time) VALUES (4907, 35, 422, 1, '92');
INSERT INTO recordings (recording_id, task_inst_id, file_path) VALUES (4907, 4907, 'recordings/eval_85_mod_2_task_4907.wav');
INSERT INTO task_instances (task_inst_id, task_id, module_inst_id, status, task_completing_time) VALUES (4908, 36, 422, 1, '40');
INSERT INTO recordings (recording_id, task_inst_id, file_path) VALUES (4908, 4908, 'recordings/eval_85_mod_2_task_4908.wav');
INSERT INTO task_instances (task_inst_id, task_id, module_inst_id, status, task_completing_time) VALUES (4909, 37, 422, 1, '51');
INSERT INTO recordings (recording_id, task_inst_id, file_path) VALUES (4909, 4909, 'recordings/eval_85_mod_2_task_4909.wav');
INSERT INTO module_instances (module_inst_id, module_id, evaluation_id, status) VALUES (423, 3, 85, 3);
INSERT INTO task_instances (task_inst_id, task_id, module_inst_id, status, task_completing_time) VALUES (4910, 38, 423, 0, '40');
INSERT INTO recordings (recording_id, task_inst_id, file_path) VALUES (4910, 4910, 'recordings/eval_85_mod_3_task_4910.wav');
INSERT INTO task_instances (task_inst_id, task_id, module_inst_id, status, task_completing_time) VALUES (4911, 39, 423, 1, '43');
INSERT INTO recordings (recording_id, task_inst_id, file_path) VALUES (4911, 4911, 'recordings/eval_85_mod_3_task_4911.wav');
INSERT INTO task_instances (task_inst_id, task_id, module_inst_id, status, task_completing_time) VALUES (4912, 40, 423, 0, '195');
INSERT INTO recordings (recording_id, task_inst_id, file_path) VALUES (4912, 4912, 'recordings/eval_85_mod_3_task_4912.wav');
INSERT INTO task_instances (task_inst_id, task_id, module_inst_id, status, task_completing_time) VALUES (4913, 41, 423, 1, '178');
INSERT INTO recordings (recording_id, task_inst_id, file_path) VALUES (4913, 4913, 'recordings/eval_85_mod_3_task_4913.wav');
INSERT INTO task_instances (task_inst_id, task_id, module_inst_id, status, task_completing_time) VALUES (4914, 42, 423, 1, '254');
INSERT INTO recordings (recording_id, task_inst_id, file_path) VALUES (4914, 4914, 'recordings/eval_85_mod_3_task_4914.wav');
INSERT INTO task_instances (task_inst_id, task_id, module_inst_id, status, task_completing_time) VALUES (4915, 43, 423, 1, '258');
INSERT INTO recordings (recording_id, task_inst_id, file_path) VALUES (4915, 4915, 'recordings/eval_85_mod_3_task_4915.wav');
INSERT INTO task_instances (task_inst_id, task_id, module_inst_id, status, task_completing_time) VALUES (4916, 44, 423, 0, '42');
INSERT INTO recordings (recording_id, task_inst_id, file_path) VALUES (4916, 4916, 'recordings/eval_85_mod_3_task_4916.wav');
INSERT INTO task_instances (task_inst_id, task_id, module_inst_id, status, task_completing_time) VALUES (4917, 45, 423, 1, '117');
INSERT INTO recordings (recording_id, task_inst_id, file_path) VALUES (4917, 4917, 'recordings/eval_85_mod_3_task_4917.wav');
INSERT INTO task_instances (task_inst_id, task_id, module_inst_id, status, task_completing_time) VALUES (4918, 46, 423, 1, '204');
INSERT INTO recordings (recording_id, task_inst_id, file_path) VALUES (4918, 4918, 'recordings/eval_85_mod_3_task_4918.wav');
INSERT INTO module_instances (module_inst_id, module_id, evaluation_id, status) VALUES (424, 4, 85, 2);
INSERT INTO task_instances (task_inst_id, task_id, module_inst_id, status, task_completing_time) VALUES (4919, 47, 424, 1, '56');
INSERT INTO recordings (recording_id, task_inst_id, file_path) VALUES (4919, 4919, 'recordings/eval_85_mod_4_task_4919.wav');
INSERT INTO task_instances (task_inst_id, task_id, module_inst_id, status, task_completing_time) VALUES (4920, 48, 424, 1, '61');
INSERT INTO recordings (recording_id, task_inst_id, file_path) VALUES (4920, 4920, 'recordings/eval_85_mod_4_task_4920.wav');
INSERT INTO task_instances (task_inst_id, task_id, module_inst_id, status, task_completing_time) VALUES (4921, 49, 424, 1, '271');
INSERT INTO recordings (recording_id, task_inst_id, file_path) VALUES (4921, 4921, 'recordings/eval_85_mod_4_task_4921.wav');
INSERT INTO task_instances (task_inst_id, task_id, module_inst_id, status, task_completing_time) VALUES (4922, 50, 424, 1, '66');
INSERT INTO recordings (recording_id, task_inst_id, file_path) VALUES (4922, 4922, 'recordings/eval_85_mod_4_task_4922.wav');
INSERT INTO task_instances (task_inst_id, task_id, module_inst_id, status, task_completing_time) VALUES (4923, 51, 424, 0, '229');
INSERT INTO recordings (recording_id, task_inst_id, file_path) VALUES (4923, 4923, 'recordings/eval_85_mod_4_task_4923.wav');
INSERT INTO task_instances (task_inst_id, task_id, module_inst_id, status, task_completing_time) VALUES (4924, 52, 424, 1, '192');
INSERT INTO recordings (recording_id, task_inst_id, file_path) VALUES (4924, 4924, 'recordings/eval_85_mod_4_task_4924.wav');
INSERT INTO task_instances (task_inst_id, task_id, module_inst_id, status, task_completing_time) VALUES (4925, 53, 424, 1, '84');
INSERT INTO recordings (recording_id, task_inst_id, file_path) VALUES (4925, 4925, 'recordings/eval_85_mod_4_task_4925.wav');
INSERT INTO task_instances (task_inst_id, task_id, module_inst_id, status, task_completing_time) VALUES (4926, 54, 424, 0, '39');
INSERT INTO recordings (recording_id, task_inst_id, file_path) VALUES (4926, 4926, 'recordings/eval_85_mod_4_task_4926.wav');
INSERT INTO task_instances (task_inst_id, task_id, module_inst_id, status, task_completing_time) VALUES (4927, 55, 424, 1, '182');
INSERT INTO recordings (recording_id, task_inst_id, file_path) VALUES (4927, 4927, 'recordings/eval_85_mod_4_task_4927.wav');
INSERT INTO task_instances (task_inst_id, task_id, module_inst_id, status, task_completing_time) VALUES (4928, 56, 424, 1, '53');
INSERT INTO recordings (recording_id, task_inst_id, file_path) VALUES (4928, 4928, 'recordings/eval_85_mod_4_task_4928.wav');
INSERT INTO module_instances (module_inst_id, module_id, evaluation_id, status) VALUES (425, 9001, 85, 3);
INSERT INTO task_instances (task_inst_id, task_id, module_inst_id, status, task_completing_time) VALUES (4929, 9001, 425, 1, '44');
INSERT INTO recordings (recording_id, task_inst_id, file_path) VALUES (4929, 4929, 'recordings/eval_85_mod_9001_task_4929.wav');
INSERT INTO task_instances (task_inst_id, task_id, module_inst_id, status, task_completing_time) VALUES (4930, 9002, 425, 1, '243');
INSERT INTO recordings (recording_id, task_inst_id, file_path) VALUES (4930, 4930, 'recordings/eval_85_mod_9001_task_4930.wav');
INSERT INTO participants (participant_id, name, surname, education_level, sex, birth_date, laterality) VALUES (86, 'qtHi+3RGOODLdSAFiNMYBA==', 'ud/l/dbgUIKheSwJhN8UCA==', 5, 1, '1950-04-25', 1);
INSERT INTO evaluations (evaluation_id, evaluation_date, evaluator_id, participant_id, status, language) VALUES (86, '2025-10-13 09:03:00', 10, 86, 3, 1);
INSERT INTO module_instances (module_inst_id, module_id, evaluation_id, status) VALUES (426, 1, 86, 3);
INSERT INTO task_instances (task_inst_id, task_id, module_inst_id, status, task_completing_time) VALUES (4931, 1, 426, 1, '33');
INSERT INTO recordings (recording_id, task_inst_id, file_path) VALUES (4931, 4931, 'recordings/eval_86_mod_1_task_4931.wav');
INSERT INTO task_instances (task_inst_id, task_id, module_inst_id, status, task_completing_time) VALUES (4932, 2, 426, 1, '106');
INSERT INTO recordings (recording_id, task_inst_id, file_path) VALUES (4932, 4932, 'recordings/eval_86_mod_1_task_4932.wav');
INSERT INTO task_instances (task_inst_id, task_id, module_inst_id, status, task_completing_time) VALUES (4933, 3, 426, 1, '56');
INSERT INTO recordings (recording_id, task_inst_id, file_path) VALUES (4933, 4933, 'recordings/eval_86_mod_1_task_4933.wav');
INSERT INTO task_instances (task_inst_id, task_id, module_inst_id, status, task_completing_time) VALUES (4934, 4, 426, 1, '91');
INSERT INTO recordings (recording_id, task_inst_id, file_path) VALUES (4934, 4934, 'recordings/eval_86_mod_1_task_4934.wav');
INSERT INTO task_instances (task_inst_id, task_id, module_inst_id, status, task_completing_time) VALUES (4935, 5, 426, 1, '271');
INSERT INTO recordings (recording_id, task_inst_id, file_path) VALUES (4935, 4935, 'recordings/eval_86_mod_1_task_4935.wav');
INSERT INTO task_instances (task_inst_id, task_id, module_inst_id, status, task_completing_time) VALUES (4936, 6, 426, 0, '150');
INSERT INTO recordings (recording_id, task_inst_id, file_path) VALUES (4936, 4936, 'recordings/eval_86_mod_1_task_4936.wav');
INSERT INTO task_instances (task_inst_id, task_id, module_inst_id, status, task_completing_time) VALUES (4937, 7, 426, 1, '102');
INSERT INTO recordings (recording_id, task_inst_id, file_path) VALUES (4937, 4937, 'recordings/eval_86_mod_1_task_4937.wav');
INSERT INTO task_instances (task_inst_id, task_id, module_inst_id, status, task_completing_time) VALUES (4938, 8, 426, 1, '209');
INSERT INTO recordings (recording_id, task_inst_id, file_path) VALUES (4938, 4938, 'recordings/eval_86_mod_1_task_4938.wav');
INSERT INTO task_instances (task_inst_id, task_id, module_inst_id, status, task_completing_time) VALUES (4939, 9, 426, 0, '59');
INSERT INTO recordings (recording_id, task_inst_id, file_path) VALUES (4939, 4939, 'recordings/eval_86_mod_1_task_4939.wav');
INSERT INTO task_instances (task_inst_id, task_id, module_inst_id, status, task_completing_time) VALUES (4940, 10, 426, 1, '102');
INSERT INTO recordings (recording_id, task_inst_id, file_path) VALUES (4940, 4940, 'recordings/eval_86_mod_1_task_4940.wav');
INSERT INTO module_instances (module_inst_id, module_id, evaluation_id, status) VALUES (427, 2, 86, 3);
INSERT INTO task_instances (task_inst_id, task_id, module_inst_id, status, task_completing_time) VALUES (4941, 11, 427, 1, '53');
INSERT INTO recordings (recording_id, task_inst_id, file_path) VALUES (4941, 4941, 'recordings/eval_86_mod_2_task_4941.wav');
INSERT INTO task_instances (task_inst_id, task_id, module_inst_id, status, task_completing_time) VALUES (4942, 12, 427, 1, '75');
INSERT INTO recordings (recording_id, task_inst_id, file_path) VALUES (4942, 4942, 'recordings/eval_86_mod_2_task_4942.wav');
INSERT INTO task_instances (task_inst_id, task_id, module_inst_id, status, task_completing_time) VALUES (4943, 13, 427, 0, '278');
INSERT INTO recordings (recording_id, task_inst_id, file_path) VALUES (4943, 4943, 'recordings/eval_86_mod_2_task_4943.wav');
INSERT INTO task_instances (task_inst_id, task_id, module_inst_id, status, task_completing_time) VALUES (4944, 14, 427, 0, '80');
INSERT INTO recordings (recording_id, task_inst_id, file_path) VALUES (4944, 4944, 'recordings/eval_86_mod_2_task_4944.wav');
INSERT INTO task_instances (task_inst_id, task_id, module_inst_id, status, task_completing_time) VALUES (4945, 15, 427, 1, '36');
INSERT INTO recordings (recording_id, task_inst_id, file_path) VALUES (4945, 4945, 'recordings/eval_86_mod_2_task_4945.wav');
INSERT INTO task_instances (task_inst_id, task_id, module_inst_id, status, task_completing_time) VALUES (4946, 16, 427, 1, '46');
INSERT INTO recordings (recording_id, task_inst_id, file_path) VALUES (4946, 4946, 'recordings/eval_86_mod_2_task_4946.wav');
INSERT INTO task_instances (task_inst_id, task_id, module_inst_id, status, task_completing_time) VALUES (4947, 17, 427, 1, '224');
INSERT INTO recordings (recording_id, task_inst_id, file_path) VALUES (4947, 4947, 'recordings/eval_86_mod_2_task_4947.wav');
INSERT INTO task_instances (task_inst_id, task_id, module_inst_id, status, task_completing_time) VALUES (4948, 18, 427, 1, '208');
INSERT INTO recordings (recording_id, task_inst_id, file_path) VALUES (4948, 4948, 'recordings/eval_86_mod_2_task_4948.wav');
INSERT INTO task_instances (task_inst_id, task_id, module_inst_id, status, task_completing_time) VALUES (4949, 19, 427, 0, '229');
INSERT INTO recordings (recording_id, task_inst_id, file_path) VALUES (4949, 4949, 'recordings/eval_86_mod_2_task_4949.wav');
INSERT INTO task_instances (task_inst_id, task_id, module_inst_id, status, task_completing_time) VALUES (4950, 20, 427, 0, '55');
INSERT INTO recordings (recording_id, task_inst_id, file_path) VALUES (4950, 4950, 'recordings/eval_86_mod_2_task_4950.wav');
INSERT INTO task_instances (task_inst_id, task_id, module_inst_id, status, task_completing_time) VALUES (4951, 21, 427, 1, '29');
INSERT INTO recordings (recording_id, task_inst_id, file_path) VALUES (4951, 4951, 'recordings/eval_86_mod_2_task_4951.wav');
INSERT INTO task_instances (task_inst_id, task_id, module_inst_id, status, task_completing_time) VALUES (4952, 22, 427, 1, '42');
INSERT INTO recordings (recording_id, task_inst_id, file_path) VALUES (4952, 4952, 'recordings/eval_86_mod_2_task_4952.wav');
INSERT INTO task_instances (task_inst_id, task_id, module_inst_id, status, task_completing_time) VALUES (4953, 23, 427, 1, '52');
INSERT INTO recordings (recording_id, task_inst_id, file_path) VALUES (4953, 4953, 'recordings/eval_86_mod_2_task_4953.wav');
INSERT INTO task_instances (task_inst_id, task_id, module_inst_id, status, task_completing_time) VALUES (4954, 24, 427, 0, '279');
INSERT INTO recordings (recording_id, task_inst_id, file_path) VALUES (4954, 4954, 'recordings/eval_86_mod_2_task_4954.wav');
INSERT INTO task_instances (task_inst_id, task_id, module_inst_id, status, task_completing_time) VALUES (4955, 25, 427, 1, '5');
INSERT INTO recordings (recording_id, task_inst_id, file_path) VALUES (4955, 4955, 'recordings/eval_86_mod_2_task_4955.wav');
INSERT INTO task_instances (task_inst_id, task_id, module_inst_id, status, task_completing_time) VALUES (4956, 26, 427, 1, '72');
INSERT INTO recordings (recording_id, task_inst_id, file_path) VALUES (4956, 4956, 'recordings/eval_86_mod_2_task_4956.wav');
INSERT INTO task_instances (task_inst_id, task_id, module_inst_id, status, task_completing_time) VALUES (4957, 27, 427, 1, '21');
INSERT INTO recordings (recording_id, task_inst_id, file_path) VALUES (4957, 4957, 'recordings/eval_86_mod_2_task_4957.wav');
INSERT INTO task_instances (task_inst_id, task_id, module_inst_id, status, task_completing_time) VALUES (4958, 28, 427, 1, '192');
INSERT INTO recordings (recording_id, task_inst_id, file_path) VALUES (4958, 4958, 'recordings/eval_86_mod_2_task_4958.wav');
INSERT INTO task_instances (task_inst_id, task_id, module_inst_id, status, task_completing_time) VALUES (4959, 29, 427, 0, '94');
INSERT INTO recordings (recording_id, task_inst_id, file_path) VALUES (4959, 4959, 'recordings/eval_86_mod_2_task_4959.wav');
INSERT INTO task_instances (task_inst_id, task_id, module_inst_id, status, task_completing_time) VALUES (4960, 30, 427, 1, '19');
INSERT INTO recordings (recording_id, task_inst_id, file_path) VALUES (4960, 4960, 'recordings/eval_86_mod_2_task_4960.wav');
INSERT INTO task_instances (task_inst_id, task_id, module_inst_id, status, task_completing_time) VALUES (4961, 31, 427, 0, '259');
INSERT INTO recordings (recording_id, task_inst_id, file_path) VALUES (4961, 4961, 'recordings/eval_86_mod_2_task_4961.wav');
INSERT INTO task_instances (task_inst_id, task_id, module_inst_id, status, task_completing_time) VALUES (4962, 32, 427, 1, '254');
INSERT INTO recordings (recording_id, task_inst_id, file_path) VALUES (4962, 4962, 'recordings/eval_86_mod_2_task_4962.wav');
INSERT INTO task_instances (task_inst_id, task_id, module_inst_id, status, task_completing_time) VALUES (4963, 33, 427, 1, '184');
INSERT INTO recordings (recording_id, task_inst_id, file_path) VALUES (4963, 4963, 'recordings/eval_86_mod_2_task_4963.wav');
INSERT INTO task_instances (task_inst_id, task_id, module_inst_id, status, task_completing_time) VALUES (4964, 34, 427, 1, '115');
INSERT INTO recordings (recording_id, task_inst_id, file_path) VALUES (4964, 4964, 'recordings/eval_86_mod_2_task_4964.wav');
INSERT INTO task_instances (task_inst_id, task_id, module_inst_id, status, task_completing_time) VALUES (4965, 35, 427, 0, '196');
INSERT INTO recordings (recording_id, task_inst_id, file_path) VALUES (4965, 4965, 'recordings/eval_86_mod_2_task_4965.wav');
INSERT INTO task_instances (task_inst_id, task_id, module_inst_id, status, task_completing_time) VALUES (4966, 36, 427, 0, '139');
INSERT INTO recordings (recording_id, task_inst_id, file_path) VALUES (4966, 4966, 'recordings/eval_86_mod_2_task_4966.wav');
INSERT INTO task_instances (task_inst_id, task_id, module_inst_id, status, task_completing_time) VALUES (4967, 37, 427, 1, '62');
INSERT INTO recordings (recording_id, task_inst_id, file_path) VALUES (4967, 4967, 'recordings/eval_86_mod_2_task_4967.wav');
INSERT INTO module_instances (module_inst_id, module_id, evaluation_id, status) VALUES (428, 3, 86, 3);
INSERT INTO task_instances (task_inst_id, task_id, module_inst_id, status, task_completing_time) VALUES (4968, 38, 428, 1, '10');
INSERT INTO recordings (recording_id, task_inst_id, file_path) VALUES (4968, 4968, 'recordings/eval_86_mod_3_task_4968.wav');
INSERT INTO task_instances (task_inst_id, task_id, module_inst_id, status, task_completing_time) VALUES (4969, 39, 428, 1, '26');
INSERT INTO recordings (recording_id, task_inst_id, file_path) VALUES (4969, 4969, 'recordings/eval_86_mod_3_task_4969.wav');
INSERT INTO task_instances (task_inst_id, task_id, module_inst_id, status, task_completing_time) VALUES (4970, 40, 428, 1, '283');
INSERT INTO recordings (recording_id, task_inst_id, file_path) VALUES (4970, 4970, 'recordings/eval_86_mod_3_task_4970.wav');
INSERT INTO task_instances (task_inst_id, task_id, module_inst_id, status, task_completing_time) VALUES (4971, 41, 428, 1, '115');
INSERT INTO recordings (recording_id, task_inst_id, file_path) VALUES (4971, 4971, 'recordings/eval_86_mod_3_task_4971.wav');
INSERT INTO task_instances (task_inst_id, task_id, module_inst_id, status, task_completing_time) VALUES (4972, 42, 428, 0, '240');
INSERT INTO recordings (recording_id, task_inst_id, file_path) VALUES (4972, 4972, 'recordings/eval_86_mod_3_task_4972.wav');
INSERT INTO task_instances (task_inst_id, task_id, module_inst_id, status, task_completing_time) VALUES (4973, 43, 428, 1, '203');
INSERT INTO recordings (recording_id, task_inst_id, file_path) VALUES (4973, 4973, 'recordings/eval_86_mod_3_task_4973.wav');
INSERT INTO task_instances (task_inst_id, task_id, module_inst_id, status, task_completing_time) VALUES (4974, 44, 428, 1, '37');
INSERT INTO recordings (recording_id, task_inst_id, file_path) VALUES (4974, 4974, 'recordings/eval_86_mod_3_task_4974.wav');
INSERT INTO task_instances (task_inst_id, task_id, module_inst_id, status, task_completing_time) VALUES (4975, 45, 428, 0, '271');
INSERT INTO recordings (recording_id, task_inst_id, file_path) VALUES (4975, 4975, 'recordings/eval_86_mod_3_task_4975.wav');
INSERT INTO task_instances (task_inst_id, task_id, module_inst_id, status, task_completing_time) VALUES (4976, 46, 428, 1, '93');
INSERT INTO recordings (recording_id, task_inst_id, file_path) VALUES (4976, 4976, 'recordings/eval_86_mod_3_task_4976.wav');
INSERT INTO module_instances (module_inst_id, module_id, evaluation_id, status) VALUES (429, 4, 86, 2);
INSERT INTO task_instances (task_inst_id, task_id, module_inst_id, status, task_completing_time) VALUES (4977, 47, 429, 0, '10');
INSERT INTO recordings (recording_id, task_inst_id, file_path) VALUES (4977, 4977, 'recordings/eval_86_mod_4_task_4977.wav');
INSERT INTO task_instances (task_inst_id, task_id, module_inst_id, status, task_completing_time) VALUES (4978, 48, 429, 0, '223');
INSERT INTO recordings (recording_id, task_inst_id, file_path) VALUES (4978, 4978, 'recordings/eval_86_mod_4_task_4978.wav');
INSERT INTO task_instances (task_inst_id, task_id, module_inst_id, status, task_completing_time) VALUES (4979, 49, 429, 1, '71');
INSERT INTO recordings (recording_id, task_inst_id, file_path) VALUES (4979, 4979, 'recordings/eval_86_mod_4_task_4979.wav');
INSERT INTO task_instances (task_inst_id, task_id, module_inst_id, status, task_completing_time) VALUES (4980, 50, 429, 0, '157');
INSERT INTO recordings (recording_id, task_inst_id, file_path) VALUES (4980, 4980, 'recordings/eval_86_mod_4_task_4980.wav');
INSERT INTO task_instances (task_inst_id, task_id, module_inst_id, status, task_completing_time) VALUES (4981, 51, 429, 0, '270');
INSERT INTO recordings (recording_id, task_inst_id, file_path) VALUES (4981, 4981, 'recordings/eval_86_mod_4_task_4981.wav');
INSERT INTO task_instances (task_inst_id, task_id, module_inst_id, status, task_completing_time) VALUES (4982, 52, 429, 1, '37');
INSERT INTO recordings (recording_id, task_inst_id, file_path) VALUES (4982, 4982, 'recordings/eval_86_mod_4_task_4982.wav');
INSERT INTO task_instances (task_inst_id, task_id, module_inst_id, status, task_completing_time) VALUES (4983, 53, 429, 1, '47');
INSERT INTO recordings (recording_id, task_inst_id, file_path) VALUES (4983, 4983, 'recordings/eval_86_mod_4_task_4983.wav');
INSERT INTO task_instances (task_inst_id, task_id, module_inst_id, status, task_completing_time) VALUES (4984, 54, 429, 1, '81');
INSERT INTO recordings (recording_id, task_inst_id, file_path) VALUES (4984, 4984, 'recordings/eval_86_mod_4_task_4984.wav');
INSERT INTO task_instances (task_inst_id, task_id, module_inst_id, status, task_completing_time) VALUES (4985, 55, 429, 1, '36');
INSERT INTO recordings (recording_id, task_inst_id, file_path) VALUES (4985, 4985, 'recordings/eval_86_mod_4_task_4985.wav');
INSERT INTO task_instances (task_inst_id, task_id, module_inst_id, status, task_completing_time) VALUES (4986, 56, 429, 1, '10');
INSERT INTO recordings (recording_id, task_inst_id, file_path) VALUES (4986, 4986, 'recordings/eval_86_mod_4_task_4986.wav');
INSERT INTO module_instances (module_inst_id, module_id, evaluation_id, status) VALUES (430, 9001, 86, 1);
INSERT INTO task_instances (task_inst_id, task_id, module_inst_id, status, task_completing_time) VALUES (4987, 9001, 430, 1, '55');
INSERT INTO recordings (recording_id, task_inst_id, file_path) VALUES (4987, 4987, 'recordings/eval_86_mod_9001_task_4987.wav');
INSERT INTO task_instances (task_inst_id, task_id, module_inst_id, status, task_completing_time) VALUES (4988, 9002, 430, 1, '138');
INSERT INTO recordings (recording_id, task_inst_id, file_path) VALUES (4988, 4988, 'recordings/eval_86_mod_9001_task_4988.wav');
INSERT INTO participants (participant_id, name, surname, education_level, sex, birth_date, laterality) VALUES (87, 'qNHw6NKHUYOgeC0Ihd4VCQ==', 'ttn76LvnV4WmfisOg9gTDw==', 3, 1, '1950-02-19', 1);
INSERT INTO evaluations (evaluation_id, evaluation_date, evaluator_id, participant_id, status, language) VALUES (87, '2025-11-12 12:50:00', 10, 87, 3, 1);
INSERT INTO module_instances (module_inst_id, module_id, evaluation_id, status) VALUES (431, 1, 87, 3);
INSERT INTO task_instances (task_inst_id, task_id, module_inst_id, status, task_completing_time) VALUES (4989, 1, 431, 1, '15');
INSERT INTO recordings (recording_id, task_inst_id, file_path) VALUES (4989, 4989, 'recordings/eval_87_mod_1_task_4989.wav');
INSERT INTO task_instances (task_inst_id, task_id, module_inst_id, status, task_completing_time) VALUES (4990, 2, 431, 1, '129');
INSERT INTO recordings (recording_id, task_inst_id, file_path) VALUES (4990, 4990, 'recordings/eval_87_mod_1_task_4990.wav');
INSERT INTO task_instances (task_inst_id, task_id, module_inst_id, status, task_completing_time) VALUES (4991, 3, 431, 0, '289');
INSERT INTO recordings (recording_id, task_inst_id, file_path) VALUES (4991, 4991, 'recordings/eval_87_mod_1_task_4991.wav');
INSERT INTO task_instances (task_inst_id, task_id, module_inst_id, status, task_completing_time) VALUES (4992, 4, 431, 1, '138');
INSERT INTO recordings (recording_id, task_inst_id, file_path) VALUES (4992, 4992, 'recordings/eval_87_mod_1_task_4992.wav');
INSERT INTO task_instances (task_inst_id, task_id, module_inst_id, status, task_completing_time) VALUES (4993, 5, 431, 0, '141');
INSERT INTO recordings (recording_id, task_inst_id, file_path) VALUES (4993, 4993, 'recordings/eval_87_mod_1_task_4993.wav');
INSERT INTO task_instances (task_inst_id, task_id, module_inst_id, status, task_completing_time) VALUES (4994, 6, 431, 1, '23');
INSERT INTO recordings (recording_id, task_inst_id, file_path) VALUES (4994, 4994, 'recordings/eval_87_mod_1_task_4994.wav');
INSERT INTO task_instances (task_inst_id, task_id, module_inst_id, status, task_completing_time) VALUES (4995, 7, 431, 1, '125');
INSERT INTO recordings (recording_id, task_inst_id, file_path) VALUES (4995, 4995, 'recordings/eval_87_mod_1_task_4995.wav');
INSERT INTO task_instances (task_inst_id, task_id, module_inst_id, status, task_completing_time) VALUES (4996, 8, 431, 1, '241');
INSERT INTO recordings (recording_id, task_inst_id, file_path) VALUES (4996, 4996, 'recordings/eval_87_mod_1_task_4996.wav');
INSERT INTO task_instances (task_inst_id, task_id, module_inst_id, status, task_completing_time) VALUES (4997, 9, 431, 1, '156');
INSERT INTO recordings (recording_id, task_inst_id, file_path) VALUES (4997, 4997, 'recordings/eval_87_mod_1_task_4997.wav');
INSERT INTO task_instances (task_inst_id, task_id, module_inst_id, status, task_completing_time) VALUES (4998, 10, 431, 1, '104');
INSERT INTO recordings (recording_id, task_inst_id, file_path) VALUES (4998, 4998, 'recordings/eval_87_mod_1_task_4998.wav');
INSERT INTO module_instances (module_inst_id, module_id, evaluation_id, status) VALUES (432, 2, 87, 3);
INSERT INTO task_instances (task_inst_id, task_id, module_inst_id, status, task_completing_time) VALUES (4999, 11, 432, 1, '14');
INSERT INTO recordings (recording_id, task_inst_id, file_path) VALUES (4999, 4999, 'recordings/eval_87_mod_2_task_4999.wav');
INSERT INTO task_instances (task_inst_id, task_id, module_inst_id, status, task_completing_time) VALUES (5000, 12, 432, 1, '158');
INSERT INTO recordings (recording_id, task_inst_id, file_path) VALUES (5000, 5000, 'recordings/eval_87_mod_2_task_5000.wav');
INSERT INTO task_instances (task_inst_id, task_id, module_inst_id, status, task_completing_time) VALUES (5001, 13, 432, 1, '228');
INSERT INTO recordings (recording_id, task_inst_id, file_path) VALUES (5001, 5001, 'recordings/eval_87_mod_2_task_5001.wav');
INSERT INTO task_instances (task_inst_id, task_id, module_inst_id, status, task_completing_time) VALUES (5002, 14, 432, 1, '274');
INSERT INTO recordings (recording_id, task_inst_id, file_path) VALUES (5002, 5002, 'recordings/eval_87_mod_2_task_5002.wav');
INSERT INTO task_instances (task_inst_id, task_id, module_inst_id, status, task_completing_time) VALUES (5003, 15, 432, 0, '102');
INSERT INTO recordings (recording_id, task_inst_id, file_path) VALUES (5003, 5003, 'recordings/eval_87_mod_2_task_5003.wav');
INSERT INTO task_instances (task_inst_id, task_id, module_inst_id, status, task_completing_time) VALUES (5004, 16, 432, 1, '249');
INSERT INTO recordings (recording_id, task_inst_id, file_path) VALUES (5004, 5004, 'recordings/eval_87_mod_2_task_5004.wav');
INSERT INTO task_instances (task_inst_id, task_id, module_inst_id, status, task_completing_time) VALUES (5005, 17, 432, 1, '278');
INSERT INTO recordings (recording_id, task_inst_id, file_path) VALUES (5005, 5005, 'recordings/eval_87_mod_2_task_5005.wav');
INSERT INTO task_instances (task_inst_id, task_id, module_inst_id, status, task_completing_time) VALUES (5006, 18, 432, 0, '224');
INSERT INTO recordings (recording_id, task_inst_id, file_path) VALUES (5006, 5006, 'recordings/eval_87_mod_2_task_5006.wav');
INSERT INTO task_instances (task_inst_id, task_id, module_inst_id, status, task_completing_time) VALUES (5007, 19, 432, 0, '107');
INSERT INTO recordings (recording_id, task_inst_id, file_path) VALUES (5007, 5007, 'recordings/eval_87_mod_2_task_5007.wav');
INSERT INTO task_instances (task_inst_id, task_id, module_inst_id, status, task_completing_time) VALUES (5008, 20, 432, 1, '208');
INSERT INTO recordings (recording_id, task_inst_id, file_path) VALUES (5008, 5008, 'recordings/eval_87_mod_2_task_5008.wav');
INSERT INTO task_instances (task_inst_id, task_id, module_inst_id, status, task_completing_time) VALUES (5009, 21, 432, 1, '9');
INSERT INTO recordings (recording_id, task_inst_id, file_path) VALUES (5009, 5009, 'recordings/eval_87_mod_2_task_5009.wav');
INSERT INTO task_instances (task_inst_id, task_id, module_inst_id, status, task_completing_time) VALUES (5010, 22, 432, 1, '284');
INSERT INTO recordings (recording_id, task_inst_id, file_path) VALUES (5010, 5010, 'recordings/eval_87_mod_2_task_5010.wav');
INSERT INTO task_instances (task_inst_id, task_id, module_inst_id, status, task_completing_time) VALUES (5011, 23, 432, 1, '50');
INSERT INTO recordings (recording_id, task_inst_id, file_path) VALUES (5011, 5011, 'recordings/eval_87_mod_2_task_5011.wav');
INSERT INTO task_instances (task_inst_id, task_id, module_inst_id, status, task_completing_time) VALUES (5012, 24, 432, 1, '28');
INSERT INTO recordings (recording_id, task_inst_id, file_path) VALUES (5012, 5012, 'recordings/eval_87_mod_2_task_5012.wav');
INSERT INTO task_instances (task_inst_id, task_id, module_inst_id, status, task_completing_time) VALUES (5013, 25, 432, 1, '18');
INSERT INTO recordings (recording_id, task_inst_id, file_path) VALUES (5013, 5013, 'recordings/eval_87_mod_2_task_5013.wav');
INSERT INTO task_instances (task_inst_id, task_id, module_inst_id, status, task_completing_time) VALUES (5014, 26, 432, 1, '252');
INSERT INTO recordings (recording_id, task_inst_id, file_path) VALUES (5014, 5014, 'recordings/eval_87_mod_2_task_5014.wav');
INSERT INTO task_instances (task_inst_id, task_id, module_inst_id, status, task_completing_time) VALUES (5015, 27, 432, 0, '71');
INSERT INTO recordings (recording_id, task_inst_id, file_path) VALUES (5015, 5015, 'recordings/eval_87_mod_2_task_5015.wav');
INSERT INTO task_instances (task_inst_id, task_id, module_inst_id, status, task_completing_time) VALUES (5016, 28, 432, 1, '215');
INSERT INTO recordings (recording_id, task_inst_id, file_path) VALUES (5016, 5016, 'recordings/eval_87_mod_2_task_5016.wav');
INSERT INTO task_instances (task_inst_id, task_id, module_inst_id, status, task_completing_time) VALUES (5017, 29, 432, 1, '154');
INSERT INTO recordings (recording_id, task_inst_id, file_path) VALUES (5017, 5017, 'recordings/eval_87_mod_2_task_5017.wav');
INSERT INTO task_instances (task_inst_id, task_id, module_inst_id, status, task_completing_time) VALUES (5018, 30, 432, 1, '13');
INSERT INTO recordings (recording_id, task_inst_id, file_path) VALUES (5018, 5018, 'recordings/eval_87_mod_2_task_5018.wav');
INSERT INTO task_instances (task_inst_id, task_id, module_inst_id, status, task_completing_time) VALUES (5019, 31, 432, 0, '258');
INSERT INTO recordings (recording_id, task_inst_id, file_path) VALUES (5019, 5019, 'recordings/eval_87_mod_2_task_5019.wav');
INSERT INTO task_instances (task_inst_id, task_id, module_inst_id, status, task_completing_time) VALUES (5020, 32, 432, 1, '244');
INSERT INTO recordings (recording_id, task_inst_id, file_path) VALUES (5020, 5020, 'recordings/eval_87_mod_2_task_5020.wav');
INSERT INTO task_instances (task_inst_id, task_id, module_inst_id, status, task_completing_time) VALUES (5021, 33, 432, 1, '290');
INSERT INTO recordings (recording_id, task_inst_id, file_path) VALUES (5021, 5021, 'recordings/eval_87_mod_2_task_5021.wav');
INSERT INTO task_instances (task_inst_id, task_id, module_inst_id, status, task_completing_time) VALUES (5022, 34, 432, 1, '131');
INSERT INTO recordings (recording_id, task_inst_id, file_path) VALUES (5022, 5022, 'recordings/eval_87_mod_2_task_5022.wav');
INSERT INTO task_instances (task_inst_id, task_id, module_inst_id, status, task_completing_time) VALUES (5023, 35, 432, 1, '206');
INSERT INTO recordings (recording_id, task_inst_id, file_path) VALUES (5023, 5023, 'recordings/eval_87_mod_2_task_5023.wav');
INSERT INTO task_instances (task_inst_id, task_id, module_inst_id, status, task_completing_time) VALUES (5024, 36, 432, 1, '62');
INSERT INTO recordings (recording_id, task_inst_id, file_path) VALUES (5024, 5024, 'recordings/eval_87_mod_2_task_5024.wav');
INSERT INTO task_instances (task_inst_id, task_id, module_inst_id, status, task_completing_time) VALUES (5025, 37, 432, 1, '35');
INSERT INTO recordings (recording_id, task_inst_id, file_path) VALUES (5025, 5025, 'recordings/eval_87_mod_2_task_5025.wav');
INSERT INTO module_instances (module_inst_id, module_id, evaluation_id, status) VALUES (433, 3, 87, 2);
INSERT INTO task_instances (task_inst_id, task_id, module_inst_id, status, task_completing_time) VALUES (5026, 38, 433, 1, '28');
INSERT INTO recordings (recording_id, task_inst_id, file_path) VALUES (5026, 5026, 'recordings/eval_87_mod_3_task_5026.wav');
INSERT INTO task_instances (task_inst_id, task_id, module_inst_id, status, task_completing_time) VALUES (5027, 39, 433, 1, '173');
INSERT INTO recordings (recording_id, task_inst_id, file_path) VALUES (5027, 5027, 'recordings/eval_87_mod_3_task_5027.wav');
INSERT INTO task_instances (task_inst_id, task_id, module_inst_id, status, task_completing_time) VALUES (5028, 40, 433, 0, '167');
INSERT INTO recordings (recording_id, task_inst_id, file_path) VALUES (5028, 5028, 'recordings/eval_87_mod_3_task_5028.wav');
INSERT INTO task_instances (task_inst_id, task_id, module_inst_id, status, task_completing_time) VALUES (5029, 41, 433, 0, '162');
INSERT INTO recordings (recording_id, task_inst_id, file_path) VALUES (5029, 5029, 'recordings/eval_87_mod_3_task_5029.wav');
INSERT INTO task_instances (task_inst_id, task_id, module_inst_id, status, task_completing_time) VALUES (5030, 42, 433, 1, '38');
INSERT INTO recordings (recording_id, task_inst_id, file_path) VALUES (5030, 5030, 'recordings/eval_87_mod_3_task_5030.wav');
INSERT INTO task_instances (task_inst_id, task_id, module_inst_id, status, task_completing_time) VALUES (5031, 43, 433, 1, '147');
INSERT INTO recordings (recording_id, task_inst_id, file_path) VALUES (5031, 5031, 'recordings/eval_87_mod_3_task_5031.wav');
INSERT INTO task_instances (task_inst_id, task_id, module_inst_id, status, task_completing_time) VALUES (5032, 44, 433, 1, '296');
INSERT INTO recordings (recording_id, task_inst_id, file_path) VALUES (5032, 5032, 'recordings/eval_87_mod_3_task_5032.wav');
INSERT INTO task_instances (task_inst_id, task_id, module_inst_id, status, task_completing_time) VALUES (5033, 45, 433, 1, '248');
INSERT INTO recordings (recording_id, task_inst_id, file_path) VALUES (5033, 5033, 'recordings/eval_87_mod_3_task_5033.wav');
INSERT INTO task_instances (task_inst_id, task_id, module_inst_id, status, task_completing_time) VALUES (5034, 46, 433, 1, '122');
INSERT INTO recordings (recording_id, task_inst_id, file_path) VALUES (5034, 5034, 'recordings/eval_87_mod_3_task_5034.wav');
INSERT INTO module_instances (module_inst_id, module_id, evaluation_id, status) VALUES (434, 4, 87, 2);
INSERT INTO task_instances (task_inst_id, task_id, module_inst_id, status, task_completing_time) VALUES (5035, 47, 434, 1, '55');
INSERT INTO recordings (recording_id, task_inst_id, file_path) VALUES (5035, 5035, 'recordings/eval_87_mod_4_task_5035.wav');
INSERT INTO task_instances (task_inst_id, task_id, module_inst_id, status, task_completing_time) VALUES (5036, 48, 434, 1, '256');
INSERT INTO recordings (recording_id, task_inst_id, file_path) VALUES (5036, 5036, 'recordings/eval_87_mod_4_task_5036.wav');
INSERT INTO task_instances (task_inst_id, task_id, module_inst_id, status, task_completing_time) VALUES (5037, 49, 434, 1, '299');
INSERT INTO recordings (recording_id, task_inst_id, file_path) VALUES (5037, 5037, 'recordings/eval_87_mod_4_task_5037.wav');
INSERT INTO task_instances (task_inst_id, task_id, module_inst_id, status, task_completing_time) VALUES (5038, 50, 434, 1, '234');
INSERT INTO recordings (recording_id, task_inst_id, file_path) VALUES (5038, 5038, 'recordings/eval_87_mod_4_task_5038.wav');
INSERT INTO task_instances (task_inst_id, task_id, module_inst_id, status, task_completing_time) VALUES (5039, 51, 434, 1, '277');
INSERT INTO recordings (recording_id, task_inst_id, file_path) VALUES (5039, 5039, 'recordings/eval_87_mod_4_task_5039.wav');
INSERT INTO task_instances (task_inst_id, task_id, module_inst_id, status, task_completing_time) VALUES (5040, 52, 434, 1, '110');
INSERT INTO recordings (recording_id, task_inst_id, file_path) VALUES (5040, 5040, 'recordings/eval_87_mod_4_task_5040.wav');
INSERT INTO task_instances (task_inst_id, task_id, module_inst_id, status, task_completing_time) VALUES (5041, 53, 434, 1, '169');
INSERT INTO recordings (recording_id, task_inst_id, file_path) VALUES (5041, 5041, 'recordings/eval_87_mod_4_task_5041.wav');
INSERT INTO task_instances (task_inst_id, task_id, module_inst_id, status, task_completing_time) VALUES (5042, 54, 434, 1, '98');
INSERT INTO recordings (recording_id, task_inst_id, file_path) VALUES (5042, 5042, 'recordings/eval_87_mod_4_task_5042.wav');
INSERT INTO task_instances (task_inst_id, task_id, module_inst_id, status, task_completing_time) VALUES (5043, 55, 434, 1, '225');
INSERT INTO recordings (recording_id, task_inst_id, file_path) VALUES (5043, 5043, 'recordings/eval_87_mod_4_task_5043.wav');
INSERT INTO task_instances (task_inst_id, task_id, module_inst_id, status, task_completing_time) VALUES (5044, 56, 434, 1, '55');
INSERT INTO recordings (recording_id, task_inst_id, file_path) VALUES (5044, 5044, 'recordings/eval_87_mod_4_task_5044.wav');
INSERT INTO module_instances (module_inst_id, module_id, evaluation_id, status) VALUES (435, 9001, 87, 3);
INSERT INTO task_instances (task_inst_id, task_id, module_inst_id, status, task_completing_time) VALUES (5045, 9001, 435, 1, '39');
INSERT INTO recordings (recording_id, task_inst_id, file_path) VALUES (5045, 5045, 'recordings/eval_87_mod_9001_task_5045.wav');
INSERT INTO task_instances (task_inst_id, task_id, module_inst_id, status, task_completing_time) VALUES (5046, 9002, 435, 1, '193');
INSERT INTO recordings (recording_id, task_inst_id, file_path) VALUES (5046, 5046, 'recordings/eval_87_mod_9001_task_5046.wav');
INSERT INTO participants (participant_id, name, surname, education_level, sex, birth_date, laterality) VALUES (88, 'qdHk6LvnV4WmfisOg9gTDw==', 'u9z77N6POoCjey4Lht0WCg==', 2, 1, '1959-06-26', 1);
INSERT INTO evaluations (evaluation_id, evaluation_date, evaluator_id, participant_id, status, language) VALUES (88, '2025-10-22 11:55:00', 10, 88, 3, 2);
INSERT INTO module_instances (module_inst_id, module_id, evaluation_id, status) VALUES (436, 1, 88, 3);
INSERT INTO task_instances (task_inst_id, task_id, module_inst_id, status, task_completing_time) VALUES (5047, 1, 436, 1, '55');
INSERT INTO recordings (recording_id, task_inst_id, file_path) VALUES (5047, 5047, 'recordings/eval_88_mod_1_task_5047.wav');
INSERT INTO task_instances (task_inst_id, task_id, module_inst_id, status, task_completing_time) VALUES (5048, 2, 436, 1, '222');
INSERT INTO recordings (recording_id, task_inst_id, file_path) VALUES (5048, 5048, 'recordings/eval_88_mod_1_task_5048.wav');
INSERT INTO task_instances (task_inst_id, task_id, module_inst_id, status, task_completing_time) VALUES (5049, 3, 436, 1, '283');
INSERT INTO recordings (recording_id, task_inst_id, file_path) VALUES (5049, 5049, 'recordings/eval_88_mod_1_task_5049.wav');
INSERT INTO task_instances (task_inst_id, task_id, module_inst_id, status, task_completing_time) VALUES (5050, 4, 436, 0, '296');
INSERT INTO recordings (recording_id, task_inst_id, file_path) VALUES (5050, 5050, 'recordings/eval_88_mod_1_task_5050.wav');
INSERT INTO task_instances (task_inst_id, task_id, module_inst_id, status, task_completing_time) VALUES (5051, 5, 436, 1, '255');
INSERT INTO recordings (recording_id, task_inst_id, file_path) VALUES (5051, 5051, 'recordings/eval_88_mod_1_task_5051.wav');
INSERT INTO task_instances (task_inst_id, task_id, module_inst_id, status, task_completing_time) VALUES (5052, 6, 436, 1, '23');
INSERT INTO recordings (recording_id, task_inst_id, file_path) VALUES (5052, 5052, 'recordings/eval_88_mod_1_task_5052.wav');
INSERT INTO task_instances (task_inst_id, task_id, module_inst_id, status, task_completing_time) VALUES (5053, 7, 436, 1, '33');
INSERT INTO recordings (recording_id, task_inst_id, file_path) VALUES (5053, 5053, 'recordings/eval_88_mod_1_task_5053.wav');
INSERT INTO task_instances (task_inst_id, task_id, module_inst_id, status, task_completing_time) VALUES (5054, 8, 436, 1, '136');
INSERT INTO recordings (recording_id, task_inst_id, file_path) VALUES (5054, 5054, 'recordings/eval_88_mod_1_task_5054.wav');
INSERT INTO task_instances (task_inst_id, task_id, module_inst_id, status, task_completing_time) VALUES (5055, 9, 436, 0, '158');
INSERT INTO recordings (recording_id, task_inst_id, file_path) VALUES (5055, 5055, 'recordings/eval_88_mod_1_task_5055.wav');
INSERT INTO task_instances (task_inst_id, task_id, module_inst_id, status, task_completing_time) VALUES (5056, 10, 436, 1, '230');
INSERT INTO recordings (recording_id, task_inst_id, file_path) VALUES (5056, 5056, 'recordings/eval_88_mod_1_task_5056.wav');
INSERT INTO module_instances (module_inst_id, module_id, evaluation_id, status) VALUES (437, 2, 88, 3);
INSERT INTO task_instances (task_inst_id, task_id, module_inst_id, status, task_completing_time) VALUES (5057, 11, 437, 1, '28');
INSERT INTO recordings (recording_id, task_inst_id, file_path) VALUES (5057, 5057, 'recordings/eval_88_mod_2_task_5057.wav');
INSERT INTO task_instances (task_inst_id, task_id, module_inst_id, status, task_completing_time) VALUES (5058, 12, 437, 1, '85');
INSERT INTO recordings (recording_id, task_inst_id, file_path) VALUES (5058, 5058, 'recordings/eval_88_mod_2_task_5058.wav');
INSERT INTO task_instances (task_inst_id, task_id, module_inst_id, status, task_completing_time) VALUES (5059, 13, 437, 1, '89');
INSERT INTO recordings (recording_id, task_inst_id, file_path) VALUES (5059, 5059, 'recordings/eval_88_mod_2_task_5059.wav');
INSERT INTO task_instances (task_inst_id, task_id, module_inst_id, status, task_completing_time) VALUES (5060, 14, 437, 1, '72');
INSERT INTO recordings (recording_id, task_inst_id, file_path) VALUES (5060, 5060, 'recordings/eval_88_mod_2_task_5060.wav');
INSERT INTO task_instances (task_inst_id, task_id, module_inst_id, status, task_completing_time) VALUES (5061, 15, 437, 1, '246');
INSERT INTO recordings (recording_id, task_inst_id, file_path) VALUES (5061, 5061, 'recordings/eval_88_mod_2_task_5061.wav');
INSERT INTO task_instances (task_inst_id, task_id, module_inst_id, status, task_completing_time) VALUES (5062, 16, 437, 0, '261');
INSERT INTO recordings (recording_id, task_inst_id, file_path) VALUES (5062, 5062, 'recordings/eval_88_mod_2_task_5062.wav');
INSERT INTO task_instances (task_inst_id, task_id, module_inst_id, status, task_completing_time) VALUES (5063, 17, 437, 1, '253');
INSERT INTO recordings (recording_id, task_inst_id, file_path) VALUES (5063, 5063, 'recordings/eval_88_mod_2_task_5063.wav');
INSERT INTO task_instances (task_inst_id, task_id, module_inst_id, status, task_completing_time) VALUES (5064, 18, 437, 0, '273');
INSERT INTO recordings (recording_id, task_inst_id, file_path) VALUES (5064, 5064, 'recordings/eval_88_mod_2_task_5064.wav');
INSERT INTO task_instances (task_inst_id, task_id, module_inst_id, status, task_completing_time) VALUES (5065, 19, 437, 1, '219');
INSERT INTO recordings (recording_id, task_inst_id, file_path) VALUES (5065, 5065, 'recordings/eval_88_mod_2_task_5065.wav');
INSERT INTO task_instances (task_inst_id, task_id, module_inst_id, status, task_completing_time) VALUES (5066, 20, 437, 1, '209');
INSERT INTO recordings (recording_id, task_inst_id, file_path) VALUES (5066, 5066, 'recordings/eval_88_mod_2_task_5066.wav');
INSERT INTO task_instances (task_inst_id, task_id, module_inst_id, status, task_completing_time) VALUES (5067, 21, 437, 1, '54');
INSERT INTO recordings (recording_id, task_inst_id, file_path) VALUES (5067, 5067, 'recordings/eval_88_mod_2_task_5067.wav');
INSERT INTO task_instances (task_inst_id, task_id, module_inst_id, status, task_completing_time) VALUES (5068, 22, 437, 1, '249');
INSERT INTO recordings (recording_id, task_inst_id, file_path) VALUES (5068, 5068, 'recordings/eval_88_mod_2_task_5068.wav');
INSERT INTO task_instances (task_inst_id, task_id, module_inst_id, status, task_completing_time) VALUES (5069, 23, 437, 0, '27');
INSERT INTO recordings (recording_id, task_inst_id, file_path) VALUES (5069, 5069, 'recordings/eval_88_mod_2_task_5069.wav');
INSERT INTO task_instances (task_inst_id, task_id, module_inst_id, status, task_completing_time) VALUES (5070, 24, 437, 1, '146');
INSERT INTO recordings (recording_id, task_inst_id, file_path) VALUES (5070, 5070, 'recordings/eval_88_mod_2_task_5070.wav');
INSERT INTO task_instances (task_inst_id, task_id, module_inst_id, status, task_completing_time) VALUES (5071, 25, 437, 1, '31');
INSERT INTO recordings (recording_id, task_inst_id, file_path) VALUES (5071, 5071, 'recordings/eval_88_mod_2_task_5071.wav');
INSERT INTO task_instances (task_inst_id, task_id, module_inst_id, status, task_completing_time) VALUES (5072, 26, 437, 1, '251');
INSERT INTO recordings (recording_id, task_inst_id, file_path) VALUES (5072, 5072, 'recordings/eval_88_mod_2_task_5072.wav');
INSERT INTO task_instances (task_inst_id, task_id, module_inst_id, status, task_completing_time) VALUES (5073, 27, 437, 1, '68');
INSERT INTO recordings (recording_id, task_inst_id, file_path) VALUES (5073, 5073, 'recordings/eval_88_mod_2_task_5073.wav');
INSERT INTO task_instances (task_inst_id, task_id, module_inst_id, status, task_completing_time) VALUES (5074, 28, 437, 1, '64');
INSERT INTO recordings (recording_id, task_inst_id, file_path) VALUES (5074, 5074, 'recordings/eval_88_mod_2_task_5074.wav');
INSERT INTO task_instances (task_inst_id, task_id, module_inst_id, status, task_completing_time) VALUES (5075, 29, 437, 1, '199');
INSERT INTO recordings (recording_id, task_inst_id, file_path) VALUES (5075, 5075, 'recordings/eval_88_mod_2_task_5075.wav');
INSERT INTO task_instances (task_inst_id, task_id, module_inst_id, status, task_completing_time) VALUES (5076, 30, 437, 1, '20');
INSERT INTO recordings (recording_id, task_inst_id, file_path) VALUES (5076, 5076, 'recordings/eval_88_mod_2_task_5076.wav');
INSERT INTO task_instances (task_inst_id, task_id, module_inst_id, status, task_completing_time) VALUES (5077, 31, 437, 1, '221');
INSERT INTO recordings (recording_id, task_inst_id, file_path) VALUES (5077, 5077, 'recordings/eval_88_mod_2_task_5077.wav');
INSERT INTO task_instances (task_inst_id, task_id, module_inst_id, status, task_completing_time) VALUES (5078, 32, 437, 1, '269');
INSERT INTO recordings (recording_id, task_inst_id, file_path) VALUES (5078, 5078, 'recordings/eval_88_mod_2_task_5078.wav');
INSERT INTO task_instances (task_inst_id, task_id, module_inst_id, status, task_completing_time) VALUES (5079, 33, 437, 0, '100');
INSERT INTO recordings (recording_id, task_inst_id, file_path) VALUES (5079, 5079, 'recordings/eval_88_mod_2_task_5079.wav');
INSERT INTO task_instances (task_inst_id, task_id, module_inst_id, status, task_completing_time) VALUES (5080, 34, 437, 0, '75');
INSERT INTO recordings (recording_id, task_inst_id, file_path) VALUES (5080, 5080, 'recordings/eval_88_mod_2_task_5080.wav');
INSERT INTO task_instances (task_inst_id, task_id, module_inst_id, status, task_completing_time) VALUES (5081, 35, 437, 1, '256');
INSERT INTO recordings (recording_id, task_inst_id, file_path) VALUES (5081, 5081, 'recordings/eval_88_mod_2_task_5081.wav');
INSERT INTO task_instances (task_inst_id, task_id, module_inst_id, status, task_completing_time) VALUES (5082, 36, 437, 1, '40');
INSERT INTO recordings (recording_id, task_inst_id, file_path) VALUES (5082, 5082, 'recordings/eval_88_mod_2_task_5082.wav');
INSERT INTO task_instances (task_inst_id, task_id, module_inst_id, status, task_completing_time) VALUES (5083, 37, 437, 1, '68');
INSERT INTO recordings (recording_id, task_inst_id, file_path) VALUES (5083, 5083, 'recordings/eval_88_mod_2_task_5083.wav');
INSERT INTO module_instances (module_inst_id, module_id, evaluation_id, status) VALUES (438, 3, 88, 2);
INSERT INTO task_instances (task_inst_id, task_id, module_inst_id, status, task_completing_time) VALUES (5084, 38, 438, 1, '36');
INSERT INTO recordings (recording_id, task_inst_id, file_path) VALUES (5084, 5084, 'recordings/eval_88_mod_3_task_5084.wav');
INSERT INTO task_instances (task_inst_id, task_id, module_inst_id, status, task_completing_time) VALUES (5085, 39, 438, 1, '200');
INSERT INTO recordings (recording_id, task_inst_id, file_path) VALUES (5085, 5085, 'recordings/eval_88_mod_3_task_5085.wav');
INSERT INTO task_instances (task_inst_id, task_id, module_inst_id, status, task_completing_time) VALUES (5086, 40, 438, 1, '116');
INSERT INTO recordings (recording_id, task_inst_id, file_path) VALUES (5086, 5086, 'recordings/eval_88_mod_3_task_5086.wav');
INSERT INTO task_instances (task_inst_id, task_id, module_inst_id, status, task_completing_time) VALUES (5087, 41, 438, 1, '295');
INSERT INTO recordings (recording_id, task_inst_id, file_path) VALUES (5087, 5087, 'recordings/eval_88_mod_3_task_5087.wav');
INSERT INTO task_instances (task_inst_id, task_id, module_inst_id, status, task_completing_time) VALUES (5088, 42, 438, 1, '119');
INSERT INTO recordings (recording_id, task_inst_id, file_path) VALUES (5088, 5088, 'recordings/eval_88_mod_3_task_5088.wav');
INSERT INTO task_instances (task_inst_id, task_id, module_inst_id, status, task_completing_time) VALUES (5089, 43, 438, 1, '133');
INSERT INTO recordings (recording_id, task_inst_id, file_path) VALUES (5089, 5089, 'recordings/eval_88_mod_3_task_5089.wav');
INSERT INTO task_instances (task_inst_id, task_id, module_inst_id, status, task_completing_time) VALUES (5090, 44, 438, 1, '268');
INSERT INTO recordings (recording_id, task_inst_id, file_path) VALUES (5090, 5090, 'recordings/eval_88_mod_3_task_5090.wav');
INSERT INTO task_instances (task_inst_id, task_id, module_inst_id, status, task_completing_time) VALUES (5091, 45, 438, 1, '62');
INSERT INTO recordings (recording_id, task_inst_id, file_path) VALUES (5091, 5091, 'recordings/eval_88_mod_3_task_5091.wav');
INSERT INTO task_instances (task_inst_id, task_id, module_inst_id, status, task_completing_time) VALUES (5092, 46, 438, 1, '245');
INSERT INTO recordings (recording_id, task_inst_id, file_path) VALUES (5092, 5092, 'recordings/eval_88_mod_3_task_5092.wav');
INSERT INTO module_instances (module_inst_id, module_id, evaluation_id, status) VALUES (439, 4, 88, 2);
INSERT INTO task_instances (task_inst_id, task_id, module_inst_id, status, task_completing_time) VALUES (5093, 47, 439, 0, '14');
INSERT INTO recordings (recording_id, task_inst_id, file_path) VALUES (5093, 5093, 'recordings/eval_88_mod_4_task_5093.wav');
INSERT INTO task_instances (task_inst_id, task_id, module_inst_id, status, task_completing_time) VALUES (5094, 48, 439, 1, '25');
INSERT INTO recordings (recording_id, task_inst_id, file_path) VALUES (5094, 5094, 'recordings/eval_88_mod_4_task_5094.wav');
INSERT INTO task_instances (task_inst_id, task_id, module_inst_id, status, task_completing_time) VALUES (5095, 49, 439, 0, '235');
INSERT INTO recordings (recording_id, task_inst_id, file_path) VALUES (5095, 5095, 'recordings/eval_88_mod_4_task_5095.wav');
INSERT INTO task_instances (task_inst_id, task_id, module_inst_id, status, task_completing_time) VALUES (5096, 50, 439, 0, '262');
INSERT INTO recordings (recording_id, task_inst_id, file_path) VALUES (5096, 5096, 'recordings/eval_88_mod_4_task_5096.wav');
INSERT INTO task_instances (task_inst_id, task_id, module_inst_id, status, task_completing_time) VALUES (5097, 51, 439, 1, '197');
INSERT INTO recordings (recording_id, task_inst_id, file_path) VALUES (5097, 5097, 'recordings/eval_88_mod_4_task_5097.wav');
INSERT INTO task_instances (task_inst_id, task_id, module_inst_id, status, task_completing_time) VALUES (5098, 52, 439, 0, '57');
INSERT INTO recordings (recording_id, task_inst_id, file_path) VALUES (5098, 5098, 'recordings/eval_88_mod_4_task_5098.wav');
INSERT INTO task_instances (task_inst_id, task_id, module_inst_id, status, task_completing_time) VALUES (5099, 53, 439, 1, '125');
INSERT INTO recordings (recording_id, task_inst_id, file_path) VALUES (5099, 5099, 'recordings/eval_88_mod_4_task_5099.wav');
INSERT INTO task_instances (task_inst_id, task_id, module_inst_id, status, task_completing_time) VALUES (5100, 54, 439, 0, '90');
INSERT INTO recordings (recording_id, task_inst_id, file_path) VALUES (5100, 5100, 'recordings/eval_88_mod_4_task_5100.wav');
INSERT INTO task_instances (task_inst_id, task_id, module_inst_id, status, task_completing_time) VALUES (5101, 55, 439, 1, '76');
INSERT INTO recordings (recording_id, task_inst_id, file_path) VALUES (5101, 5101, 'recordings/eval_88_mod_4_task_5101.wav');
INSERT INTO task_instances (task_inst_id, task_id, module_inst_id, status, task_completing_time) VALUES (5102, 56, 439, 1, '40');
INSERT INTO recordings (recording_id, task_inst_id, file_path) VALUES (5102, 5102, 'recordings/eval_88_mod_4_task_5102.wav');
INSERT INTO module_instances (module_inst_id, module_id, evaluation_id, status) VALUES (440, 9001, 88, 2);
INSERT INTO task_instances (task_inst_id, task_id, module_inst_id, status, task_completing_time) VALUES (5103, 9001, 440, 0, '29');
INSERT INTO recordings (recording_id, task_inst_id, file_path) VALUES (5103, 5103, 'recordings/eval_88_mod_9001_task_5103.wav');
INSERT INTO task_instances (task_inst_id, task_id, module_inst_id, status, task_completing_time) VALUES (5104, 9002, 440, 1, '66');
INSERT INTO recordings (recording_id, task_inst_id, file_path) VALUES (5104, 5104, 'recordings/eval_88_mod_9001_task_5104.wav');
INSERT INTO participants (participant_id, name, surname, education_level, sex, birth_date, laterality) VALUES (89, 's8P369KHOoCjey4Lht0WCg==', 'tdz//9KCKeiiei8Kh9wXCw==', 2, 2, '1975-04-21', 1);
INSERT INTO evaluations (evaluation_id, evaluation_date, evaluator_id, participant_id, status, language) VALUES (89, '2025-08-18 09:56:00', 11, 89, 1, 1);
INSERT INTO module_instances (module_inst_id, module_id, evaluation_id, status) VALUES (441, 1, 89, 3);
INSERT INTO task_instances (task_inst_id, task_id, module_inst_id, status, task_completing_time) VALUES (5105, 1, 441, 1, '47');
INSERT INTO recordings (recording_id, task_inst_id, file_path) VALUES (5105, 5105, 'recordings/eval_89_mod_1_task_5105.wav');
INSERT INTO task_instances (task_inst_id, task_id, module_inst_id, status, task_completing_time) VALUES (5106, 2, 441, 1, '109');
INSERT INTO recordings (recording_id, task_inst_id, file_path) VALUES (5106, 5106, 'recordings/eval_89_mod_1_task_5106.wav');
INSERT INTO task_instances (task_inst_id, task_id, module_inst_id, status, task_completing_time) VALUES (5107, 3, 441, 1, '230');
INSERT INTO recordings (recording_id, task_inst_id, file_path) VALUES (5107, 5107, 'recordings/eval_89_mod_1_task_5107.wav');
INSERT INTO task_instances (task_inst_id, task_id, module_inst_id, status, task_completing_time) VALUES (5108, 4, 441, 1, '153');
INSERT INTO recordings (recording_id, task_inst_id, file_path) VALUES (5108, 5108, 'recordings/eval_89_mod_1_task_5108.wav');
INSERT INTO task_instances (task_inst_id, task_id, module_inst_id, status, task_completing_time) VALUES (5109, 5, 441, 1, '162');
INSERT INTO recordings (recording_id, task_inst_id, file_path) VALUES (5109, 5109, 'recordings/eval_89_mod_1_task_5109.wav');
INSERT INTO task_instances (task_inst_id, task_id, module_inst_id, status, task_completing_time) VALUES (5110, 6, 441, 1, '232');
INSERT INTO recordings (recording_id, task_inst_id, file_path) VALUES (5110, 5110, 'recordings/eval_89_mod_1_task_5110.wav');
INSERT INTO task_instances (task_inst_id, task_id, module_inst_id, status, task_completing_time) VALUES (5111, 7, 441, 0, '218');
INSERT INTO recordings (recording_id, task_inst_id, file_path) VALUES (5111, 5111, 'recordings/eval_89_mod_1_task_5111.wav');
INSERT INTO task_instances (task_inst_id, task_id, module_inst_id, status, task_completing_time) VALUES (5112, 8, 441, 1, '259');
INSERT INTO recordings (recording_id, task_inst_id, file_path) VALUES (5112, 5112, 'recordings/eval_89_mod_1_task_5112.wav');
INSERT INTO task_instances (task_inst_id, task_id, module_inst_id, status, task_completing_time) VALUES (5113, 9, 441, 0, '74');
INSERT INTO recordings (recording_id, task_inst_id, file_path) VALUES (5113, 5113, 'recordings/eval_89_mod_1_task_5113.wav');
INSERT INTO task_instances (task_inst_id, task_id, module_inst_id, status, task_completing_time) VALUES (5114, 10, 441, 0, '108');
INSERT INTO recordings (recording_id, task_inst_id, file_path) VALUES (5114, 5114, 'recordings/eval_89_mod_1_task_5114.wav');
INSERT INTO module_instances (module_inst_id, module_id, evaluation_id, status) VALUES (442, 2, 89, 3);
INSERT INTO task_instances (task_inst_id, task_id, module_inst_id, status, task_completing_time) VALUES (5115, 11, 442, 0, '32');
INSERT INTO recordings (recording_id, task_inst_id, file_path) VALUES (5115, 5115, 'recordings/eval_89_mod_2_task_5115.wav');
INSERT INTO task_instances (task_inst_id, task_id, module_inst_id, status, task_completing_time) VALUES (5116, 12, 442, 1, '243');
INSERT INTO recordings (recording_id, task_inst_id, file_path) VALUES (5116, 5116, 'recordings/eval_89_mod_2_task_5116.wav');
INSERT INTO task_instances (task_inst_id, task_id, module_inst_id, status, task_completing_time) VALUES (5117, 13, 442, 1, '33');
INSERT INTO recordings (recording_id, task_inst_id, file_path) VALUES (5117, 5117, 'recordings/eval_89_mod_2_task_5117.wav');
INSERT INTO task_instances (task_inst_id, task_id, module_inst_id, status, task_completing_time) VALUES (5118, 14, 442, 1, '204');
INSERT INTO recordings (recording_id, task_inst_id, file_path) VALUES (5118, 5118, 'recordings/eval_89_mod_2_task_5118.wav');
INSERT INTO task_instances (task_inst_id, task_id, module_inst_id, status, task_completing_time) VALUES (5119, 15, 442, 1, '293');
INSERT INTO recordings (recording_id, task_inst_id, file_path) VALUES (5119, 5119, 'recordings/eval_89_mod_2_task_5119.wav');
INSERT INTO task_instances (task_inst_id, task_id, module_inst_id, status, task_completing_time) VALUES (5120, 16, 442, 1, '70');
INSERT INTO recordings (recording_id, task_inst_id, file_path) VALUES (5120, 5120, 'recordings/eval_89_mod_2_task_5120.wav');
INSERT INTO task_instances (task_inst_id, task_id, module_inst_id, status, task_completing_time) VALUES (5121, 17, 442, 1, '66');
INSERT INTO recordings (recording_id, task_inst_id, file_path) VALUES (5121, 5121, 'recordings/eval_89_mod_2_task_5121.wav');
INSERT INTO task_instances (task_inst_id, task_id, module_inst_id, status, task_completing_time) VALUES (5122, 18, 442, 1, '297');
INSERT INTO recordings (recording_id, task_inst_id, file_path) VALUES (5122, 5122, 'recordings/eval_89_mod_2_task_5122.wav');
INSERT INTO task_instances (task_inst_id, task_id, module_inst_id, status, task_completing_time) VALUES (5123, 19, 442, 1, '44');
INSERT INTO recordings (recording_id, task_inst_id, file_path) VALUES (5123, 5123, 'recordings/eval_89_mod_2_task_5123.wav');
INSERT INTO task_instances (task_inst_id, task_id, module_inst_id, status, task_completing_time) VALUES (5124, 20, 442, 1, '27');
INSERT INTO recordings (recording_id, task_inst_id, file_path) VALUES (5124, 5124, 'recordings/eval_89_mod_2_task_5124.wav');
INSERT INTO task_instances (task_inst_id, task_id, module_inst_id, status, task_completing_time) VALUES (5125, 21, 442, 1, '35');
INSERT INTO recordings (recording_id, task_inst_id, file_path) VALUES (5125, 5125, 'recordings/eval_89_mod_2_task_5125.wav');
INSERT INTO task_instances (task_inst_id, task_id, module_inst_id, status, task_completing_time) VALUES (5126, 22, 442, 1, '284');
INSERT INTO recordings (recording_id, task_inst_id, file_path) VALUES (5126, 5126, 'recordings/eval_89_mod_2_task_5126.wav');
INSERT INTO task_instances (task_inst_id, task_id, module_inst_id, status, task_completing_time) VALUES (5127, 23, 442, 1, '20');
INSERT INTO recordings (recording_id, task_inst_id, file_path) VALUES (5127, 5127, 'recordings/eval_89_mod_2_task_5127.wav');
INSERT INTO task_instances (task_inst_id, task_id, module_inst_id, status, task_completing_time) VALUES (5128, 24, 442, 1, '218');
INSERT INTO recordings (recording_id, task_inst_id, file_path) VALUES (5128, 5128, 'recordings/eval_89_mod_2_task_5128.wav');
INSERT INTO task_instances (task_inst_id, task_id, module_inst_id, status, task_completing_time) VALUES (5129, 25, 442, 1, '41');
INSERT INTO recordings (recording_id, task_inst_id, file_path) VALUES (5129, 5129, 'recordings/eval_89_mod_2_task_5129.wav');
INSERT INTO task_instances (task_inst_id, task_id, module_inst_id, status, task_completing_time) VALUES (5130, 26, 442, 1, '145');
INSERT INTO recordings (recording_id, task_inst_id, file_path) VALUES (5130, 5130, 'recordings/eval_89_mod_2_task_5130.wav');
INSERT INTO task_instances (task_inst_id, task_id, module_inst_id, status, task_completing_time) VALUES (5131, 27, 442, 1, '40');
INSERT INTO recordings (recording_id, task_inst_id, file_path) VALUES (5131, 5131, 'recordings/eval_89_mod_2_task_5131.wav');
INSERT INTO task_instances (task_inst_id, task_id, module_inst_id, status, task_completing_time) VALUES (5132, 28, 442, 1, '130');
INSERT INTO recordings (recording_id, task_inst_id, file_path) VALUES (5132, 5132, 'recordings/eval_89_mod_2_task_5132.wav');
INSERT INTO task_instances (task_inst_id, task_id, module_inst_id, status, task_completing_time) VALUES (5133, 29, 442, 0, '223');
INSERT INTO recordings (recording_id, task_inst_id, file_path) VALUES (5133, 5133, 'recordings/eval_89_mod_2_task_5133.wav');
INSERT INTO task_instances (task_inst_id, task_id, module_inst_id, status, task_completing_time) VALUES (5134, 30, 442, 0, '51');
INSERT INTO recordings (recording_id, task_inst_id, file_path) VALUES (5134, 5134, 'recordings/eval_89_mod_2_task_5134.wav');
INSERT INTO task_instances (task_inst_id, task_id, module_inst_id, status, task_completing_time) VALUES (5135, 31, 442, 0, '96');
INSERT INTO recordings (recording_id, task_inst_id, file_path) VALUES (5135, 5135, 'recordings/eval_89_mod_2_task_5135.wav');
INSERT INTO task_instances (task_inst_id, task_id, module_inst_id, status, task_completing_time) VALUES (5136, 32, 442, 1, '98');
INSERT INTO recordings (recording_id, task_inst_id, file_path) VALUES (5136, 5136, 'recordings/eval_89_mod_2_task_5136.wav');
INSERT INTO task_instances (task_inst_id, task_id, module_inst_id, status, task_completing_time) VALUES (5137, 33, 442, 1, '228');
INSERT INTO recordings (recording_id, task_inst_id, file_path) VALUES (5137, 5137, 'recordings/eval_89_mod_2_task_5137.wav');
INSERT INTO task_instances (task_inst_id, task_id, module_inst_id, status, task_completing_time) VALUES (5138, 34, 442, 1, '137');
INSERT INTO recordings (recording_id, task_inst_id, file_path) VALUES (5138, 5138, 'recordings/eval_89_mod_2_task_5138.wav');
INSERT INTO task_instances (task_inst_id, task_id, module_inst_id, status, task_completing_time) VALUES (5139, 35, 442, 1, '282');
INSERT INTO recordings (recording_id, task_inst_id, file_path) VALUES (5139, 5139, 'recordings/eval_89_mod_2_task_5139.wav');
INSERT INTO task_instances (task_inst_id, task_id, module_inst_id, status, task_completing_time) VALUES (5140, 36, 442, 1, '206');
INSERT INTO recordings (recording_id, task_inst_id, file_path) VALUES (5140, 5140, 'recordings/eval_89_mod_2_task_5140.wav');
INSERT INTO task_instances (task_inst_id, task_id, module_inst_id, status, task_completing_time) VALUES (5141, 37, 442, 1, '193');
INSERT INTO recordings (recording_id, task_inst_id, file_path) VALUES (5141, 5141, 'recordings/eval_89_mod_2_task_5141.wav');
INSERT INTO module_instances (module_inst_id, module_id, evaluation_id, status) VALUES (443, 3, 89, 3);
INSERT INTO task_instances (task_inst_id, task_id, module_inst_id, status, task_completing_time) VALUES (5142, 38, 443, 1, '54');
INSERT INTO recordings (recording_id, task_inst_id, file_path) VALUES (5142, 5142, 'recordings/eval_89_mod_3_task_5142.wav');
INSERT INTO task_instances (task_inst_id, task_id, module_inst_id, status, task_completing_time) VALUES (5143, 39, 443, 1, '45');
INSERT INTO recordings (recording_id, task_inst_id, file_path) VALUES (5143, 5143, 'recordings/eval_89_mod_3_task_5143.wav');
INSERT INTO task_instances (task_inst_id, task_id, module_inst_id, status, task_completing_time) VALUES (5144, 40, 443, 0, '222');
INSERT INTO recordings (recording_id, task_inst_id, file_path) VALUES (5144, 5144, 'recordings/eval_89_mod_3_task_5144.wav');
INSERT INTO task_instances (task_inst_id, task_id, module_inst_id, status, task_completing_time) VALUES (5145, 41, 443, 1, '42');
INSERT INTO recordings (recording_id, task_inst_id, file_path) VALUES (5145, 5145, 'recordings/eval_89_mod_3_task_5145.wav');
INSERT INTO task_instances (task_inst_id, task_id, module_inst_id, status, task_completing_time) VALUES (5146, 42, 443, 1, '201');
INSERT INTO recordings (recording_id, task_inst_id, file_path) VALUES (5146, 5146, 'recordings/eval_89_mod_3_task_5146.wav');
INSERT INTO task_instances (task_inst_id, task_id, module_inst_id, status, task_completing_time) VALUES (5147, 43, 443, 0, '49');
INSERT INTO recordings (recording_id, task_inst_id, file_path) VALUES (5147, 5147, 'recordings/eval_89_mod_3_task_5147.wav');
INSERT INTO task_instances (task_inst_id, task_id, module_inst_id, status, task_completing_time) VALUES (5148, 44, 443, 0, '294');
INSERT INTO recordings (recording_id, task_inst_id, file_path) VALUES (5148, 5148, 'recordings/eval_89_mod_3_task_5148.wav');
INSERT INTO task_instances (task_inst_id, task_id, module_inst_id, status, task_completing_time) VALUES (5149, 45, 443, 1, '283');
INSERT INTO recordings (recording_id, task_inst_id, file_path) VALUES (5149, 5149, 'recordings/eval_89_mod_3_task_5149.wav');
INSERT INTO task_instances (task_inst_id, task_id, module_inst_id, status, task_completing_time) VALUES (5150, 46, 443, 0, '108');
INSERT INTO recordings (recording_id, task_inst_id, file_path) VALUES (5150, 5150, 'recordings/eval_89_mod_3_task_5150.wav');
INSERT INTO module_instances (module_inst_id, module_id, evaluation_id, status) VALUES (444, 4, 89, 3);
INSERT INTO task_instances (task_inst_id, task_id, module_inst_id, status, task_completing_time) VALUES (5151, 47, 444, 1, '38');
INSERT INTO recordings (recording_id, task_inst_id, file_path) VALUES (5151, 5151, 'recordings/eval_89_mod_4_task_5151.wav');
INSERT INTO task_instances (task_inst_id, task_id, module_inst_id, status, task_completing_time) VALUES (5152, 48, 444, 1, '86');
INSERT INTO recordings (recording_id, task_inst_id, file_path) VALUES (5152, 5152, 'recordings/eval_89_mod_4_task_5152.wav');
INSERT INTO task_instances (task_inst_id, task_id, module_inst_id, status, task_completing_time) VALUES (5153, 49, 444, 0, '146');
INSERT INTO recordings (recording_id, task_inst_id, file_path) VALUES (5153, 5153, 'recordings/eval_89_mod_4_task_5153.wav');
INSERT INTO task_instances (task_inst_id, task_id, module_inst_id, status, task_completing_time) VALUES (5154, 50, 444, 1, '116');
INSERT INTO recordings (recording_id, task_inst_id, file_path) VALUES (5154, 5154, 'recordings/eval_89_mod_4_task_5154.wav');
INSERT INTO task_instances (task_inst_id, task_id, module_inst_id, status, task_completing_time) VALUES (5155, 51, 444, 1, '57');
INSERT INTO recordings (recording_id, task_inst_id, file_path) VALUES (5155, 5155, 'recordings/eval_89_mod_4_task_5155.wav');
INSERT INTO task_instances (task_inst_id, task_id, module_inst_id, status, task_completing_time) VALUES (5156, 52, 444, 1, '269');
INSERT INTO recordings (recording_id, task_inst_id, file_path) VALUES (5156, 5156, 'recordings/eval_89_mod_4_task_5156.wav');
INSERT INTO task_instances (task_inst_id, task_id, module_inst_id, status, task_completing_time) VALUES (5157, 53, 444, 1, '86');
INSERT INTO recordings (recording_id, task_inst_id, file_path) VALUES (5157, 5157, 'recordings/eval_89_mod_4_task_5157.wav');
INSERT INTO task_instances (task_inst_id, task_id, module_inst_id, status, task_completing_time) VALUES (5158, 54, 444, 1, '225');
INSERT INTO recordings (recording_id, task_inst_id, file_path) VALUES (5158, 5158, 'recordings/eval_89_mod_4_task_5158.wav');
INSERT INTO task_instances (task_inst_id, task_id, module_inst_id, status, task_completing_time) VALUES (5159, 55, 444, 1, '139');
INSERT INTO recordings (recording_id, task_inst_id, file_path) VALUES (5159, 5159, 'recordings/eval_89_mod_4_task_5159.wav');
INSERT INTO task_instances (task_inst_id, task_id, module_inst_id, status, task_completing_time) VALUES (5160, 56, 444, 1, '34');
INSERT INTO recordings (recording_id, task_inst_id, file_path) VALUES (5160, 5160, 'recordings/eval_89_mod_4_task_5160.wav');
INSERT INTO module_instances (module_inst_id, module_id, evaluation_id, status) VALUES (445, 9001, 89, 3);
INSERT INTO task_instances (task_inst_id, task_id, module_inst_id, status, task_completing_time) VALUES (5161, 9001, 445, 1, '21');
INSERT INTO recordings (recording_id, task_inst_id, file_path) VALUES (5161, 5161, 'recordings/eval_89_mod_9001_task_5161.wav');
INSERT INTO task_instances (task_inst_id, task_id, module_inst_id, status, task_completing_time) VALUES (5162, 9002, 445, 1, '60');
INSERT INTO recordings (recording_id, task_inst_id, file_path) VALUES (5162, 5162, 'recordings/eval_89_mod_9001_task_5162.wav');
INSERT INTO participants (participant_id, name, surname, education_level, sex, birth_date, laterality) VALUES (90, 'qtHi+3RGOODLdSAFiNMYBA==', 'qtXk7N6ZOoCjey4Lht0WCg==', 4, 2, '1979-06-25', 2);
INSERT INTO evaluations (evaluation_id, evaluation_date, evaluator_id, participant_id, status, language) VALUES (90, '2025-11-18 14:46:00', 11, 90, 2, 1);
INSERT INTO module_instances (module_inst_id, module_id, evaluation_id, status) VALUES (446, 1, 90, 3);
INSERT INTO task_instances (task_inst_id, task_id, module_inst_id, status, task_completing_time) VALUES (5163, 1, 446, 1, '41');
INSERT INTO recordings (recording_id, task_inst_id, file_path) VALUES (5163, 5163, 'recordings/eval_90_mod_1_task_5163.wav');
INSERT INTO task_instances (task_inst_id, task_id, module_inst_id, status, task_completing_time) VALUES (5164, 2, 446, 1, '119');
INSERT INTO recordings (recording_id, task_inst_id, file_path) VALUES (5164, 5164, 'recordings/eval_90_mod_1_task_5164.wav');
INSERT INTO task_instances (task_inst_id, task_id, module_inst_id, status, task_completing_time) VALUES (5165, 3, 446, 1, '148');
INSERT INTO recordings (recording_id, task_inst_id, file_path) VALUES (5165, 5165, 'recordings/eval_90_mod_1_task_5165.wav');
INSERT INTO task_instances (task_inst_id, task_id, module_inst_id, status, task_completing_time) VALUES (5166, 4, 446, 1, '134');
INSERT INTO recordings (recording_id, task_inst_id, file_path) VALUES (5166, 5166, 'recordings/eval_90_mod_1_task_5166.wav');
INSERT INTO task_instances (task_inst_id, task_id, module_inst_id, status, task_completing_time) VALUES (5167, 5, 446, 1, '275');
INSERT INTO recordings (recording_id, task_inst_id, file_path) VALUES (5167, 5167, 'recordings/eval_90_mod_1_task_5167.wav');
INSERT INTO task_instances (task_inst_id, task_id, module_inst_id, status, task_completing_time) VALUES (5168, 6, 446, 1, '226');
INSERT INTO recordings (recording_id, task_inst_id, file_path) VALUES (5168, 5168, 'recordings/eval_90_mod_1_task_5168.wav');
INSERT INTO task_instances (task_inst_id, task_id, module_inst_id, status, task_completing_time) VALUES (5169, 7, 446, 1, '75');
INSERT INTO recordings (recording_id, task_inst_id, file_path) VALUES (5169, 5169, 'recordings/eval_90_mod_1_task_5169.wav');
INSERT INTO task_instances (task_inst_id, task_id, module_inst_id, status, task_completing_time) VALUES (5170, 8, 446, 1, '138');
INSERT INTO recordings (recording_id, task_inst_id, file_path) VALUES (5170, 5170, 'recordings/eval_90_mod_1_task_5170.wav');
INSERT INTO task_instances (task_inst_id, task_id, module_inst_id, status, task_completing_time) VALUES (5171, 9, 446, 0, '102');
INSERT INTO recordings (recording_id, task_inst_id, file_path) VALUES (5171, 5171, 'recordings/eval_90_mod_1_task_5171.wav');
INSERT INTO task_instances (task_inst_id, task_id, module_inst_id, status, task_completing_time) VALUES (5172, 10, 446, 0, '242');
INSERT INTO recordings (recording_id, task_inst_id, file_path) VALUES (5172, 5172, 'recordings/eval_90_mod_1_task_5172.wav');
INSERT INTO module_instances (module_inst_id, module_id, evaluation_id, status) VALUES (447, 2, 90, 2);
INSERT INTO task_instances (task_inst_id, task_id, module_inst_id, status, task_completing_time) VALUES (5173, 11, 447, 1, '5');
INSERT INTO recordings (recording_id, task_inst_id, file_path) VALUES (5173, 5173, 'recordings/eval_90_mod_2_task_5173.wav');
INSERT INTO task_instances (task_inst_id, task_id, module_inst_id, status, task_completing_time) VALUES (5174, 12, 447, 1, '152');
INSERT INTO recordings (recording_id, task_inst_id, file_path) VALUES (5174, 5174, 'recordings/eval_90_mod_2_task_5174.wav');
INSERT INTO task_instances (task_inst_id, task_id, module_inst_id, status, task_completing_time) VALUES (5175, 13, 447, 1, '64');
INSERT INTO recordings (recording_id, task_inst_id, file_path) VALUES (5175, 5175, 'recordings/eval_90_mod_2_task_5175.wav');
INSERT INTO task_instances (task_inst_id, task_id, module_inst_id, status, task_completing_time) VALUES (5176, 14, 447, 1, '39');
INSERT INTO recordings (recording_id, task_inst_id, file_path) VALUES (5176, 5176, 'recordings/eval_90_mod_2_task_5176.wav');
INSERT INTO task_instances (task_inst_id, task_id, module_inst_id, status, task_completing_time) VALUES (5177, 15, 447, 1, '99');
INSERT INTO recordings (recording_id, task_inst_id, file_path) VALUES (5177, 5177, 'recordings/eval_90_mod_2_task_5177.wav');
INSERT INTO task_instances (task_inst_id, task_id, module_inst_id, status, task_completing_time) VALUES (5178, 16, 447, 1, '270');
INSERT INTO recordings (recording_id, task_inst_id, file_path) VALUES (5178, 5178, 'recordings/eval_90_mod_2_task_5178.wav');
INSERT INTO task_instances (task_inst_id, task_id, module_inst_id, status, task_completing_time) VALUES (5179, 17, 447, 1, '38');
INSERT INTO recordings (recording_id, task_inst_id, file_path) VALUES (5179, 5179, 'recordings/eval_90_mod_2_task_5179.wav');
INSERT INTO task_instances (task_inst_id, task_id, module_inst_id, status, task_completing_time) VALUES (5180, 18, 447, 0, '25');
INSERT INTO recordings (recording_id, task_inst_id, file_path) VALUES (5180, 5180, 'recordings/eval_90_mod_2_task_5180.wav');
INSERT INTO task_instances (task_inst_id, task_id, module_inst_id, status, task_completing_time) VALUES (5181, 19, 447, 1, '72');
INSERT INTO recordings (recording_id, task_inst_id, file_path) VALUES (5181, 5181, 'recordings/eval_90_mod_2_task_5181.wav');
INSERT INTO task_instances (task_inst_id, task_id, module_inst_id, status, task_completing_time) VALUES (5182, 20, 447, 0, '169');
INSERT INTO recordings (recording_id, task_inst_id, file_path) VALUES (5182, 5182, 'recordings/eval_90_mod_2_task_5182.wav');
INSERT INTO task_instances (task_inst_id, task_id, module_inst_id, status, task_completing_time) VALUES (5183, 21, 447, 1, '52');
INSERT INTO recordings (recording_id, task_inst_id, file_path) VALUES (5183, 5183, 'recordings/eval_90_mod_2_task_5183.wav');
INSERT INTO task_instances (task_inst_id, task_id, module_inst_id, status, task_completing_time) VALUES (5184, 22, 447, 1, '260');
INSERT INTO recordings (recording_id, task_inst_id, file_path) VALUES (5184, 5184, 'recordings/eval_90_mod_2_task_5184.wav');
INSERT INTO task_instances (task_inst_id, task_id, module_inst_id, status, task_completing_time) VALUES (5185, 23, 447, 1, '12');
INSERT INTO recordings (recording_id, task_inst_id, file_path) VALUES (5185, 5185, 'recordings/eval_90_mod_2_task_5185.wav');
INSERT INTO task_instances (task_inst_id, task_id, module_inst_id, status, task_completing_time) VALUES (5186, 24, 447, 1, '244');
INSERT INTO recordings (recording_id, task_inst_id, file_path) VALUES (5186, 5186, 'recordings/eval_90_mod_2_task_5186.wav');
INSERT INTO task_instances (task_inst_id, task_id, module_inst_id, status, task_completing_time) VALUES (5187, 25, 447, 1, '13');
INSERT INTO recordings (recording_id, task_inst_id, file_path) VALUES (5187, 5187, 'recordings/eval_90_mod_2_task_5187.wav');
INSERT INTO task_instances (task_inst_id, task_id, module_inst_id, status, task_completing_time) VALUES (5188, 26, 447, 1, '152');
INSERT INTO recordings (recording_id, task_inst_id, file_path) VALUES (5188, 5188, 'recordings/eval_90_mod_2_task_5188.wav');
INSERT INTO task_instances (task_inst_id, task_id, module_inst_id, status, task_completing_time) VALUES (5189, 27, 447, 1, '98');
INSERT INTO recordings (recording_id, task_inst_id, file_path) VALUES (5189, 5189, 'recordings/eval_90_mod_2_task_5189.wav');
INSERT INTO task_instances (task_inst_id, task_id, module_inst_id, status, task_completing_time) VALUES (5190, 28, 447, 1, '187');
INSERT INTO recordings (recording_id, task_inst_id, file_path) VALUES (5190, 5190, 'recordings/eval_90_mod_2_task_5190.wav');
INSERT INTO task_instances (task_inst_id, task_id, module_inst_id, status, task_completing_time) VALUES (5191, 29, 447, 1, '116');
INSERT INTO recordings (recording_id, task_inst_id, file_path) VALUES (5191, 5191, 'recordings/eval_90_mod_2_task_5191.wav');
INSERT INTO task_instances (task_inst_id, task_id, module_inst_id, status, task_completing_time) VALUES (5192, 30, 447, 1, '30');
INSERT INTO recordings (recording_id, task_inst_id, file_path) VALUES (5192, 5192, 'recordings/eval_90_mod_2_task_5192.wav');
INSERT INTO task_instances (task_inst_id, task_id, module_inst_id, status, task_completing_time) VALUES (5193, 31, 447, 1, '37');
INSERT INTO recordings (recording_id, task_inst_id, file_path) VALUES (5193, 5193, 'recordings/eval_90_mod_2_task_5193.wav');
INSERT INTO task_instances (task_inst_id, task_id, module_inst_id, status, task_completing_time) VALUES (5194, 32, 447, 1, '275');
INSERT INTO recordings (recording_id, task_inst_id, file_path) VALUES (5194, 5194, 'recordings/eval_90_mod_2_task_5194.wav');
INSERT INTO task_instances (task_inst_id, task_id, module_inst_id, status, task_completing_time) VALUES (5195, 33, 447, 1, '87');
INSERT INTO recordings (recording_id, task_inst_id, file_path) VALUES (5195, 5195, 'recordings/eval_90_mod_2_task_5195.wav');
INSERT INTO task_instances (task_inst_id, task_id, module_inst_id, status, task_completing_time) VALUES (5196, 34, 447, 1, '214');
INSERT INTO recordings (recording_id, task_inst_id, file_path) VALUES (5196, 5196, 'recordings/eval_90_mod_2_task_5196.wav');
INSERT INTO task_instances (task_inst_id, task_id, module_inst_id, status, task_completing_time) VALUES (5197, 35, 447, 1, '231');
INSERT INTO recordings (recording_id, task_inst_id, file_path) VALUES (5197, 5197, 'recordings/eval_90_mod_2_task_5197.wav');
INSERT INTO task_instances (task_inst_id, task_id, module_inst_id, status, task_completing_time) VALUES (5198, 36, 447, 1, '105');
INSERT INTO recordings (recording_id, task_inst_id, file_path) VALUES (5198, 5198, 'recordings/eval_90_mod_2_task_5198.wav');
INSERT INTO task_instances (task_inst_id, task_id, module_inst_id, status, task_completing_time) VALUES (5199, 37, 447, 1, '90');
INSERT INTO recordings (recording_id, task_inst_id, file_path) VALUES (5199, 5199, 'recordings/eval_90_mod_2_task_5199.wav');
INSERT INTO module_instances (module_inst_id, module_id, evaluation_id, status) VALUES (448, 3, 90, 3);
INSERT INTO task_instances (task_inst_id, task_id, module_inst_id, status, task_completing_time) VALUES (5200, 38, 448, 1, '31');
INSERT INTO recordings (recording_id, task_inst_id, file_path) VALUES (5200, 5200, 'recordings/eval_90_mod_3_task_5200.wav');
INSERT INTO task_instances (task_inst_id, task_id, module_inst_id, status, task_completing_time) VALUES (5201, 39, 448, 1, '217');
INSERT INTO recordings (recording_id, task_inst_id, file_path) VALUES (5201, 5201, 'recordings/eval_90_mod_3_task_5201.wav');
INSERT INTO task_instances (task_inst_id, task_id, module_inst_id, status, task_completing_time) VALUES (5202, 40, 448, 1, '46');
INSERT INTO recordings (recording_id, task_inst_id, file_path) VALUES (5202, 5202, 'recordings/eval_90_mod_3_task_5202.wav');
INSERT INTO task_instances (task_inst_id, task_id, module_inst_id, status, task_completing_time) VALUES (5203, 41, 448, 1, '216');
INSERT INTO recordings (recording_id, task_inst_id, file_path) VALUES (5203, 5203, 'recordings/eval_90_mod_3_task_5203.wav');
INSERT INTO task_instances (task_inst_id, task_id, module_inst_id, status, task_completing_time) VALUES (5204, 42, 448, 1, '156');
INSERT INTO recordings (recording_id, task_inst_id, file_path) VALUES (5204, 5204, 'recordings/eval_90_mod_3_task_5204.wav');
INSERT INTO task_instances (task_inst_id, task_id, module_inst_id, status, task_completing_time) VALUES (5205, 43, 448, 0, '115');
INSERT INTO recordings (recording_id, task_inst_id, file_path) VALUES (5205, 5205, 'recordings/eval_90_mod_3_task_5205.wav');
INSERT INTO task_instances (task_inst_id, task_id, module_inst_id, status, task_completing_time) VALUES (5206, 44, 448, 1, '285');
INSERT INTO recordings (recording_id, task_inst_id, file_path) VALUES (5206, 5206, 'recordings/eval_90_mod_3_task_5206.wav');
INSERT INTO task_instances (task_inst_id, task_id, module_inst_id, status, task_completing_time) VALUES (5207, 45, 448, 1, '116');
INSERT INTO recordings (recording_id, task_inst_id, file_path) VALUES (5207, 5207, 'recordings/eval_90_mod_3_task_5207.wav');
INSERT INTO task_instances (task_inst_id, task_id, module_inst_id, status, task_completing_time) VALUES (5208, 46, 448, 0, '244');
INSERT INTO recordings (recording_id, task_inst_id, file_path) VALUES (5208, 5208, 'recordings/eval_90_mod_3_task_5208.wav');
INSERT INTO module_instances (module_inst_id, module_id, evaluation_id, status) VALUES (449, 4, 90, 1);
INSERT INTO task_instances (task_inst_id, task_id, module_inst_id, status, task_completing_time) VALUES (5209, 47, 449, 1, '42');
INSERT INTO recordings (recording_id, task_inst_id, file_path) VALUES (5209, 5209, 'recordings/eval_90_mod_4_task_5209.wav');
INSERT INTO task_instances (task_inst_id, task_id, module_inst_id, status, task_completing_time) VALUES (5210, 48, 449, 1, '114');
INSERT INTO recordings (recording_id, task_inst_id, file_path) VALUES (5210, 5210, 'recordings/eval_90_mod_4_task_5210.wav');
INSERT INTO task_instances (task_inst_id, task_id, module_inst_id, status, task_completing_time) VALUES (5211, 49, 449, 1, '258');
INSERT INTO recordings (recording_id, task_inst_id, file_path) VALUES (5211, 5211, 'recordings/eval_90_mod_4_task_5211.wav');
INSERT INTO task_instances (task_inst_id, task_id, module_inst_id, status, task_completing_time) VALUES (5212, 50, 449, 1, '274');
INSERT INTO recordings (recording_id, task_inst_id, file_path) VALUES (5212, 5212, 'recordings/eval_90_mod_4_task_5212.wav');
INSERT INTO task_instances (task_inst_id, task_id, module_inst_id, status, task_completing_time) VALUES (5213, 51, 449, 1, '57');
INSERT INTO recordings (recording_id, task_inst_id, file_path) VALUES (5213, 5213, 'recordings/eval_90_mod_4_task_5213.wav');
INSERT INTO task_instances (task_inst_id, task_id, module_inst_id, status, task_completing_time) VALUES (5214, 52, 449, 1, '240');
INSERT INTO recordings (recording_id, task_inst_id, file_path) VALUES (5214, 5214, 'recordings/eval_90_mod_4_task_5214.wav');
INSERT INTO task_instances (task_inst_id, task_id, module_inst_id, status, task_completing_time) VALUES (5215, 53, 449, 1, '250');
INSERT INTO recordings (recording_id, task_inst_id, file_path) VALUES (5215, 5215, 'recordings/eval_90_mod_4_task_5215.wav');
INSERT INTO task_instances (task_inst_id, task_id, module_inst_id, status, task_completing_time) VALUES (5216, 54, 449, 1, '140');
INSERT INTO recordings (recording_id, task_inst_id, file_path) VALUES (5216, 5216, 'recordings/eval_90_mod_4_task_5216.wav');
INSERT INTO task_instances (task_inst_id, task_id, module_inst_id, status, task_completing_time) VALUES (5217, 55, 449, 1, '24');
INSERT INTO recordings (recording_id, task_inst_id, file_path) VALUES (5217, 5217, 'recordings/eval_90_mod_4_task_5217.wav');
INSERT INTO task_instances (task_inst_id, task_id, module_inst_id, status, task_completing_time) VALUES (5218, 56, 449, 1, '14');
INSERT INTO recordings (recording_id, task_inst_id, file_path) VALUES (5218, 5218, 'recordings/eval_90_mod_4_task_5218.wav');
INSERT INTO module_instances (module_inst_id, module_id, evaluation_id, status) VALUES (450, 9001, 90, 3);
INSERT INTO task_instances (task_inst_id, task_id, module_inst_id, status, task_completing_time) VALUES (5219, 9001, 450, 1, '56');
INSERT INTO recordings (recording_id, task_inst_id, file_path) VALUES (5219, 5219, 'recordings/eval_90_mod_9001_task_5219.wav');
INSERT INTO task_instances (task_inst_id, task_id, module_inst_id, status, task_completing_time) VALUES (5220, 9002, 450, 1, '143');
INSERT INTO recordings (recording_id, task_inst_id, file_path) VALUES (5220, 5220, 'recordings/eval_90_mod_9001_task_5220.wav');
INSERT INTO participants (participant_id, name, surname, education_level, sex, birth_date, laterality) VALUES (91, 'sN9VKtjgUIKheSwJhN8UCA==', 'u9z77N6POoCjey4Lht0WCg==', 5, 1, '1968-11-06', 1);
INSERT INTO evaluations (evaluation_id, evaluation_date, evaluator_id, participant_id, status, language) VALUES (91, '2025-10-30 13:42:00', 11, 91, 3, 1);
INSERT INTO module_instances (module_inst_id, module_id, evaluation_id, status) VALUES (451, 1, 91, 3);
INSERT INTO task_instances (task_inst_id, task_id, module_inst_id, status, task_completing_time) VALUES (5221, 1, 451, 1, '34');
INSERT INTO recordings (recording_id, task_inst_id, file_path) VALUES (5221, 5221, 'recordings/eval_91_mod_1_task_5221.wav');
INSERT INTO task_instances (task_inst_id, task_id, module_inst_id, status, task_completing_time) VALUES (5222, 2, 451, 1, '263');
INSERT INTO recordings (recording_id, task_inst_id, file_path) VALUES (5222, 5222, 'recordings/eval_91_mod_1_task_5222.wav');
INSERT INTO task_instances (task_inst_id, task_id, module_inst_id, status, task_completing_time) VALUES (5223, 3, 451, 1, '128');
INSERT INTO recordings (recording_id, task_inst_id, file_path) VALUES (5223, 5223, 'recordings/eval_91_mod_1_task_5223.wav');
INSERT INTO task_instances (task_inst_id, task_id, module_inst_id, status, task_completing_time) VALUES (5224, 4, 451, 1, '165');
INSERT INTO recordings (recording_id, task_inst_id, file_path) VALUES (5224, 5224, 'recordings/eval_91_mod_1_task_5224.wav');
INSERT INTO task_instances (task_inst_id, task_id, module_inst_id, status, task_completing_time) VALUES (5225, 5, 451, 1, '158');
INSERT INTO recordings (recording_id, task_inst_id, file_path) VALUES (5225, 5225, 'recordings/eval_91_mod_1_task_5225.wav');
INSERT INTO task_instances (task_inst_id, task_id, module_inst_id, status, task_completing_time) VALUES (5226, 6, 451, 1, '258');
INSERT INTO recordings (recording_id, task_inst_id, file_path) VALUES (5226, 5226, 'recordings/eval_91_mod_1_task_5226.wav');
INSERT INTO task_instances (task_inst_id, task_id, module_inst_id, status, task_completing_time) VALUES (5227, 7, 451, 1, '160');
INSERT INTO recordings (recording_id, task_inst_id, file_path) VALUES (5227, 5227, 'recordings/eval_91_mod_1_task_5227.wav');
INSERT INTO task_instances (task_inst_id, task_id, module_inst_id, status, task_completing_time) VALUES (5228, 8, 451, 1, '54');
INSERT INTO recordings (recording_id, task_inst_id, file_path) VALUES (5228, 5228, 'recordings/eval_91_mod_1_task_5228.wav');
INSERT INTO task_instances (task_inst_id, task_id, module_inst_id, status, task_completing_time) VALUES (5229, 9, 451, 1, '227');
INSERT INTO recordings (recording_id, task_inst_id, file_path) VALUES (5229, 5229, 'recordings/eval_91_mod_1_task_5229.wav');
INSERT INTO task_instances (task_inst_id, task_id, module_inst_id, status, task_completing_time) VALUES (5230, 10, 451, 1, '75');
INSERT INTO recordings (recording_id, task_inst_id, file_path) VALUES (5230, 5230, 'recordings/eval_91_mod_1_task_5230.wav');
INSERT INTO module_instances (module_inst_id, module_id, evaluation_id, status) VALUES (452, 2, 91, 3);
INSERT INTO task_instances (task_inst_id, task_id, module_inst_id, status, task_completing_time) VALUES (5231, 11, 452, 0, '53');
INSERT INTO recordings (recording_id, task_inst_id, file_path) VALUES (5231, 5231, 'recordings/eval_91_mod_2_task_5231.wav');
INSERT INTO task_instances (task_inst_id, task_id, module_inst_id, status, task_completing_time) VALUES (5232, 12, 452, 1, '108');
INSERT INTO recordings (recording_id, task_inst_id, file_path) VALUES (5232, 5232, 'recordings/eval_91_mod_2_task_5232.wav');
INSERT INTO task_instances (task_inst_id, task_id, module_inst_id, status, task_completing_time) VALUES (5233, 13, 452, 1, '111');
INSERT INTO recordings (recording_id, task_inst_id, file_path) VALUES (5233, 5233, 'recordings/eval_91_mod_2_task_5233.wav');
INSERT INTO task_instances (task_inst_id, task_id, module_inst_id, status, task_completing_time) VALUES (5234, 14, 452, 0, '57');
INSERT INTO recordings (recording_id, task_inst_id, file_path) VALUES (5234, 5234, 'recordings/eval_91_mod_2_task_5234.wav');
INSERT INTO task_instances (task_inst_id, task_id, module_inst_id, status, task_completing_time) VALUES (5235, 15, 452, 1, '163');
INSERT INTO recordings (recording_id, task_inst_id, file_path) VALUES (5235, 5235, 'recordings/eval_91_mod_2_task_5235.wav');
INSERT INTO task_instances (task_inst_id, task_id, module_inst_id, status, task_completing_time) VALUES (5236, 16, 452, 1, '297');
INSERT INTO recordings (recording_id, task_inst_id, file_path) VALUES (5236, 5236, 'recordings/eval_91_mod_2_task_5236.wav');
INSERT INTO task_instances (task_inst_id, task_id, module_inst_id, status, task_completing_time) VALUES (5237, 17, 452, 1, '291');
INSERT INTO recordings (recording_id, task_inst_id, file_path) VALUES (5237, 5237, 'recordings/eval_91_mod_2_task_5237.wav');
INSERT INTO task_instances (task_inst_id, task_id, module_inst_id, status, task_completing_time) VALUES (5238, 18, 452, 1, '170');
INSERT INTO recordings (recording_id, task_inst_id, file_path) VALUES (5238, 5238, 'recordings/eval_91_mod_2_task_5238.wav');
INSERT INTO task_instances (task_inst_id, task_id, module_inst_id, status, task_completing_time) VALUES (5239, 19, 452, 1, '142');
INSERT INTO recordings (recording_id, task_inst_id, file_path) VALUES (5239, 5239, 'recordings/eval_91_mod_2_task_5239.wav');
INSERT INTO task_instances (task_inst_id, task_id, module_inst_id, status, task_completing_time) VALUES (5240, 20, 452, 1, '69');
INSERT INTO recordings (recording_id, task_inst_id, file_path) VALUES (5240, 5240, 'recordings/eval_91_mod_2_task_5240.wav');
INSERT INTO task_instances (task_inst_id, task_id, module_inst_id, status, task_completing_time) VALUES (5241, 21, 452, 0, '54');
INSERT INTO recordings (recording_id, task_inst_id, file_path) VALUES (5241, 5241, 'recordings/eval_91_mod_2_task_5241.wav');
INSERT INTO task_instances (task_inst_id, task_id, module_inst_id, status, task_completing_time) VALUES (5242, 22, 452, 1, '78');
INSERT INTO recordings (recording_id, task_inst_id, file_path) VALUES (5242, 5242, 'recordings/eval_91_mod_2_task_5242.wav');
INSERT INTO task_instances (task_inst_id, task_id, module_inst_id, status, task_completing_time) VALUES (5243, 23, 452, 1, '13');
INSERT INTO recordings (recording_id, task_inst_id, file_path) VALUES (5243, 5243, 'recordings/eval_91_mod_2_task_5243.wav');
INSERT INTO task_instances (task_inst_id, task_id, module_inst_id, status, task_completing_time) VALUES (5244, 24, 452, 1, '227');
INSERT INTO recordings (recording_id, task_inst_id, file_path) VALUES (5244, 5244, 'recordings/eval_91_mod_2_task_5244.wav');
INSERT INTO task_instances (task_inst_id, task_id, module_inst_id, status, task_completing_time) VALUES (5245, 25, 452, 1, '15');
INSERT INTO recordings (recording_id, task_inst_id, file_path) VALUES (5245, 5245, 'recordings/eval_91_mod_2_task_5245.wav');
INSERT INTO task_instances (task_inst_id, task_id, module_inst_id, status, task_completing_time) VALUES (5246, 26, 452, 1, '155');
INSERT INTO recordings (recording_id, task_inst_id, file_path) VALUES (5246, 5246, 'recordings/eval_91_mod_2_task_5246.wav');
INSERT INTO task_instances (task_inst_id, task_id, module_inst_id, status, task_completing_time) VALUES (5247, 27, 452, 1, '185');
INSERT INTO recordings (recording_id, task_inst_id, file_path) VALUES (5247, 5247, 'recordings/eval_91_mod_2_task_5247.wav');
INSERT INTO task_instances (task_inst_id, task_id, module_inst_id, status, task_completing_time) VALUES (5248, 28, 452, 1, '223');
INSERT INTO recordings (recording_id, task_inst_id, file_path) VALUES (5248, 5248, 'recordings/eval_91_mod_2_task_5248.wav');
INSERT INTO task_instances (task_inst_id, task_id, module_inst_id, status, task_completing_time) VALUES (5249, 29, 452, 1, '121');
INSERT INTO recordings (recording_id, task_inst_id, file_path) VALUES (5249, 5249, 'recordings/eval_91_mod_2_task_5249.wav');
INSERT INTO task_instances (task_inst_id, task_id, module_inst_id, status, task_completing_time) VALUES (5250, 30, 452, 1, '42');
INSERT INTO recordings (recording_id, task_inst_id, file_path) VALUES (5250, 5250, 'recordings/eval_91_mod_2_task_5250.wav');
INSERT INTO task_instances (task_inst_id, task_id, module_inst_id, status, task_completing_time) VALUES (5251, 31, 452, 0, '274');
INSERT INTO recordings (recording_id, task_inst_id, file_path) VALUES (5251, 5251, 'recordings/eval_91_mod_2_task_5251.wav');
INSERT INTO task_instances (task_inst_id, task_id, module_inst_id, status, task_completing_time) VALUES (5252, 32, 452, 1, '109');
INSERT INTO recordings (recording_id, task_inst_id, file_path) VALUES (5252, 5252, 'recordings/eval_91_mod_2_task_5252.wav');
INSERT INTO task_instances (task_inst_id, task_id, module_inst_id, status, task_completing_time) VALUES (5253, 33, 452, 1, '193');
INSERT INTO recordings (recording_id, task_inst_id, file_path) VALUES (5253, 5253, 'recordings/eval_91_mod_2_task_5253.wav');
INSERT INTO task_instances (task_inst_id, task_id, module_inst_id, status, task_completing_time) VALUES (5254, 34, 452, 1, '233');
INSERT INTO recordings (recording_id, task_inst_id, file_path) VALUES (5254, 5254, 'recordings/eval_91_mod_2_task_5254.wav');
INSERT INTO task_instances (task_inst_id, task_id, module_inst_id, status, task_completing_time) VALUES (5255, 35, 452, 1, '28');
INSERT INTO recordings (recording_id, task_inst_id, file_path) VALUES (5255, 5255, 'recordings/eval_91_mod_2_task_5255.wav');
INSERT INTO task_instances (task_inst_id, task_id, module_inst_id, status, task_completing_time) VALUES (5256, 36, 452, 1, '121');
INSERT INTO recordings (recording_id, task_inst_id, file_path) VALUES (5256, 5256, 'recordings/eval_91_mod_2_task_5256.wav');
INSERT INTO task_instances (task_inst_id, task_id, module_inst_id, status, task_completing_time) VALUES (5257, 37, 452, 1, '138');
INSERT INTO recordings (recording_id, task_inst_id, file_path) VALUES (5257, 5257, 'recordings/eval_91_mod_2_task_5257.wav');
INSERT INTO module_instances (module_inst_id, module_id, evaluation_id, status) VALUES (453, 3, 91, 2);
INSERT INTO task_instances (task_inst_id, task_id, module_inst_id, status, task_completing_time) VALUES (5258, 38, 453, 1, '11');
INSERT INTO recordings (recording_id, task_inst_id, file_path) VALUES (5258, 5258, 'recordings/eval_91_mod_3_task_5258.wav');
INSERT INTO task_instances (task_inst_id, task_id, module_inst_id, status, task_completing_time) VALUES (5259, 39, 453, 1, '144');
INSERT INTO recordings (recording_id, task_inst_id, file_path) VALUES (5259, 5259, 'recordings/eval_91_mod_3_task_5259.wav');
INSERT INTO task_instances (task_inst_id, task_id, module_inst_id, status, task_completing_time) VALUES (5260, 40, 453, 0, '203');
INSERT INTO recordings (recording_id, task_inst_id, file_path) VALUES (5260, 5260, 'recordings/eval_91_mod_3_task_5260.wav');
INSERT INTO task_instances (task_inst_id, task_id, module_inst_id, status, task_completing_time) VALUES (5261, 41, 453, 1, '70');
INSERT INTO recordings (recording_id, task_inst_id, file_path) VALUES (5261, 5261, 'recordings/eval_91_mod_3_task_5261.wav');
INSERT INTO task_instances (task_inst_id, task_id, module_inst_id, status, task_completing_time) VALUES (5262, 42, 453, 1, '248');
INSERT INTO recordings (recording_id, task_inst_id, file_path) VALUES (5262, 5262, 'recordings/eval_91_mod_3_task_5262.wav');
INSERT INTO task_instances (task_inst_id, task_id, module_inst_id, status, task_completing_time) VALUES (5263, 43, 453, 1, '283');
INSERT INTO recordings (recording_id, task_inst_id, file_path) VALUES (5263, 5263, 'recordings/eval_91_mod_3_task_5263.wav');
INSERT INTO task_instances (task_inst_id, task_id, module_inst_id, status, task_completing_time) VALUES (5264, 44, 453, 1, '90');
INSERT INTO recordings (recording_id, task_inst_id, file_path) VALUES (5264, 5264, 'recordings/eval_91_mod_3_task_5264.wav');
INSERT INTO task_instances (task_inst_id, task_id, module_inst_id, status, task_completing_time) VALUES (5265, 45, 453, 1, '133');
INSERT INTO recordings (recording_id, task_inst_id, file_path) VALUES (5265, 5265, 'recordings/eval_91_mod_3_task_5265.wav');
INSERT INTO task_instances (task_inst_id, task_id, module_inst_id, status, task_completing_time) VALUES (5266, 46, 453, 0, '157');
INSERT INTO recordings (recording_id, task_inst_id, file_path) VALUES (5266, 5266, 'recordings/eval_91_mod_3_task_5266.wav');
INSERT INTO module_instances (module_inst_id, module_id, evaluation_id, status) VALUES (454, 4, 91, 1);
INSERT INTO task_instances (task_inst_id, task_id, module_inst_id, status, task_completing_time) VALUES (5267, 47, 454, 1, '22');
INSERT INTO recordings (recording_id, task_inst_id, file_path) VALUES (5267, 5267, 'recordings/eval_91_mod_4_task_5267.wav');
INSERT INTO task_instances (task_inst_id, task_id, module_inst_id, status, task_completing_time) VALUES (5268, 48, 454, 1, '87');
INSERT INTO recordings (recording_id, task_inst_id, file_path) VALUES (5268, 5268, 'recordings/eval_91_mod_4_task_5268.wav');
INSERT INTO task_instances (task_inst_id, task_id, module_inst_id, status, task_completing_time) VALUES (5269, 49, 454, 1, '142');
INSERT INTO recordings (recording_id, task_inst_id, file_path) VALUES (5269, 5269, 'recordings/eval_91_mod_4_task_5269.wav');
INSERT INTO task_instances (task_inst_id, task_id, module_inst_id, status, task_completing_time) VALUES (5270, 50, 454, 0, '187');
INSERT INTO recordings (recording_id, task_inst_id, file_path) VALUES (5270, 5270, 'recordings/eval_91_mod_4_task_5270.wav');
INSERT INTO task_instances (task_inst_id, task_id, module_inst_id, status, task_completing_time) VALUES (5271, 51, 454, 1, '249');
INSERT INTO recordings (recording_id, task_inst_id, file_path) VALUES (5271, 5271, 'recordings/eval_91_mod_4_task_5271.wav');
INSERT INTO task_instances (task_inst_id, task_id, module_inst_id, status, task_completing_time) VALUES (5272, 52, 454, 1, '237');
INSERT INTO recordings (recording_id, task_inst_id, file_path) VALUES (5272, 5272, 'recordings/eval_91_mod_4_task_5272.wav');
INSERT INTO task_instances (task_inst_id, task_id, module_inst_id, status, task_completing_time) VALUES (5273, 53, 454, 1, '103');
INSERT INTO recordings (recording_id, task_inst_id, file_path) VALUES (5273, 5273, 'recordings/eval_91_mod_4_task_5273.wav');
INSERT INTO task_instances (task_inst_id, task_id, module_inst_id, status, task_completing_time) VALUES (5274, 54, 454, 1, '188');
INSERT INTO recordings (recording_id, task_inst_id, file_path) VALUES (5274, 5274, 'recordings/eval_91_mod_4_task_5274.wav');
INSERT INTO task_instances (task_inst_id, task_id, module_inst_id, status, task_completing_time) VALUES (5275, 55, 454, 1, '293');
INSERT INTO recordings (recording_id, task_inst_id, file_path) VALUES (5275, 5275, 'recordings/eval_91_mod_4_task_5275.wav');
INSERT INTO task_instances (task_inst_id, task_id, module_inst_id, status, task_completing_time) VALUES (5276, 56, 454, 1, '19');
INSERT INTO recordings (recording_id, task_inst_id, file_path) VALUES (5276, 5276, 'recordings/eval_91_mod_4_task_5276.wav');
INSERT INTO module_instances (module_inst_id, module_id, evaluation_id, status) VALUES (455, 9001, 91, 3);
INSERT INTO task_instances (task_inst_id, task_id, module_inst_id, status, task_completing_time) VALUES (5277, 9001, 455, 1, '47');
INSERT INTO recordings (recording_id, task_inst_id, file_path) VALUES (5277, 5277, 'recordings/eval_91_mod_9001_task_5277.wav');
INSERT INTO task_instances (task_inst_id, task_id, module_inst_id, status, task_completing_time) VALUES (5278, 9002, 455, 0, '217');
INSERT INTO recordings (recording_id, task_inst_id, file_path) VALUES (5278, 5278, 'recordings/eval_91_mod_9001_task_5278.wav');
INSERT INTO participants (participant_id, name, surname, education_level, sex, birth_date, laterality) VALUES (92, 't9Hk4NmKUYOgeC0Ihd4VCQ==', 'qd/j89bgUIKheSwJhN8UCA==', 3, 1, '1946-11-10', 1);
INSERT INTO evaluations (evaluation_id, evaluation_date, evaluator_id, participant_id, status, language) VALUES (92, '2025-10-20 08:08:00', 11, 92, 1, 1);
INSERT INTO module_instances (module_inst_id, module_id, evaluation_id, status) VALUES (456, 1, 92, 3);
INSERT INTO task_instances (task_inst_id, task_id, module_inst_id, status, task_completing_time) VALUES (5279, 1, 456, 1, '11');
INSERT INTO recordings (recording_id, task_inst_id, file_path) VALUES (5279, 5279, 'recordings/eval_92_mod_1_task_5279.wav');
INSERT INTO task_instances (task_inst_id, task_id, module_inst_id, status, task_completing_time) VALUES (5280, 2, 456, 1, '25');
INSERT INTO recordings (recording_id, task_inst_id, file_path) VALUES (5280, 5280, 'recordings/eval_92_mod_1_task_5280.wav');
INSERT INTO task_instances (task_inst_id, task_id, module_inst_id, status, task_completing_time) VALUES (5281, 3, 456, 1, '161');
INSERT INTO recordings (recording_id, task_inst_id, file_path) VALUES (5281, 5281, 'recordings/eval_92_mod_1_task_5281.wav');
INSERT INTO task_instances (task_inst_id, task_id, module_inst_id, status, task_completing_time) VALUES (5282, 4, 456, 1, '237');
INSERT INTO recordings (recording_id, task_inst_id, file_path) VALUES (5282, 5282, 'recordings/eval_92_mod_1_task_5282.wav');
INSERT INTO task_instances (task_inst_id, task_id, module_inst_id, status, task_completing_time) VALUES (5283, 5, 456, 1, '69');
INSERT INTO recordings (recording_id, task_inst_id, file_path) VALUES (5283, 5283, 'recordings/eval_92_mod_1_task_5283.wav');
INSERT INTO task_instances (task_inst_id, task_id, module_inst_id, status, task_completing_time) VALUES (5284, 6, 456, 1, '26');
INSERT INTO recordings (recording_id, task_inst_id, file_path) VALUES (5284, 5284, 'recordings/eval_92_mod_1_task_5284.wav');
INSERT INTO task_instances (task_inst_id, task_id, module_inst_id, status, task_completing_time) VALUES (5285, 7, 456, 0, '257');
INSERT INTO recordings (recording_id, task_inst_id, file_path) VALUES (5285, 5285, 'recordings/eval_92_mod_1_task_5285.wav');
INSERT INTO task_instances (task_inst_id, task_id, module_inst_id, status, task_completing_time) VALUES (5286, 8, 456, 1, '118');
INSERT INTO recordings (recording_id, task_inst_id, file_path) VALUES (5286, 5286, 'recordings/eval_92_mod_1_task_5286.wav');
INSERT INTO task_instances (task_inst_id, task_id, module_inst_id, status, task_completing_time) VALUES (5287, 9, 456, 1, '250');
INSERT INTO recordings (recording_id, task_inst_id, file_path) VALUES (5287, 5287, 'recordings/eval_92_mod_1_task_5287.wav');
INSERT INTO task_instances (task_inst_id, task_id, module_inst_id, status, task_completing_time) VALUES (5288, 10, 456, 1, '111');
INSERT INTO recordings (recording_id, task_inst_id, file_path) VALUES (5288, 5288, 'recordings/eval_92_mod_1_task_5288.wav');
INSERT INTO module_instances (module_inst_id, module_id, evaluation_id, status) VALUES (457, 2, 92, 2);
INSERT INTO task_instances (task_inst_id, task_id, module_inst_id, status, task_completing_time) VALUES (5289, 11, 457, 1, '53');
INSERT INTO recordings (recording_id, task_inst_id, file_path) VALUES (5289, 5289, 'recordings/eval_92_mod_2_task_5289.wav');
INSERT INTO task_instances (task_inst_id, task_id, module_inst_id, status, task_completing_time) VALUES (5290, 12, 457, 0, '132');
INSERT INTO recordings (recording_id, task_inst_id, file_path) VALUES (5290, 5290, 'recordings/eval_92_mod_2_task_5290.wav');
INSERT INTO task_instances (task_inst_id, task_id, module_inst_id, status, task_completing_time) VALUES (5291, 13, 457, 1, '166');
INSERT INTO recordings (recording_id, task_inst_id, file_path) VALUES (5291, 5291, 'recordings/eval_92_mod_2_task_5291.wav');
INSERT INTO task_instances (task_inst_id, task_id, module_inst_id, status, task_completing_time) VALUES (5292, 14, 457, 1, '33');
INSERT INTO recordings (recording_id, task_inst_id, file_path) VALUES (5292, 5292, 'recordings/eval_92_mod_2_task_5292.wav');
INSERT INTO task_instances (task_inst_id, task_id, module_inst_id, status, task_completing_time) VALUES (5293, 15, 457, 1, '261');
INSERT INTO recordings (recording_id, task_inst_id, file_path) VALUES (5293, 5293, 'recordings/eval_92_mod_2_task_5293.wav');
INSERT INTO task_instances (task_inst_id, task_id, module_inst_id, status, task_completing_time) VALUES (5294, 16, 457, 1, '83');
INSERT INTO recordings (recording_id, task_inst_id, file_path) VALUES (5294, 5294, 'recordings/eval_92_mod_2_task_5294.wav');
INSERT INTO task_instances (task_inst_id, task_id, module_inst_id, status, task_completing_time) VALUES (5295, 17, 457, 1, '248');
INSERT INTO recordings (recording_id, task_inst_id, file_path) VALUES (5295, 5295, 'recordings/eval_92_mod_2_task_5295.wav');
INSERT INTO task_instances (task_inst_id, task_id, module_inst_id, status, task_completing_time) VALUES (5296, 18, 457, 0, '116');
INSERT INTO recordings (recording_id, task_inst_id, file_path) VALUES (5296, 5296, 'recordings/eval_92_mod_2_task_5296.wav');
INSERT INTO task_instances (task_inst_id, task_id, module_inst_id, status, task_completing_time) VALUES (5297, 19, 457, 1, '221');
INSERT INTO recordings (recording_id, task_inst_id, file_path) VALUES (5297, 5297, 'recordings/eval_92_mod_2_task_5297.wav');
INSERT INTO task_instances (task_inst_id, task_id, module_inst_id, status, task_completing_time) VALUES (5298, 20, 457, 1, '249');
INSERT INTO recordings (recording_id, task_inst_id, file_path) VALUES (5298, 5298, 'recordings/eval_92_mod_2_task_5298.wav');
INSERT INTO task_instances (task_inst_id, task_id, module_inst_id, status, task_completing_time) VALUES (5299, 21, 457, 1, '44');
INSERT INTO recordings (recording_id, task_inst_id, file_path) VALUES (5299, 5299, 'recordings/eval_92_mod_2_task_5299.wav');
INSERT INTO task_instances (task_inst_id, task_id, module_inst_id, status, task_completing_time) VALUES (5300, 22, 457, 0, '35');
INSERT INTO recordings (recording_id, task_inst_id, file_path) VALUES (5300, 5300, 'recordings/eval_92_mod_2_task_5300.wav');
INSERT INTO task_instances (task_inst_id, task_id, module_inst_id, status, task_completing_time) VALUES (5301, 23, 457, 1, '58');
INSERT INTO recordings (recording_id, task_inst_id, file_path) VALUES (5301, 5301, 'recordings/eval_92_mod_2_task_5301.wav');
INSERT INTO task_instances (task_inst_id, task_id, module_inst_id, status, task_completing_time) VALUES (5302, 24, 457, 0, '81');
INSERT INTO recordings (recording_id, task_inst_id, file_path) VALUES (5302, 5302, 'recordings/eval_92_mod_2_task_5302.wav');
INSERT INTO task_instances (task_inst_id, task_id, module_inst_id, status, task_completing_time) VALUES (5303, 25, 457, 1, '35');
INSERT INTO recordings (recording_id, task_inst_id, file_path) VALUES (5303, 5303, 'recordings/eval_92_mod_2_task_5303.wav');
INSERT INTO task_instances (task_inst_id, task_id, module_inst_id, status, task_completing_time) VALUES (5304, 26, 457, 1, '190');
INSERT INTO recordings (recording_id, task_inst_id, file_path) VALUES (5304, 5304, 'recordings/eval_92_mod_2_task_5304.wav');
INSERT INTO task_instances (task_inst_id, task_id, module_inst_id, status, task_completing_time) VALUES (5305, 27, 457, 1, '175');
INSERT INTO recordings (recording_id, task_inst_id, file_path) VALUES (5305, 5305, 'recordings/eval_92_mod_2_task_5305.wav');
INSERT INTO task_instances (task_inst_id, task_id, module_inst_id, status, task_completing_time) VALUES (5306, 28, 457, 0, '159');
INSERT INTO recordings (recording_id, task_inst_id, file_path) VALUES (5306, 5306, 'recordings/eval_92_mod_2_task_5306.wav');
INSERT INTO task_instances (task_inst_id, task_id, module_inst_id, status, task_completing_time) VALUES (5307, 29, 457, 1, '273');
INSERT INTO recordings (recording_id, task_inst_id, file_path) VALUES (5307, 5307, 'recordings/eval_92_mod_2_task_5307.wav');
INSERT INTO task_instances (task_inst_id, task_id, module_inst_id, status, task_completing_time) VALUES (5308, 30, 457, 1, '32');
INSERT INTO recordings (recording_id, task_inst_id, file_path) VALUES (5308, 5308, 'recordings/eval_92_mod_2_task_5308.wav');
INSERT INTO task_instances (task_inst_id, task_id, module_inst_id, status, task_completing_time) VALUES (5309, 31, 457, 1, '290');
INSERT INTO recordings (recording_id, task_inst_id, file_path) VALUES (5309, 5309, 'recordings/eval_92_mod_2_task_5309.wav');
INSERT INTO task_instances (task_inst_id, task_id, module_inst_id, status, task_completing_time) VALUES (5310, 32, 457, 1, '146');
INSERT INTO recordings (recording_id, task_inst_id, file_path) VALUES (5310, 5310, 'recordings/eval_92_mod_2_task_5310.wav');
INSERT INTO task_instances (task_inst_id, task_id, module_inst_id, status, task_completing_time) VALUES (5311, 33, 457, 1, '94');
INSERT INTO recordings (recording_id, task_inst_id, file_path) VALUES (5311, 5311, 'recordings/eval_92_mod_2_task_5311.wav');
INSERT INTO task_instances (task_inst_id, task_id, module_inst_id, status, task_completing_time) VALUES (5312, 34, 457, 1, '168');
INSERT INTO recordings (recording_id, task_inst_id, file_path) VALUES (5312, 5312, 'recordings/eval_92_mod_2_task_5312.wav');
INSERT INTO task_instances (task_inst_id, task_id, module_inst_id, status, task_completing_time) VALUES (5313, 35, 457, 1, '288');
INSERT INTO recordings (recording_id, task_inst_id, file_path) VALUES (5313, 5313, 'recordings/eval_92_mod_2_task_5313.wav');
INSERT INTO task_instances (task_inst_id, task_id, module_inst_id, status, task_completing_time) VALUES (5314, 36, 457, 1, '212');
INSERT INTO recordings (recording_id, task_inst_id, file_path) VALUES (5314, 5314, 'recordings/eval_92_mod_2_task_5314.wav');
INSERT INTO task_instances (task_inst_id, task_id, module_inst_id, status, task_completing_time) VALUES (5315, 37, 457, 1, '221');
INSERT INTO recordings (recording_id, task_inst_id, file_path) VALUES (5315, 5315, 'recordings/eval_92_mod_2_task_5315.wav');
INSERT INTO module_instances (module_inst_id, module_id, evaluation_id, status) VALUES (458, 3, 92, 2);
INSERT INTO task_instances (task_inst_id, task_id, module_inst_id, status, task_completing_time) VALUES (5316, 38, 458, 1, '21');
INSERT INTO recordings (recording_id, task_inst_id, file_path) VALUES (5316, 5316, 'recordings/eval_92_mod_3_task_5316.wav');
INSERT INTO task_instances (task_inst_id, task_id, module_inst_id, status, task_completing_time) VALUES (5317, 39, 458, 1, '104');
INSERT INTO recordings (recording_id, task_inst_id, file_path) VALUES (5317, 5317, 'recordings/eval_92_mod_3_task_5317.wav');
INSERT INTO task_instances (task_inst_id, task_id, module_inst_id, status, task_completing_time) VALUES (5318, 40, 458, 1, '63');
INSERT INTO recordings (recording_id, task_inst_id, file_path) VALUES (5318, 5318, 'recordings/eval_92_mod_3_task_5318.wav');
INSERT INTO task_instances (task_inst_id, task_id, module_inst_id, status, task_completing_time) VALUES (5319, 41, 458, 1, '64');
INSERT INTO recordings (recording_id, task_inst_id, file_path) VALUES (5319, 5319, 'recordings/eval_92_mod_3_task_5319.wav');
INSERT INTO task_instances (task_inst_id, task_id, module_inst_id, status, task_completing_time) VALUES (5320, 42, 458, 1, '85');
INSERT INTO recordings (recording_id, task_inst_id, file_path) VALUES (5320, 5320, 'recordings/eval_92_mod_3_task_5320.wav');
INSERT INTO task_instances (task_inst_id, task_id, module_inst_id, status, task_completing_time) VALUES (5321, 43, 458, 0, '52');
INSERT INTO recordings (recording_id, task_inst_id, file_path) VALUES (5321, 5321, 'recordings/eval_92_mod_3_task_5321.wav');
INSERT INTO task_instances (task_inst_id, task_id, module_inst_id, status, task_completing_time) VALUES (5322, 44, 458, 1, '62');
INSERT INTO recordings (recording_id, task_inst_id, file_path) VALUES (5322, 5322, 'recordings/eval_92_mod_3_task_5322.wav');
INSERT INTO task_instances (task_inst_id, task_id, module_inst_id, status, task_completing_time) VALUES (5323, 45, 458, 0, '28');
INSERT INTO recordings (recording_id, task_inst_id, file_path) VALUES (5323, 5323, 'recordings/eval_92_mod_3_task_5323.wav');
INSERT INTO task_instances (task_inst_id, task_id, module_inst_id, status, task_completing_time) VALUES (5324, 46, 458, 1, '122');
INSERT INTO recordings (recording_id, task_inst_id, file_path) VALUES (5324, 5324, 'recordings/eval_92_mod_3_task_5324.wav');
INSERT INTO module_instances (module_inst_id, module_id, evaluation_id, status) VALUES (459, 4, 92, 2);
INSERT INTO task_instances (task_inst_id, task_id, module_inst_id, status, task_completing_time) VALUES (5325, 47, 459, 0, '13');
INSERT INTO recordings (recording_id, task_inst_id, file_path) VALUES (5325, 5325, 'recordings/eval_92_mod_4_task_5325.wav');
INSERT INTO task_instances (task_inst_id, task_id, module_inst_id, status, task_completing_time) VALUES (5326, 48, 459, 1, '62');
INSERT INTO recordings (recording_id, task_inst_id, file_path) VALUES (5326, 5326, 'recordings/eval_92_mod_4_task_5326.wav');
INSERT INTO task_instances (task_inst_id, task_id, module_inst_id, status, task_completing_time) VALUES (5327, 49, 459, 1, '196');
INSERT INTO recordings (recording_id, task_inst_id, file_path) VALUES (5327, 5327, 'recordings/eval_92_mod_4_task_5327.wav');
INSERT INTO task_instances (task_inst_id, task_id, module_inst_id, status, task_completing_time) VALUES (5328, 50, 459, 1, '27');
INSERT INTO recordings (recording_id, task_inst_id, file_path) VALUES (5328, 5328, 'recordings/eval_92_mod_4_task_5328.wav');
INSERT INTO task_instances (task_inst_id, task_id, module_inst_id, status, task_completing_time) VALUES (5329, 51, 459, 1, '42');
INSERT INTO recordings (recording_id, task_inst_id, file_path) VALUES (5329, 5329, 'recordings/eval_92_mod_4_task_5329.wav');
INSERT INTO task_instances (task_inst_id, task_id, module_inst_id, status, task_completing_time) VALUES (5330, 52, 459, 0, '40');
INSERT INTO recordings (recording_id, task_inst_id, file_path) VALUES (5330, 5330, 'recordings/eval_92_mod_4_task_5330.wav');
INSERT INTO task_instances (task_inst_id, task_id, module_inst_id, status, task_completing_time) VALUES (5331, 53, 459, 1, '249');
INSERT INTO recordings (recording_id, task_inst_id, file_path) VALUES (5331, 5331, 'recordings/eval_92_mod_4_task_5331.wav');
INSERT INTO task_instances (task_inst_id, task_id, module_inst_id, status, task_completing_time) VALUES (5332, 54, 459, 1, '200');
INSERT INTO recordings (recording_id, task_inst_id, file_path) VALUES (5332, 5332, 'recordings/eval_92_mod_4_task_5332.wav');
INSERT INTO task_instances (task_inst_id, task_id, module_inst_id, status, task_completing_time) VALUES (5333, 55, 459, 1, '29');
INSERT INTO recordings (recording_id, task_inst_id, file_path) VALUES (5333, 5333, 'recordings/eval_92_mod_4_task_5333.wav');
INSERT INTO task_instances (task_inst_id, task_id, module_inst_id, status, task_completing_time) VALUES (5334, 56, 459, 1, '10');
INSERT INTO recordings (recording_id, task_inst_id, file_path) VALUES (5334, 5334, 'recordings/eval_92_mod_4_task_5334.wav');
INSERT INTO module_instances (module_inst_id, module_id, evaluation_id, status) VALUES (460, 9001, 92, 1);
INSERT INTO task_instances (task_inst_id, task_id, module_inst_id, status, task_completing_time) VALUES (5335, 9001, 460, 1, '49');
INSERT INTO recordings (recording_id, task_inst_id, file_path) VALUES (5335, 5335, 'recordings/eval_92_mod_9001_task_5335.wav');
INSERT INTO task_instances (task_inst_id, task_id, module_inst_id, status, task_completing_time) VALUES (5336, 9002, 460, 1, '259');
INSERT INTO recordings (recording_id, task_inst_id, file_path) VALUES (5336, 5336, 'recordings/eval_92_mod_9001_task_5336.wav');
INSERT INTO participants (participant_id, name, surname, education_level, sex, birth_date, laterality) VALUES (93, 's8P369KHOoCjey4Lht0WCg==', 'qtXk7N6ZOoCjey4Lht0WCg==', 5, 1, '1960-09-27', 2);
INSERT INTO evaluations (evaluation_id, evaluation_date, evaluator_id, participant_id, status, language) VALUES (93, '2025-10-08 13:41:00', 11, 93, 3, 2);
INSERT INTO module_instances (module_inst_id, module_id, evaluation_id, status) VALUES (461, 1, 93, 3);
INSERT INTO task_instances (task_inst_id, task_id, module_inst_id, status, task_completing_time) VALUES (5337, 1, 461, 1, '49');
INSERT INTO recordings (recording_id, task_inst_id, file_path) VALUES (5337, 5337, 'recordings/eval_93_mod_1_task_5337.wav');
INSERT INTO task_instances (task_inst_id, task_id, module_inst_id, status, task_completing_time) VALUES (5338, 2, 461, 1, '20');
INSERT INTO recordings (recording_id, task_inst_id, file_path) VALUES (5338, 5338, 'recordings/eval_93_mod_1_task_5338.wav');
INSERT INTO task_instances (task_inst_id, task_id, module_inst_id, status, task_completing_time) VALUES (5339, 3, 461, 1, '233');
INSERT INTO recordings (recording_id, task_inst_id, file_path) VALUES (5339, 5339, 'recordings/eval_93_mod_1_task_5339.wav');
INSERT INTO task_instances (task_inst_id, task_id, module_inst_id, status, task_completing_time) VALUES (5340, 4, 461, 1, '279');
INSERT INTO recordings (recording_id, task_inst_id, file_path) VALUES (5340, 5340, 'recordings/eval_93_mod_1_task_5340.wav');
INSERT INTO task_instances (task_inst_id, task_id, module_inst_id, status, task_completing_time) VALUES (5341, 5, 461, 1, '157');
INSERT INTO recordings (recording_id, task_inst_id, file_path) VALUES (5341, 5341, 'recordings/eval_93_mod_1_task_5341.wav');
INSERT INTO task_instances (task_inst_id, task_id, module_inst_id, status, task_completing_time) VALUES (5342, 6, 461, 1, '295');
INSERT INTO recordings (recording_id, task_inst_id, file_path) VALUES (5342, 5342, 'recordings/eval_93_mod_1_task_5342.wav');
INSERT INTO task_instances (task_inst_id, task_id, module_inst_id, status, task_completing_time) VALUES (5343, 7, 461, 1, '183');
INSERT INTO recordings (recording_id, task_inst_id, file_path) VALUES (5343, 5343, 'recordings/eval_93_mod_1_task_5343.wav');
INSERT INTO task_instances (task_inst_id, task_id, module_inst_id, status, task_completing_time) VALUES (5344, 8, 461, 0, '111');
INSERT INTO recordings (recording_id, task_inst_id, file_path) VALUES (5344, 5344, 'recordings/eval_93_mod_1_task_5344.wav');
INSERT INTO task_instances (task_inst_id, task_id, module_inst_id, status, task_completing_time) VALUES (5345, 9, 461, 1, '256');
INSERT INTO recordings (recording_id, task_inst_id, file_path) VALUES (5345, 5345, 'recordings/eval_93_mod_1_task_5345.wav');
INSERT INTO task_instances (task_inst_id, task_id, module_inst_id, status, task_completing_time) VALUES (5346, 10, 461, 1, '50');
INSERT INTO recordings (recording_id, task_inst_id, file_path) VALUES (5346, 5346, 'recordings/eval_93_mod_1_task_5346.wav');
INSERT INTO module_instances (module_inst_id, module_id, evaluation_id, status) VALUES (462, 2, 93, 3);
INSERT INTO task_instances (task_inst_id, task_id, module_inst_id, status, task_completing_time) VALUES (5347, 11, 462, 1, '6');
INSERT INTO recordings (recording_id, task_inst_id, file_path) VALUES (5347, 5347, 'recordings/eval_93_mod_2_task_5347.wav');
INSERT INTO task_instances (task_inst_id, task_id, module_inst_id, status, task_completing_time) VALUES (5348, 12, 462, 1, '95');
INSERT INTO recordings (recording_id, task_inst_id, file_path) VALUES (5348, 5348, 'recordings/eval_93_mod_2_task_5348.wav');
INSERT INTO task_instances (task_inst_id, task_id, module_inst_id, status, task_completing_time) VALUES (5349, 13, 462, 0, '143');
INSERT INTO recordings (recording_id, task_inst_id, file_path) VALUES (5349, 5349, 'recordings/eval_93_mod_2_task_5349.wav');
INSERT INTO task_instances (task_inst_id, task_id, module_inst_id, status, task_completing_time) VALUES (5350, 14, 462, 1, '259');
INSERT INTO recordings (recording_id, task_inst_id, file_path) VALUES (5350, 5350, 'recordings/eval_93_mod_2_task_5350.wav');
INSERT INTO task_instances (task_inst_id, task_id, module_inst_id, status, task_completing_time) VALUES (5351, 15, 462, 1, '230');
INSERT INTO recordings (recording_id, task_inst_id, file_path) VALUES (5351, 5351, 'recordings/eval_93_mod_2_task_5351.wav');
INSERT INTO task_instances (task_inst_id, task_id, module_inst_id, status, task_completing_time) VALUES (5352, 16, 462, 0, '278');
INSERT INTO recordings (recording_id, task_inst_id, file_path) VALUES (5352, 5352, 'recordings/eval_93_mod_2_task_5352.wav');
INSERT INTO task_instances (task_inst_id, task_id, module_inst_id, status, task_completing_time) VALUES (5353, 17, 462, 0, '279');
INSERT INTO recordings (recording_id, task_inst_id, file_path) VALUES (5353, 5353, 'recordings/eval_93_mod_2_task_5353.wav');
INSERT INTO task_instances (task_inst_id, task_id, module_inst_id, status, task_completing_time) VALUES (5354, 18, 462, 0, '113');
INSERT INTO recordings (recording_id, task_inst_id, file_path) VALUES (5354, 5354, 'recordings/eval_93_mod_2_task_5354.wav');
INSERT INTO task_instances (task_inst_id, task_id, module_inst_id, status, task_completing_time) VALUES (5355, 19, 462, 1, '85');
INSERT INTO recordings (recording_id, task_inst_id, file_path) VALUES (5355, 5355, 'recordings/eval_93_mod_2_task_5355.wav');
INSERT INTO task_instances (task_inst_id, task_id, module_inst_id, status, task_completing_time) VALUES (5356, 20, 462, 1, '102');
INSERT INTO recordings (recording_id, task_inst_id, file_path) VALUES (5356, 5356, 'recordings/eval_93_mod_2_task_5356.wav');
INSERT INTO task_instances (task_inst_id, task_id, module_inst_id, status, task_completing_time) VALUES (5357, 21, 462, 1, '53');
INSERT INTO recordings (recording_id, task_inst_id, file_path) VALUES (5357, 5357, 'recordings/eval_93_mod_2_task_5357.wav');
INSERT INTO task_instances (task_inst_id, task_id, module_inst_id, status, task_completing_time) VALUES (5358, 22, 462, 0, '215');
INSERT INTO recordings (recording_id, task_inst_id, file_path) VALUES (5358, 5358, 'recordings/eval_93_mod_2_task_5358.wav');
INSERT INTO task_instances (task_inst_id, task_id, module_inst_id, status, task_completing_time) VALUES (5359, 23, 462, 1, '46');
INSERT INTO recordings (recording_id, task_inst_id, file_path) VALUES (5359, 5359, 'recordings/eval_93_mod_2_task_5359.wav');
INSERT INTO task_instances (task_inst_id, task_id, module_inst_id, status, task_completing_time) VALUES (5360, 24, 462, 1, '277');
INSERT INTO recordings (recording_id, task_inst_id, file_path) VALUES (5360, 5360, 'recordings/eval_93_mod_2_task_5360.wav');
INSERT INTO task_instances (task_inst_id, task_id, module_inst_id, status, task_completing_time) VALUES (5361, 25, 462, 1, '14');
INSERT INTO recordings (recording_id, task_inst_id, file_path) VALUES (5361, 5361, 'recordings/eval_93_mod_2_task_5361.wav');
INSERT INTO task_instances (task_inst_id, task_id, module_inst_id, status, task_completing_time) VALUES (5362, 26, 462, 1, '93');
INSERT INTO recordings (recording_id, task_inst_id, file_path) VALUES (5362, 5362, 'recordings/eval_93_mod_2_task_5362.wav');
INSERT INTO task_instances (task_inst_id, task_id, module_inst_id, status, task_completing_time) VALUES (5363, 27, 462, 1, '45');
INSERT INTO recordings (recording_id, task_inst_id, file_path) VALUES (5363, 5363, 'recordings/eval_93_mod_2_task_5363.wav');
INSERT INTO task_instances (task_inst_id, task_id, module_inst_id, status, task_completing_time) VALUES (5364, 28, 462, 0, '272');
INSERT INTO recordings (recording_id, task_inst_id, file_path) VALUES (5364, 5364, 'recordings/eval_93_mod_2_task_5364.wav');
INSERT INTO task_instances (task_inst_id, task_id, module_inst_id, status, task_completing_time) VALUES (5365, 29, 462, 0, '221');
INSERT INTO recordings (recording_id, task_inst_id, file_path) VALUES (5365, 5365, 'recordings/eval_93_mod_2_task_5365.wav');
INSERT INTO task_instances (task_inst_id, task_id, module_inst_id, status, task_completing_time) VALUES (5366, 30, 462, 1, '11');
INSERT INTO recordings (recording_id, task_inst_id, file_path) VALUES (5366, 5366, 'recordings/eval_93_mod_2_task_5366.wav');
INSERT INTO task_instances (task_inst_id, task_id, module_inst_id, status, task_completing_time) VALUES (5367, 31, 462, 1, '201');
INSERT INTO recordings (recording_id, task_inst_id, file_path) VALUES (5367, 5367, 'recordings/eval_93_mod_2_task_5367.wav');
INSERT INTO task_instances (task_inst_id, task_id, module_inst_id, status, task_completing_time) VALUES (5368, 32, 462, 1, '29');
INSERT INTO recordings (recording_id, task_inst_id, file_path) VALUES (5368, 5368, 'recordings/eval_93_mod_2_task_5368.wav');
INSERT INTO task_instances (task_inst_id, task_id, module_inst_id, status, task_completing_time) VALUES (5369, 33, 462, 1, '232');
INSERT INTO recordings (recording_id, task_inst_id, file_path) VALUES (5369, 5369, 'recordings/eval_93_mod_2_task_5369.wav');
INSERT INTO task_instances (task_inst_id, task_id, module_inst_id, status, task_completing_time) VALUES (5370, 34, 462, 1, '117');
INSERT INTO recordings (recording_id, task_inst_id, file_path) VALUES (5370, 5370, 'recordings/eval_93_mod_2_task_5370.wav');
INSERT INTO task_instances (task_inst_id, task_id, module_inst_id, status, task_completing_time) VALUES (5371, 35, 462, 1, '40');
INSERT INTO recordings (recording_id, task_inst_id, file_path) VALUES (5371, 5371, 'recordings/eval_93_mod_2_task_5371.wav');
INSERT INTO task_instances (task_inst_id, task_id, module_inst_id, status, task_completing_time) VALUES (5372, 36, 462, 1, '225');
INSERT INTO recordings (recording_id, task_inst_id, file_path) VALUES (5372, 5372, 'recordings/eval_93_mod_2_task_5372.wav');
INSERT INTO task_instances (task_inst_id, task_id, module_inst_id, status, task_completing_time) VALUES (5373, 37, 462, 1, '246');
INSERT INTO recordings (recording_id, task_inst_id, file_path) VALUES (5373, 5373, 'recordings/eval_93_mod_2_task_5373.wav');
INSERT INTO module_instances (module_inst_id, module_id, evaluation_id, status) VALUES (463, 3, 93, 1);
INSERT INTO task_instances (task_inst_id, task_id, module_inst_id, status, task_completing_time) VALUES (5374, 38, 463, 0, '37');
INSERT INTO recordings (recording_id, task_inst_id, file_path) VALUES (5374, 5374, 'recordings/eval_93_mod_3_task_5374.wav');
INSERT INTO task_instances (task_inst_id, task_id, module_inst_id, status, task_completing_time) VALUES (5375, 39, 463, 1, '143');
INSERT INTO recordings (recording_id, task_inst_id, file_path) VALUES (5375, 5375, 'recordings/eval_93_mod_3_task_5375.wav');
INSERT INTO task_instances (task_inst_id, task_id, module_inst_id, status, task_completing_time) VALUES (5376, 40, 463, 1, '237');
INSERT INTO recordings (recording_id, task_inst_id, file_path) VALUES (5376, 5376, 'recordings/eval_93_mod_3_task_5376.wav');
INSERT INTO task_instances (task_inst_id, task_id, module_inst_id, status, task_completing_time) VALUES (5377, 41, 463, 0, '180');
INSERT INTO recordings (recording_id, task_inst_id, file_path) VALUES (5377, 5377, 'recordings/eval_93_mod_3_task_5377.wav');
INSERT INTO task_instances (task_inst_id, task_id, module_inst_id, status, task_completing_time) VALUES (5378, 42, 463, 0, '78');
INSERT INTO recordings (recording_id, task_inst_id, file_path) VALUES (5378, 5378, 'recordings/eval_93_mod_3_task_5378.wav');
INSERT INTO task_instances (task_inst_id, task_id, module_inst_id, status, task_completing_time) VALUES (5379, 43, 463, 1, '175');
INSERT INTO recordings (recording_id, task_inst_id, file_path) VALUES (5379, 5379, 'recordings/eval_93_mod_3_task_5379.wav');
INSERT INTO task_instances (task_inst_id, task_id, module_inst_id, status, task_completing_time) VALUES (5380, 44, 463, 1, '274');
INSERT INTO recordings (recording_id, task_inst_id, file_path) VALUES (5380, 5380, 'recordings/eval_93_mod_3_task_5380.wav');
INSERT INTO task_instances (task_inst_id, task_id, module_inst_id, status, task_completing_time) VALUES (5381, 45, 463, 1, '46');
INSERT INTO recordings (recording_id, task_inst_id, file_path) VALUES (5381, 5381, 'recordings/eval_93_mod_3_task_5381.wav');
INSERT INTO task_instances (task_inst_id, task_id, module_inst_id, status, task_completing_time) VALUES (5382, 46, 463, 1, '27');
INSERT INTO recordings (recording_id, task_inst_id, file_path) VALUES (5382, 5382, 'recordings/eval_93_mod_3_task_5382.wav');
INSERT INTO module_instances (module_inst_id, module_id, evaluation_id, status) VALUES (464, 4, 93, 3);
INSERT INTO task_instances (task_inst_id, task_id, module_inst_id, status, task_completing_time) VALUES (5383, 47, 464, 1, '42');
INSERT INTO recordings (recording_id, task_inst_id, file_path) VALUES (5383, 5383, 'recordings/eval_93_mod_4_task_5383.wav');
INSERT INTO task_instances (task_inst_id, task_id, module_inst_id, status, task_completing_time) VALUES (5384, 48, 464, 1, '149');
INSERT INTO recordings (recording_id, task_inst_id, file_path) VALUES (5384, 5384, 'recordings/eval_93_mod_4_task_5384.wav');
INSERT INTO task_instances (task_inst_id, task_id, module_inst_id, status, task_completing_time) VALUES (5385, 49, 464, 1, '177');
INSERT INTO recordings (recording_id, task_inst_id, file_path) VALUES (5385, 5385, 'recordings/eval_93_mod_4_task_5385.wav');
INSERT INTO task_instances (task_inst_id, task_id, module_inst_id, status, task_completing_time) VALUES (5386, 50, 464, 1, '84');
INSERT INTO recordings (recording_id, task_inst_id, file_path) VALUES (5386, 5386, 'recordings/eval_93_mod_4_task_5386.wav');
INSERT INTO task_instances (task_inst_id, task_id, module_inst_id, status, task_completing_time) VALUES (5387, 51, 464, 1, '37');
INSERT INTO recordings (recording_id, task_inst_id, file_path) VALUES (5387, 5387, 'recordings/eval_93_mod_4_task_5387.wav');
INSERT INTO task_instances (task_inst_id, task_id, module_inst_id, status, task_completing_time) VALUES (5388, 52, 464, 0, '267');
INSERT INTO recordings (recording_id, task_inst_id, file_path) VALUES (5388, 5388, 'recordings/eval_93_mod_4_task_5388.wav');
INSERT INTO task_instances (task_inst_id, task_id, module_inst_id, status, task_completing_time) VALUES (5389, 53, 464, 1, '180');
INSERT INTO recordings (recording_id, task_inst_id, file_path) VALUES (5389, 5389, 'recordings/eval_93_mod_4_task_5389.wav');
INSERT INTO task_instances (task_inst_id, task_id, module_inst_id, status, task_completing_time) VALUES (5390, 54, 464, 1, '174');
INSERT INTO recordings (recording_id, task_inst_id, file_path) VALUES (5390, 5390, 'recordings/eval_93_mod_4_task_5390.wav');
INSERT INTO task_instances (task_inst_id, task_id, module_inst_id, status, task_completing_time) VALUES (5391, 55, 464, 0, '106');
INSERT INTO recordings (recording_id, task_inst_id, file_path) VALUES (5391, 5391, 'recordings/eval_93_mod_4_task_5391.wav');
INSERT INTO task_instances (task_inst_id, task_id, module_inst_id, status, task_completing_time) VALUES (5392, 56, 464, 0, '20');
INSERT INTO recordings (recording_id, task_inst_id, file_path) VALUES (5392, 5392, 'recordings/eval_93_mod_4_task_5392.wav');
INSERT INTO module_instances (module_inst_id, module_id, evaluation_id, status) VALUES (465, 9001, 93, 3);
INSERT INTO task_instances (task_inst_id, task_id, module_inst_id, status, task_completing_time) VALUES (5393, 9001, 465, 1, '7');
INSERT INTO recordings (recording_id, task_inst_id, file_path) VALUES (5393, 5393, 'recordings/eval_93_mod_9001_task_5393.wav');
INSERT INTO task_instances (task_inst_id, task_id, module_inst_id, status, task_completing_time) VALUES (5394, 9002, 465, 1, '74');
INSERT INTO recordings (recording_id, task_inst_id, file_path) VALUES (5394, 5394, 'recordings/eval_93_mod_9001_task_5394.wav');
INSERT INTO participants (participant_id, name, surname, education_level, sex, birth_date, laterality) VALUES (94, 's8P369KHOoCjey4Lht0WCg==', 'ttn76LvnV4WmfisOg9gTDw==', 3, 2, '1942-10-13', 2);
INSERT INTO evaluations (evaluation_id, evaluation_date, evaluator_id, participant_id, status, language) VALUES (94, '2025-10-17 15:23:00', 11, 94, 3, 1);
INSERT INTO module_instances (module_inst_id, module_id, evaluation_id, status) VALUES (466, 1, 94, 3);
INSERT INTO task_instances (task_inst_id, task_id, module_inst_id, status, task_completing_time) VALUES (5395, 1, 466, 1, '44');
INSERT INTO recordings (recording_id, task_inst_id, file_path) VALUES (5395, 5395, 'recordings/eval_94_mod_1_task_5395.wav');
INSERT INTO task_instances (task_inst_id, task_id, module_inst_id, status, task_completing_time) VALUES (5396, 2, 466, 1, '247');
INSERT INTO recordings (recording_id, task_inst_id, file_path) VALUES (5396, 5396, 'recordings/eval_94_mod_1_task_5396.wav');
INSERT INTO task_instances (task_inst_id, task_id, module_inst_id, status, task_completing_time) VALUES (5397, 3, 466, 1, '227');
INSERT INTO recordings (recording_id, task_inst_id, file_path) VALUES (5397, 5397, 'recordings/eval_94_mod_1_task_5397.wav');
INSERT INTO task_instances (task_inst_id, task_id, module_inst_id, status, task_completing_time) VALUES (5398, 4, 466, 1, '203');
INSERT INTO recordings (recording_id, task_inst_id, file_path) VALUES (5398, 5398, 'recordings/eval_94_mod_1_task_5398.wav');
INSERT INTO task_instances (task_inst_id, task_id, module_inst_id, status, task_completing_time) VALUES (5399, 5, 466, 0, '205');
INSERT INTO recordings (recording_id, task_inst_id, file_path) VALUES (5399, 5399, 'recordings/eval_94_mod_1_task_5399.wav');
INSERT INTO task_instances (task_inst_id, task_id, module_inst_id, status, task_completing_time) VALUES (5400, 6, 466, 1, '66');
INSERT INTO recordings (recording_id, task_inst_id, file_path) VALUES (5400, 5400, 'recordings/eval_94_mod_1_task_5400.wav');
INSERT INTO task_instances (task_inst_id, task_id, module_inst_id, status, task_completing_time) VALUES (5401, 7, 466, 1, '142');
INSERT INTO recordings (recording_id, task_inst_id, file_path) VALUES (5401, 5401, 'recordings/eval_94_mod_1_task_5401.wav');
INSERT INTO task_instances (task_inst_id, task_id, module_inst_id, status, task_completing_time) VALUES (5402, 8, 466, 1, '161');
INSERT INTO recordings (recording_id, task_inst_id, file_path) VALUES (5402, 5402, 'recordings/eval_94_mod_1_task_5402.wav');
INSERT INTO task_instances (task_inst_id, task_id, module_inst_id, status, task_completing_time) VALUES (5403, 9, 466, 1, '125');
INSERT INTO recordings (recording_id, task_inst_id, file_path) VALUES (5403, 5403, 'recordings/eval_94_mod_1_task_5403.wav');
INSERT INTO task_instances (task_inst_id, task_id, module_inst_id, status, task_completing_time) VALUES (5404, 10, 466, 1, '137');
INSERT INTO recordings (recording_id, task_inst_id, file_path) VALUES (5404, 5404, 'recordings/eval_94_mod_1_task_5404.wav');
INSERT INTO module_instances (module_inst_id, module_id, evaluation_id, status) VALUES (467, 2, 94, 3);
INSERT INTO task_instances (task_inst_id, task_id, module_inst_id, status, task_completing_time) VALUES (5405, 11, 467, 1, '33');
INSERT INTO recordings (recording_id, task_inst_id, file_path) VALUES (5405, 5405, 'recordings/eval_94_mod_2_task_5405.wav');
INSERT INTO task_instances (task_inst_id, task_id, module_inst_id, status, task_completing_time) VALUES (5406, 12, 467, 1, '69');
INSERT INTO recordings (recording_id, task_inst_id, file_path) VALUES (5406, 5406, 'recordings/eval_94_mod_2_task_5406.wav');
INSERT INTO task_instances (task_inst_id, task_id, module_inst_id, status, task_completing_time) VALUES (5407, 13, 467, 1, '107');
INSERT INTO recordings (recording_id, task_inst_id, file_path) VALUES (5407, 5407, 'recordings/eval_94_mod_2_task_5407.wav');
INSERT INTO task_instances (task_inst_id, task_id, module_inst_id, status, task_completing_time) VALUES (5408, 14, 467, 0, '83');
INSERT INTO recordings (recording_id, task_inst_id, file_path) VALUES (5408, 5408, 'recordings/eval_94_mod_2_task_5408.wav');
INSERT INTO task_instances (task_inst_id, task_id, module_inst_id, status, task_completing_time) VALUES (5409, 15, 467, 1, '88');
INSERT INTO recordings (recording_id, task_inst_id, file_path) VALUES (5409, 5409, 'recordings/eval_94_mod_2_task_5409.wav');
INSERT INTO task_instances (task_inst_id, task_id, module_inst_id, status, task_completing_time) VALUES (5410, 16, 467, 1, '129');
INSERT INTO recordings (recording_id, task_inst_id, file_path) VALUES (5410, 5410, 'recordings/eval_94_mod_2_task_5410.wav');
INSERT INTO task_instances (task_inst_id, task_id, module_inst_id, status, task_completing_time) VALUES (5411, 17, 467, 0, '29');
INSERT INTO recordings (recording_id, task_inst_id, file_path) VALUES (5411, 5411, 'recordings/eval_94_mod_2_task_5411.wav');
INSERT INTO task_instances (task_inst_id, task_id, module_inst_id, status, task_completing_time) VALUES (5412, 18, 467, 1, '34');
INSERT INTO recordings (recording_id, task_inst_id, file_path) VALUES (5412, 5412, 'recordings/eval_94_mod_2_task_5412.wav');
INSERT INTO task_instances (task_inst_id, task_id, module_inst_id, status, task_completing_time) VALUES (5413, 19, 467, 1, '189');
INSERT INTO recordings (recording_id, task_inst_id, file_path) VALUES (5413, 5413, 'recordings/eval_94_mod_2_task_5413.wav');
INSERT INTO task_instances (task_inst_id, task_id, module_inst_id, status, task_completing_time) VALUES (5414, 20, 467, 1, '242');
INSERT INTO recordings (recording_id, task_inst_id, file_path) VALUES (5414, 5414, 'recordings/eval_94_mod_2_task_5414.wav');
INSERT INTO task_instances (task_inst_id, task_id, module_inst_id, status, task_completing_time) VALUES (5415, 21, 467, 1, '18');
INSERT INTO recordings (recording_id, task_inst_id, file_path) VALUES (5415, 5415, 'recordings/eval_94_mod_2_task_5415.wav');
INSERT INTO task_instances (task_inst_id, task_id, module_inst_id, status, task_completing_time) VALUES (5416, 22, 467, 1, '117');
INSERT INTO recordings (recording_id, task_inst_id, file_path) VALUES (5416, 5416, 'recordings/eval_94_mod_2_task_5416.wav');
INSERT INTO task_instances (task_inst_id, task_id, module_inst_id, status, task_completing_time) VALUES (5417, 23, 467, 1, '57');
INSERT INTO recordings (recording_id, task_inst_id, file_path) VALUES (5417, 5417, 'recordings/eval_94_mod_2_task_5417.wav');
INSERT INTO task_instances (task_inst_id, task_id, module_inst_id, status, task_completing_time) VALUES (5418, 24, 467, 1, '130');
INSERT INTO recordings (recording_id, task_inst_id, file_path) VALUES (5418, 5418, 'recordings/eval_94_mod_2_task_5418.wav');
INSERT INTO task_instances (task_inst_id, task_id, module_inst_id, status, task_completing_time) VALUES (5419, 25, 467, 1, '36');
INSERT INTO recordings (recording_id, task_inst_id, file_path) VALUES (5419, 5419, 'recordings/eval_94_mod_2_task_5419.wav');
INSERT INTO task_instances (task_inst_id, task_id, module_inst_id, status, task_completing_time) VALUES (5420, 26, 467, 1, '277');
INSERT INTO recordings (recording_id, task_inst_id, file_path) VALUES (5420, 5420, 'recordings/eval_94_mod_2_task_5420.wav');
INSERT INTO task_instances (task_inst_id, task_id, module_inst_id, status, task_completing_time) VALUES (5421, 27, 467, 1, '161');
INSERT INTO recordings (recording_id, task_inst_id, file_path) VALUES (5421, 5421, 'recordings/eval_94_mod_2_task_5421.wav');
INSERT INTO task_instances (task_inst_id, task_id, module_inst_id, status, task_completing_time) VALUES (5422, 28, 467, 1, '212');
INSERT INTO recordings (recording_id, task_inst_id, file_path) VALUES (5422, 5422, 'recordings/eval_94_mod_2_task_5422.wav');
INSERT INTO task_instances (task_inst_id, task_id, module_inst_id, status, task_completing_time) VALUES (5423, 29, 467, 1, '137');
INSERT INTO recordings (recording_id, task_inst_id, file_path) VALUES (5423, 5423, 'recordings/eval_94_mod_2_task_5423.wav');
INSERT INTO task_instances (task_inst_id, task_id, module_inst_id, status, task_completing_time) VALUES (5424, 30, 467, 1, '48');
INSERT INTO recordings (recording_id, task_inst_id, file_path) VALUES (5424, 5424, 'recordings/eval_94_mod_2_task_5424.wav');
INSERT INTO task_instances (task_inst_id, task_id, module_inst_id, status, task_completing_time) VALUES (5425, 31, 467, 1, '73');
INSERT INTO recordings (recording_id, task_inst_id, file_path) VALUES (5425, 5425, 'recordings/eval_94_mod_2_task_5425.wav');
INSERT INTO task_instances (task_inst_id, task_id, module_inst_id, status, task_completing_time) VALUES (5426, 32, 467, 1, '92');
INSERT INTO recordings (recording_id, task_inst_id, file_path) VALUES (5426, 5426, 'recordings/eval_94_mod_2_task_5426.wav');
INSERT INTO task_instances (task_inst_id, task_id, module_inst_id, status, task_completing_time) VALUES (5427, 33, 467, 1, '215');
INSERT INTO recordings (recording_id, task_inst_id, file_path) VALUES (5427, 5427, 'recordings/eval_94_mod_2_task_5427.wav');
INSERT INTO task_instances (task_inst_id, task_id, module_inst_id, status, task_completing_time) VALUES (5428, 34, 467, 1, '134');
INSERT INTO recordings (recording_id, task_inst_id, file_path) VALUES (5428, 5428, 'recordings/eval_94_mod_2_task_5428.wav');
INSERT INTO task_instances (task_inst_id, task_id, module_inst_id, status, task_completing_time) VALUES (5429, 35, 467, 1, '140');
INSERT INTO recordings (recording_id, task_inst_id, file_path) VALUES (5429, 5429, 'recordings/eval_94_mod_2_task_5429.wav');
INSERT INTO task_instances (task_inst_id, task_id, module_inst_id, status, task_completing_time) VALUES (5430, 36, 467, 1, '157');
INSERT INTO recordings (recording_id, task_inst_id, file_path) VALUES (5430, 5430, 'recordings/eval_94_mod_2_task_5430.wav');
INSERT INTO task_instances (task_inst_id, task_id, module_inst_id, status, task_completing_time) VALUES (5431, 37, 467, 1, '65');
INSERT INTO recordings (recording_id, task_inst_id, file_path) VALUES (5431, 5431, 'recordings/eval_94_mod_2_task_5431.wav');
INSERT INTO module_instances (module_inst_id, module_id, evaluation_id, status) VALUES (468, 3, 94, 3);
INSERT INTO task_instances (task_inst_id, task_id, module_inst_id, status, task_completing_time) VALUES (5432, 38, 468, 1, '40');
INSERT INTO recordings (recording_id, task_inst_id, file_path) VALUES (5432, 5432, 'recordings/eval_94_mod_3_task_5432.wav');
INSERT INTO task_instances (task_inst_id, task_id, module_inst_id, status, task_completing_time) VALUES (5433, 39, 468, 1, '58');
INSERT INTO recordings (recording_id, task_inst_id, file_path) VALUES (5433, 5433, 'recordings/eval_94_mod_3_task_5433.wav');
INSERT INTO task_instances (task_inst_id, task_id, module_inst_id, status, task_completing_time) VALUES (5434, 40, 468, 1, '31');
INSERT INTO recordings (recording_id, task_inst_id, file_path) VALUES (5434, 5434, 'recordings/eval_94_mod_3_task_5434.wav');
INSERT INTO task_instances (task_inst_id, task_id, module_inst_id, status, task_completing_time) VALUES (5435, 41, 468, 1, '100');
INSERT INTO recordings (recording_id, task_inst_id, file_path) VALUES (5435, 5435, 'recordings/eval_94_mod_3_task_5435.wav');
INSERT INTO task_instances (task_inst_id, task_id, module_inst_id, status, task_completing_time) VALUES (5436, 42, 468, 1, '169');
INSERT INTO recordings (recording_id, task_inst_id, file_path) VALUES (5436, 5436, 'recordings/eval_94_mod_3_task_5436.wav');
INSERT INTO task_instances (task_inst_id, task_id, module_inst_id, status, task_completing_time) VALUES (5437, 43, 468, 0, '92');
INSERT INTO recordings (recording_id, task_inst_id, file_path) VALUES (5437, 5437, 'recordings/eval_94_mod_3_task_5437.wav');
INSERT INTO task_instances (task_inst_id, task_id, module_inst_id, status, task_completing_time) VALUES (5438, 44, 468, 0, '68');
INSERT INTO recordings (recording_id, task_inst_id, file_path) VALUES (5438, 5438, 'recordings/eval_94_mod_3_task_5438.wav');
INSERT INTO task_instances (task_inst_id, task_id, module_inst_id, status, task_completing_time) VALUES (5439, 45, 468, 1, '26');
INSERT INTO recordings (recording_id, task_inst_id, file_path) VALUES (5439, 5439, 'recordings/eval_94_mod_3_task_5439.wav');
INSERT INTO task_instances (task_inst_id, task_id, module_inst_id, status, task_completing_time) VALUES (5440, 46, 468, 1, '256');
INSERT INTO recordings (recording_id, task_inst_id, file_path) VALUES (5440, 5440, 'recordings/eval_94_mod_3_task_5440.wav');
INSERT INTO module_instances (module_inst_id, module_id, evaluation_id, status) VALUES (469, 4, 94, 3);
INSERT INTO task_instances (task_inst_id, task_id, module_inst_id, status, task_completing_time) VALUES (5441, 47, 469, 0, '39');
INSERT INTO recordings (recording_id, task_inst_id, file_path) VALUES (5441, 5441, 'recordings/eval_94_mod_4_task_5441.wav');
INSERT INTO task_instances (task_inst_id, task_id, module_inst_id, status, task_completing_time) VALUES (5442, 48, 469, 1, '180');
INSERT INTO recordings (recording_id, task_inst_id, file_path) VALUES (5442, 5442, 'recordings/eval_94_mod_4_task_5442.wav');
INSERT INTO task_instances (task_inst_id, task_id, module_inst_id, status, task_completing_time) VALUES (5443, 49, 469, 1, '276');
INSERT INTO recordings (recording_id, task_inst_id, file_path) VALUES (5443, 5443, 'recordings/eval_94_mod_4_task_5443.wav');
INSERT INTO task_instances (task_inst_id, task_id, module_inst_id, status, task_completing_time) VALUES (5444, 50, 469, 1, '263');
INSERT INTO recordings (recording_id, task_inst_id, file_path) VALUES (5444, 5444, 'recordings/eval_94_mod_4_task_5444.wav');
INSERT INTO task_instances (task_inst_id, task_id, module_inst_id, status, task_completing_time) VALUES (5445, 51, 469, 1, '48');
INSERT INTO recordings (recording_id, task_inst_id, file_path) VALUES (5445, 5445, 'recordings/eval_94_mod_4_task_5445.wav');
INSERT INTO task_instances (task_inst_id, task_id, module_inst_id, status, task_completing_time) VALUES (5446, 52, 469, 1, '176');
INSERT INTO recordings (recording_id, task_inst_id, file_path) VALUES (5446, 5446, 'recordings/eval_94_mod_4_task_5446.wav');
INSERT INTO task_instances (task_inst_id, task_id, module_inst_id, status, task_completing_time) VALUES (5447, 53, 469, 1, '292');
INSERT INTO recordings (recording_id, task_inst_id, file_path) VALUES (5447, 5447, 'recordings/eval_94_mod_4_task_5447.wav');
INSERT INTO task_instances (task_inst_id, task_id, module_inst_id, status, task_completing_time) VALUES (5448, 54, 469, 1, '241');
INSERT INTO recordings (recording_id, task_inst_id, file_path) VALUES (5448, 5448, 'recordings/eval_94_mod_4_task_5448.wav');
INSERT INTO task_instances (task_inst_id, task_id, module_inst_id, status, task_completing_time) VALUES (5449, 55, 469, 0, '27');
INSERT INTO recordings (recording_id, task_inst_id, file_path) VALUES (5449, 5449, 'recordings/eval_94_mod_4_task_5449.wav');
INSERT INTO task_instances (task_inst_id, task_id, module_inst_id, status, task_completing_time) VALUES (5450, 56, 469, 1, '21');
INSERT INTO recordings (recording_id, task_inst_id, file_path) VALUES (5450, 5450, 'recordings/eval_94_mod_4_task_5450.wav');
INSERT INTO module_instances (module_inst_id, module_id, evaluation_id, status) VALUES (470, 9001, 94, 3);
INSERT INTO task_instances (task_inst_id, task_id, module_inst_id, status, task_completing_time) VALUES (5451, 9001, 470, 1, '57');
INSERT INTO recordings (recording_id, task_inst_id, file_path) VALUES (5451, 5451, 'recordings/eval_94_mod_9001_task_5451.wav');
INSERT INTO task_instances (task_inst_id, task_id, module_inst_id, status, task_completing_time) VALUES (5452, 9002, 470, 0, '219');
INSERT INTO recordings (recording_id, task_inst_id, file_path) VALUES (5452, 5452, 'recordings/eval_94_mod_9001_task_5452.wav');
INSERT INTO participants (participant_id, name, surname, education_level, sex, birth_date, laterality) VALUES (95, 'tNn15tuKKICjey4Lht0WCg==', 'ud/l/dbgUIKheSwJhN8UCA==', 2, 2, '1983-10-18', 1);
INSERT INTO evaluations (evaluation_id, evaluation_date, evaluator_id, participant_id, status, language) VALUES (95, '2025-11-04 14:32:00', 11, 95, 1, 2);
INSERT INTO module_instances (module_inst_id, module_id, evaluation_id, status) VALUES (471, 1, 95, 1);
INSERT INTO task_instances (task_inst_id, task_id, module_inst_id, status, task_completing_time) VALUES (5453, 1, 471, 1, '18');
INSERT INTO recordings (recording_id, task_inst_id, file_path) VALUES (5453, 5453, 'recordings/eval_95_mod_1_task_5453.wav');
INSERT INTO task_instances (task_inst_id, task_id, module_inst_id, status, task_completing_time) VALUES (5454, 2, 471, 1, '278');
INSERT INTO recordings (recording_id, task_inst_id, file_path) VALUES (5454, 5454, 'recordings/eval_95_mod_1_task_5454.wav');
INSERT INTO task_instances (task_inst_id, task_id, module_inst_id, status, task_completing_time) VALUES (5455, 3, 471, 0, '37');
INSERT INTO recordings (recording_id, task_inst_id, file_path) VALUES (5455, 5455, 'recordings/eval_95_mod_1_task_5455.wav');
INSERT INTO task_instances (task_inst_id, task_id, module_inst_id, status, task_completing_time) VALUES (5456, 4, 471, 1, '117');
INSERT INTO recordings (recording_id, task_inst_id, file_path) VALUES (5456, 5456, 'recordings/eval_95_mod_1_task_5456.wav');
INSERT INTO task_instances (task_inst_id, task_id, module_inst_id, status, task_completing_time) VALUES (5457, 5, 471, 1, '37');
INSERT INTO recordings (recording_id, task_inst_id, file_path) VALUES (5457, 5457, 'recordings/eval_95_mod_1_task_5457.wav');
INSERT INTO task_instances (task_inst_id, task_id, module_inst_id, status, task_completing_time) VALUES (5458, 6, 471, 1, '182');
INSERT INTO recordings (recording_id, task_inst_id, file_path) VALUES (5458, 5458, 'recordings/eval_95_mod_1_task_5458.wav');
INSERT INTO task_instances (task_inst_id, task_id, module_inst_id, status, task_completing_time) VALUES (5459, 7, 471, 1, '182');
INSERT INTO recordings (recording_id, task_inst_id, file_path) VALUES (5459, 5459, 'recordings/eval_95_mod_1_task_5459.wav');
INSERT INTO task_instances (task_inst_id, task_id, module_inst_id, status, task_completing_time) VALUES (5460, 8, 471, 0, '261');
INSERT INTO recordings (recording_id, task_inst_id, file_path) VALUES (5460, 5460, 'recordings/eval_95_mod_1_task_5460.wav');
INSERT INTO task_instances (task_inst_id, task_id, module_inst_id, status, task_completing_time) VALUES (5461, 9, 471, 1, '81');
INSERT INTO recordings (recording_id, task_inst_id, file_path) VALUES (5461, 5461, 'recordings/eval_95_mod_1_task_5461.wav');
INSERT INTO task_instances (task_inst_id, task_id, module_inst_id, status, task_completing_time) VALUES (5462, 10, 471, 1, '178');
INSERT INTO recordings (recording_id, task_inst_id, file_path) VALUES (5462, 5462, 'recordings/eval_95_mod_1_task_5462.wav');
INSERT INTO module_instances (module_inst_id, module_id, evaluation_id, status) VALUES (472, 2, 95, 3);
INSERT INTO task_instances (task_inst_id, task_id, module_inst_id, status, task_completing_time) VALUES (5463, 11, 472, 1, '32');
INSERT INTO recordings (recording_id, task_inst_id, file_path) VALUES (5463, 5463, 'recordings/eval_95_mod_2_task_5463.wav');
INSERT INTO task_instances (task_inst_id, task_id, module_inst_id, status, task_completing_time) VALUES (5464, 12, 472, 1, '264');
INSERT INTO recordings (recording_id, task_inst_id, file_path) VALUES (5464, 5464, 'recordings/eval_95_mod_2_task_5464.wav');
INSERT INTO task_instances (task_inst_id, task_id, module_inst_id, status, task_completing_time) VALUES (5465, 13, 472, 1, '98');
INSERT INTO recordings (recording_id, task_inst_id, file_path) VALUES (5465, 5465, 'recordings/eval_95_mod_2_task_5465.wav');
INSERT INTO task_instances (task_inst_id, task_id, module_inst_id, status, task_completing_time) VALUES (5466, 14, 472, 1, '227');
INSERT INTO recordings (recording_id, task_inst_id, file_path) VALUES (5466, 5466, 'recordings/eval_95_mod_2_task_5466.wav');
INSERT INTO task_instances (task_inst_id, task_id, module_inst_id, status, task_completing_time) VALUES (5467, 15, 472, 1, '220');
INSERT INTO recordings (recording_id, task_inst_id, file_path) VALUES (5467, 5467, 'recordings/eval_95_mod_2_task_5467.wav');
INSERT INTO task_instances (task_inst_id, task_id, module_inst_id, status, task_completing_time) VALUES (5468, 16, 472, 1, '114');
INSERT INTO recordings (recording_id, task_inst_id, file_path) VALUES (5468, 5468, 'recordings/eval_95_mod_2_task_5468.wav');
INSERT INTO task_instances (task_inst_id, task_id, module_inst_id, status, task_completing_time) VALUES (5469, 17, 472, 1, '247');
INSERT INTO recordings (recording_id, task_inst_id, file_path) VALUES (5469, 5469, 'recordings/eval_95_mod_2_task_5469.wav');
INSERT INTO task_instances (task_inst_id, task_id, module_inst_id, status, task_completing_time) VALUES (5470, 18, 472, 1, '130');
INSERT INTO recordings (recording_id, task_inst_id, file_path) VALUES (5470, 5470, 'recordings/eval_95_mod_2_task_5470.wav');
INSERT INTO task_instances (task_inst_id, task_id, module_inst_id, status, task_completing_time) VALUES (5471, 19, 472, 1, '295');
INSERT INTO recordings (recording_id, task_inst_id, file_path) VALUES (5471, 5471, 'recordings/eval_95_mod_2_task_5471.wav');
INSERT INTO task_instances (task_inst_id, task_id, module_inst_id, status, task_completing_time) VALUES (5472, 20, 472, 1, '255');
INSERT INTO recordings (recording_id, task_inst_id, file_path) VALUES (5472, 5472, 'recordings/eval_95_mod_2_task_5472.wav');
INSERT INTO task_instances (task_inst_id, task_id, module_inst_id, status, task_completing_time) VALUES (5473, 21, 472, 1, '55');
INSERT INTO recordings (recording_id, task_inst_id, file_path) VALUES (5473, 5473, 'recordings/eval_95_mod_2_task_5473.wav');
INSERT INTO task_instances (task_inst_id, task_id, module_inst_id, status, task_completing_time) VALUES (5474, 22, 472, 1, '241');
INSERT INTO recordings (recording_id, task_inst_id, file_path) VALUES (5474, 5474, 'recordings/eval_95_mod_2_task_5474.wav');
INSERT INTO task_instances (task_inst_id, task_id, module_inst_id, status, task_completing_time) VALUES (5475, 23, 472, 1, '12');
INSERT INTO recordings (recording_id, task_inst_id, file_path) VALUES (5475, 5475, 'recordings/eval_95_mod_2_task_5475.wav');
INSERT INTO task_instances (task_inst_id, task_id, module_inst_id, status, task_completing_time) VALUES (5476, 24, 472, 1, '267');
INSERT INTO recordings (recording_id, task_inst_id, file_path) VALUES (5476, 5476, 'recordings/eval_95_mod_2_task_5476.wav');
INSERT INTO task_instances (task_inst_id, task_id, module_inst_id, status, task_completing_time) VALUES (5477, 25, 472, 0, '25');
INSERT INTO recordings (recording_id, task_inst_id, file_path) VALUES (5477, 5477, 'recordings/eval_95_mod_2_task_5477.wav');
INSERT INTO task_instances (task_inst_id, task_id, module_inst_id, status, task_completing_time) VALUES (5478, 26, 472, 1, '207');
INSERT INTO recordings (recording_id, task_inst_id, file_path) VALUES (5478, 5478, 'recordings/eval_95_mod_2_task_5478.wav');
INSERT INTO task_instances (task_inst_id, task_id, module_inst_id, status, task_completing_time) VALUES (5479, 27, 472, 1, '167');
INSERT INTO recordings (recording_id, task_inst_id, file_path) VALUES (5479, 5479, 'recordings/eval_95_mod_2_task_5479.wav');
INSERT INTO task_instances (task_inst_id, task_id, module_inst_id, status, task_completing_time) VALUES (5480, 28, 472, 1, '77');
INSERT INTO recordings (recording_id, task_inst_id, file_path) VALUES (5480, 5480, 'recordings/eval_95_mod_2_task_5480.wav');
INSERT INTO task_instances (task_inst_id, task_id, module_inst_id, status, task_completing_time) VALUES (5481, 29, 472, 1, '169');
INSERT INTO recordings (recording_id, task_inst_id, file_path) VALUES (5481, 5481, 'recordings/eval_95_mod_2_task_5481.wav');
INSERT INTO task_instances (task_inst_id, task_id, module_inst_id, status, task_completing_time) VALUES (5482, 30, 472, 1, '42');
INSERT INTO recordings (recording_id, task_inst_id, file_path) VALUES (5482, 5482, 'recordings/eval_95_mod_2_task_5482.wav');
INSERT INTO task_instances (task_inst_id, task_id, module_inst_id, status, task_completing_time) VALUES (5483, 31, 472, 0, '106');
INSERT INTO recordings (recording_id, task_inst_id, file_path) VALUES (5483, 5483, 'recordings/eval_95_mod_2_task_5483.wav');
INSERT INTO task_instances (task_inst_id, task_id, module_inst_id, status, task_completing_time) VALUES (5484, 32, 472, 1, '223');
INSERT INTO recordings (recording_id, task_inst_id, file_path) VALUES (5484, 5484, 'recordings/eval_95_mod_2_task_5484.wav');
INSERT INTO task_instances (task_inst_id, task_id, module_inst_id, status, task_completing_time) VALUES (5485, 33, 472, 1, '51');
INSERT INTO recordings (recording_id, task_inst_id, file_path) VALUES (5485, 5485, 'recordings/eval_95_mod_2_task_5485.wav');
INSERT INTO task_instances (task_inst_id, task_id, module_inst_id, status, task_completing_time) VALUES (5486, 34, 472, 1, '65');
INSERT INTO recordings (recording_id, task_inst_id, file_path) VALUES (5486, 5486, 'recordings/eval_95_mod_2_task_5486.wav');
INSERT INTO task_instances (task_inst_id, task_id, module_inst_id, status, task_completing_time) VALUES (5487, 35, 472, 1, '239');
INSERT INTO recordings (recording_id, task_inst_id, file_path) VALUES (5487, 5487, 'recordings/eval_95_mod_2_task_5487.wav');
INSERT INTO task_instances (task_inst_id, task_id, module_inst_id, status, task_completing_time) VALUES (5488, 36, 472, 0, '188');
INSERT INTO recordings (recording_id, task_inst_id, file_path) VALUES (5488, 5488, 'recordings/eval_95_mod_2_task_5488.wav');
INSERT INTO task_instances (task_inst_id, task_id, module_inst_id, status, task_completing_time) VALUES (5489, 37, 472, 1, '259');
INSERT INTO recordings (recording_id, task_inst_id, file_path) VALUES (5489, 5489, 'recordings/eval_95_mod_2_task_5489.wav');
INSERT INTO module_instances (module_inst_id, module_id, evaluation_id, status) VALUES (473, 3, 95, 3);
INSERT INTO task_instances (task_inst_id, task_id, module_inst_id, status, task_completing_time) VALUES (5490, 38, 473, 1, '50');
INSERT INTO recordings (recording_id, task_inst_id, file_path) VALUES (5490, 5490, 'recordings/eval_95_mod_3_task_5490.wav');
INSERT INTO task_instances (task_inst_id, task_id, module_inst_id, status, task_completing_time) VALUES (5491, 39, 473, 1, '215');
INSERT INTO recordings (recording_id, task_inst_id, file_path) VALUES (5491, 5491, 'recordings/eval_95_mod_3_task_5491.wav');
INSERT INTO task_instances (task_inst_id, task_id, module_inst_id, status, task_completing_time) VALUES (5492, 40, 473, 0, '272');
INSERT INTO recordings (recording_id, task_inst_id, file_path) VALUES (5492, 5492, 'recordings/eval_95_mod_3_task_5492.wav');
INSERT INTO task_instances (task_inst_id, task_id, module_inst_id, status, task_completing_time) VALUES (5493, 41, 473, 1, '164');
INSERT INTO recordings (recording_id, task_inst_id, file_path) VALUES (5493, 5493, 'recordings/eval_95_mod_3_task_5493.wav');
INSERT INTO task_instances (task_inst_id, task_id, module_inst_id, status, task_completing_time) VALUES (5494, 42, 473, 1, '37');
INSERT INTO recordings (recording_id, task_inst_id, file_path) VALUES (5494, 5494, 'recordings/eval_95_mod_3_task_5494.wav');
INSERT INTO task_instances (task_inst_id, task_id, module_inst_id, status, task_completing_time) VALUES (5495, 43, 473, 1, '55');
INSERT INTO recordings (recording_id, task_inst_id, file_path) VALUES (5495, 5495, 'recordings/eval_95_mod_3_task_5495.wav');
INSERT INTO task_instances (task_inst_id, task_id, module_inst_id, status, task_completing_time) VALUES (5496, 44, 473, 1, '201');
INSERT INTO recordings (recording_id, task_inst_id, file_path) VALUES (5496, 5496, 'recordings/eval_95_mod_3_task_5496.wav');
INSERT INTO task_instances (task_inst_id, task_id, module_inst_id, status, task_completing_time) VALUES (5497, 45, 473, 1, '210');
INSERT INTO recordings (recording_id, task_inst_id, file_path) VALUES (5497, 5497, 'recordings/eval_95_mod_3_task_5497.wav');
INSERT INTO task_instances (task_inst_id, task_id, module_inst_id, status, task_completing_time) VALUES (5498, 46, 473, 1, '94');
INSERT INTO recordings (recording_id, task_inst_id, file_path) VALUES (5498, 5498, 'recordings/eval_95_mod_3_task_5498.wav');
INSERT INTO module_instances (module_inst_id, module_id, evaluation_id, status) VALUES (474, 4, 95, 2);
INSERT INTO task_instances (task_inst_id, task_id, module_inst_id, status, task_completing_time) VALUES (5499, 47, 474, 1, '25');
INSERT INTO recordings (recording_id, task_inst_id, file_path) VALUES (5499, 5499, 'recordings/eval_95_mod_4_task_5499.wav');
INSERT INTO task_instances (task_inst_id, task_id, module_inst_id, status, task_completing_time) VALUES (5500, 48, 474, 1, '221');
INSERT INTO recordings (recording_id, task_inst_id, file_path) VALUES (5500, 5500, 'recordings/eval_95_mod_4_task_5500.wav');
INSERT INTO task_instances (task_inst_id, task_id, module_inst_id, status, task_completing_time) VALUES (5501, 49, 474, 0, '105');
INSERT INTO recordings (recording_id, task_inst_id, file_path) VALUES (5501, 5501, 'recordings/eval_95_mod_4_task_5501.wav');
INSERT INTO task_instances (task_inst_id, task_id, module_inst_id, status, task_completing_time) VALUES (5502, 50, 474, 0, '244');
INSERT INTO recordings (recording_id, task_inst_id, file_path) VALUES (5502, 5502, 'recordings/eval_95_mod_4_task_5502.wav');
INSERT INTO task_instances (task_inst_id, task_id, module_inst_id, status, task_completing_time) VALUES (5503, 51, 474, 0, '110');
INSERT INTO recordings (recording_id, task_inst_id, file_path) VALUES (5503, 5503, 'recordings/eval_95_mod_4_task_5503.wav');
INSERT INTO task_instances (task_inst_id, task_id, module_inst_id, status, task_completing_time) VALUES (5504, 52, 474, 0, '157');
INSERT INTO recordings (recording_id, task_inst_id, file_path) VALUES (5504, 5504, 'recordings/eval_95_mod_4_task_5504.wav');
INSERT INTO task_instances (task_inst_id, task_id, module_inst_id, status, task_completing_time) VALUES (5505, 53, 474, 1, '286');
INSERT INTO recordings (recording_id, task_inst_id, file_path) VALUES (5505, 5505, 'recordings/eval_95_mod_4_task_5505.wav');
INSERT INTO task_instances (task_inst_id, task_id, module_inst_id, status, task_completing_time) VALUES (5506, 54, 474, 1, '94');
INSERT INTO recordings (recording_id, task_inst_id, file_path) VALUES (5506, 5506, 'recordings/eval_95_mod_4_task_5506.wav');
INSERT INTO task_instances (task_inst_id, task_id, module_inst_id, status, task_completing_time) VALUES (5507, 55, 474, 1, '73');
INSERT INTO recordings (recording_id, task_inst_id, file_path) VALUES (5507, 5507, 'recordings/eval_95_mod_4_task_5507.wav');
INSERT INTO task_instances (task_inst_id, task_id, module_inst_id, status, task_completing_time) VALUES (5508, 56, 474, 1, '56');
INSERT INTO recordings (recording_id, task_inst_id, file_path) VALUES (5508, 5508, 'recordings/eval_95_mod_4_task_5508.wav');
INSERT INTO module_instances (module_inst_id, module_id, evaluation_id, status) VALUES (475, 9001, 95, 3);
INSERT INTO task_instances (task_inst_id, task_id, module_inst_id, status, task_completing_time) VALUES (5509, 9001, 475, 0, '24');
INSERT INTO recordings (recording_id, task_inst_id, file_path) VALUES (5509, 5509, 'recordings/eval_95_mod_9001_task_5509.wav');
INSERT INTO task_instances (task_inst_id, task_id, module_inst_id, status, task_completing_time) VALUES (5510, 9002, 475, 1, '30');
INSERT INTO recordings (recording_id, task_inst_id, file_path) VALUES (5510, 5510, 'recordings/eval_95_mod_9001_task_5510.wav');
INSERT INTO participants (participant_id, name, surname, education_level, sex, birth_date, laterality) VALUES (96, 't9Hk4NmKUYOgeC0Ihd4VCQ==', 'qd/j89bgUIKheSwJhN8UCA==', 5, 2, '1976-09-27', 1);
INSERT INTO evaluations (evaluation_id, evaluation_date, evaluator_id, participant_id, status, language) VALUES (96, '2025-10-17 10:27:00', 11, 96, 1, 2);
INSERT INTO module_instances (module_inst_id, module_id, evaluation_id, status) VALUES (476, 1, 96, 3);
INSERT INTO task_instances (task_inst_id, task_id, module_inst_id, status, task_completing_time) VALUES (5511, 1, 476, 1, '37');
INSERT INTO recordings (recording_id, task_inst_id, file_path) VALUES (5511, 5511, 'recordings/eval_96_mod_1_task_5511.wav');
INSERT INTO task_instances (task_inst_id, task_id, module_inst_id, status, task_completing_time) VALUES (5512, 2, 476, 1, '287');
INSERT INTO recordings (recording_id, task_inst_id, file_path) VALUES (5512, 5512, 'recordings/eval_96_mod_1_task_5512.wav');
INSERT INTO task_instances (task_inst_id, task_id, module_inst_id, status, task_completing_time) VALUES (5513, 3, 476, 0, '222');
INSERT INTO recordings (recording_id, task_inst_id, file_path) VALUES (5513, 5513, 'recordings/eval_96_mod_1_task_5513.wav');
INSERT INTO task_instances (task_inst_id, task_id, module_inst_id, status, task_completing_time) VALUES (5514, 4, 476, 1, '45');
INSERT INTO recordings (recording_id, task_inst_id, file_path) VALUES (5514, 5514, 'recordings/eval_96_mod_1_task_5514.wav');
INSERT INTO task_instances (task_inst_id, task_id, module_inst_id, status, task_completing_time) VALUES (5515, 5, 476, 1, '41');
INSERT INTO recordings (recording_id, task_inst_id, file_path) VALUES (5515, 5515, 'recordings/eval_96_mod_1_task_5515.wav');
INSERT INTO task_instances (task_inst_id, task_id, module_inst_id, status, task_completing_time) VALUES (5516, 6, 476, 1, '281');
INSERT INTO recordings (recording_id, task_inst_id, file_path) VALUES (5516, 5516, 'recordings/eval_96_mod_1_task_5516.wav');
INSERT INTO task_instances (task_inst_id, task_id, module_inst_id, status, task_completing_time) VALUES (5517, 7, 476, 0, '160');
INSERT INTO recordings (recording_id, task_inst_id, file_path) VALUES (5517, 5517, 'recordings/eval_96_mod_1_task_5517.wav');
INSERT INTO task_instances (task_inst_id, task_id, module_inst_id, status, task_completing_time) VALUES (5518, 8, 476, 1, '291');
INSERT INTO recordings (recording_id, task_inst_id, file_path) VALUES (5518, 5518, 'recordings/eval_96_mod_1_task_5518.wav');
INSERT INTO task_instances (task_inst_id, task_id, module_inst_id, status, task_completing_time) VALUES (5519, 9, 476, 1, '237');
INSERT INTO recordings (recording_id, task_inst_id, file_path) VALUES (5519, 5519, 'recordings/eval_96_mod_1_task_5519.wav');
INSERT INTO task_instances (task_inst_id, task_id, module_inst_id, status, task_completing_time) VALUES (5520, 10, 476, 0, '74');
INSERT INTO recordings (recording_id, task_inst_id, file_path) VALUES (5520, 5520, 'recordings/eval_96_mod_1_task_5520.wav');
INSERT INTO module_instances (module_inst_id, module_id, evaluation_id, status) VALUES (477, 2, 96, 3);
INSERT INTO task_instances (task_inst_id, task_id, module_inst_id, status, task_completing_time) VALUES (5521, 11, 477, 1, '46');
INSERT INTO recordings (recording_id, task_inst_id, file_path) VALUES (5521, 5521, 'recordings/eval_96_mod_2_task_5521.wav');
INSERT INTO task_instances (task_inst_id, task_id, module_inst_id, status, task_completing_time) VALUES (5522, 12, 477, 1, '81');
INSERT INTO recordings (recording_id, task_inst_id, file_path) VALUES (5522, 5522, 'recordings/eval_96_mod_2_task_5522.wav');
INSERT INTO task_instances (task_inst_id, task_id, module_inst_id, status, task_completing_time) VALUES (5523, 13, 477, 1, '75');
INSERT INTO recordings (recording_id, task_inst_id, file_path) VALUES (5523, 5523, 'recordings/eval_96_mod_2_task_5523.wav');
INSERT INTO task_instances (task_inst_id, task_id, module_inst_id, status, task_completing_time) VALUES (5524, 14, 477, 1, '51');
INSERT INTO recordings (recording_id, task_inst_id, file_path) VALUES (5524, 5524, 'recordings/eval_96_mod_2_task_5524.wav');
INSERT INTO task_instances (task_inst_id, task_id, module_inst_id, status, task_completing_time) VALUES (5525, 15, 477, 1, '191');
INSERT INTO recordings (recording_id, task_inst_id, file_path) VALUES (5525, 5525, 'recordings/eval_96_mod_2_task_5525.wav');
INSERT INTO task_instances (task_inst_id, task_id, module_inst_id, status, task_completing_time) VALUES (5526, 16, 477, 1, '68');
INSERT INTO recordings (recording_id, task_inst_id, file_path) VALUES (5526, 5526, 'recordings/eval_96_mod_2_task_5526.wav');
INSERT INTO task_instances (task_inst_id, task_id, module_inst_id, status, task_completing_time) VALUES (5527, 17, 477, 1, '218');
INSERT INTO recordings (recording_id, task_inst_id, file_path) VALUES (5527, 5527, 'recordings/eval_96_mod_2_task_5527.wav');
INSERT INTO task_instances (task_inst_id, task_id, module_inst_id, status, task_completing_time) VALUES (5528, 18, 477, 1, '73');
INSERT INTO recordings (recording_id, task_inst_id, file_path) VALUES (5528, 5528, 'recordings/eval_96_mod_2_task_5528.wav');
INSERT INTO task_instances (task_inst_id, task_id, module_inst_id, status, task_completing_time) VALUES (5529, 19, 477, 1, '281');
INSERT INTO recordings (recording_id, task_inst_id, file_path) VALUES (5529, 5529, 'recordings/eval_96_mod_2_task_5529.wav');
INSERT INTO task_instances (task_inst_id, task_id, module_inst_id, status, task_completing_time) VALUES (5530, 20, 477, 0, '162');
INSERT INTO recordings (recording_id, task_inst_id, file_path) VALUES (5530, 5530, 'recordings/eval_96_mod_2_task_5530.wav');
INSERT INTO task_instances (task_inst_id, task_id, module_inst_id, status, task_completing_time) VALUES (5531, 21, 477, 1, '24');
INSERT INTO recordings (recording_id, task_inst_id, file_path) VALUES (5531, 5531, 'recordings/eval_96_mod_2_task_5531.wav');
INSERT INTO task_instances (task_inst_id, task_id, module_inst_id, status, task_completing_time) VALUES (5532, 22, 477, 1, '263');
INSERT INTO recordings (recording_id, task_inst_id, file_path) VALUES (5532, 5532, 'recordings/eval_96_mod_2_task_5532.wav');
INSERT INTO task_instances (task_inst_id, task_id, module_inst_id, status, task_completing_time) VALUES (5533, 23, 477, 1, '53');
INSERT INTO recordings (recording_id, task_inst_id, file_path) VALUES (5533, 5533, 'recordings/eval_96_mod_2_task_5533.wav');
INSERT INTO task_instances (task_inst_id, task_id, module_inst_id, status, task_completing_time) VALUES (5534, 24, 477, 1, '111');
INSERT INTO recordings (recording_id, task_inst_id, file_path) VALUES (5534, 5534, 'recordings/eval_96_mod_2_task_5534.wav');
INSERT INTO task_instances (task_inst_id, task_id, module_inst_id, status, task_completing_time) VALUES (5535, 25, 477, 0, '22');
INSERT INTO recordings (recording_id, task_inst_id, file_path) VALUES (5535, 5535, 'recordings/eval_96_mod_2_task_5535.wav');
INSERT INTO task_instances (task_inst_id, task_id, module_inst_id, status, task_completing_time) VALUES (5536, 26, 477, 1, '22');
INSERT INTO recordings (recording_id, task_inst_id, file_path) VALUES (5536, 5536, 'recordings/eval_96_mod_2_task_5536.wav');
INSERT INTO task_instances (task_inst_id, task_id, module_inst_id, status, task_completing_time) VALUES (5537, 27, 477, 1, '43');
INSERT INTO recordings (recording_id, task_inst_id, file_path) VALUES (5537, 5537, 'recordings/eval_96_mod_2_task_5537.wav');
INSERT INTO task_instances (task_inst_id, task_id, module_inst_id, status, task_completing_time) VALUES (5538, 28, 477, 0, '50');
INSERT INTO recordings (recording_id, task_inst_id, file_path) VALUES (5538, 5538, 'recordings/eval_96_mod_2_task_5538.wav');
INSERT INTO task_instances (task_inst_id, task_id, module_inst_id, status, task_completing_time) VALUES (5539, 29, 477, 1, '97');
INSERT INTO recordings (recording_id, task_inst_id, file_path) VALUES (5539, 5539, 'recordings/eval_96_mod_2_task_5539.wav');
INSERT INTO task_instances (task_inst_id, task_id, module_inst_id, status, task_completing_time) VALUES (5540, 30, 477, 1, '15');
INSERT INTO recordings (recording_id, task_inst_id, file_path) VALUES (5540, 5540, 'recordings/eval_96_mod_2_task_5540.wav');
INSERT INTO task_instances (task_inst_id, task_id, module_inst_id, status, task_completing_time) VALUES (5541, 31, 477, 1, '194');
INSERT INTO recordings (recording_id, task_inst_id, file_path) VALUES (5541, 5541, 'recordings/eval_96_mod_2_task_5541.wav');
INSERT INTO task_instances (task_inst_id, task_id, module_inst_id, status, task_completing_time) VALUES (5542, 32, 477, 1, '290');
INSERT INTO recordings (recording_id, task_inst_id, file_path) VALUES (5542, 5542, 'recordings/eval_96_mod_2_task_5542.wav');
INSERT INTO task_instances (task_inst_id, task_id, module_inst_id, status, task_completing_time) VALUES (5543, 33, 477, 1, '295');
INSERT INTO recordings (recording_id, task_inst_id, file_path) VALUES (5543, 5543, 'recordings/eval_96_mod_2_task_5543.wav');
INSERT INTO task_instances (task_inst_id, task_id, module_inst_id, status, task_completing_time) VALUES (5544, 34, 477, 1, '87');
INSERT INTO recordings (recording_id, task_inst_id, file_path) VALUES (5544, 5544, 'recordings/eval_96_mod_2_task_5544.wav');
INSERT INTO task_instances (task_inst_id, task_id, module_inst_id, status, task_completing_time) VALUES (5545, 35, 477, 1, '218');
INSERT INTO recordings (recording_id, task_inst_id, file_path) VALUES (5545, 5545, 'recordings/eval_96_mod_2_task_5545.wav');
INSERT INTO task_instances (task_inst_id, task_id, module_inst_id, status, task_completing_time) VALUES (5546, 36, 477, 0, '215');
INSERT INTO recordings (recording_id, task_inst_id, file_path) VALUES (5546, 5546, 'recordings/eval_96_mod_2_task_5546.wav');
INSERT INTO task_instances (task_inst_id, task_id, module_inst_id, status, task_completing_time) VALUES (5547, 37, 477, 1, '222');
INSERT INTO recordings (recording_id, task_inst_id, file_path) VALUES (5547, 5547, 'recordings/eval_96_mod_2_task_5547.wav');
INSERT INTO module_instances (module_inst_id, module_id, evaluation_id, status) VALUES (478, 3, 96, 3);
INSERT INTO task_instances (task_inst_id, task_id, module_inst_id, status, task_completing_time) VALUES (5548, 38, 478, 1, '16');
INSERT INTO recordings (recording_id, task_inst_id, file_path) VALUES (5548, 5548, 'recordings/eval_96_mod_3_task_5548.wav');
INSERT INTO task_instances (task_inst_id, task_id, module_inst_id, status, task_completing_time) VALUES (5549, 39, 478, 1, '70');
INSERT INTO recordings (recording_id, task_inst_id, file_path) VALUES (5549, 5549, 'recordings/eval_96_mod_3_task_5549.wav');
INSERT INTO task_instances (task_inst_id, task_id, module_inst_id, status, task_completing_time) VALUES (5550, 40, 478, 1, '238');
INSERT INTO recordings (recording_id, task_inst_id, file_path) VALUES (5550, 5550, 'recordings/eval_96_mod_3_task_5550.wav');
INSERT INTO task_instances (task_inst_id, task_id, module_inst_id, status, task_completing_time) VALUES (5551, 41, 478, 0, '81');
INSERT INTO recordings (recording_id, task_inst_id, file_path) VALUES (5551, 5551, 'recordings/eval_96_mod_3_task_5551.wav');
INSERT INTO task_instances (task_inst_id, task_id, module_inst_id, status, task_completing_time) VALUES (5552, 42, 478, 1, '94');
INSERT INTO recordings (recording_id, task_inst_id, file_path) VALUES (5552, 5552, 'recordings/eval_96_mod_3_task_5552.wav');
INSERT INTO task_instances (task_inst_id, task_id, module_inst_id, status, task_completing_time) VALUES (5553, 43, 478, 1, '279');
INSERT INTO recordings (recording_id, task_inst_id, file_path) VALUES (5553, 5553, 'recordings/eval_96_mod_3_task_5553.wav');
INSERT INTO task_instances (task_inst_id, task_id, module_inst_id, status, task_completing_time) VALUES (5554, 44, 478, 1, '288');
INSERT INTO recordings (recording_id, task_inst_id, file_path) VALUES (5554, 5554, 'recordings/eval_96_mod_3_task_5554.wav');
INSERT INTO task_instances (task_inst_id, task_id, module_inst_id, status, task_completing_time) VALUES (5555, 45, 478, 1, '115');
INSERT INTO recordings (recording_id, task_inst_id, file_path) VALUES (5555, 5555, 'recordings/eval_96_mod_3_task_5555.wav');
INSERT INTO task_instances (task_inst_id, task_id, module_inst_id, status, task_completing_time) VALUES (5556, 46, 478, 0, '276');
INSERT INTO recordings (recording_id, task_inst_id, file_path) VALUES (5556, 5556, 'recordings/eval_96_mod_3_task_5556.wav');
INSERT INTO module_instances (module_inst_id, module_id, evaluation_id, status) VALUES (479, 4, 96, 2);
INSERT INTO task_instances (task_inst_id, task_id, module_inst_id, status, task_completing_time) VALUES (5557, 47, 479, 1, '55');
INSERT INTO recordings (recording_id, task_inst_id, file_path) VALUES (5557, 5557, 'recordings/eval_96_mod_4_task_5557.wav');
INSERT INTO task_instances (task_inst_id, task_id, module_inst_id, status, task_completing_time) VALUES (5558, 48, 479, 1, '55');
INSERT INTO recordings (recording_id, task_inst_id, file_path) VALUES (5558, 5558, 'recordings/eval_96_mod_4_task_5558.wav');
INSERT INTO task_instances (task_inst_id, task_id, module_inst_id, status, task_completing_time) VALUES (5559, 49, 479, 1, '20');
INSERT INTO recordings (recording_id, task_inst_id, file_path) VALUES (5559, 5559, 'recordings/eval_96_mod_4_task_5559.wav');
INSERT INTO task_instances (task_inst_id, task_id, module_inst_id, status, task_completing_time) VALUES (5560, 50, 479, 1, '21');
INSERT INTO recordings (recording_id, task_inst_id, file_path) VALUES (5560, 5560, 'recordings/eval_96_mod_4_task_5560.wav');
INSERT INTO task_instances (task_inst_id, task_id, module_inst_id, status, task_completing_time) VALUES (5561, 51, 479, 1, '240');
INSERT INTO recordings (recording_id, task_inst_id, file_path) VALUES (5561, 5561, 'recordings/eval_96_mod_4_task_5561.wav');
INSERT INTO task_instances (task_inst_id, task_id, module_inst_id, status, task_completing_time) VALUES (5562, 52, 479, 1, '45');
INSERT INTO recordings (recording_id, task_inst_id, file_path) VALUES (5562, 5562, 'recordings/eval_96_mod_4_task_5562.wav');
INSERT INTO task_instances (task_inst_id, task_id, module_inst_id, status, task_completing_time) VALUES (5563, 53, 479, 1, '250');
INSERT INTO recordings (recording_id, task_inst_id, file_path) VALUES (5563, 5563, 'recordings/eval_96_mod_4_task_5563.wav');
INSERT INTO task_instances (task_inst_id, task_id, module_inst_id, status, task_completing_time) VALUES (5564, 54, 479, 1, '239');
INSERT INTO recordings (recording_id, task_inst_id, file_path) VALUES (5564, 5564, 'recordings/eval_96_mod_4_task_5564.wav');
INSERT INTO task_instances (task_inst_id, task_id, module_inst_id, status, task_completing_time) VALUES (5565, 55, 479, 1, '230');
INSERT INTO recordings (recording_id, task_inst_id, file_path) VALUES (5565, 5565, 'recordings/eval_96_mod_4_task_5565.wav');
INSERT INTO task_instances (task_inst_id, task_id, module_inst_id, status, task_completing_time) VALUES (5566, 56, 479, 1, '40');
INSERT INTO recordings (recording_id, task_inst_id, file_path) VALUES (5566, 5566, 'recordings/eval_96_mod_4_task_5566.wav');
INSERT INTO module_instances (module_inst_id, module_id, evaluation_id, status) VALUES (480, 9001, 96, 3);
INSERT INTO task_instances (task_inst_id, task_id, module_inst_id, status, task_completing_time) VALUES (5567, 9001, 480, 1, '20');
INSERT INTO recordings (recording_id, task_inst_id, file_path) VALUES (5567, 5567, 'recordings/eval_96_mod_9001_task_5567.wav');
INSERT INTO task_instances (task_inst_id, task_id, module_inst_id, status, task_completing_time) VALUES (5568, 9002, 480, 1, '76');
INSERT INTO recordings (recording_id, task_inst_id, file_path) VALUES (5568, 5568, 'recordings/eval_96_mod_9001_task_5568.wav');
INSERT INTO participants (participant_id, name, surname, education_level, sex, birth_date, laterality) VALUES (97, 'udHk5dbgUIKheSwJhN8UCA==', 'vd/77MTgUIKheSwJhN8UCA==', 3, 2, '1944-12-09', 1);
INSERT INTO evaluations (evaluation_id, evaluation_date, evaluator_id, participant_id, status, language) VALUES (97, '2025-09-28 08:35:00', 11, 97, 3, 2);
INSERT INTO module_instances (module_inst_id, module_id, evaluation_id, status) VALUES (481, 1, 97, 3);
INSERT INTO task_instances (task_inst_id, task_id, module_inst_id, status, task_completing_time) VALUES (5569, 1, 481, 0, '21');
INSERT INTO recordings (recording_id, task_inst_id, file_path) VALUES (5569, 5569, 'recordings/eval_97_mod_1_task_5569.wav');
INSERT INTO task_instances (task_inst_id, task_id, module_inst_id, status, task_completing_time) VALUES (5570, 2, 481, 1, '37');
INSERT INTO recordings (recording_id, task_inst_id, file_path) VALUES (5570, 5570, 'recordings/eval_97_mod_1_task_5570.wav');
INSERT INTO task_instances (task_inst_id, task_id, module_inst_id, status, task_completing_time) VALUES (5571, 3, 481, 1, '181');
INSERT INTO recordings (recording_id, task_inst_id, file_path) VALUES (5571, 5571, 'recordings/eval_97_mod_1_task_5571.wav');
INSERT INTO task_instances (task_inst_id, task_id, module_inst_id, status, task_completing_time) VALUES (5572, 4, 481, 1, '242');
INSERT INTO recordings (recording_id, task_inst_id, file_path) VALUES (5572, 5572, 'recordings/eval_97_mod_1_task_5572.wav');
INSERT INTO task_instances (task_inst_id, task_id, module_inst_id, status, task_completing_time) VALUES (5573, 5, 481, 1, '90');
INSERT INTO recordings (recording_id, task_inst_id, file_path) VALUES (5573, 5573, 'recordings/eval_97_mod_1_task_5573.wav');
INSERT INTO task_instances (task_inst_id, task_id, module_inst_id, status, task_completing_time) VALUES (5574, 6, 481, 0, '202');
INSERT INTO recordings (recording_id, task_inst_id, file_path) VALUES (5574, 5574, 'recordings/eval_97_mod_1_task_5574.wav');
INSERT INTO task_instances (task_inst_id, task_id, module_inst_id, status, task_completing_time) VALUES (5575, 7, 481, 1, '119');
INSERT INTO recordings (recording_id, task_inst_id, file_path) VALUES (5575, 5575, 'recordings/eval_97_mod_1_task_5575.wav');
INSERT INTO task_instances (task_inst_id, task_id, module_inst_id, status, task_completing_time) VALUES (5576, 8, 481, 0, '77');
INSERT INTO recordings (recording_id, task_inst_id, file_path) VALUES (5576, 5576, 'recordings/eval_97_mod_1_task_5576.wav');
INSERT INTO task_instances (task_inst_id, task_id, module_inst_id, status, task_completing_time) VALUES (5577, 9, 481, 1, '266');
INSERT INTO recordings (recording_id, task_inst_id, file_path) VALUES (5577, 5577, 'recordings/eval_97_mod_1_task_5577.wav');
INSERT INTO task_instances (task_inst_id, task_id, module_inst_id, status, task_completing_time) VALUES (5578, 10, 481, 0, '196');
INSERT INTO recordings (recording_id, task_inst_id, file_path) VALUES (5578, 5578, 'recordings/eval_97_mod_1_task_5578.wav');
INSERT INTO module_instances (module_inst_id, module_id, evaluation_id, status) VALUES (482, 2, 97, 3);
INSERT INTO task_instances (task_inst_id, task_id, module_inst_id, status, task_completing_time) VALUES (5579, 11, 482, 1, '17');
INSERT INTO recordings (recording_id, task_inst_id, file_path) VALUES (5579, 5579, 'recordings/eval_97_mod_2_task_5579.wav');
INSERT INTO task_instances (task_inst_id, task_id, module_inst_id, status, task_completing_time) VALUES (5580, 12, 482, 1, '193');
INSERT INTO recordings (recording_id, task_inst_id, file_path) VALUES (5580, 5580, 'recordings/eval_97_mod_2_task_5580.wav');
INSERT INTO task_instances (task_inst_id, task_id, module_inst_id, status, task_completing_time) VALUES (5581, 13, 482, 1, '186');
INSERT INTO recordings (recording_id, task_inst_id, file_path) VALUES (5581, 5581, 'recordings/eval_97_mod_2_task_5581.wav');
INSERT INTO task_instances (task_inst_id, task_id, module_inst_id, status, task_completing_time) VALUES (5582, 14, 482, 1, '147');
INSERT INTO recordings (recording_id, task_inst_id, file_path) VALUES (5582, 5582, 'recordings/eval_97_mod_2_task_5582.wav');
INSERT INTO task_instances (task_inst_id, task_id, module_inst_id, status, task_completing_time) VALUES (5583, 15, 482, 1, '288');
INSERT INTO recordings (recording_id, task_inst_id, file_path) VALUES (5583, 5583, 'recordings/eval_97_mod_2_task_5583.wav');
INSERT INTO task_instances (task_inst_id, task_id, module_inst_id, status, task_completing_time) VALUES (5584, 16, 482, 1, '45');
INSERT INTO recordings (recording_id, task_inst_id, file_path) VALUES (5584, 5584, 'recordings/eval_97_mod_2_task_5584.wav');
INSERT INTO task_instances (task_inst_id, task_id, module_inst_id, status, task_completing_time) VALUES (5585, 17, 482, 0, '214');
INSERT INTO recordings (recording_id, task_inst_id, file_path) VALUES (5585, 5585, 'recordings/eval_97_mod_2_task_5585.wav');
INSERT INTO task_instances (task_inst_id, task_id, module_inst_id, status, task_completing_time) VALUES (5586, 18, 482, 1, '31');
INSERT INTO recordings (recording_id, task_inst_id, file_path) VALUES (5586, 5586, 'recordings/eval_97_mod_2_task_5586.wav');
INSERT INTO task_instances (task_inst_id, task_id, module_inst_id, status, task_completing_time) VALUES (5587, 19, 482, 1, '270');
INSERT INTO recordings (recording_id, task_inst_id, file_path) VALUES (5587, 5587, 'recordings/eval_97_mod_2_task_5587.wav');
INSERT INTO task_instances (task_inst_id, task_id, module_inst_id, status, task_completing_time) VALUES (5588, 20, 482, 1, '67');
INSERT INTO recordings (recording_id, task_inst_id, file_path) VALUES (5588, 5588, 'recordings/eval_97_mod_2_task_5588.wav');
INSERT INTO task_instances (task_inst_id, task_id, module_inst_id, status, task_completing_time) VALUES (5589, 21, 482, 1, '9');
INSERT INTO recordings (recording_id, task_inst_id, file_path) VALUES (5589, 5589, 'recordings/eval_97_mod_2_task_5589.wav');
INSERT INTO task_instances (task_inst_id, task_id, module_inst_id, status, task_completing_time) VALUES (5590, 22, 482, 1, '130');
INSERT INTO recordings (recording_id, task_inst_id, file_path) VALUES (5590, 5590, 'recordings/eval_97_mod_2_task_5590.wav');
INSERT INTO task_instances (task_inst_id, task_id, module_inst_id, status, task_completing_time) VALUES (5591, 23, 482, 1, '36');
INSERT INTO recordings (recording_id, task_inst_id, file_path) VALUES (5591, 5591, 'recordings/eval_97_mod_2_task_5591.wav');
INSERT INTO task_instances (task_inst_id, task_id, module_inst_id, status, task_completing_time) VALUES (5592, 24, 482, 1, '72');
INSERT INTO recordings (recording_id, task_inst_id, file_path) VALUES (5592, 5592, 'recordings/eval_97_mod_2_task_5592.wav');
INSERT INTO task_instances (task_inst_id, task_id, module_inst_id, status, task_completing_time) VALUES (5593, 25, 482, 1, '26');
INSERT INTO recordings (recording_id, task_inst_id, file_path) VALUES (5593, 5593, 'recordings/eval_97_mod_2_task_5593.wav');
INSERT INTO task_instances (task_inst_id, task_id, module_inst_id, status, task_completing_time) VALUES (5594, 26, 482, 1, '211');
INSERT INTO recordings (recording_id, task_inst_id, file_path) VALUES (5594, 5594, 'recordings/eval_97_mod_2_task_5594.wav');
INSERT INTO task_instances (task_inst_id, task_id, module_inst_id, status, task_completing_time) VALUES (5595, 27, 482, 0, '217');
INSERT INTO recordings (recording_id, task_inst_id, file_path) VALUES (5595, 5595, 'recordings/eval_97_mod_2_task_5595.wav');
INSERT INTO task_instances (task_inst_id, task_id, module_inst_id, status, task_completing_time) VALUES (5596, 28, 482, 1, '89');
INSERT INTO recordings (recording_id, task_inst_id, file_path) VALUES (5596, 5596, 'recordings/eval_97_mod_2_task_5596.wav');
INSERT INTO task_instances (task_inst_id, task_id, module_inst_id, status, task_completing_time) VALUES (5597, 29, 482, 0, '115');
INSERT INTO recordings (recording_id, task_inst_id, file_path) VALUES (5597, 5597, 'recordings/eval_97_mod_2_task_5597.wav');
INSERT INTO task_instances (task_inst_id, task_id, module_inst_id, status, task_completing_time) VALUES (5598, 30, 482, 1, '32');
INSERT INTO recordings (recording_id, task_inst_id, file_path) VALUES (5598, 5598, 'recordings/eval_97_mod_2_task_5598.wav');
INSERT INTO task_instances (task_inst_id, task_id, module_inst_id, status, task_completing_time) VALUES (5599, 31, 482, 1, '58');
INSERT INTO recordings (recording_id, task_inst_id, file_path) VALUES (5599, 5599, 'recordings/eval_97_mod_2_task_5599.wav');
INSERT INTO task_instances (task_inst_id, task_id, module_inst_id, status, task_completing_time) VALUES (5600, 32, 482, 1, '213');
INSERT INTO recordings (recording_id, task_inst_id, file_path) VALUES (5600, 5600, 'recordings/eval_97_mod_2_task_5600.wav');
INSERT INTO task_instances (task_inst_id, task_id, module_inst_id, status, task_completing_time) VALUES (5601, 33, 482, 1, '55');
INSERT INTO recordings (recording_id, task_inst_id, file_path) VALUES (5601, 5601, 'recordings/eval_97_mod_2_task_5601.wav');
INSERT INTO task_instances (task_inst_id, task_id, module_inst_id, status, task_completing_time) VALUES (5602, 34, 482, 1, '98');
INSERT INTO recordings (recording_id, task_inst_id, file_path) VALUES (5602, 5602, 'recordings/eval_97_mod_2_task_5602.wav');
INSERT INTO task_instances (task_inst_id, task_id, module_inst_id, status, task_completing_time) VALUES (5603, 35, 482, 1, '126');
INSERT INTO recordings (recording_id, task_inst_id, file_path) VALUES (5603, 5603, 'recordings/eval_97_mod_2_task_5603.wav');
INSERT INTO task_instances (task_inst_id, task_id, module_inst_id, status, task_completing_time) VALUES (5604, 36, 482, 1, '236');
INSERT INTO recordings (recording_id, task_inst_id, file_path) VALUES (5604, 5604, 'recordings/eval_97_mod_2_task_5604.wav');
INSERT INTO task_instances (task_inst_id, task_id, module_inst_id, status, task_completing_time) VALUES (5605, 37, 482, 1, '32');
INSERT INTO recordings (recording_id, task_inst_id, file_path) VALUES (5605, 5605, 'recordings/eval_97_mod_2_task_5605.wav');
INSERT INTO module_instances (module_inst_id, module_id, evaluation_id, status) VALUES (483, 3, 97, 3);
INSERT INTO task_instances (task_inst_id, task_id, module_inst_id, status, task_completing_time) VALUES (5606, 38, 483, 1, '19');
INSERT INTO recordings (recording_id, task_inst_id, file_path) VALUES (5606, 5606, 'recordings/eval_97_mod_3_task_5606.wav');
INSERT INTO task_instances (task_inst_id, task_id, module_inst_id, status, task_completing_time) VALUES (5607, 39, 483, 1, '277');
INSERT INTO recordings (recording_id, task_inst_id, file_path) VALUES (5607, 5607, 'recordings/eval_97_mod_3_task_5607.wav');
INSERT INTO task_instances (task_inst_id, task_id, module_inst_id, status, task_completing_time) VALUES (5608, 40, 483, 0, '64');
INSERT INTO recordings (recording_id, task_inst_id, file_path) VALUES (5608, 5608, 'recordings/eval_97_mod_3_task_5608.wav');
INSERT INTO task_instances (task_inst_id, task_id, module_inst_id, status, task_completing_time) VALUES (5609, 41, 483, 1, '238');
INSERT INTO recordings (recording_id, task_inst_id, file_path) VALUES (5609, 5609, 'recordings/eval_97_mod_3_task_5609.wav');
INSERT INTO task_instances (task_inst_id, task_id, module_inst_id, status, task_completing_time) VALUES (5610, 42, 483, 1, '245');
INSERT INTO recordings (recording_id, task_inst_id, file_path) VALUES (5610, 5610, 'recordings/eval_97_mod_3_task_5610.wav');
INSERT INTO task_instances (task_inst_id, task_id, module_inst_id, status, task_completing_time) VALUES (5611, 43, 483, 0, '219');
INSERT INTO recordings (recording_id, task_inst_id, file_path) VALUES (5611, 5611, 'recordings/eval_97_mod_3_task_5611.wav');
INSERT INTO task_instances (task_inst_id, task_id, module_inst_id, status, task_completing_time) VALUES (5612, 44, 483, 1, '74');
INSERT INTO recordings (recording_id, task_inst_id, file_path) VALUES (5612, 5612, 'recordings/eval_97_mod_3_task_5612.wav');
INSERT INTO task_instances (task_inst_id, task_id, module_inst_id, status, task_completing_time) VALUES (5613, 45, 483, 1, '108');
INSERT INTO recordings (recording_id, task_inst_id, file_path) VALUES (5613, 5613, 'recordings/eval_97_mod_3_task_5613.wav');
INSERT INTO task_instances (task_inst_id, task_id, module_inst_id, status, task_completing_time) VALUES (5614, 46, 483, 1, '112');
INSERT INTO recordings (recording_id, task_inst_id, file_path) VALUES (5614, 5614, 'recordings/eval_97_mod_3_task_5614.wav');
INSERT INTO module_instances (module_inst_id, module_id, evaluation_id, status) VALUES (484, 4, 97, 2);
INSERT INTO task_instances (task_inst_id, task_id, module_inst_id, status, task_completing_time) VALUES (5615, 47, 484, 1, '27');
INSERT INTO recordings (recording_id, task_inst_id, file_path) VALUES (5615, 5615, 'recordings/eval_97_mod_4_task_5615.wav');
INSERT INTO task_instances (task_inst_id, task_id, module_inst_id, status, task_completing_time) VALUES (5616, 48, 484, 1, '29');
INSERT INTO recordings (recording_id, task_inst_id, file_path) VALUES (5616, 5616, 'recordings/eval_97_mod_4_task_5616.wav');
INSERT INTO task_instances (task_inst_id, task_id, module_inst_id, status, task_completing_time) VALUES (5617, 49, 484, 0, '146');
INSERT INTO recordings (recording_id, task_inst_id, file_path) VALUES (5617, 5617, 'recordings/eval_97_mod_4_task_5617.wav');
INSERT INTO task_instances (task_inst_id, task_id, module_inst_id, status, task_completing_time) VALUES (5618, 50, 484, 0, '238');
INSERT INTO recordings (recording_id, task_inst_id, file_path) VALUES (5618, 5618, 'recordings/eval_97_mod_4_task_5618.wav');
INSERT INTO task_instances (task_inst_id, task_id, module_inst_id, status, task_completing_time) VALUES (5619, 51, 484, 1, '218');
INSERT INTO recordings (recording_id, task_inst_id, file_path) VALUES (5619, 5619, 'recordings/eval_97_mod_4_task_5619.wav');
INSERT INTO task_instances (task_inst_id, task_id, module_inst_id, status, task_completing_time) VALUES (5620, 52, 484, 1, '234');
INSERT INTO recordings (recording_id, task_inst_id, file_path) VALUES (5620, 5620, 'recordings/eval_97_mod_4_task_5620.wav');
INSERT INTO task_instances (task_inst_id, task_id, module_inst_id, status, task_completing_time) VALUES (5621, 53, 484, 1, '91');
INSERT INTO recordings (recording_id, task_inst_id, file_path) VALUES (5621, 5621, 'recordings/eval_97_mod_4_task_5621.wav');
INSERT INTO task_instances (task_inst_id, task_id, module_inst_id, status, task_completing_time) VALUES (5622, 54, 484, 1, '235');
INSERT INTO recordings (recording_id, task_inst_id, file_path) VALUES (5622, 5622, 'recordings/eval_97_mod_4_task_5622.wav');
INSERT INTO task_instances (task_inst_id, task_id, module_inst_id, status, task_completing_time) VALUES (5623, 55, 484, 0, '192');
INSERT INTO recordings (recording_id, task_inst_id, file_path) VALUES (5623, 5623, 'recordings/eval_97_mod_4_task_5623.wav');
INSERT INTO task_instances (task_inst_id, task_id, module_inst_id, status, task_completing_time) VALUES (5624, 56, 484, 1, '47');
INSERT INTO recordings (recording_id, task_inst_id, file_path) VALUES (5624, 5624, 'recordings/eval_97_mod_4_task_5624.wav');
INSERT INTO module_instances (module_inst_id, module_id, evaluation_id, status) VALUES (485, 9001, 97, 1);
INSERT INTO task_instances (task_inst_id, task_id, module_inst_id, status, task_completing_time) VALUES (5625, 9001, 485, 1, '22');
INSERT INTO recordings (recording_id, task_inst_id, file_path) VALUES (5625, 5625, 'recordings/eval_97_mod_9001_task_5625.wav');
INSERT INTO task_instances (task_inst_id, task_id, module_inst_id, status, task_completing_time) VALUES (5626, 9002, 485, 1, '163');
INSERT INTO recordings (recording_id, task_inst_id, file_path) VALUES (5626, 5626, 'recordings/eval_97_mod_9001_task_5626.wav');
INSERT INTO participants (participant_id, name, surname, education_level, sex, birth_date, laterality) VALUES (98, 'uMLj59jgUIKheSwJhN8UCA==', 'ttn76LvnV4WmfisOg9gTDw==', 4, 2, '1982-11-02', 1);
INSERT INTO evaluations (evaluation_id, evaluation_date, evaluator_id, participant_id, status, language) VALUES (98, '2025-08-22 08:39:00', 11, 98, 3, 2);
INSERT INTO module_instances (module_inst_id, module_id, evaluation_id, status) VALUES (486, 1, 98, 1);
INSERT INTO task_instances (task_inst_id, task_id, module_inst_id, status, task_completing_time) VALUES (5627, 1, 486, 1, '23');
INSERT INTO recordings (recording_id, task_inst_id, file_path) VALUES (5627, 5627, 'recordings/eval_98_mod_1_task_5627.wav');
INSERT INTO task_instances (task_inst_id, task_id, module_inst_id, status, task_completing_time) VALUES (5628, 2, 486, 0, '46');
INSERT INTO recordings (recording_id, task_inst_id, file_path) VALUES (5628, 5628, 'recordings/eval_98_mod_1_task_5628.wav');
INSERT INTO task_instances (task_inst_id, task_id, module_inst_id, status, task_completing_time) VALUES (5629, 3, 486, 1, '205');
INSERT INTO recordings (recording_id, task_inst_id, file_path) VALUES (5629, 5629, 'recordings/eval_98_mod_1_task_5629.wav');
INSERT INTO task_instances (task_inst_id, task_id, module_inst_id, status, task_completing_time) VALUES (5630, 4, 486, 1, '284');
INSERT INTO recordings (recording_id, task_inst_id, file_path) VALUES (5630, 5630, 'recordings/eval_98_mod_1_task_5630.wav');
INSERT INTO task_instances (task_inst_id, task_id, module_inst_id, status, task_completing_time) VALUES (5631, 5, 486, 1, '297');
INSERT INTO recordings (recording_id, task_inst_id, file_path) VALUES (5631, 5631, 'recordings/eval_98_mod_1_task_5631.wav');
INSERT INTO task_instances (task_inst_id, task_id, module_inst_id, status, task_completing_time) VALUES (5632, 6, 486, 1, '294');
INSERT INTO recordings (recording_id, task_inst_id, file_path) VALUES (5632, 5632, 'recordings/eval_98_mod_1_task_5632.wav');
INSERT INTO task_instances (task_inst_id, task_id, module_inst_id, status, task_completing_time) VALUES (5633, 7, 486, 1, '197');
INSERT INTO recordings (recording_id, task_inst_id, file_path) VALUES (5633, 5633, 'recordings/eval_98_mod_1_task_5633.wav');
INSERT INTO task_instances (task_inst_id, task_id, module_inst_id, status, task_completing_time) VALUES (5634, 8, 486, 0, '222');
INSERT INTO recordings (recording_id, task_inst_id, file_path) VALUES (5634, 5634, 'recordings/eval_98_mod_1_task_5634.wav');
INSERT INTO task_instances (task_inst_id, task_id, module_inst_id, status, task_completing_time) VALUES (5635, 9, 486, 0, '49');
INSERT INTO recordings (recording_id, task_inst_id, file_path) VALUES (5635, 5635, 'recordings/eval_98_mod_1_task_5635.wav');
INSERT INTO task_instances (task_inst_id, task_id, module_inst_id, status, task_completing_time) VALUES (5636, 10, 486, 1, '158');
INSERT INTO recordings (recording_id, task_inst_id, file_path) VALUES (5636, 5636, 'recordings/eval_98_mod_1_task_5636.wav');
INSERT INTO module_instances (module_inst_id, module_id, evaluation_id, status) VALUES (487, 2, 98, 3);
INSERT INTO task_instances (task_inst_id, task_id, module_inst_id, status, task_completing_time) VALUES (5637, 11, 487, 1, '44');
INSERT INTO recordings (recording_id, task_inst_id, file_path) VALUES (5637, 5637, 'recordings/eval_98_mod_2_task_5637.wav');
INSERT INTO task_instances (task_inst_id, task_id, module_inst_id, status, task_completing_time) VALUES (5638, 12, 487, 1, '95');
INSERT INTO recordings (recording_id, task_inst_id, file_path) VALUES (5638, 5638, 'recordings/eval_98_mod_2_task_5638.wav');
INSERT INTO task_instances (task_inst_id, task_id, module_inst_id, status, task_completing_time) VALUES (5639, 13, 487, 1, '176');
INSERT INTO recordings (recording_id, task_inst_id, file_path) VALUES (5639, 5639, 'recordings/eval_98_mod_2_task_5639.wav');
INSERT INTO task_instances (task_inst_id, task_id, module_inst_id, status, task_completing_time) VALUES (5640, 14, 487, 1, '213');
INSERT INTO recordings (recording_id, task_inst_id, file_path) VALUES (5640, 5640, 'recordings/eval_98_mod_2_task_5640.wav');
INSERT INTO task_instances (task_inst_id, task_id, module_inst_id, status, task_completing_time) VALUES (5641, 15, 487, 1, '211');
INSERT INTO recordings (recording_id, task_inst_id, file_path) VALUES (5641, 5641, 'recordings/eval_98_mod_2_task_5641.wav');
INSERT INTO task_instances (task_inst_id, task_id, module_inst_id, status, task_completing_time) VALUES (5642, 16, 487, 1, '266');
INSERT INTO recordings (recording_id, task_inst_id, file_path) VALUES (5642, 5642, 'recordings/eval_98_mod_2_task_5642.wav');
INSERT INTO task_instances (task_inst_id, task_id, module_inst_id, status, task_completing_time) VALUES (5643, 17, 487, 1, '219');
INSERT INTO recordings (recording_id, task_inst_id, file_path) VALUES (5643, 5643, 'recordings/eval_98_mod_2_task_5643.wav');
INSERT INTO task_instances (task_inst_id, task_id, module_inst_id, status, task_completing_time) VALUES (5644, 18, 487, 0, '203');
INSERT INTO recordings (recording_id, task_inst_id, file_path) VALUES (5644, 5644, 'recordings/eval_98_mod_2_task_5644.wav');
INSERT INTO task_instances (task_inst_id, task_id, module_inst_id, status, task_completing_time) VALUES (5645, 19, 487, 1, '58');
INSERT INTO recordings (recording_id, task_inst_id, file_path) VALUES (5645, 5645, 'recordings/eval_98_mod_2_task_5645.wav');
INSERT INTO task_instances (task_inst_id, task_id, module_inst_id, status, task_completing_time) VALUES (5646, 20, 487, 1, '142');
INSERT INTO recordings (recording_id, task_inst_id, file_path) VALUES (5646, 5646, 'recordings/eval_98_mod_2_task_5646.wav');
INSERT INTO task_instances (task_inst_id, task_id, module_inst_id, status, task_completing_time) VALUES (5647, 21, 487, 1, '21');
INSERT INTO recordings (recording_id, task_inst_id, file_path) VALUES (5647, 5647, 'recordings/eval_98_mod_2_task_5647.wav');
INSERT INTO task_instances (task_inst_id, task_id, module_inst_id, status, task_completing_time) VALUES (5648, 22, 487, 1, '20');
INSERT INTO recordings (recording_id, task_inst_id, file_path) VALUES (5648, 5648, 'recordings/eval_98_mod_2_task_5648.wav');
INSERT INTO task_instances (task_inst_id, task_id, module_inst_id, status, task_completing_time) VALUES (5649, 23, 487, 1, '8');
INSERT INTO recordings (recording_id, task_inst_id, file_path) VALUES (5649, 5649, 'recordings/eval_98_mod_2_task_5649.wav');
INSERT INTO task_instances (task_inst_id, task_id, module_inst_id, status, task_completing_time) VALUES (5650, 24, 487, 1, '299');
INSERT INTO recordings (recording_id, task_inst_id, file_path) VALUES (5650, 5650, 'recordings/eval_98_mod_2_task_5650.wav');
INSERT INTO task_instances (task_inst_id, task_id, module_inst_id, status, task_completing_time) VALUES (5651, 25, 487, 1, '25');
INSERT INTO recordings (recording_id, task_inst_id, file_path) VALUES (5651, 5651, 'recordings/eval_98_mod_2_task_5651.wav');
INSERT INTO task_instances (task_inst_id, task_id, module_inst_id, status, task_completing_time) VALUES (5652, 26, 487, 1, '108');
INSERT INTO recordings (recording_id, task_inst_id, file_path) VALUES (5652, 5652, 'recordings/eval_98_mod_2_task_5652.wav');
INSERT INTO task_instances (task_inst_id, task_id, module_inst_id, status, task_completing_time) VALUES (5653, 27, 487, 1, '74');
INSERT INTO recordings (recording_id, task_inst_id, file_path) VALUES (5653, 5653, 'recordings/eval_98_mod_2_task_5653.wav');
INSERT INTO task_instances (task_inst_id, task_id, module_inst_id, status, task_completing_time) VALUES (5654, 28, 487, 1, '223');
INSERT INTO recordings (recording_id, task_inst_id, file_path) VALUES (5654, 5654, 'recordings/eval_98_mod_2_task_5654.wav');
INSERT INTO task_instances (task_inst_id, task_id, module_inst_id, status, task_completing_time) VALUES (5655, 29, 487, 0, '155');
INSERT INTO recordings (recording_id, task_inst_id, file_path) VALUES (5655, 5655, 'recordings/eval_98_mod_2_task_5655.wav');
INSERT INTO task_instances (task_inst_id, task_id, module_inst_id, status, task_completing_time) VALUES (5656, 30, 487, 1, '8');
INSERT INTO recordings (recording_id, task_inst_id, file_path) VALUES (5656, 5656, 'recordings/eval_98_mod_2_task_5656.wav');
INSERT INTO task_instances (task_inst_id, task_id, module_inst_id, status, task_completing_time) VALUES (5657, 31, 487, 1, '251');
INSERT INTO recordings (recording_id, task_inst_id, file_path) VALUES (5657, 5657, 'recordings/eval_98_mod_2_task_5657.wav');
INSERT INTO task_instances (task_inst_id, task_id, module_inst_id, status, task_completing_time) VALUES (5658, 32, 487, 1, '142');
INSERT INTO recordings (recording_id, task_inst_id, file_path) VALUES (5658, 5658, 'recordings/eval_98_mod_2_task_5658.wav');
INSERT INTO task_instances (task_inst_id, task_id, module_inst_id, status, task_completing_time) VALUES (5659, 33, 487, 1, '169');
INSERT INTO recordings (recording_id, task_inst_id, file_path) VALUES (5659, 5659, 'recordings/eval_98_mod_2_task_5659.wav');
INSERT INTO task_instances (task_inst_id, task_id, module_inst_id, status, task_completing_time) VALUES (5660, 34, 487, 1, '148');
INSERT INTO recordings (recording_id, task_inst_id, file_path) VALUES (5660, 5660, 'recordings/eval_98_mod_2_task_5660.wav');
INSERT INTO task_instances (task_inst_id, task_id, module_inst_id, status, task_completing_time) VALUES (5661, 35, 487, 0, '198');
INSERT INTO recordings (recording_id, task_inst_id, file_path) VALUES (5661, 5661, 'recordings/eval_98_mod_2_task_5661.wav');
INSERT INTO task_instances (task_inst_id, task_id, module_inst_id, status, task_completing_time) VALUES (5662, 36, 487, 1, '237');
INSERT INTO recordings (recording_id, task_inst_id, file_path) VALUES (5662, 5662, 'recordings/eval_98_mod_2_task_5662.wav');
INSERT INTO task_instances (task_inst_id, task_id, module_inst_id, status, task_completing_time) VALUES (5663, 37, 487, 1, '68');
INSERT INTO recordings (recording_id, task_inst_id, file_path) VALUES (5663, 5663, 'recordings/eval_98_mod_2_task_5663.wav');
INSERT INTO module_instances (module_inst_id, module_id, evaluation_id, status) VALUES (488, 3, 98, 2);
INSERT INTO task_instances (task_inst_id, task_id, module_inst_id, status, task_completing_time) VALUES (5664, 38, 488, 1, '5');
INSERT INTO recordings (recording_id, task_inst_id, file_path) VALUES (5664, 5664, 'recordings/eval_98_mod_3_task_5664.wav');
INSERT INTO task_instances (task_inst_id, task_id, module_inst_id, status, task_completing_time) VALUES (5665, 39, 488, 1, '229');
INSERT INTO recordings (recording_id, task_inst_id, file_path) VALUES (5665, 5665, 'recordings/eval_98_mod_3_task_5665.wav');
INSERT INTO task_instances (task_inst_id, task_id, module_inst_id, status, task_completing_time) VALUES (5666, 40, 488, 1, '26');
INSERT INTO recordings (recording_id, task_inst_id, file_path) VALUES (5666, 5666, 'recordings/eval_98_mod_3_task_5666.wav');
INSERT INTO task_instances (task_inst_id, task_id, module_inst_id, status, task_completing_time) VALUES (5667, 41, 488, 1, '264');
INSERT INTO recordings (recording_id, task_inst_id, file_path) VALUES (5667, 5667, 'recordings/eval_98_mod_3_task_5667.wav');
INSERT INTO task_instances (task_inst_id, task_id, module_inst_id, status, task_completing_time) VALUES (5668, 42, 488, 1, '293');
INSERT INTO recordings (recording_id, task_inst_id, file_path) VALUES (5668, 5668, 'recordings/eval_98_mod_3_task_5668.wav');
INSERT INTO task_instances (task_inst_id, task_id, module_inst_id, status, task_completing_time) VALUES (5669, 43, 488, 1, '230');
INSERT INTO recordings (recording_id, task_inst_id, file_path) VALUES (5669, 5669, 'recordings/eval_98_mod_3_task_5669.wav');
INSERT INTO task_instances (task_inst_id, task_id, module_inst_id, status, task_completing_time) VALUES (5670, 44, 488, 1, '66');
INSERT INTO recordings (recording_id, task_inst_id, file_path) VALUES (5670, 5670, 'recordings/eval_98_mod_3_task_5670.wav');
INSERT INTO task_instances (task_inst_id, task_id, module_inst_id, status, task_completing_time) VALUES (5671, 45, 488, 1, '43');
INSERT INTO recordings (recording_id, task_inst_id, file_path) VALUES (5671, 5671, 'recordings/eval_98_mod_3_task_5671.wav');
INSERT INTO task_instances (task_inst_id, task_id, module_inst_id, status, task_completing_time) VALUES (5672, 46, 488, 1, '63');
INSERT INTO recordings (recording_id, task_inst_id, file_path) VALUES (5672, 5672, 'recordings/eval_98_mod_3_task_5672.wav');
INSERT INTO module_instances (module_inst_id, module_id, evaluation_id, status) VALUES (489, 4, 98, 3);
INSERT INTO task_instances (task_inst_id, task_id, module_inst_id, status, task_completing_time) VALUES (5673, 47, 489, 1, '10');
INSERT INTO recordings (recording_id, task_inst_id, file_path) VALUES (5673, 5673, 'recordings/eval_98_mod_4_task_5673.wav');
INSERT INTO task_instances (task_inst_id, task_id, module_inst_id, status, task_completing_time) VALUES (5674, 48, 489, 1, '82');
INSERT INTO recordings (recording_id, task_inst_id, file_path) VALUES (5674, 5674, 'recordings/eval_98_mod_4_task_5674.wav');
INSERT INTO task_instances (task_inst_id, task_id, module_inst_id, status, task_completing_time) VALUES (5675, 49, 489, 1, '64');
INSERT INTO recordings (recording_id, task_inst_id, file_path) VALUES (5675, 5675, 'recordings/eval_98_mod_4_task_5675.wav');
INSERT INTO task_instances (task_inst_id, task_id, module_inst_id, status, task_completing_time) VALUES (5676, 50, 489, 1, '70');
INSERT INTO recordings (recording_id, task_inst_id, file_path) VALUES (5676, 5676, 'recordings/eval_98_mod_4_task_5676.wav');
INSERT INTO task_instances (task_inst_id, task_id, module_inst_id, status, task_completing_time) VALUES (5677, 51, 489, 0, '126');
INSERT INTO recordings (recording_id, task_inst_id, file_path) VALUES (5677, 5677, 'recordings/eval_98_mod_4_task_5677.wav');
INSERT INTO task_instances (task_inst_id, task_id, module_inst_id, status, task_completing_time) VALUES (5678, 52, 489, 1, '183');
INSERT INTO recordings (recording_id, task_inst_id, file_path) VALUES (5678, 5678, 'recordings/eval_98_mod_4_task_5678.wav');
INSERT INTO task_instances (task_inst_id, task_id, module_inst_id, status, task_completing_time) VALUES (5679, 53, 489, 0, '78');
INSERT INTO recordings (recording_id, task_inst_id, file_path) VALUES (5679, 5679, 'recordings/eval_98_mod_4_task_5679.wav');
INSERT INTO task_instances (task_inst_id, task_id, module_inst_id, status, task_completing_time) VALUES (5680, 54, 489, 1, '58');
INSERT INTO recordings (recording_id, task_inst_id, file_path) VALUES (5680, 5680, 'recordings/eval_98_mod_4_task_5680.wav');
INSERT INTO task_instances (task_inst_id, task_id, module_inst_id, status, task_completing_time) VALUES (5681, 55, 489, 0, '30');
INSERT INTO recordings (recording_id, task_inst_id, file_path) VALUES (5681, 5681, 'recordings/eval_98_mod_4_task_5681.wav');
INSERT INTO task_instances (task_inst_id, task_id, module_inst_id, status, task_completing_time) VALUES (5682, 56, 489, 0, '24');
INSERT INTO recordings (recording_id, task_inst_id, file_path) VALUES (5682, 5682, 'recordings/eval_98_mod_4_task_5682.wav');
INSERT INTO module_instances (module_inst_id, module_id, evaluation_id, status) VALUES (490, 9001, 98, 3);
INSERT INTO task_instances (task_inst_id, task_id, module_inst_id, status, task_completing_time) VALUES (5683, 9001, 490, 1, '28');
INSERT INTO recordings (recording_id, task_inst_id, file_path) VALUES (5683, 5683, 'recordings/eval_98_mod_9001_task_5683.wav');
INSERT INTO task_instances (task_inst_id, task_id, module_inst_id, status, task_completing_time) VALUES (5684, 9002, 490, 1, '150');
INSERT INTO recordings (recording_id, task_inst_id, file_path) VALUES (5684, 5684, 'recordings/eval_98_mod_9001_task_5684.wav');
INSERT INTO participants (participant_id, name, surname, education_level, sex, birth_date, laterality) VALUES (99, 'sdHk7NngUIKheSwJhN8UCA==', 'tdz//9KCKeiiei8Kh9wXCw==', 4, 1, '1958-07-10', 1);
INSERT INTO evaluations (evaluation_id, evaluation_date, evaluator_id, participant_id, status, language) VALUES (99, '2025-09-02 08:08:00', 11, 99, 3, 1);
INSERT INTO module_instances (module_inst_id, module_id, evaluation_id, status) VALUES (491, 1, 99, 3);
INSERT INTO task_instances (task_inst_id, task_id, module_inst_id, status, task_completing_time) VALUES (5685, 1, 491, 1, '22');
INSERT INTO recordings (recording_id, task_inst_id, file_path) VALUES (5685, 5685, 'recordings/eval_99_mod_1_task_5685.wav');
INSERT INTO task_instances (task_inst_id, task_id, module_inst_id, status, task_completing_time) VALUES (5686, 2, 491, 1, '45');
INSERT INTO recordings (recording_id, task_inst_id, file_path) VALUES (5686, 5686, 'recordings/eval_99_mod_1_task_5686.wav');
INSERT INTO task_instances (task_inst_id, task_id, module_inst_id, status, task_completing_time) VALUES (5687, 3, 491, 1, '179');
INSERT INTO recordings (recording_id, task_inst_id, file_path) VALUES (5687, 5687, 'recordings/eval_99_mod_1_task_5687.wav');
INSERT INTO task_instances (task_inst_id, task_id, module_inst_id, status, task_completing_time) VALUES (5688, 4, 491, 1, '32');
INSERT INTO recordings (recording_id, task_inst_id, file_path) VALUES (5688, 5688, 'recordings/eval_99_mod_1_task_5688.wav');
INSERT INTO task_instances (task_inst_id, task_id, module_inst_id, status, task_completing_time) VALUES (5689, 5, 491, 0, '205');
INSERT INTO recordings (recording_id, task_inst_id, file_path) VALUES (5689, 5689, 'recordings/eval_99_mod_1_task_5689.wav');
INSERT INTO task_instances (task_inst_id, task_id, module_inst_id, status, task_completing_time) VALUES (5690, 6, 491, 1, '250');
INSERT INTO recordings (recording_id, task_inst_id, file_path) VALUES (5690, 5690, 'recordings/eval_99_mod_1_task_5690.wav');
INSERT INTO task_instances (task_inst_id, task_id, module_inst_id, status, task_completing_time) VALUES (5691, 7, 491, 1, '132');
INSERT INTO recordings (recording_id, task_inst_id, file_path) VALUES (5691, 5691, 'recordings/eval_99_mod_1_task_5691.wav');
INSERT INTO task_instances (task_inst_id, task_id, module_inst_id, status, task_completing_time) VALUES (5692, 8, 491, 1, '176');
INSERT INTO recordings (recording_id, task_inst_id, file_path) VALUES (5692, 5692, 'recordings/eval_99_mod_1_task_5692.wav');
INSERT INTO task_instances (task_inst_id, task_id, module_inst_id, status, task_completing_time) VALUES (5693, 9, 491, 1, '51');
INSERT INTO recordings (recording_id, task_inst_id, file_path) VALUES (5693, 5693, 'recordings/eval_99_mod_1_task_5693.wav');
INSERT INTO task_instances (task_inst_id, task_id, module_inst_id, status, task_completing_time) VALUES (5694, 10, 491, 0, '44');
INSERT INTO recordings (recording_id, task_inst_id, file_path) VALUES (5694, 5694, 'recordings/eval_99_mod_1_task_5694.wav');
INSERT INTO module_instances (module_inst_id, module_id, evaluation_id, status) VALUES (492, 2, 99, 2);
INSERT INTO task_instances (task_inst_id, task_id, module_inst_id, status, task_completing_time) VALUES (5695, 11, 492, 1, '59');
INSERT INTO recordings (recording_id, task_inst_id, file_path) VALUES (5695, 5695, 'recordings/eval_99_mod_2_task_5695.wav');
INSERT INTO task_instances (task_inst_id, task_id, module_inst_id, status, task_completing_time) VALUES (5696, 12, 492, 0, '250');
INSERT INTO recordings (recording_id, task_inst_id, file_path) VALUES (5696, 5696, 'recordings/eval_99_mod_2_task_5696.wav');
INSERT INTO task_instances (task_inst_id, task_id, module_inst_id, status, task_completing_time) VALUES (5697, 13, 492, 1, '161');
INSERT INTO recordings (recording_id, task_inst_id, file_path) VALUES (5697, 5697, 'recordings/eval_99_mod_2_task_5697.wav');
INSERT INTO task_instances (task_inst_id, task_id, module_inst_id, status, task_completing_time) VALUES (5698, 14, 492, 1, '221');
INSERT INTO recordings (recording_id, task_inst_id, file_path) VALUES (5698, 5698, 'recordings/eval_99_mod_2_task_5698.wav');
INSERT INTO task_instances (task_inst_id, task_id, module_inst_id, status, task_completing_time) VALUES (5699, 15, 492, 0, '215');
INSERT INTO recordings (recording_id, task_inst_id, file_path) VALUES (5699, 5699, 'recordings/eval_99_mod_2_task_5699.wav');
INSERT INTO task_instances (task_inst_id, task_id, module_inst_id, status, task_completing_time) VALUES (5700, 16, 492, 1, '213');
INSERT INTO recordings (recording_id, task_inst_id, file_path) VALUES (5700, 5700, 'recordings/eval_99_mod_2_task_5700.wav');
INSERT INTO task_instances (task_inst_id, task_id, module_inst_id, status, task_completing_time) VALUES (5701, 17, 492, 1, '245');
INSERT INTO recordings (recording_id, task_inst_id, file_path) VALUES (5701, 5701, 'recordings/eval_99_mod_2_task_5701.wav');
INSERT INTO task_instances (task_inst_id, task_id, module_inst_id, status, task_completing_time) VALUES (5702, 18, 492, 1, '260');
INSERT INTO recordings (recording_id, task_inst_id, file_path) VALUES (5702, 5702, 'recordings/eval_99_mod_2_task_5702.wav');
INSERT INTO task_instances (task_inst_id, task_id, module_inst_id, status, task_completing_time) VALUES (5703, 19, 492, 0, '85');
INSERT INTO recordings (recording_id, task_inst_id, file_path) VALUES (5703, 5703, 'recordings/eval_99_mod_2_task_5703.wav');
INSERT INTO task_instances (task_inst_id, task_id, module_inst_id, status, task_completing_time) VALUES (5704, 20, 492, 1, '238');
INSERT INTO recordings (recording_id, task_inst_id, file_path) VALUES (5704, 5704, 'recordings/eval_99_mod_2_task_5704.wav');
INSERT INTO task_instances (task_inst_id, task_id, module_inst_id, status, task_completing_time) VALUES (5705, 21, 492, 1, '30');
INSERT INTO recordings (recording_id, task_inst_id, file_path) VALUES (5705, 5705, 'recordings/eval_99_mod_2_task_5705.wav');
INSERT INTO task_instances (task_inst_id, task_id, module_inst_id, status, task_completing_time) VALUES (5706, 22, 492, 0, '145');
INSERT INTO recordings (recording_id, task_inst_id, file_path) VALUES (5706, 5706, 'recordings/eval_99_mod_2_task_5706.wav');
INSERT INTO task_instances (task_inst_id, task_id, module_inst_id, status, task_completing_time) VALUES (5707, 23, 492, 1, '17');
INSERT INTO recordings (recording_id, task_inst_id, file_path) VALUES (5707, 5707, 'recordings/eval_99_mod_2_task_5707.wav');
INSERT INTO task_instances (task_inst_id, task_id, module_inst_id, status, task_completing_time) VALUES (5708, 24, 492, 1, '172');
INSERT INTO recordings (recording_id, task_inst_id, file_path) VALUES (5708, 5708, 'recordings/eval_99_mod_2_task_5708.wav');
INSERT INTO task_instances (task_inst_id, task_id, module_inst_id, status, task_completing_time) VALUES (5709, 25, 492, 1, '18');
INSERT INTO recordings (recording_id, task_inst_id, file_path) VALUES (5709, 5709, 'recordings/eval_99_mod_2_task_5709.wav');
INSERT INTO task_instances (task_inst_id, task_id, module_inst_id, status, task_completing_time) VALUES (5710, 26, 492, 1, '137');
INSERT INTO recordings (recording_id, task_inst_id, file_path) VALUES (5710, 5710, 'recordings/eval_99_mod_2_task_5710.wav');
INSERT INTO task_instances (task_inst_id, task_id, module_inst_id, status, task_completing_time) VALUES (5711, 27, 492, 1, '44');
INSERT INTO recordings (recording_id, task_inst_id, file_path) VALUES (5711, 5711, 'recordings/eval_99_mod_2_task_5711.wav');
INSERT INTO task_instances (task_inst_id, task_id, module_inst_id, status, task_completing_time) VALUES (5712, 28, 492, 1, '201');
INSERT INTO recordings (recording_id, task_inst_id, file_path) VALUES (5712, 5712, 'recordings/eval_99_mod_2_task_5712.wav');
INSERT INTO task_instances (task_inst_id, task_id, module_inst_id, status, task_completing_time) VALUES (5713, 29, 492, 1, '264');
INSERT INTO recordings (recording_id, task_inst_id, file_path) VALUES (5713, 5713, 'recordings/eval_99_mod_2_task_5713.wav');
INSERT INTO task_instances (task_inst_id, task_id, module_inst_id, status, task_completing_time) VALUES (5714, 30, 492, 1, '6');
INSERT INTO recordings (recording_id, task_inst_id, file_path) VALUES (5714, 5714, 'recordings/eval_99_mod_2_task_5714.wav');
INSERT INTO task_instances (task_inst_id, task_id, module_inst_id, status, task_completing_time) VALUES (5715, 31, 492, 0, '194');
INSERT INTO recordings (recording_id, task_inst_id, file_path) VALUES (5715, 5715, 'recordings/eval_99_mod_2_task_5715.wav');
INSERT INTO task_instances (task_inst_id, task_id, module_inst_id, status, task_completing_time) VALUES (5716, 32, 492, 1, '170');
INSERT INTO recordings (recording_id, task_inst_id, file_path) VALUES (5716, 5716, 'recordings/eval_99_mod_2_task_5716.wav');
INSERT INTO task_instances (task_inst_id, task_id, module_inst_id, status, task_completing_time) VALUES (5717, 33, 492, 0, '136');
INSERT INTO recordings (recording_id, task_inst_id, file_path) VALUES (5717, 5717, 'recordings/eval_99_mod_2_task_5717.wav');
INSERT INTO task_instances (task_inst_id, task_id, module_inst_id, status, task_completing_time) VALUES (5718, 34, 492, 0, '191');
INSERT INTO recordings (recording_id, task_inst_id, file_path) VALUES (5718, 5718, 'recordings/eval_99_mod_2_task_5718.wav');
INSERT INTO task_instances (task_inst_id, task_id, module_inst_id, status, task_completing_time) VALUES (5719, 35, 492, 1, '263');
INSERT INTO recordings (recording_id, task_inst_id, file_path) VALUES (5719, 5719, 'recordings/eval_99_mod_2_task_5719.wav');
INSERT INTO task_instances (task_inst_id, task_id, module_inst_id, status, task_completing_time) VALUES (5720, 36, 492, 0, '105');
INSERT INTO recordings (recording_id, task_inst_id, file_path) VALUES (5720, 5720, 'recordings/eval_99_mod_2_task_5720.wav');
INSERT INTO task_instances (task_inst_id, task_id, module_inst_id, status, task_completing_time) VALUES (5721, 37, 492, 1, '67');
INSERT INTO recordings (recording_id, task_inst_id, file_path) VALUES (5721, 5721, 'recordings/eval_99_mod_2_task_5721.wav');
INSERT INTO module_instances (module_inst_id, module_id, evaluation_id, status) VALUES (493, 3, 99, 3);
INSERT INTO task_instances (task_inst_id, task_id, module_inst_id, status, task_completing_time) VALUES (5722, 38, 493, 1, '17');
INSERT INTO recordings (recording_id, task_inst_id, file_path) VALUES (5722, 5722, 'recordings/eval_99_mod_3_task_5722.wav');
INSERT INTO task_instances (task_inst_id, task_id, module_inst_id, status, task_completing_time) VALUES (5723, 39, 493, 1, '236');
INSERT INTO recordings (recording_id, task_inst_id, file_path) VALUES (5723, 5723, 'recordings/eval_99_mod_3_task_5723.wav');
INSERT INTO task_instances (task_inst_id, task_id, module_inst_id, status, task_completing_time) VALUES (5724, 40, 493, 0, '239');
INSERT INTO recordings (recording_id, task_inst_id, file_path) VALUES (5724, 5724, 'recordings/eval_99_mod_3_task_5724.wav');
INSERT INTO task_instances (task_inst_id, task_id, module_inst_id, status, task_completing_time) VALUES (5725, 41, 493, 1, '257');
INSERT INTO recordings (recording_id, task_inst_id, file_path) VALUES (5725, 5725, 'recordings/eval_99_mod_3_task_5725.wav');
INSERT INTO task_instances (task_inst_id, task_id, module_inst_id, status, task_completing_time) VALUES (5726, 42, 493, 1, '200');
INSERT INTO recordings (recording_id, task_inst_id, file_path) VALUES (5726, 5726, 'recordings/eval_99_mod_3_task_5726.wav');
INSERT INTO task_instances (task_inst_id, task_id, module_inst_id, status, task_completing_time) VALUES (5727, 43, 493, 1, '280');
INSERT INTO recordings (recording_id, task_inst_id, file_path) VALUES (5727, 5727, 'recordings/eval_99_mod_3_task_5727.wav');
INSERT INTO task_instances (task_inst_id, task_id, module_inst_id, status, task_completing_time) VALUES (5728, 44, 493, 1, '36');
INSERT INTO recordings (recording_id, task_inst_id, file_path) VALUES (5728, 5728, 'recordings/eval_99_mod_3_task_5728.wav');
INSERT INTO task_instances (task_inst_id, task_id, module_inst_id, status, task_completing_time) VALUES (5729, 45, 493, 1, '187');
INSERT INTO recordings (recording_id, task_inst_id, file_path) VALUES (5729, 5729, 'recordings/eval_99_mod_3_task_5729.wav');
INSERT INTO task_instances (task_inst_id, task_id, module_inst_id, status, task_completing_time) VALUES (5730, 46, 493, 1, '21');
INSERT INTO recordings (recording_id, task_inst_id, file_path) VALUES (5730, 5730, 'recordings/eval_99_mod_3_task_5730.wav');
INSERT INTO module_instances (module_inst_id, module_id, evaluation_id, status) VALUES (494, 4, 99, 1);
INSERT INTO task_instances (task_inst_id, task_id, module_inst_id, status, task_completing_time) VALUES (5731, 47, 494, 0, '15');
INSERT INTO recordings (recording_id, task_inst_id, file_path) VALUES (5731, 5731, 'recordings/eval_99_mod_4_task_5731.wav');
INSERT INTO task_instances (task_inst_id, task_id, module_inst_id, status, task_completing_time) VALUES (5732, 48, 494, 1, '26');
INSERT INTO recordings (recording_id, task_inst_id, file_path) VALUES (5732, 5732, 'recordings/eval_99_mod_4_task_5732.wav');
INSERT INTO task_instances (task_inst_id, task_id, module_inst_id, status, task_completing_time) VALUES (5733, 49, 494, 1, '198');
INSERT INTO recordings (recording_id, task_inst_id, file_path) VALUES (5733, 5733, 'recordings/eval_99_mod_4_task_5733.wav');
INSERT INTO task_instances (task_inst_id, task_id, module_inst_id, status, task_completing_time) VALUES (5734, 50, 494, 1, '294');
INSERT INTO recordings (recording_id, task_inst_id, file_path) VALUES (5734, 5734, 'recordings/eval_99_mod_4_task_5734.wav');
INSERT INTO task_instances (task_inst_id, task_id, module_inst_id, status, task_completing_time) VALUES (5735, 51, 494, 1, '55');
INSERT INTO recordings (recording_id, task_inst_id, file_path) VALUES (5735, 5735, 'recordings/eval_99_mod_4_task_5735.wav');
INSERT INTO task_instances (task_inst_id, task_id, module_inst_id, status, task_completing_time) VALUES (5736, 52, 494, 1, '214');
INSERT INTO recordings (recording_id, task_inst_id, file_path) VALUES (5736, 5736, 'recordings/eval_99_mod_4_task_5736.wav');
INSERT INTO task_instances (task_inst_id, task_id, module_inst_id, status, task_completing_time) VALUES (5737, 53, 494, 1, '211');
INSERT INTO recordings (recording_id, task_inst_id, file_path) VALUES (5737, 5737, 'recordings/eval_99_mod_4_task_5737.wav');
INSERT INTO task_instances (task_inst_id, task_id, module_inst_id, status, task_completing_time) VALUES (5738, 54, 494, 1, '126');
INSERT INTO recordings (recording_id, task_inst_id, file_path) VALUES (5738, 5738, 'recordings/eval_99_mod_4_task_5738.wav');
INSERT INTO task_instances (task_inst_id, task_id, module_inst_id, status, task_completing_time) VALUES (5739, 55, 494, 1, '292');
INSERT INTO recordings (recording_id, task_inst_id, file_path) VALUES (5739, 5739, 'recordings/eval_99_mod_4_task_5739.wav');
INSERT INTO task_instances (task_inst_id, task_id, module_inst_id, status, task_completing_time) VALUES (5740, 56, 494, 1, '21');
INSERT INTO recordings (recording_id, task_inst_id, file_path) VALUES (5740, 5740, 'recordings/eval_99_mod_4_task_5740.wav');
INSERT INTO module_instances (module_inst_id, module_id, evaluation_id, status) VALUES (495, 9001, 99, 3);
INSERT INTO task_instances (task_inst_id, task_id, module_inst_id, status, task_completing_time) VALUES (5741, 9001, 495, 1, '37');
INSERT INTO recordings (recording_id, task_inst_id, file_path) VALUES (5741, 5741, 'recordings/eval_99_mod_9001_task_5741.wav');
INSERT INTO task_instances (task_inst_id, task_id, module_inst_id, status, task_completing_time) VALUES (5742, 9002, 495, 1, '45');
INSERT INTO recordings (recording_id, task_inst_id, file_path) VALUES (5742, 5742, 'recordings/eval_99_mod_9001_task_5742.wav');
COMMIT;
